id,product_id,store_id,created_at,target_date,predicted_qty,model_version
1967119897389568044,1967119892788416589,1967119892788416522,2025-09-13 13:55:04,2025-09-21 13:55:04,15,v2.3
1967119897389568045,1967119892788416589,1967119892788416522,2025-09-13 13:55:04,2025-09-28 13:55:04,17,v2.2
1967119897389568046,1967119892788416589,1967119892788416522,2025-09-13 13:55:04,2025-10-14 13:55:04,17,v2.3
1967119897389568047,1967119892788416589,1967119892788416523,2025-09-13 13:55:04,2025-09-21 13:55:04,9,v2.3
1967119897389568048,1967119892788416589,1967119892788416523,2025-09-13 13:55:04,2025-09-28 13:55:04,7,v2.4
1967119897389568049,1967119892788416589,1967119892788416523,2025-09-13 13:55:04,2025-10-14 13:55:04,14,v2.4
1967119897389568050,1967119892788416589,1967119892788416524,2025-09-13 13:55:04,2025-09-21 13:55:04,27,v2.5
1967119897389568051,1967119892788416589,1967119892788416524,2025-09-13 13:55:04,2025-09-28 13:55:04,30,v2.2
1967119897389568052,1967119892788416589,1967119892788416524,2025-09-13 13:55:04,2025-10-14 13:55:04,31,v2.5
1967119897389568053,1967119892788416589,1967119892788416525,2025-09-13 13:55:04,2025-09-21 13:55:04,34,v2.5
1967119897389568054,1967119892788416589,1967119892788416525,2025-09-13 13:55:04,2025-09-28 13:55:04,40,v2.2
1967119897389568055,1967119892788416589,1967119892788416525,2025-09-13 13:55:04,2025-10-14 13:55:04,10,v2.5
1967119897389568056,1967119892788416589,1967119892788416526,2025-09-13 13:55:04,2025-09-21 13:55:04,33,v2.1
1967119897389568057,1967119892788416589,1967119892788416526,2025-09-13 13:55:04,2025-09-28 13:55:04,19,v2.4
1967119897389568058,1967119892788416589,1967119892788416526,2025-09-13 13:55:04,2025-10-14 13:55:04,22,v2.1
1967119897389568059,1967119892788416589,1967119892788416527,2025-09-13 13:55:04,2025-09-21 13:55:04,19,v2.5
1967119897389568060,1967119892788416589,1967119892788416527,2025-09-13 13:55:04,2025-09-28 13:55:04,5,v2.4
1967119897389568061,1967119892788416589,1967119892788416527,2025-09-13 13:55:04,2025-10-14 13:55:04,12,v2.5
1967119897389568062,1967119892788416589,1967119892788416528,2025-09-13 13:55:04,2025-09-21 13:55:04,9,v2.1
1967119897389568063,1967119892788416589,1967119892788416528,2025-09-13 13:55:04,2025-09-28 13:55:04,29,v2.5
1967119897389568064,1967119892788416589,1967119892788416528,2025-09-13 13:55:04,2025-10-14 13:55:04,32,v2.3
1967119897389568065,1967119892788416589,1967119892788416529,2025-09-13 13:55:04,2025-09-21 13:55:04,22,v2.5
1967119897389568066,1967119892788416589,1967119892788416529,2025-09-13 13:55:04,2025-09-28 13:55:04,31,v2.3
1967119897389568067,1967119892788416589,1967119892788416529,2025-09-13 13:55:04,2025-10-14 13:55:04,32,v2.1
1967119897389568068,1967119892788416583,1967119892788416522,2025-09-13 13:55:04,2025-09-21 13:55:04,42,v2.4
1967119897389568069,1967119892788416583,1967119892788416522,2025-09-13 13:55:04,2025-09-28 13:55:04,12,v2.3
1967119897389568070,1967119892788416583,1967119892788416522,2025-09-13 13:55:04,2025-10-14 13:55:04,19,v2.2
1967119897389568071,1967119892788416583,1967119892788416523,2025-09-13 13:55:04,2025-09-21 13:55:04,4,v2.2
1967119897389568072,1967119892788416583,1967119892788416523,2025-09-13 13:55:04,2025-09-28 13:55:04,11,v2.1
1967119897389568073,1967119892788416583,1967119892788416523,2025-09-13 13:55:04,2025-10-14 13:55:04,23,v2.5
1967119897389568074,1967119892788416583,1967119892788416524,2025-09-13 13:55:04,2025-09-21 13:55:04,28,v2.1
1967119897389568075,1967119892788416583,1967119892788416524,2025-09-13 13:55:04,2025-09-28 13:55:04,24,v2.2
1967119897389568076,1967119892788416583,1967119892788416524,2025-09-13 13:55:04,2025-10-14 13:55:04,14,v2.5
1967119897389568077,1967119892788416583,1967119892788416525,2025-09-13 13:55:04,2025-09-21 13:55:04,26,v2.3
1967119897389568078,1967119892788416583,1967119892788416525,2025-09-13 13:55:04,2025-09-28 13:55:04,19,v2.4
1967119897389568079,1967119892788416583,1967119892788416525,2025-09-13 13:55:04,2025-10-14 13:55:04,31,v2.1
1967119897389568080,1967119892788416583,1967119892788416526,2025-09-13 13:55:04,2025-09-21 13:55:04,26,v2.3
1967119897389568081,1967119892788416583,1967119892788416526,2025-09-13 13:55:04,2025-09-28 13:55:04,25,v2.2
1967119897389568082,1967119892788416583,1967119892788416526,2025-09-13 13:55:04,2025-10-14 13:55:04,15,v2.1
1967119897389568083,1967119892788416583,1967119892788416527,2025-09-13 13:55:04,2025-09-21 13:55:04,36,v2.2
1967119897389568084,1967119892788416583,1967119892788416527,2025-09-13 13:55:04,2025-09-28 13:55:04,10,v2.1
1967119897389568085,1967119892788416583,1967119892788416527,2025-09-13 13:55:04,2025-10-14 13:55:04,18,v2.5
1967119897389568086,1967119892788416583,1967119892788416528,2025-09-13 13:55:04,2025-09-21 13:55:04,19,v2.4
1967119897389568087,1967119892788416583,1967119892788416528,2025-09-13 13:55:04,2025-09-28 13:55:04,32,v2.5
1967119897389568088,1967119892788416583,1967119892788416528,2025-09-13 13:55:04,2025-10-14 13:55:04,0,v2.5
1967119897389568089,1967119892788416583,1967119892788416529,2025-09-13 13:55:04,2025-09-21 13:55:04,12,v2.2
1967119897389568090,1967119892788416583,1967119892788416529,2025-09-13 13:55:04,2025-09-28 13:55:04,12,v2.4
1967119897389568091,1967119892788416583,1967119892788416529,2025-09-13 13:55:04,2025-10-14 13:55:04,2,v2.1
1967119897389568092,1967119892788416552,1967119892788416522,2025-09-13 13:55:04,2025-09-21 13:55:04,101,v2.2
1967119897389568093,1967119892788416552,1967119892788416522,2025-09-13 13:55:04,2025-09-28 13:55:04,125,v2.3
1967119897389568094,1967119892788416552,1967119892788416522,2025-09-13 13:55:04,2025-10-14 13:55:04,16,v2.2
1967119897389568095,1967119892788416552,1967119892788416523,2025-09-13 13:55:04,2025-09-21 13:55:04,130,v2.4
1967119897389568096,1967119892788416552,1967119892788416523,2025-09-13 13:55:04,2025-09-28 13:55:04,111,v2.2
1967119897389568097,1967119892788416552,1967119892788416523,2025-09-13 13:55:04,2025-10-14 13:55:04,104,v2.3
1967119897389568098,1967119892788416552,1967119892788416524,2025-09-13 13:55:04,2025-09-21 13:55:04,118,v2.4
1967119897389568099,1967119892788416552,1967119892788416524,2025-09-13 13:55:04,2025-09-28 13:55:04,81,v2.1
1967119897389568100,1967119892788416552,1967119892788416524,2025-09-13 13:55:04,2025-10-14 13:55:04,42,v2.1
1967119897389568101,1967119892788416552,1967119892788416525,2025-09-13 13:55:04,2025-09-21 13:55:04,107,v2.2
1967119897389568102,1967119892788416552,1967119892788416525,2025-09-13 13:55:04,2025-09-28 13:55:04,52,v2.4
1967119897389568103,1967119892788416552,1967119892788416525,2025-09-13 13:55:04,2025-10-14 13:55:04,56,v2.4
1967119897389568104,1967119892788416552,1967119892788416526,2025-09-13 13:55:04,2025-09-21 13:55:04,89,v2.2
1967119897389568105,1967119892788416552,1967119892788416526,2025-09-13 13:55:04,2025-09-28 13:55:04,84,v2.3
1967119897389568106,1967119892788416552,1967119892788416526,2025-09-13 13:55:04,2025-10-14 13:55:04,33,v2.5
1967119897389568107,1967119892788416552,1967119892788416527,2025-09-13 13:55:04,2025-09-21 13:55:04,101,v2.3
1967119897389568108,1967119892788416552,1967119892788416527,2025-09-13 13:55:04,2025-09-28 13:55:04,38,v2.1
1967119897389568109,1967119892788416552,1967119892788416527,2025-09-13 13:55:04,2025-10-14 13:55:04,91,v2.1
1967119897389568110,1967119892788416552,1967119892788416528,2025-09-13 13:55:04,2025-09-21 13:55:04,25,v2.3
1967119897389568111,1967119892788416552,1967119892788416528,2025-09-13 13:55:04,2025-09-28 13:55:04,58,v2.4
1967119897389568112,1967119892788416552,1967119892788416528,2025-09-13 13:55:04,2025-10-14 13:55:04,73,v2.4
1967119897389568113,1967119892788416552,1967119892788416529,2025-09-13 13:55:04,2025-09-21 13:55:04,133,v2.3
1967119897389568114,1967119892788416552,1967119892788416529,2025-09-13 13:55:04,2025-09-28 13:55:04,20,v2.2
1967119897389568115,1967119892788416552,1967119892788416529,2025-09-13 13:55:04,2025-10-14 13:55:04,32,v2.2
1967119897389568116,1967119892788416536,1967119892788416522,2025-09-13 13:55:04,2025-09-21 13:55:04,55,v2.5
1967119897389568117,1967119892788416536,1967119892788416522,2025-09-13 13:55:04,2025-09-28 13:55:04,11,v2.2
1967119897389568118,1967119892788416536,1967119892788416522,2025-09-13 13:55:04,2025-10-14 13:55:04,22,v2.4
1967119897389568119,1967119892788416536,1967119892788416523,2025-09-13 13:55:04,2025-09-21 13:55:04,32,v2.1
1967119897389568120,1967119892788416536,1967119892788416523,2025-09-13 13:55:04,2025-09-28 13:55:04,9,v2.3
1967119897389568121,1967119892788416536,1967119892788416523,2025-09-13 13:55:04,2025-10-14 13:55:04,21,v2.1
1967119897389568122,1967119892788416536,1967119892788416524,2025-09-13 13:55:04,2025-09-21 13:55:04,49,v2.5
1967119897389568123,1967119892788416536,1967119892788416524,2025-09-13 13:55:04,2025-09-28 13:55:04,31,v2.4
1967119897389568124,1967119892788416536,1967119892788416524,2025-09-13 13:55:04,2025-10-14 13:55:04,22,v2.4
1967119897389568125,1967119892788416536,1967119892788416525,2025-09-13 13:55:04,2025-09-21 13:55:04,69,v2.1
1967119897389568126,1967119892788416536,1967119892788416525,2025-09-13 13:55:04,2025-09-28 13:55:04,28,v2.4
1967119897389568127,1967119892788416536,1967119892788416525,2025-09-13 13:55:04,2025-10-14 13:55:04,24,v2.5
1967119897389568128,1967119892788416536,1967119892788416526,2025-09-13 13:55:04,2025-09-21 13:55:04,69,v2.3
1967119897389568129,1967119892788416536,1967119892788416526,2025-09-13 13:55:04,2025-09-28 13:55:04,9,v2.2
1967119897389568130,1967119892788416536,1967119892788416526,2025-09-13 13:55:04,2025-10-14 13:55:04,19,v2.1
1967119897389568131,1967119892788416536,1967119892788416527,2025-09-13 13:55:04,2025-09-21 13:55:04,6,v2.3
1967119897389568132,1967119892788416536,1967119892788416527,2025-09-13 13:55:04,2025-09-28 13:55:04,51,v2.1
1967119897389568133,1967119892788416536,1967119892788416527,2025-09-13 13:55:04,2025-10-14 13:55:04,35,v2.5
1967119897389568134,1967119892788416536,1967119892788416528,2025-09-13 13:55:04,2025-09-21 13:55:04,23,v2.3
1967119897389568135,1967119892788416536,1967119892788416528,2025-09-13 13:55:04,2025-09-28 13:55:04,26,v2.2
1967119897389568136,1967119892788416536,1967119892788416528,2025-09-13 13:55:04,2025-10-14 13:55:04,16,v2.3
1967119897389568137,1967119892788416536,1967119892788416529,2025-09-13 13:55:04,2025-09-21 13:55:04,13,v2.1
1967119897389568138,1967119892788416536,1967119892788416529,2025-09-13 13:55:04,2025-09-28 13:55:04,26,v2.1
1967119897389568139,1967119892788416536,1967119892788416529,2025-09-13 13:55:04,2025-10-14 13:55:04,14,v2.1
1967119897389568140,1967119892788416587,1967119892788416522,2025-09-13 13:55:04,2025-09-21 13:55:04,27,v2.4
1967119897389568141,1967119892788416587,1967119892788416522,2025-09-13 13:55:04,2025-09-28 13:55:04,1,v2.1
1967119897389568142,1967119892788416587,1967119892788416522,2025-09-13 13:55:04,2025-10-14 13:55:04,13,v2.2
1967119897389568143,1967119892788416587,1967119892788416523,2025-09-13 13:55:04,2025-09-21 13:55:04,23,v2.5
1967119897389568144,1967119892788416587,1967119892788416523,2025-09-13 13:55:04,2025-09-28 13:55:04,35,v2.3
1967119897389568145,1967119892788416587,1967119892788416523,2025-09-13 13:55:04,2025-10-14 13:55:04,8,v2.1
1967119897389568146,1967119892788416587,1967119892788416524,2025-09-13 13:55:04,2025-09-21 13:55:04,23,v2.2
1967119897389568147,1967119892788416587,1967119892788416524,2025-09-13 13:55:04,2025-09-28 13:55:04,10,v2.1
1967119897389568148,1967119892788416587,1967119892788416524,2025-09-13 13:55:04,2025-10-14 13:55:04,18,v2.3
1967119897389568149,1967119892788416587,1967119892788416525,2025-09-13 13:55:04,2025-09-21 13:55:04,29,v2.2
1967119897389568150,1967119892788416587,1967119892788416525,2025-09-13 13:55:04,2025-09-28 13:55:04,31,v2.5
1967119897389568151,1967119892788416587,1967119892788416525,2025-09-13 13:55:04,2025-10-14 13:55:04,34,v2.4
1967119897389568152,1967119892788416587,1967119892788416526,2025-09-13 13:55:04,2025-09-21 13:55:04,32,v2.3
1967119897389568153,1967119892788416587,1967119892788416526,2025-09-13 13:55:04,2025-09-28 13:55:04,13,v2.1
1967119897389568154,1967119892788416587,1967119892788416526,2025-09-13 13:55:04,2025-10-14 13:55:04,33,v2.2
1967119897389568155,1967119892788416587,1967119892788416527,2025-09-13 13:55:04,2025-09-21 13:55:04,3,v2.3
1967119897389568156,1967119892788416587,1967119892788416527,2025-09-13 13:55:04,2025-09-28 13:55:04,33,v2.5
1967119897389568157,1967119892788416587,1967119892788416527,2025-09-13 13:55:04,2025-10-14 13:55:04,15,v2.1
1967119897389568158,1967119892788416587,1967119892788416528,2025-09-13 13:55:04,2025-09-21 13:55:04,9,v2.2
1967119897389568159,1967119892788416587,1967119892788416528,2025-09-13 13:55:04,2025-09-28 13:55:04,30,v2.2
1967119897389568160,1967119892788416587,1967119892788416528,2025-09-13 13:55:04,2025-10-14 13:55:04,30,v2.5
1967119897389568161,1967119892788416587,1967119892788416529,2025-09-13 13:55:04,2025-09-21 13:55:04,23,v2.2
1967119897389568162,1967119892788416587,1967119892788416529,2025-09-13 13:55:04,2025-09-28 13:55:04,7,v2.5
1967119897389568163,1967119892788416587,1967119892788416529,2025-09-13 13:55:04,2025-10-14 13:55:04,22,v2.3
1967119897389568164,1967119892788416538,1967119892788416522,2025-09-13 13:55:04,2025-09-21 13:55:04,55,v2.1
1967119897389568165,1967119892788416538,1967119892788416522,2025-09-13 13:55:04,2025-09-28 13:55:04,29,v2.2
1967119897389568166,1967119892788416538,1967119892788416522,2025-09-13 13:55:04,2025-10-14 13:55:04,20,v2.4
1967119897389568167,1967119892788416538,1967119892788416523,2025-09-13 13:55:04,2025-09-21 13:55:04,50,v2.2
1967119897389568168,1967119892788416538,1967119892788416523,2025-09-13 13:55:04,2025-09-28 13:55:04,56,v2.5
1967119897389568169,1967119892788416538,1967119892788416523,2025-09-13 13:55:04,2025-10-14 13:55:04,36,v2.3
1967119897389568170,1967119892788416538,1967119892788416524,2025-09-13 13:55:04,2025-09-21 13:55:04,30,v2.3
1967119897389568171,1967119892788416538,1967119892788416524,2025-09-13 13:55:04,2025-09-28 13:55:04,44,v2.3
1967119897389568172,1967119892788416538,1967119892788416524,2025-09-13 13:55:04,2025-10-14 13:55:04,30,v2.3
1967119897389568173,1967119892788416538,1967119892788416525,2025-09-13 13:55:04,2025-09-21 13:55:04,61,v2.4
1967119897389568174,1967119892788416538,1967119892788416525,2025-09-13 13:55:04,2025-09-28 13:55:04,62,v2.5
1967119897389568175,1967119892788416538,1967119892788416525,2025-09-13 13:55:04,2025-10-14 13:55:04,31,v2.1
1967119897389568176,1967119892788416538,1967119892788416526,2025-09-13 13:55:04,2025-09-21 13:55:04,44,v2.2
1967119897389568177,1967119892788416538,1967119892788416526,2025-09-13 13:55:04,2025-09-28 13:55:04,21,v2.4
1967119897389568178,1967119892788416538,1967119892788416526,2025-09-13 13:55:04,2025-10-14 13:55:04,22,v2.1
1967119897389568179,1967119892788416538,1967119892788416527,2025-09-13 13:55:04,2025-09-21 13:55:04,62,v2.4
1967119897389568180,1967119892788416538,1967119892788416527,2025-09-13 13:55:04,2025-09-28 13:55:04,13,v2.2
1967119897389568181,1967119892788416538,1967119892788416527,2025-09-13 13:55:04,2025-10-14 13:55:04,33,v2.2
1967119897389568182,1967119892788416538,1967119892788416528,2025-09-13 13:55:04,2025-09-21 13:55:04,27,v2.3
1967119897389568183,1967119892788416538,1967119892788416528,2025-09-13 13:55:04,2025-09-28 13:55:04,34,v2.1
1967119897389568184,1967119892788416538,1967119892788416528,2025-09-13 13:55:04,2025-10-14 13:55:04,6,v2.2
1967119897389568185,1967119892788416538,1967119892788416529,2025-09-13 13:55:04,2025-09-21 13:55:04,18,v2.5
1967119897389568186,1967119892788416538,1967119892788416529,2025-09-13 13:55:04,2025-09-28 13:55:04,24,v2.4
1967119897389568187,1967119892788416538,1967119892788416529,2025-09-13 13:55:04,2025-10-14 13:55:04,32,v2.4
1967119897389568188,1967119892788416575,1967119892788416522,2025-09-13 13:55:04,2025-09-21 13:55:04,19,v2.3
1967119897389568189,1967119892788416575,1967119892788416522,2025-09-13 13:55:04,2025-09-28 13:55:04,33,v2.3
1967119897389568190,1967119892788416575,1967119892788416522,2025-09-13 13:55:04,2025-10-14 13:55:04,24,v2.5
1967119897389568191,1967119892788416575,1967119892788416523,2025-09-13 13:55:04,2025-09-21 13:55:04,38,v2.5
1967119897389568192,1967119892788416575,1967119892788416523,2025-09-13 13:55:04,2025-09-28 13:55:04,31,v2.3
1967119897389568193,1967119892788416575,1967119892788416523,2025-09-13 13:55:04,2025-10-14 13:55:04,6,v2.4
1967119897389568194,1967119892788416575,1967119892788416524,2025-09-13 13:55:04,2025-09-21 13:55:04,14,v2.1
1967119897389568195,1967119892788416575,1967119892788416524,2025-09-13 13:55:04,2025-09-28 13:55:04,35,v2.5
1967119897389568196,1967119892788416575,1967119892788416524,2025-09-13 13:55:04,2025-10-14 13:55:04,25,v2.3
1967119897389568197,1967119892788416575,1967119892788416525,2025-09-13 13:55:04,2025-09-21 13:55:04,33,v2.4
1967119897389568198,1967119892788416575,1967119892788416525,2025-09-13 13:55:04,2025-09-28 13:55:04,37,v2.2
1967119897389568199,1967119892788416575,1967119892788416525,2025-09-13 13:55:04,2025-10-14 13:55:04,3,v2.4
1967119897389568200,1967119892788416575,1967119892788416526,2025-09-13 13:55:04,2025-09-21 13:55:04,10,v2.3
1967119897389568201,1967119892788416575,1967119892788416526,2025-09-13 13:55:04,2025-09-28 13:55:04,14,v2.5
1967119897389568202,1967119892788416575,1967119892788416526,2025-09-13 13:55:04,2025-10-14 13:55:04,1,v2.1
1967119897389568203,1967119892788416575,1967119892788416527,2025-09-13 13:55:04,2025-09-21 13:55:04,8,v2.2
1967119897389568204,1967119892788416575,1967119892788416527,2025-09-13 13:55:04,2025-09-28 13:55:04,15,v2.1
1967119897389568205,1967119892788416575,1967119892788416527,2025-09-13 13:55:04,2025-10-14 13:55:04,31,v2.1
1967119897389568206,1967119892788416575,1967119892788416528,2025-09-13 13:55:04,2025-09-21 13:55:04,36,v2.4
1967119897389568207,1967119892788416575,1967119892788416528,2025-09-13 13:55:04,2025-09-28 13:55:04,35,v2.4
1967119897389568208,1967119892788416575,1967119892788416528,2025-09-13 13:55:04,2025-10-14 13:55:04,12,v2.5
1967119897389568209,1967119892788416575,1967119892788416529,2025-09-13 13:55:04,2025-09-21 13:55:04,25,v2.4
1967119897389568210,1967119892788416575,1967119892788416529,2025-09-13 13:55:04,2025-09-28 13:55:04,12,v2.1
1967119897389568211,1967119892788416575,1967119892788416529,2025-09-13 13:55:04,2025-10-14 13:55:04,8,v2.2
1967119897389568212,1967119892788416564,1967119892788416522,2025-09-13 13:55:04,2025-09-21 13:55:04,22,v2.3
1967119897389568213,1967119892788416564,1967119892788416522,2025-09-13 13:55:04,2025-09-28 13:55:04,50,v2.2
1967119897389568214,1967119892788416564,1967119892788416522,2025-09-13 13:55:04,2025-10-14 13:55:04,59,v2.3
1967119897389568215,1967119892788416564,1967119892788416523,2025-09-13 13:55:04,2025-09-21 13:55:04,58,v2.1
1967119897389568216,1967119892788416564,1967119892788416523,2025-09-13 13:55:04,2025-09-28 13:55:04,41,v2.1
1967119897389568217,1967119892788416564,1967119892788416523,2025-09-13 13:55:04,2025-10-14 13:55:04,46,v2.1
1967119897389568218,1967119892788416564,1967119892788416524,2025-09-13 13:55:04,2025-09-21 13:55:04,30,v2.1
1967119897389568219,1967119892788416564,1967119892788416524,2025-09-13 13:55:04,2025-09-28 13:55:04,33,v2.1
1967119897389568220,1967119892788416564,1967119892788416524,2025-09-13 13:55:04,2025-10-14 13:55:04,30,v2.3
1967119897389568221,1967119892788416564,1967119892788416525,2025-09-13 13:55:04,2025-09-21 13:55:04,62,v2.2
1967119897389568222,1967119892788416564,1967119892788416525,2025-09-13 13:55:04,2025-09-28 13:55:04,58,v2.3
1967119897389568223,1967119892788416564,1967119892788416525,2025-09-13 13:55:04,2025-10-14 13:55:04,62,v2.3
1967119897389568224,1967119892788416564,1967119892788416526,2025-09-13 13:55:04,2025-09-21 13:55:04,70,v2.2
1967119897389568225,1967119892788416564,1967119892788416526,2025-09-13 13:55:04,2025-09-28 13:55:04,25,v2.2
1967119897389568226,1967119892788416564,1967119892788416526,2025-09-13 13:55:04,2025-10-14 13:55:04,56,v2.4
1967119897389568227,1967119892788416564,1967119892788416527,2025-09-13 13:55:04,2025-09-21 13:55:04,54,v2.2
1967119897389568228,1967119892788416564,1967119892788416527,2025-09-13 13:55:04,2025-09-28 13:55:04,82,v2.1
1967119897389568229,1967119892788416564,1967119892788416527,2025-09-13 13:55:04,2025-10-14 13:55:04,23,v2.1
1967119897389568230,1967119892788416564,1967119892788416528,2025-09-13 13:55:04,2025-09-21 13:55:04,14,v2.3
1967119897389568231,1967119892788416564,1967119892788416528,2025-09-13 13:55:04,2025-09-28 13:55:04,52,v2.5
1967119897389568232,1967119892788416564,1967119892788416528,2025-09-13 13:55:04,2025-10-14 13:55:04,35,v2.3
1967119897389568233,1967119892788416564,1967119892788416529,2025-09-13 13:55:04,2025-09-21 13:55:04,64,v2.1
1967119897389568234,1967119892788416564,1967119892788416529,2025-09-13 13:55:04,2025-09-28 13:55:04,42,v2.2
1967119897389568235,1967119892788416564,1967119892788416529,2025-09-13 13:55:04,2025-10-14 13:55:04,12,v2.3
1967119897389568236,1967119892788416570,1967119892788416522,2025-09-13 13:55:04,2025-09-21 13:55:04,12,v2.3
1967119897389568237,1967119892788416570,1967119892788416522,2025-09-13 13:55:04,2025-09-28 13:55:04,23,v2.2
1967119897389568238,1967119892788416570,1967119892788416522,2025-09-13 13:55:04,2025-10-14 13:55:04,0,v2.3
1967119897389568239,1967119892788416570,1967119892788416523,2025-09-13 13:55:04,2025-09-21 13:55:04,34,v2.4
1967119897389568240,1967119892788416570,1967119892788416523,2025-09-13 13:55:04,2025-09-28 13:55:04,24,v2.5
1967119897389568241,1967119892788416570,1967119892788416523,2025-09-13 13:55:04,2025-10-14 13:55:04,19,v2.3
1967119897389568242,1967119892788416570,1967119892788416524,2025-09-13 13:55:04,2025-09-21 13:55:04,30,v2.3
1967119897389568243,1967119892788416570,1967119892788416524,2025-09-13 13:55:04,2025-09-28 13:55:04,38,v2.3
1967119897389568244,1967119892788416570,1967119892788416524,2025-09-13 13:55:04,2025-10-14 13:55:04,24,v2.5
1967119897389568245,1967119892788416570,1967119892788416525,2025-09-13 13:55:04,2025-09-21 13:55:04,4,v2.1
1967119897389568246,1967119892788416570,1967119892788416525,2025-09-13 13:55:04,2025-09-28 13:55:04,4,v2.5
1967119897389568247,1967119892788416570,1967119892788416525,2025-09-13 13:55:04,2025-10-14 13:55:04,1,v2.2
1967119897389568248,1967119892788416570,1967119892788416526,2025-09-13 13:55:04,2025-09-21 13:55:04,23,v2.3
1967119897389568249,1967119892788416570,1967119892788416526,2025-09-13 13:55:04,2025-09-28 13:55:04,7,v2.3
1967119897389568250,1967119892788416570,1967119892788416526,2025-09-13 13:55:04,2025-10-14 13:55:04,25,v2.2
1967119897389568251,1967119892788416570,1967119892788416527,2025-09-13 13:55:04,2025-09-21 13:55:04,16,v2.1
1967119897389568252,1967119892788416570,1967119892788416527,2025-09-13 13:55:04,2025-09-28 13:55:04,19,v2.3
1967119897389568253,1967119892788416570,1967119892788416527,2025-09-13 13:55:04,2025-10-14 13:55:04,39,v2.2
1967119897389568254,1967119892788416570,1967119892788416528,2025-09-13 13:55:04,2025-09-21 13:55:04,28,v2.1
1967119897389568255,1967119892788416570,1967119892788416528,2025-09-13 13:55:04,2025-09-28 13:55:04,38,v2.4
1967119897389568256,1967119892788416570,1967119892788416528,2025-09-13 13:55:04,2025-10-14 13:55:04,21,v2.5
1967119897389568257,1967119892788416570,1967119892788416529,2025-09-13 13:55:04,2025-09-21 13:55:04,14,v2.3
1967119897389568258,1967119892788416570,1967119892788416529,2025-09-13 13:55:04,2025-09-28 13:55:04,20,v2.4
1967119897389568259,1967119892788416570,1967119892788416529,2025-09-13 13:55:04,2025-10-14 13:55:04,14,v2.4
1967119897389568260,1967119892788416545,1967119892788416522,2025-09-13 13:55:04,2025-09-21 13:55:04,27,v2.1
1967119897389568261,1967119892788416545,1967119892788416522,2025-09-13 13:55:04,2025-09-28 13:55:04,20,v2.4
1967119897389568262,1967119892788416545,1967119892788416522,2025-09-13 13:55:04,2025-10-14 13:55:04,48,v2.4
1967119897389568263,1967119892788416545,1967119892788416523,2025-09-13 13:55:04,2025-09-21 13:55:04,41,v2.2
1967119897389568264,1967119892788416545,1967119892788416523,2025-09-13 13:55:04,2025-09-28 13:55:04,59,v2.2
1967119897389568265,1967119892788416545,1967119892788416523,2025-09-13 13:55:04,2025-10-14 13:55:04,11,v2.1
1967119897389568266,1967119892788416545,1967119892788416524,2025-09-13 13:55:04,2025-09-21 13:55:04,56,v2.3
1967119897389568267,1967119892788416545,1967119892788416524,2025-09-13 13:55:04,2025-09-28 13:55:04,38,v2.3
1967119897389568268,1967119892788416545,1967119892788416524,2025-09-13 13:55:04,2025-10-14 13:55:04,60,v2.4
1967119897389568269,1967119892788416545,1967119892788416525,2025-09-13 13:55:04,2025-09-21 13:55:04,66,v2.1
1967119897389568270,1967119892788416545,1967119892788416525,2025-09-13 13:55:04,2025-09-28 13:55:04,13,v2.5
1967119897389568271,1967119892788416545,1967119892788416525,2025-09-13 13:55:04,2025-10-14 13:55:04,3,v2.2
1967119897389568272,1967119892788416545,1967119892788416526,2025-09-13 13:55:04,2025-09-21 13:55:04,26,v2.3
1967119897389568273,1967119892788416545,1967119892788416526,2025-09-13 13:55:04,2025-09-28 13:55:04,11,v2.1
1967119897389568274,1967119892788416545,1967119892788416526,2025-09-13 13:55:04,2025-10-14 13:55:04,1,v2.4
1967119897389568275,1967119892788416545,1967119892788416527,2025-09-13 13:55:04,2025-09-21 13:55:04,31,v2.3
1967119897389568276,1967119892788416545,1967119892788416527,2025-09-13 13:55:04,2025-09-28 13:55:04,59,v2.3
1967119897389568277,1967119892788416545,1967119892788416527,2025-09-13 13:55:04,2025-10-14 13:55:04,6,v2.3
1967119897389568278,1967119892788416545,1967119892788416528,2025-09-13 13:55:04,2025-09-21 13:55:04,64,v2.5
1967119897389568279,1967119892788416545,1967119892788416528,2025-09-13 13:55:04,2025-09-28 13:55:04,4,v2.1
1967119897389568280,1967119892788416545,1967119892788416528,2025-09-13 13:55:04,2025-10-14 13:55:04,13,v2.2
1967119897389568281,1967119892788416545,1967119892788416529,2025-09-13 13:55:04,2025-09-21 13:55:04,41,v2.1
1967119897389568282,1967119892788416545,1967119892788416529,2025-09-13 13:55:04,2025-09-28 13:55:04,54,v2.1
1967119897389568283,1967119892788416545,1967119892788416529,2025-09-13 13:55:04,2025-10-14 13:55:04,29,v2.2
1967119897389568284,1967119892788416560,1967119892788416522,2025-09-13 13:55:04,2025-09-21 13:55:04,68,v2.1
1967119897389568285,1967119892788416560,1967119892788416522,2025-09-13 13:55:04,2025-09-28 13:55:04,57,v2.5
1967119897389568286,1967119892788416560,1967119892788416522,2025-09-13 13:55:04,2025-10-14 13:55:04,22,v2.1
1967119897389568287,1967119892788416560,1967119892788416523,2025-09-13 13:55:04,2025-09-21 13:55:04,62,v2.1
1967119897389568288,1967119892788416560,1967119892788416523,2025-09-13 13:55:04,2025-09-28 13:55:04,34,v2.1
1967119897389568289,1967119892788416560,1967119892788416523,2025-09-13 13:55:04,2025-10-14 13:55:04,58,v2.4
1967119897389568290,1967119892788416560,1967119892788416524,2025-09-13 13:55:04,2025-09-21 13:55:04,77,v2.2
1967119897389568291,1967119892788416560,1967119892788416524,2025-09-13 13:55:04,2025-09-28 13:55:04,19,v2.2
1967119897389568292,1967119892788416560,1967119892788416524,2025-09-13 13:55:04,2025-10-14 13:55:04,40,v2.2
1967119897389568293,1967119892788416560,1967119892788416525,2025-09-13 13:55:04,2025-09-21 13:55:04,46,v2.3
1967119897389568294,1967119892788416560,1967119892788416525,2025-09-13 13:55:04,2025-09-28 13:55:04,49,v2.2
1967119897389568295,1967119892788416560,1967119892788416525,2025-09-13 13:55:04,2025-10-14 13:55:04,53,v2.5
1967119897389568296,1967119892788416560,1967119892788416526,2025-09-13 13:55:04,2025-09-21 13:55:04,57,v2.2
1967119897389568297,1967119892788416560,1967119892788416526,2025-09-13 13:55:04,2025-09-28 13:55:04,31,v2.5
1967119897389568298,1967119892788416560,1967119892788416526,2025-09-13 13:55:04,2025-10-14 13:55:04,46,v2.1
1967119897389568299,1967119892788416560,1967119892788416527,2025-09-13 13:55:04,2025-09-21 13:55:04,40,v2.2
1967119897389568300,1967119892788416560,1967119892788416527,2025-09-13 13:55:04,2025-09-28 13:55:04,74,v2.1
1967119897389568301,1967119892788416560,1967119892788416527,2025-09-13 13:55:04,2025-10-14 13:55:04,15,v2.3
1967119897389568302,1967119892788416560,1967119892788416528,2025-09-13 13:55:04,2025-09-21 13:55:04,46,v2.3
1967119897389568303,1967119892788416560,1967119892788416528,2025-09-13 13:55:04,2025-09-28 13:55:04,68,v2.3
1967119897389568304,1967119892788416560,1967119892788416528,2025-09-13 13:55:04,2025-10-14 13:55:04,52,v2.1
1967119897389568305,1967119892788416560,1967119892788416529,2025-09-13 13:55:04,2025-09-21 13:55:04,43,v2.4
1967119897389568306,1967119892788416560,1967119892788416529,2025-09-13 13:55:04,2025-09-28 13:55:04,69,v2.5
1967119897389568307,1967119892788416560,1967119892788416529,2025-09-13 13:55:04,2025-10-14 13:55:04,29,v2.1
1967119897389568308,1967119892788416580,1967119892788416522,2025-09-13 13:55:04,2025-09-21 13:55:04,19,v2.1
1967119897389568309,1967119892788416580,1967119892788416522,2025-09-13 13:55:04,2025-09-28 13:55:04,12,v2.1
1967119897389568310,1967119892788416580,1967119892788416522,2025-09-13 13:55:04,2025-10-14 13:55:04,23,v2.4
1967119897389568311,1967119892788416580,1967119892788416523,2025-09-13 13:55:04,2025-09-21 13:55:04,5,v2.3
1967119897389568312,1967119892788416580,1967119892788416523,2025-09-13 13:55:04,2025-09-28 13:55:04,0,v2.5
1967119897389568313,1967119892788416580,1967119892788416523,2025-09-13 13:55:04,2025-10-14 13:55:04,4,v2.4
1967119897389568314,1967119892788416580,1967119892788416524,2025-09-13 13:55:04,2025-09-21 13:55:04,9,v2.1
1967119897389568315,1967119892788416580,1967119892788416524,2025-09-13 13:55:04,2025-09-28 13:55:04,27,v2.5
1967119897389568316,1967119892788416580,1967119892788416524,2025-09-13 13:55:04,2025-10-14 13:55:04,5,v2.4
1967119897389568317,1967119892788416580,1967119892788416525,2025-09-13 13:55:04,2025-09-21 13:55:04,27,v2.5
1967119897389568318,1967119892788416580,1967119892788416525,2025-09-13 13:55:04,2025-09-28 13:55:04,31,v2.2
1967119897389568319,1967119892788416580,1967119892788416525,2025-09-13 13:55:04,2025-10-14 13:55:04,0,v2.1
1967119897389568320,1967119892788416580,1967119892788416526,2025-09-13 13:55:04,2025-09-21 13:55:04,21,v2.5
1967119897389568321,1967119892788416580,1967119892788416526,2025-09-13 13:55:04,2025-09-28 13:55:04,24,v2.3
1967119897389568322,1967119892788416580,1967119892788416526,2025-09-13 13:55:04,2025-10-14 13:55:04,10,v2.2
1967119897389568323,1967119892788416580,1967119892788416527,2025-09-13 13:55:04,2025-09-21 13:55:04,7,v2.3
1967119897389568324,1967119892788416580,1967119892788416527,2025-09-13 13:55:04,2025-09-28 13:55:04,24,v2.1
1967119897389568325,1967119892788416580,1967119892788416527,2025-09-13 13:55:04,2025-10-14 13:55:04,25,v2.2
1967119897389568326,1967119892788416580,1967119892788416528,2025-09-13 13:55:04,2025-09-21 13:55:04,0,v2.4
1967119897389568327,1967119892788416580,1967119892788416528,2025-09-13 13:55:04,2025-09-28 13:55:04,43,v2.4
1967119897389568328,1967119892788416580,1967119892788416528,2025-09-13 13:55:04,2025-10-14 13:55:04,10,v2.4
1967119897389568329,1967119892788416580,1967119892788416529,2025-09-13 13:55:04,2025-09-21 13:55:04,35,v2.4
1967119897389568330,1967119892788416580,1967119892788416529,2025-09-13 13:55:04,2025-09-28 13:55:04,28,v2.4
1967119897389568331,1967119892788416580,1967119892788416529,2025-09-13 13:55:04,2025-10-14 13:55:04,36,v2.5
1967119897389568332,1967119892788416551,1967119892788416522,2025-09-13 13:55:04,2025-09-21 13:55:04,125,v2.4
1967119897389568333,1967119892788416551,1967119892788416522,2025-09-13 13:55:04,2025-09-28 13:55:04,107,v2.4
1967119897389568334,1967119892788416551,1967119892788416522,2025-09-13 13:55:04,2025-10-14 13:55:04,28,v2.3
1967119897389568335,1967119892788416551,1967119892788416523,2025-09-13 13:55:04,2025-09-21 13:55:04,43,v2.4
1967119897389568336,1967119892788416551,1967119892788416523,2025-09-13 13:55:04,2025-09-28 13:55:04,95,v2.2
1967119897389568337,1967119892788416551,1967119892788416523,2025-09-13 13:55:04,2025-10-14 13:55:04,56,v2.3
1967119897389568338,1967119892788416551,1967119892788416524,2025-09-13 13:55:04,2025-09-21 13:55:04,46,v2.2
1967119897389568339,1967119892788416551,1967119892788416524,2025-09-13 13:55:04,2025-09-28 13:55:04,135,v2.4
1967119897389568340,1967119892788416551,1967119892788416524,2025-09-13 13:55:04,2025-10-14 13:55:04,58,v2.3
1967119897389568341,1967119892788416551,1967119892788416525,2025-09-13 13:55:04,2025-09-21 13:55:04,54,v2.4
1967119897389568342,1967119892788416551,1967119892788416525,2025-09-13 13:55:04,2025-09-28 13:55:04,80,v2.1
1967119897389568343,1967119892788416551,1967119892788416525,2025-09-13 13:55:04,2025-10-14 13:55:04,46,v2.4
1967119897389568344,1967119892788416551,1967119892788416526,2025-09-13 13:55:04,2025-09-21 13:55:04,84,v2.2
1967119897389568345,1967119892788416551,1967119892788416526,2025-09-13 13:55:04,2025-09-28 13:55:04,105,v2.5
1967119897389568346,1967119892788416551,1967119892788416526,2025-09-13 13:55:04,2025-10-14 13:55:04,33,v2.1
1967119897389568347,1967119892788416551,1967119892788416527,2025-09-13 13:55:04,2025-09-21 13:55:04,69,v2.3
1967119897389568348,1967119892788416551,1967119892788416527,2025-09-13 13:55:04,2025-09-28 13:55:04,39,v2.2
1967119897389568349,1967119892788416551,1967119892788416527,2025-09-13 13:55:04,2025-10-14 13:55:04,62,v2.4
1967119897389568350,1967119892788416551,1967119892788416528,2025-09-13 13:55:04,2025-09-21 13:55:04,75,v2.5
1967119897389568351,1967119892788416551,1967119892788416528,2025-09-13 13:55:04,2025-09-28 13:55:04,56,v2.5
1967119897389568352,1967119892788416551,1967119892788416528,2025-09-13 13:55:04,2025-10-14 13:55:04,55,v2.1
1967119897389568353,1967119892788416551,1967119892788416529,2025-09-13 13:55:04,2025-09-21 13:55:04,97,v2.1
1967119897389568354,1967119892788416551,1967119892788416529,2025-09-13 13:55:04,2025-09-28 13:55:04,125,v2.2
1967119897389568355,1967119892788416551,1967119892788416529,2025-09-13 13:55:04,2025-10-14 13:55:04,88,v2.5
1967119897389568356,1967119892788416558,1967119892788416522,2025-09-13 13:55:04,2025-09-21 13:55:04,48,v2.4
1967119897389568357,1967119892788416558,1967119892788416522,2025-09-13 13:55:04,2025-09-28 13:55:04,33,v2.2
1967119897389568358,1967119892788416558,1967119892788416522,2025-09-13 13:55:04,2025-10-14 13:55:04,70,v2.5
1967119897389568359,1967119892788416558,1967119892788416523,2025-09-13 13:55:04,2025-09-21 13:55:04,37,v2.2
1967119897389568360,1967119892788416558,1967119892788416523,2025-09-13 13:55:04,2025-09-28 13:55:04,74,v2.3
1967119897389568361,1967119892788416558,1967119892788416523,2025-09-13 13:55:04,2025-10-14 13:55:04,39,v2.3
1967119897389568362,1967119892788416558,1967119892788416524,2025-09-13 13:55:04,2025-09-21 13:55:04,46,v2.3
1967119897389568363,1967119892788416558,1967119892788416524,2025-09-13 13:55:04,2025-09-28 13:55:04,126,v2.3
1967119897389568364,1967119892788416558,1967119892788416524,2025-09-13 13:55:04,2025-10-14 13:55:04,71,v2.5
1967119897389568365,1967119892788416558,1967119892788416525,2025-09-13 13:55:04,2025-09-21 13:55:04,90,v2.1
1967119897389568366,1967119892788416558,1967119892788416525,2025-09-13 13:55:04,2025-09-28 13:55:04,29,v2.2
1967119897389568367,1967119892788416558,1967119892788416525,2025-09-13 13:55:04,2025-10-14 13:55:04,50,v2.5
1967119897389568368,1967119892788416558,1967119892788416526,2025-09-13 13:55:04,2025-09-21 13:55:04,86,v2.3
1967119897389568369,1967119892788416558,1967119892788416526,2025-09-13 13:55:04,2025-09-28 13:55:04,36,v2.2
1967119897389568370,1967119892788416558,1967119892788416526,2025-09-13 13:55:04,2025-10-14 13:55:04,53,v2.4
1967119897389568371,1967119892788416558,1967119892788416527,2025-09-13 13:55:04,2025-09-21 13:55:04,109,v2.3
1967119897389568372,1967119892788416558,1967119892788416527,2025-09-13 13:55:04,2025-09-28 13:55:04,77,v2.4
1967119897389568373,1967119892788416558,1967119892788416527,2025-09-13 13:55:04,2025-10-14 13:55:04,46,v2.2
1967119897389568374,1967119892788416558,1967119892788416528,2025-09-13 13:55:04,2025-09-21 13:55:04,79,v2.3
1967119897389568375,1967119892788416558,1967119892788416528,2025-09-13 13:55:04,2025-09-28 13:55:04,95,v2.3
1967119897389568376,1967119892788416558,1967119892788416528,2025-09-13 13:55:04,2025-10-14 13:55:04,79,v2.1
1967119897389568377,1967119892788416558,1967119892788416529,2025-09-13 13:55:04,2025-09-21 13:55:04,93,v2.4
1967119897389568378,1967119892788416558,1967119892788416529,2025-09-13 13:55:04,2025-09-28 13:55:04,126,v2.4
1967119897389568379,1967119892788416558,1967119892788416529,2025-09-13 13:55:04,2025-10-14 13:55:04,23,v2.4
1967119897389568380,1967119892788416581,1967119892788416522,2025-09-13 13:55:04,2025-09-21 13:55:04,20,v2.4
1967119897389568381,1967119892788416581,1967119892788416522,2025-09-13 13:55:04,2025-09-28 13:55:04,40,v2.5
1967119897389568382,1967119892788416581,1967119892788416522,2025-09-13 13:55:04,2025-10-14 13:55:04,34,v2.1
1967119897389568383,1967119892788416581,1967119892788416523,2025-09-13 13:55:04,2025-09-21 13:55:04,26,v2.1
1967119897389568384,1967119892788416581,1967119892788416523,2025-09-13 13:55:04,2025-09-28 13:55:04,33,v2.4
1967119897389568385,1967119892788416581,1967119892788416523,2025-09-13 13:55:04,2025-10-14 13:55:04,15,v2.2
1967119897389568386,1967119892788416581,1967119892788416524,2025-09-13 13:55:04,2025-09-21 13:55:04,5,v2.2
1967119897389568387,1967119892788416581,1967119892788416524,2025-09-13 13:55:04,2025-09-28 13:55:04,17,v2.5
1967119897389568388,1967119892788416581,1967119892788416524,2025-09-13 13:55:04,2025-10-14 13:55:04,14,v2.1
1967119897389568389,1967119892788416581,1967119892788416525,2025-09-13 13:55:04,2025-09-21 13:55:04,27,v2.4
1967119897389568390,1967119892788416581,1967119892788416525,2025-09-13 13:55:04,2025-09-28 13:55:04,33,v2.5
1967119897389568391,1967119892788416581,1967119892788416525,2025-09-13 13:55:04,2025-10-14 13:55:04,24,v2.2
1967119897389568392,1967119892788416581,1967119892788416526,2025-09-13 13:55:04,2025-09-21 13:55:04,22,v2.2
1967119897389568393,1967119892788416581,1967119892788416526,2025-09-13 13:55:04,2025-09-28 13:55:04,36,v2.1
1967119897389568394,1967119892788416581,1967119892788416526,2025-09-13 13:55:04,2025-10-14 13:55:04,17,v2.1
1967119897389568395,1967119892788416581,1967119892788416527,2025-09-13 13:55:04,2025-09-21 13:55:04,11,v2.1
1967119897389568396,1967119892788416581,1967119892788416527,2025-09-13 13:55:04,2025-09-28 13:55:04,28,v2.4
1967119897389568397,1967119892788416581,1967119892788416527,2025-09-13 13:55:04,2025-10-14 13:55:04,14,v2.4
1967119897389568398,1967119892788416581,1967119892788416528,2025-09-13 13:55:04,2025-09-21 13:55:04,21,v2.1
1967119897389568399,1967119892788416581,1967119892788416528,2025-09-13 13:55:04,2025-09-28 13:55:04,37,v2.3
1967119897389568400,1967119892788416581,1967119892788416528,2025-09-13 13:55:04,2025-10-14 13:55:04,29,v2.4
1967119897389568401,1967119892788416581,1967119892788416529,2025-09-13 13:55:04,2025-09-21 13:55:04,24,v2.2
1967119897389568402,1967119892788416581,1967119892788416529,2025-09-13 13:55:04,2025-09-28 13:55:04,24,v2.1
1967119897389568403,1967119892788416581,1967119892788416529,2025-09-13 13:55:04,2025-10-14 13:55:04,0,v2.2
1967119897389568404,1967119892788416562,1967119892788416522,2025-09-13 13:55:04,2025-09-21 13:55:04,64,v2.4
1967119897389568405,1967119892788416562,1967119892788416522,2025-09-13 13:55:04,2025-09-28 13:55:04,55,v2.4
1967119897389568406,1967119892788416562,1967119892788416522,2025-09-13 13:55:04,2025-10-14 13:55:04,60,v2.1
1967119897389568407,1967119892788416562,1967119892788416523,2025-09-13 13:55:04,2025-09-21 13:55:04,23,v2.5
1967119897389568408,1967119892788416562,1967119892788416523,2025-09-13 13:55:04,2025-09-28 13:55:04,37,v2.5
1967119897389568409,1967119892788416562,1967119892788416523,2025-09-13 13:55:04,2025-10-14 13:55:04,30,v2.2
1967119897389568410,1967119892788416562,1967119892788416524,2025-09-13 13:55:04,2025-09-21 13:55:04,54,v2.1
1967119897389568411,1967119892788416562,1967119892788416524,2025-09-13 13:55:04,2025-09-28 13:55:04,69,v2.2
1967119897389568412,1967119892788416562,1967119892788416524,2025-09-13 13:55:04,2025-10-14 13:55:04,41,v2.3
1967119897389568413,1967119892788416562,1967119892788416525,2025-09-13 13:55:04,2025-09-21 13:55:04,23,v2.1
1967119897389568414,1967119892788416562,1967119892788416525,2025-09-13 13:55:04,2025-09-28 13:55:04,13,v2.2
1967119897389568415,1967119892788416562,1967119892788416525,2025-09-13 13:55:04,2025-10-14 13:55:04,20,v2.1
1967119897389568416,1967119892788416562,1967119892788416526,2025-09-13 13:55:04,2025-09-21 13:55:04,34,v2.3
1967119897389568417,1967119892788416562,1967119892788416526,2025-09-13 13:55:04,2025-09-28 13:55:04,25,v2.3
1967119897389568418,1967119892788416562,1967119892788416526,2025-09-13 13:55:04,2025-10-14 13:55:04,40,v2.2
1967119897389568419,1967119892788416562,1967119892788416527,2025-09-13 13:55:04,2025-09-21 13:55:04,45,v2.4
1967119897389568420,1967119892788416562,1967119892788416527,2025-09-13 13:55:04,2025-09-28 13:55:04,53,v2.4
1967119897389568421,1967119892788416562,1967119892788416527,2025-09-13 13:55:04,2025-10-14 13:55:04,35,v2.2
1967119897389568422,1967119892788416562,1967119892788416528,2025-09-13 13:55:04,2025-09-21 13:55:04,16,v2.3
1967119897389568423,1967119892788416562,1967119892788416528,2025-09-13 13:55:04,2025-09-28 13:55:04,82,v2.1
1967119897389568424,1967119892788416562,1967119892788416528,2025-09-13 13:55:04,2025-10-14 13:55:04,49,v2.4
1967119897389568425,1967119892788416562,1967119892788416529,2025-09-13 13:55:04,2025-09-21 13:55:04,78,v2.3
1967119897389568426,1967119892788416562,1967119892788416529,2025-09-13 13:55:04,2025-09-28 13:55:04,61,v2.5
1967119897389568427,1967119892788416562,1967119892788416529,2025-09-13 13:55:04,2025-10-14 13:55:04,46,v2.1
1967119897389568428,1967119892788416578,1967119892788416522,2025-09-13 13:55:04,2025-09-21 13:55:04,22,v2.5
1967119897389568429,1967119892788416578,1967119892788416522,2025-09-13 13:55:04,2025-09-28 13:55:04,23,v2.3
1967119897389568430,1967119892788416578,1967119892788416522,2025-09-13 13:55:04,2025-10-14 13:55:04,13,v2.1
1967119897389568431,1967119892788416578,1967119892788416523,2025-09-13 13:55:04,2025-09-21 13:55:04,38,v2.1
1967119897389568432,1967119892788416578,1967119892788416523,2025-09-13 13:55:04,2025-09-28 13:55:04,11,v2.3
1967119897389568433,1967119892788416578,1967119892788416523,2025-09-13 13:55:04,2025-10-14 13:55:04,18,v2.4
1967119897389568434,1967119892788416578,1967119892788416524,2025-09-13 13:55:04,2025-09-21 13:55:04,15,v2.3
1967119897389568435,1967119892788416578,1967119892788416524,2025-09-13 13:55:04,2025-09-28 13:55:04,23,v2.4
1967119897389568436,1967119892788416578,1967119892788416524,2025-09-13 13:55:04,2025-10-14 13:55:04,15,v2.2
1967119897389568437,1967119892788416578,1967119892788416525,2025-09-13 13:55:04,2025-09-21 13:55:04,1,v2.5
1967119897389568438,1967119892788416578,1967119892788416525,2025-09-13 13:55:04,2025-09-28 13:55:04,34,v2.2
1967119897389568439,1967119892788416578,1967119892788416525,2025-09-13 13:55:04,2025-10-14 13:55:04,13,v2.5
1967119897389568440,1967119892788416578,1967119892788416526,2025-09-13 13:55:04,2025-09-21 13:55:04,21,v2.3
1967119897389568441,1967119892788416578,1967119892788416526,2025-09-13 13:55:04,2025-09-28 13:55:04,37,v2.3
1967119897389568442,1967119892788416578,1967119892788416526,2025-09-13 13:55:04,2025-10-14 13:55:04,23,v2.1
1967119897389568443,1967119892788416578,1967119892788416527,2025-09-13 13:55:04,2025-09-21 13:55:04,29,v2.3
1967119897389568444,1967119892788416578,1967119892788416527,2025-09-13 13:55:04,2025-09-28 13:55:04,23,v2.4
1967119897389568445,1967119892788416578,1967119892788416527,2025-09-13 13:55:04,2025-10-14 13:55:04,6,v2.5
1967119897389568446,1967119892788416578,1967119892788416528,2025-09-13 13:55:04,2025-09-21 13:55:04,27,v2.3
1967119897389568447,1967119892788416578,1967119892788416528,2025-09-13 13:55:04,2025-09-28 13:55:04,41,v2.2
1967119897389568448,1967119892788416578,1967119892788416528,2025-09-13 13:55:04,2025-10-14 13:55:04,12,v2.2
1967119897389568449,1967119892788416578,1967119892788416529,2025-09-13 13:55:04,2025-09-21 13:55:04,29,v2.1
1967119897389568450,1967119892788416578,1967119892788416529,2025-09-13 13:55:04,2025-09-28 13:55:04,25,v2.2
1967119897389568451,1967119892788416578,1967119892788416529,2025-09-13 13:55:04,2025-10-14 13:55:04,16,v2.5
1967119897389568452,1967119892788416550,1967119892788416522,2025-09-13 13:55:04,2025-09-21 13:55:04,75,v2.4
1967119897389568453,1967119892788416550,1967119892788416522,2025-09-13 13:55:04,2025-09-28 13:55:04,22,v2.1
1967119897389568454,1967119892788416550,1967119892788416522,2025-09-13 13:55:04,2025-10-14 13:55:04,86,v2.1
1967119897389568455,1967119892788416550,1967119892788416523,2025-09-13 13:55:04,2025-09-21 13:55:04,96,v2.3
1967119897389568456,1967119892788416550,1967119892788416523,2025-09-13 13:55:04,2025-09-28 13:55:04,76,v2.5
1967119897389568457,1967119892788416550,1967119892788416523,2025-09-13 13:55:04,2025-10-14 13:55:04,78,v2.5
1967119897389568458,1967119892788416550,1967119892788416524,2025-09-13 13:55:04,2025-09-21 13:55:04,104,v2.2
1967119897389568459,1967119892788416550,1967119892788416524,2025-09-13 13:55:04,2025-09-28 13:55:04,33,v2.4
1967119897389568460,1967119892788416550,1967119892788416524,2025-09-13 13:55:04,2025-10-14 13:55:04,45,v2.2
1967119897389568461,1967119892788416550,1967119892788416525,2025-09-13 13:55:04,2025-09-21 13:55:04,63,v2.1
1967119897389568462,1967119892788416550,1967119892788416525,2025-09-13 13:55:04,2025-09-28 13:55:04,89,v2.2
1967119897389568463,1967119892788416550,1967119892788416525,2025-09-13 13:55:04,2025-10-14 13:55:04,40,v2.4
1967119897389568464,1967119892788416550,1967119892788416526,2025-09-13 13:55:04,2025-09-21 13:55:04,45,v2.4
1967119897389568465,1967119892788416550,1967119892788416526,2025-09-13 13:55:04,2025-09-28 13:55:04,96,v2.2
1967119897389568466,1967119892788416550,1967119892788416526,2025-09-13 13:55:04,2025-10-14 13:55:04,43,v2.4
1967119897389568467,1967119892788416550,1967119892788416527,2025-09-13 13:55:04,2025-09-21 13:55:04,76,v2.2
1967119897389568468,1967119892788416550,1967119892788416527,2025-09-13 13:55:04,2025-09-28 13:55:04,55,v2.2
1967119897389568469,1967119892788416550,1967119892788416527,2025-09-13 13:55:04,2025-10-14 13:55:04,41,v2.3
1967119897389568470,1967119892788416550,1967119892788416528,2025-09-13 13:55:04,2025-09-21 13:55:04,28,v2.2
1967119897389568471,1967119892788416550,1967119892788416528,2025-09-13 13:55:04,2025-09-28 13:55:04,74,v2.1
1967119897389568472,1967119892788416550,1967119892788416528,2025-09-13 13:55:04,2025-10-14 13:55:04,53,v2.1
1967119897389568473,1967119892788416550,1967119892788416529,2025-09-13 13:55:04,2025-09-21 13:55:04,86,v2.3
1967119897389568474,1967119892788416550,1967119892788416529,2025-09-13 13:55:04,2025-09-28 13:55:04,93,v2.5
1967119897389568475,1967119892788416550,1967119892788416529,2025-09-13 13:55:04,2025-10-14 13:55:04,76,v2.5
1967119897389568476,1967119892788416571,1967119892788416522,2025-09-13 13:55:04,2025-09-21 13:55:04,19,v2.5
1967119897389568477,1967119892788416571,1967119892788416522,2025-09-13 13:55:04,2025-09-28 13:55:04,28,v2.2
1967119897389568478,1967119892788416571,1967119892788416522,2025-09-13 13:55:04,2025-10-14 13:55:04,26,v2.4
1967119897389568479,1967119892788416571,1967119892788416523,2025-09-13 13:55:04,2025-09-21 13:55:04,23,v2.3
1967119897389568480,1967119892788416571,1967119892788416523,2025-09-13 13:55:04,2025-09-28 13:55:04,18,v2.4
1967119897389568481,1967119892788416571,1967119892788416523,2025-09-13 13:55:04,2025-10-14 13:55:04,28,v2.3
1967119897389568482,1967119892788416571,1967119892788416524,2025-09-13 13:55:04,2025-09-21 13:55:04,12,v2.3
1967119897389568483,1967119892788416571,1967119892788416524,2025-09-13 13:55:04,2025-09-28 13:55:04,5,v2.4
1967119897389568484,1967119892788416571,1967119892788416524,2025-09-13 13:55:04,2025-10-14 13:55:04,31,v2.5
1967119897389568485,1967119892788416571,1967119892788416525,2025-09-13 13:55:04,2025-09-21 13:55:04,38,v2.4
1967119897389568486,1967119892788416571,1967119892788416525,2025-09-13 13:55:04,2025-09-28 13:55:04,3,v2.2
1967119897389568487,1967119892788416571,1967119892788416525,2025-09-13 13:55:04,2025-10-14 13:55:04,21,v2.2
1967119897389568488,1967119892788416571,1967119892788416526,2025-09-13 13:55:04,2025-09-21 13:55:04,4,v2.1
1967119897389568489,1967119892788416571,1967119892788416526,2025-09-13 13:55:04,2025-09-28 13:55:04,39,v2.4
1967119897389568490,1967119892788416571,1967119892788416526,2025-09-13 13:55:04,2025-10-14 13:55:04,8,v2.4
1967119897389568491,1967119892788416571,1967119892788416527,2025-09-13 13:55:04,2025-09-21 13:55:04,37,v2.2
1967119897389568492,1967119892788416571,1967119892788416527,2025-09-13 13:55:04,2025-09-28 13:55:04,2,v2.4
1967119897389568493,1967119892788416571,1967119892788416527,2025-09-13 13:55:04,2025-10-14 13:55:04,4,v2.4
1967119897389568494,1967119892788416571,1967119892788416528,2025-09-13 13:55:04,2025-09-21 13:55:04,19,v2.3
1967119897389568495,1967119892788416571,1967119892788416528,2025-09-13 13:55:04,2025-09-28 13:55:04,40,v2.4
1967119897389568496,1967119892788416571,1967119892788416528,2025-09-13 13:55:04,2025-10-14 13:55:04,25,v2.2
1967119897389568497,1967119892788416571,1967119892788416529,2025-09-13 13:55:04,2025-09-21 13:55:04,43,v2.5
1967119897389568498,1967119892788416571,1967119892788416529,2025-09-13 13:55:04,2025-09-28 13:55:04,10,v2.4
1967119897389568499,1967119892788416571,1967119892788416529,2025-09-13 13:55:04,2025-10-14 13:55:04,20,v2.2
1967119897389568500,1967119892788416539,1967119892788416522,2025-09-13 13:55:04,2025-09-21 13:55:04,55,v2.5
1967119897389568501,1967119892788416539,1967119892788416522,2025-09-13 13:55:04,2025-09-28 13:55:04,49,v2.1
1967119897389568502,1967119892788416539,1967119892788416522,2025-09-13 13:55:04,2025-10-14 13:55:04,33,v2.2
1967119897389568503,1967119892788416539,1967119892788416523,2025-09-13 13:55:04,2025-09-21 13:55:04,53,v2.5
1967119897389568504,1967119892788416539,1967119892788416523,2025-09-13 13:55:04,2025-09-28 13:55:04,22,v2.2
1967119897389568505,1967119892788416539,1967119892788416523,2025-09-13 13:55:04,2025-10-14 13:55:04,14,v2.1
1967119897389568506,1967119892788416539,1967119892788416524,2025-09-13 13:55:04,2025-09-21 13:55:04,37,v2.4
1967119897389568507,1967119892788416539,1967119892788416524,2025-09-13 13:55:04,2025-09-28 13:55:04,24,v2.3
1967119897389568508,1967119892788416539,1967119892788416524,2025-09-13 13:55:04,2025-10-14 13:55:04,10,v2.5
1967119897389568509,1967119892788416539,1967119892788416525,2025-09-13 13:55:04,2025-09-21 13:55:04,23,v2.3
1967119897389568510,1967119892788416539,1967119892788416525,2025-09-13 13:55:04,2025-09-28 13:55:04,30,v2.5
1967119897389568511,1967119892788416539,1967119892788416525,2025-09-13 13:55:04,2025-10-14 13:55:04,55,v2.3
1967119897389568512,1967119892788416539,1967119892788416526,2025-09-13 13:55:04,2025-09-21 13:55:04,34,v2.4
1967119897389568513,1967119892788416539,1967119892788416526,2025-09-13 13:55:04,2025-09-28 13:55:04,6,v2.2
1967119897389568514,1967119892788416539,1967119892788416526,2025-09-13 13:55:04,2025-10-14 13:55:04,30,v2.2
1967119897389568515,1967119892788416539,1967119892788416527,2025-09-13 13:55:04,2025-09-21 13:55:04,17,v2.5
1967119897389568516,1967119892788416539,1967119892788416527,2025-09-13 13:55:04,2025-09-28 13:55:04,24,v2.2
1967119897389568517,1967119892788416539,1967119892788416527,2025-09-13 13:55:04,2025-10-14 13:55:04,31,v2.3
1967119897389568518,1967119892788416539,1967119892788416528,2025-09-13 13:55:04,2025-09-21 13:55:04,37,v2.2
1967119897389568519,1967119892788416539,1967119892788416528,2025-09-13 13:55:04,2025-09-28 13:55:04,27,v2.2
1967119897389568520,1967119892788416539,1967119892788416528,2025-09-13 13:55:04,2025-10-14 13:55:04,33,v2.2
1967119897389568521,1967119892788416539,1967119892788416529,2025-09-13 13:55:04,2025-09-21 13:55:04,38,v2.5
1967119897389568522,1967119892788416539,1967119892788416529,2025-09-13 13:55:04,2025-09-28 13:55:04,18,v2.1
1967119897389568523,1967119892788416539,1967119892788416529,2025-09-13 13:55:04,2025-10-14 13:55:04,25,v2.1
1967119897389568524,1967119892788416554,1967119892788416522,2025-09-13 13:55:04,2025-09-21 13:55:04,73,v2.3
1967119897389568525,1967119892788416554,1967119892788416522,2025-09-13 13:55:04,2025-09-28 13:55:04,48,v2.5
1967119897389568526,1967119892788416554,1967119892788416522,2025-09-13 13:55:04,2025-10-14 13:55:04,38,v2.5
1967119897389568527,1967119892788416554,1967119892788416523,2025-09-13 13:55:04,2025-09-21 13:55:04,85,v2.2
1967119897389568528,1967119892788416554,1967119892788416523,2025-09-13 13:55:04,2025-09-28 13:55:04,77,v2.1
1967119897389568529,1967119892788416554,1967119892788416523,2025-09-13 13:55:04,2025-10-14 13:55:04,54,v2.4
1967119897389568530,1967119892788416554,1967119892788416524,2025-09-13 13:55:04,2025-09-21 13:55:04,18,v2.1
1967119897389568531,1967119892788416554,1967119892788416524,2025-09-13 13:55:04,2025-09-28 13:55:04,49,v2.2
1967119897389568532,1967119892788416554,1967119892788416524,2025-09-13 13:55:04,2025-10-14 13:55:04,65,v2.5
1967119897389568533,1967119892788416554,1967119892788416525,2025-09-13 13:55:04,2025-09-21 13:55:04,69,v2.5
1967119897389568534,1967119892788416554,1967119892788416525,2025-09-13 13:55:04,2025-09-28 13:55:04,72,v2.4
1967119897389568535,1967119892788416554,1967119892788416525,2025-09-13 13:55:04,2025-10-14 13:55:04,38,v2.2
1967119897389568536,1967119892788416554,1967119892788416526,2025-09-13 13:55:04,2025-09-21 13:55:04,119,v2.4
1967119897389568537,1967119892788416554,1967119892788416526,2025-09-13 13:55:04,2025-09-28 13:55:04,91,v2.4
1967119897389568538,1967119892788416554,1967119892788416526,2025-09-13 13:55:04,2025-10-14 13:55:04,91,v2.4
1967119897389568539,1967119892788416554,1967119892788416527,2025-09-13 13:55:04,2025-09-21 13:55:04,75,v2.5
1967119897389568540,1967119892788416554,1967119892788416527,2025-09-13 13:55:04,2025-09-28 13:55:04,67,v2.4
1967119897389568541,1967119892788416554,1967119892788416527,2025-09-13 13:55:04,2025-10-14 13:55:04,68,v2.5
1967119897389568542,1967119892788416554,1967119892788416528,2025-09-13 13:55:04,2025-09-21 13:55:04,123,v2.5
1967119897389568543,1967119892788416554,1967119892788416528,2025-09-13 13:55:04,2025-09-28 13:55:04,73,v2.5
1967119897389568544,1967119892788416554,1967119892788416528,2025-09-13 13:55:04,2025-10-14 13:55:04,90,v2.5
1967119897389568545,1967119892788416554,1967119892788416529,2025-09-13 13:55:04,2025-09-21 13:55:04,103,v2.5
1967119897389568546,1967119892788416554,1967119892788416529,2025-09-13 13:55:04,2025-09-28 13:55:04,59,v2.4
1967119897389568547,1967119892788416554,1967119892788416529,2025-09-13 13:55:04,2025-10-14 13:55:04,66,v2.2
1967119897389568548,1967119892788416582,1967119892788416522,2025-09-13 13:55:04,2025-09-21 13:55:04,41,v2.5
1967119897389568549,1967119892788416582,1967119892788416522,2025-09-13 13:55:04,2025-09-28 13:55:04,28,v2.1
1967119897389568550,1967119892788416582,1967119892788416522,2025-09-13 13:55:04,2025-10-14 13:55:04,15,v2.1
1967119897389568551,1967119892788416582,1967119892788416523,2025-09-13 13:55:04,2025-09-21 13:55:04,22,v2.4
1967119897389568552,1967119892788416582,1967119892788416523,2025-09-13 13:55:04,2025-09-28 13:55:04,31,v2.1
1967119897389568553,1967119892788416582,1967119892788416523,2025-09-13 13:55:04,2025-10-14 13:55:04,0,v2.4
1967119897389568554,1967119892788416582,1967119892788416524,2025-09-13 13:55:04,2025-09-21 13:55:04,41,v2.5
1967119897389568555,1967119892788416582,1967119892788416524,2025-09-13 13:55:04,2025-09-28 13:55:04,12,v2.2
1967119897389568556,1967119892788416582,1967119892788416524,2025-09-13 13:55:04,2025-10-14 13:55:04,17,v2.5
1967119897389568557,1967119892788416582,1967119892788416525,2025-09-13 13:55:04,2025-09-21 13:55:04,4,v2.2
1967119897389568558,1967119892788416582,1967119892788416525,2025-09-13 13:55:04,2025-09-28 13:55:04,14,v2.4
1967119897389568559,1967119892788416582,1967119892788416525,2025-09-13 13:55:04,2025-10-14 13:55:04,13,v2.5
1967119897389568560,1967119892788416582,1967119892788416526,2025-09-13 13:55:04,2025-09-21 13:55:04,21,v2.4
1967119897389568561,1967119892788416582,1967119892788416526,2025-09-13 13:55:04,2025-09-28 13:55:04,14,v2.1
1967119897389568562,1967119892788416582,1967119892788416526,2025-09-13 13:55:04,2025-10-14 13:55:04,13,v2.4
1967119897389568563,1967119892788416582,1967119892788416527,2025-09-13 13:55:04,2025-09-21 13:55:04,17,v2.4
1967119897389568564,1967119892788416582,1967119892788416527,2025-09-13 13:55:04,2025-09-28 13:55:04,10,v2.2
1967119897389568565,1967119892788416582,1967119892788416527,2025-09-13 13:55:04,2025-10-14 13:55:04,12,v2.5
1967119897389568566,1967119892788416582,1967119892788416528,2025-09-13 13:55:04,2025-09-21 13:55:04,26,v2.2
1967119897389568567,1967119892788416582,1967119892788416528,2025-09-13 13:55:04,2025-09-28 13:55:04,30,v2.1
1967119897389568568,1967119892788416582,1967119892788416528,2025-09-13 13:55:04,2025-10-14 13:55:04,6,v2.5
1967119897389568569,1967119892788416582,1967119892788416529,2025-09-13 13:55:04,2025-09-21 13:55:04,21,v2.4
1967119897389568570,1967119892788416582,1967119892788416529,2025-09-13 13:55:04,2025-09-28 13:55:04,9,v2.2
1967119897389568571,1967119892788416582,1967119892788416529,2025-09-13 13:55:04,2025-10-14 13:55:04,28,v2.4
1967119897389568572,1967119892788416537,1967119892788416522,2025-09-13 13:55:04,2025-09-21 13:55:04,27,v2.2
1967119897389568573,1967119892788416537,1967119892788416522,2025-09-13 13:55:04,2025-09-28 13:55:04,22,v2.5
1967119897389568574,1967119892788416537,1967119892788416522,2025-09-13 13:55:04,2025-10-14 13:55:04,36,v2.1
1967119897389568575,1967119892788416537,1967119892788416523,2025-09-13 13:55:04,2025-09-21 13:55:04,5,v2.2
1967119897389568576,1967119892788416537,1967119892788416523,2025-09-13 13:55:04,2025-09-28 13:55:04,57,v2.1
1967119897389568577,1967119892788416537,1967119892788416523,2025-09-13 13:55:04,2025-10-14 13:55:04,20,v2.3
1967119897389568578,1967119892788416537,1967119892788416524,2025-09-13 13:55:04,2025-09-21 13:55:04,43,v2.3
1967119897389568579,1967119892788416537,1967119892788416524,2025-09-13 13:55:04,2025-09-28 13:55:04,52,v2.1
1967119897389568580,1967119892788416537,1967119892788416524,2025-09-13 13:55:04,2025-10-14 13:55:04,39,v2.3
1967119897389568581,1967119892788416537,1967119892788416525,2025-09-13 13:55:04,2025-09-21 13:55:04,50,v2.3
1967119897389568582,1967119892788416537,1967119892788416525,2025-09-13 13:55:04,2025-09-28 13:55:04,24,v2.2
1967119897389568583,1967119892788416537,1967119892788416525,2025-09-13 13:55:04,2025-10-14 13:55:04,25,v2.4
1967119897389568584,1967119892788416537,1967119892788416526,2025-09-13 13:55:04,2025-09-21 13:55:04,13,v2.2
1967119897389568585,1967119892788416537,1967119892788416526,2025-09-13 13:55:04,2025-09-28 13:55:04,65,v2.1
1967119897389568586,1967119892788416537,1967119892788416526,2025-09-13 13:55:04,2025-10-14 13:55:04,23,v2.5
1967119897389568587,1967119892788416537,1967119892788416527,2025-09-13 13:55:04,2025-09-21 13:55:04,28,v2.4
1967119897389568588,1967119892788416537,1967119892788416527,2025-09-13 13:55:04,2025-09-28 13:55:04,9,v2.4
1967119897389568589,1967119892788416537,1967119892788416527,2025-09-13 13:55:04,2025-10-14 13:55:04,51,v2.2
1967119897389568590,1967119892788416537,1967119892788416528,2025-09-13 13:55:04,2025-09-21 13:55:04,56,v2.5
1967119897389568591,1967119892788416537,1967119892788416528,2025-09-13 13:55:04,2025-09-28 13:55:04,28,v2.2
1967119897389568592,1967119892788416537,1967119892788416528,2025-09-13 13:55:04,2025-10-14 13:55:04,21,v2.3
1967119897389568593,1967119892788416537,1967119892788416529,2025-09-13 13:55:04,2025-09-21 13:55:04,52,v2.2
1967119897389568594,1967119892788416537,1967119892788416529,2025-09-13 13:55:04,2025-09-28 13:55:04,32,v2.1
1967119897389568595,1967119892788416537,1967119892788416529,2025-09-13 13:55:04,2025-10-14 13:55:04,58,v2.1
1967119897389568596,1967119892788416573,1967119892788416522,2025-09-13 13:55:04,2025-09-21 13:55:04,18,v2.4
1967119897389568597,1967119892788416573,1967119892788416522,2025-09-13 13:55:04,2025-09-28 13:55:04,27,v2.1
1967119897389568598,1967119892788416573,1967119892788416522,2025-09-13 13:55:04,2025-10-14 13:55:04,0,v2.4
1967119897389568599,1967119892788416573,1967119892788416523,2025-09-13 13:55:04,2025-09-21 13:55:04,0,v2.4
1967119897389568600,1967119892788416573,1967119892788416523,2025-09-13 13:55:04,2025-09-28 13:55:04,3,v2.4
1967119897389568601,1967119892788416573,1967119892788416523,2025-09-13 13:55:04,2025-10-14 13:55:04,17,v2.4
1967119897389568602,1967119892788416573,1967119892788416524,2025-09-13 13:55:04,2025-09-21 13:55:04,36,v2.1
1967119897389568603,1967119892788416573,1967119892788416524,2025-09-13 13:55:04,2025-09-28 13:55:04,23,v2.1
1967119897389568604,1967119892788416573,1967119892788416524,2025-09-13 13:55:04,2025-10-14 13:55:04,19,v2.3
1967119897389568605,1967119892788416573,1967119892788416525,2025-09-13 13:55:04,2025-09-21 13:55:04,13,v2.4
1967119897389568606,1967119892788416573,1967119892788416525,2025-09-13 13:55:04,2025-09-28 13:55:04,35,v2.5
1967119897389568607,1967119892788416573,1967119892788416525,2025-09-13 13:55:04,2025-10-14 13:55:04,22,v2.1
1967119897389568608,1967119892788416573,1967119892788416526,2025-09-13 13:55:04,2025-09-21 13:55:04,17,v2.5
1967119897389568609,1967119892788416573,1967119892788416526,2025-09-13 13:55:04,2025-09-28 13:55:04,8,v2.1
1967119897389568610,1967119892788416573,1967119892788416526,2025-09-13 13:55:04,2025-10-14 13:55:04,33,v2.2
1967119897389568611,1967119892788416573,1967119892788416527,2025-09-13 13:55:04,2025-09-21 13:55:04,18,v2.3
1967119897389568612,1967119892788416573,1967119892788416527,2025-09-13 13:55:04,2025-09-28 13:55:04,40,v2.3
1967119897389568613,1967119892788416573,1967119892788416527,2025-09-13 13:55:04,2025-10-14 13:55:04,5,v2.5
1967119897389568614,1967119892788416573,1967119892788416528,2025-09-13 13:55:04,2025-09-21 13:55:04,3,v2.5
1967119897389568615,1967119892788416573,1967119892788416528,2025-09-13 13:55:04,2025-09-28 13:55:04,35,v2.2
1967119897389568616,1967119892788416573,1967119892788416528,2025-09-13 13:55:04,2025-10-14 13:55:04,30,v2.4
1967119897389568617,1967119892788416573,1967119892788416529,2025-09-13 13:55:04,2025-09-21 13:55:04,32,v2.5
1967119897389568618,1967119892788416573,1967119892788416529,2025-09-13 13:55:04,2025-09-28 13:55:04,39,v2.4
1967119897389568619,1967119892788416573,1967119892788416529,2025-09-13 13:55:04,2025-10-14 13:55:04,26,v2.4
1967119897389568620,1967119892788416566,1967119892788416522,2025-09-13 13:55:04,2025-09-21 13:55:04,46,v2.5
1967119897389568621,1967119892788416566,1967119892788416522,2025-09-13 13:55:04,2025-09-28 13:55:04,61,v2.5
1967119897389568622,1967119892788416566,1967119892788416522,2025-09-13 13:55:04,2025-10-14 13:55:04,41,v2.2
1967119897389568623,1967119892788416566,1967119892788416523,2025-09-13 13:55:04,2025-09-21 13:55:04,57,v2.2
1967119897389568624,1967119892788416566,1967119892788416523,2025-09-13 13:55:04,2025-09-28 13:55:04,32,v2.2
1967119897389568625,1967119892788416566,1967119892788416523,2025-09-13 13:55:04,2025-10-14 13:55:04,20,v2.1
1967119897389568626,1967119892788416566,1967119892788416524,2025-09-13 13:55:04,2025-09-21 13:55:04,29,v2.4
1967119897389568627,1967119892788416566,1967119892788416524,2025-09-13 13:55:04,2025-09-28 13:55:04,58,v2.5
1967119897389568628,1967119892788416566,1967119892788416524,2025-09-13 13:55:04,2025-10-14 13:55:04,25,v2.2
1967119897389568629,1967119892788416566,1967119892788416525,2025-09-13 13:55:04,2025-09-21 13:55:04,37,v2.2
1967119897389568630,1967119892788416566,1967119892788416525,2025-09-13 13:55:04,2025-09-28 13:55:04,62,v2.4
1967119897389568631,1967119892788416566,1967119892788416525,2025-09-13 13:55:04,2025-10-14 13:55:04,44,v2.5
1967119897389568632,1967119892788416566,1967119892788416526,2025-09-13 13:55:04,2025-09-21 13:55:04,85,v2.4
1967119897389568633,1967119892788416566,1967119892788416526,2025-09-13 13:55:04,2025-09-28 13:55:04,39,v2.5
1967119897389568634,1967119892788416566,1967119892788416526,2025-09-13 13:55:04,2025-10-14 13:55:04,43,v2.3
1967119897389568635,1967119892788416566,1967119892788416527,2025-09-13 13:55:04,2025-09-21 13:55:04,46,v2.4
1967119897389568636,1967119892788416566,1967119892788416527,2025-09-13 13:55:04,2025-09-28 13:55:04,38,v2.1
1967119897389568637,1967119892788416566,1967119892788416527,2025-09-13 13:55:04,2025-10-14 13:55:04,16,v2.2
1967119897389568638,1967119892788416566,1967119892788416528,2025-09-13 13:55:04,2025-09-21 13:55:04,62,v2.4
1967119897389568639,1967119892788416566,1967119892788416528,2025-09-13 13:55:04,2025-09-28 13:55:04,46,v2.5
1967119897389568640,1967119892788416566,1967119892788416528,2025-09-13 13:55:04,2025-10-14 13:55:04,64,v2.5
1967119897389568641,1967119892788416566,1967119892788416529,2025-09-13 13:55:04,2025-09-21 13:55:04,57,v2.4
1967119897389568642,1967119892788416566,1967119892788416529,2025-09-13 13:55:04,2025-09-28 13:55:04,28,v2.4
1967119897389568643,1967119892788416566,1967119892788416529,2025-09-13 13:55:04,2025-10-14 13:55:04,49,v2.3
1967119897389568644,1967119892788416553,1967119892788416522,2025-09-13 13:55:04,2025-09-21 13:55:04,47,v2.2
1967119897389568645,1967119892788416553,1967119892788416522,2025-09-13 13:55:04,2025-09-28 13:55:04,77,v2.1
1967119897389568646,1967119892788416553,1967119892788416522,2025-09-13 13:55:04,2025-10-14 13:55:04,57,v2.5
1967119897389568647,1967119892788416553,1967119892788416523,2025-09-13 13:55:04,2025-09-21 13:55:04,73,v2.2
1967119897389568648,1967119892788416553,1967119892788416523,2025-09-13 13:55:04,2025-09-28 13:55:04,50,v2.5
1967119897389568649,1967119892788416553,1967119892788416523,2025-09-13 13:55:04,2025-10-14 13:55:04,55,v2.2
1967119897389568650,1967119892788416553,1967119892788416524,2025-09-13 13:55:04,2025-09-21 13:55:04,47,v2.4
1967119897389568651,1967119892788416553,1967119892788416524,2025-09-13 13:55:04,2025-09-28 13:55:04,38,v2.2
1967119897389568652,1967119892788416553,1967119892788416524,2025-09-13 13:55:04,2025-10-14 13:55:04,79,v2.3
1967119897389568653,1967119892788416553,1967119892788416525,2025-09-13 13:55:04,2025-09-21 13:55:04,58,v2.1
1967119897389568654,1967119892788416553,1967119892788416525,2025-09-13 13:55:04,2025-09-28 13:55:04,54,v2.2
1967119897389568655,1967119892788416553,1967119892788416525,2025-09-13 13:55:04,2025-10-14 13:55:04,92,v2.1
1967119897389568656,1967119892788416553,1967119892788416526,2025-09-13 13:55:04,2025-09-21 13:55:04,68,v2.1
1967119897389568657,1967119892788416553,1967119892788416526,2025-09-13 13:55:04,2025-09-28 13:55:04,22,v2.5
1967119897389568658,1967119892788416553,1967119892788416526,2025-09-13 13:55:04,2025-10-14 13:55:04,14,v2.5
1967119897389568659,1967119892788416553,1967119892788416527,2025-09-13 13:55:04,2025-09-21 13:55:04,83,v2.3
1967119897389568660,1967119892788416553,1967119892788416527,2025-09-13 13:55:04,2025-09-28 13:55:04,91,v2.5
1967119897389568661,1967119892788416553,1967119892788416527,2025-09-13 13:55:04,2025-10-14 13:55:04,63,v2.1
1967119897389568662,1967119892788416553,1967119892788416528,2025-09-13 13:55:04,2025-09-21 13:55:04,37,v2.1
1967119897389568663,1967119892788416553,1967119892788416528,2025-09-13 13:55:04,2025-09-28 13:55:04,73,v2.3
1967119897389568664,1967119892788416553,1967119892788416528,2025-09-13 13:55:04,2025-10-14 13:55:04,54,v2.2
1967119897389568665,1967119892788416553,1967119892788416529,2025-09-13 13:55:04,2025-09-21 13:55:04,89,v2.2
1967119897389568666,1967119892788416553,1967119892788416529,2025-09-13 13:55:04,2025-09-28 13:55:04,61,v2.1
1967119897389568667,1967119892788416553,1967119892788416529,2025-09-13 13:55:04,2025-10-14 13:55:04,31,v2.4
1967119897389568668,1967119892788416591,1967119892788416522,2025-09-13 13:55:04,2025-09-21 13:55:04,3,v2.4
1967119897389568669,1967119892788416591,1967119892788416522,2025-09-13 13:55:04,2025-09-28 13:55:04,8,v2.1
1967119897389568670,1967119892788416591,1967119892788416522,2025-09-13 13:55:04,2025-10-14 13:55:04,14,v2.1
1967119897389568671,1967119892788416591,1967119892788416523,2025-09-13 13:55:04,2025-09-21 13:55:04,41,v2.5
1967119897389568672,1967119892788416591,1967119892788416523,2025-09-13 13:55:04,2025-09-28 13:55:04,40,v2.3
1967119897389568673,1967119892788416591,1967119892788416523,2025-09-13 13:55:04,2025-10-14 13:55:04,27,v2.1
1967119897389568674,1967119892788416591,1967119892788416524,2025-09-13 13:55:04,2025-09-21 13:55:04,42,v2.1
1967119897389568675,1967119892788416591,1967119892788416524,2025-09-13 13:55:04,2025-09-28 13:55:04,10,v2.2
1967119897389568676,1967119892788416591,1967119892788416524,2025-09-13 13:55:04,2025-10-14 13:55:04,18,v2.3
1967119897389568677,1967119892788416591,1967119892788416525,2025-09-13 13:55:04,2025-09-21 13:55:04,24,v2.5
1967119897389568678,1967119892788416591,1967119892788416525,2025-09-13 13:55:04,2025-09-28 13:55:04,30,v2.4
1967119897389568679,1967119892788416591,1967119892788416525,2025-09-13 13:55:04,2025-10-14 13:55:04,9,v2.2
1967119897389568680,1967119892788416591,1967119892788416526,2025-09-13 13:55:04,2025-09-21 13:55:04,18,v2.5
1967119897389568681,1967119892788416591,1967119892788416526,2025-09-13 13:55:04,2025-09-28 13:55:04,24,v2.2
1967119897389568682,1967119892788416591,1967119892788416526,2025-09-13 13:55:04,2025-10-14 13:55:04,7,v2.1
1967119897427316736,1967119892788416591,1967119892788416527,2025-09-13 13:55:04,2025-09-21 13:55:04,19,v2.3
1967119897427316737,1967119892788416591,1967119892788416527,2025-09-13 13:55:04,2025-09-28 13:55:04,13,v2.1
1967119897427316738,1967119892788416591,1967119892788416527,2025-09-13 13:55:04,2025-10-14 13:55:04,12,v2.5
1967119897427316739,1967119892788416591,1967119892788416528,2025-09-13 13:55:04,2025-09-21 13:55:04,12,v2.3
1967119897427316740,1967119892788416591,1967119892788416528,2025-09-13 13:55:04,2025-09-28 13:55:04,0,v2.1
1967119897427316741,1967119892788416591,1967119892788416528,2025-09-13 13:55:04,2025-10-14 13:55:04,21,v2.3
1967119897427316742,1967119892788416591,1967119892788416529,2025-09-13 13:55:04,2025-09-21 13:55:04,15,v2.2
1967119897427316743,1967119892788416591,1967119892788416529,2025-09-13 13:55:04,2025-09-28 13:55:04,21,v2.1
1967119897427316744,1967119892788416591,1967119892788416529,2025-09-13 13:55:04,2025-10-14 13:55:04,6,v2.1
1967119897427316745,1967119892788416541,1967119892788416522,2025-09-13 13:55:04,2025-09-21 13:55:04,21,v2.5
1967119897427316746,1967119892788416541,1967119892788416522,2025-09-13 13:55:04,2025-09-28 13:55:04,18,v2.1
1967119897427316747,1967119892788416541,1967119892788416522,2025-09-13 13:55:04,2025-10-14 13:55:04,22,v2.4
1967119897427316748,1967119892788416541,1967119892788416523,2025-09-13 13:55:04,2025-09-21 13:55:04,31,v2.1
1967119897427316749,1967119892788416541,1967119892788416523,2025-09-13 13:55:04,2025-09-28 13:55:04,53,v2.2
1967119897427316750,1967119892788416541,1967119892788416523,2025-09-13 13:55:04,2025-10-14 13:55:04,51,v2.2
1967119897427316751,1967119892788416541,1967119892788416524,2025-09-13 13:55:04,2025-09-21 13:55:04,43,v2.2
1967119897427316752,1967119892788416541,1967119892788416524,2025-09-13 13:55:04,2025-09-28 13:55:04,20,v2.2
1967119897427316753,1967119892788416541,1967119892788416524,2025-09-13 13:55:04,2025-10-14 13:55:04,56,v2.3
1967119897427316754,1967119892788416541,1967119892788416525,2025-09-13 13:55:04,2025-09-21 13:55:04,53,v2.3
1967119897427316755,1967119892788416541,1967119892788416525,2025-09-13 13:55:04,2025-09-28 13:55:04,66,v2.3
1967119897427316756,1967119892788416541,1967119892788416525,2025-09-13 13:55:04,2025-10-14 13:55:04,42,v2.3
1967119897427316757,1967119892788416541,1967119892788416526,2025-09-13 13:55:04,2025-09-21 13:55:04,70,v2.3
1967119897427316758,1967119892788416541,1967119892788416526,2025-09-13 13:55:04,2025-09-28 13:55:04,56,v2.4
1967119897427316759,1967119892788416541,1967119892788416526,2025-09-13 13:55:04,2025-10-14 13:55:04,47,v2.1
1967119897427316760,1967119892788416541,1967119892788416527,2025-09-13 13:55:04,2025-09-21 13:55:04,20,v2.4
1967119897427316761,1967119892788416541,1967119892788416527,2025-09-13 13:55:04,2025-09-28 13:55:04,22,v2.5
1967119897427316762,1967119892788416541,1967119892788416527,2025-09-13 13:55:04,2025-10-14 13:55:04,6,v2.3
1967119897427316763,1967119892788416541,1967119892788416528,2025-09-13 13:55:04,2025-09-21 13:55:04,35,v2.4
1967119897427316764,1967119892788416541,1967119892788416528,2025-09-13 13:55:04,2025-09-28 13:55:04,48,v2.2
1967119897427316765,1967119892788416541,1967119892788416528,2025-09-13 13:55:04,2025-10-14 13:55:04,17,v2.2
1967119897427316766,1967119892788416541,1967119892788416529,2025-09-13 13:55:04,2025-09-21 13:55:04,55,v2.2
1967119897427316767,1967119892788416541,1967119892788416529,2025-09-13 13:55:04,2025-09-28 13:55:04,52,v2.3
1967119897427316768,1967119892788416541,1967119892788416529,2025-09-13 13:55:04,2025-10-14 13:55:04,57,v2.4
1967119897427316769,1967119892788416546,1967119892788416522,2025-09-13 13:55:04,2025-09-21 13:55:04,67,v2.4
1967119897427316770,1967119892788416546,1967119892788416522,2025-09-13 13:55:04,2025-09-28 13:55:04,31,v2.5
1967119897427316771,1967119892788416546,1967119892788416522,2025-09-13 13:55:04,2025-10-14 13:55:04,57,v2.2
1967119897427316772,1967119892788416546,1967119892788416523,2025-09-13 13:55:04,2025-09-21 13:55:04,39,v2.4
1967119897427316773,1967119892788416546,1967119892788416523,2025-09-13 13:55:04,2025-09-28 13:55:04,55,v2.2
1967119897427316774,1967119892788416546,1967119892788416523,2025-09-13 13:55:04,2025-10-14 13:55:04,28,v2.3
1967119897427316775,1967119892788416546,1967119892788416524,2025-09-13 13:55:04,2025-09-21 13:55:04,49,v2.2
1967119897427316776,1967119892788416546,1967119892788416524,2025-09-13 13:55:04,2025-09-28 13:55:04,28,v2.2
1967119897427316777,1967119892788416546,1967119892788416524,2025-09-13 13:55:04,2025-10-14 13:55:04,42,v2.4
1967119897427316778,1967119892788416546,1967119892788416525,2025-09-13 13:55:04,2025-09-21 13:55:04,24,v2.1
1967119897427316779,1967119892788416546,1967119892788416525,2025-09-13 13:55:04,2025-09-28 13:55:04,7,v2.5
1967119897427316780,1967119892788416546,1967119892788416525,2025-09-13 13:55:04,2025-10-14 13:55:04,51,v2.4
1967119897427316781,1967119892788416546,1967119892788416526,2025-09-13 13:55:04,2025-09-21 13:55:04,32,v2.2
1967119897427316782,1967119892788416546,1967119892788416526,2025-09-13 13:55:04,2025-09-28 13:55:04,18,v2.3
1967119897427316783,1967119892788416546,1967119892788416526,2025-09-13 13:55:04,2025-10-14 13:55:04,60,v2.5
1967119897427316784,1967119892788416546,1967119892788416527,2025-09-13 13:55:04,2025-09-21 13:55:04,41,v2.1
1967119897427316785,1967119892788416546,1967119892788416527,2025-09-13 13:55:04,2025-09-28 13:55:04,22,v2.2
1967119897427316786,1967119892788416546,1967119892788416527,2025-09-13 13:55:04,2025-10-14 13:55:04,24,v2.4
1967119897427316787,1967119892788416546,1967119892788416528,2025-09-13 13:55:04,2025-09-21 13:55:04,42,v2.1
1967119897427316788,1967119892788416546,1967119892788416528,2025-09-13 13:55:04,2025-09-28 13:55:04,31,v2.3
1967119897427316789,1967119892788416546,1967119892788416528,2025-09-13 13:55:04,2025-10-14 13:55:04,3,v2.1
1967119897427316790,1967119892788416546,1967119892788416529,2025-09-13 13:55:04,2025-09-21 13:55:04,41,v2.3
1967119897427316791,1967119892788416546,1967119892788416529,2025-09-13 13:55:04,2025-09-28 13:55:04,8,v2.1
1967119897427316792,1967119892788416546,1967119892788416529,2025-09-13 13:55:04,2025-10-14 13:55:04,4,v2.5
1967119897427316793,1967119892788416544,1967119892788416522,2025-09-13 13:55:04,2025-09-21 13:55:04,31,v2.2
1967119897427316794,1967119892788416544,1967119892788416522,2025-09-13 13:55:04,2025-09-28 13:55:04,20,v2.1
1967119897427316795,1967119892788416544,1967119892788416522,2025-09-13 13:55:04,2025-10-14 13:55:04,53,v2.5
1967119897427316796,1967119892788416544,1967119892788416523,2025-09-13 13:55:04,2025-09-21 13:55:04,34,v2.5
1967119897427316797,1967119892788416544,1967119892788416523,2025-09-13 13:55:04,2025-09-28 13:55:04,41,v2.3
1967119897427316798,1967119892788416544,1967119892788416523,2025-09-13 13:55:04,2025-10-14 13:55:04,28,v2.1
1967119897427316799,1967119892788416544,1967119892788416524,2025-09-13 13:55:04,2025-09-21 13:55:04,19,v2.4
1967119897427316800,1967119892788416544,1967119892788416524,2025-09-13 13:55:04,2025-09-28 13:55:04,60,v2.4
1967119897427316801,1967119892788416544,1967119892788416524,2025-09-13 13:55:04,2025-10-14 13:55:04,28,v2.2
1967119897427316802,1967119892788416544,1967119892788416525,2025-09-13 13:55:04,2025-09-21 13:55:04,10,v2.1
1967119897427316803,1967119892788416544,1967119892788416525,2025-09-13 13:55:04,2025-09-28 13:55:04,9,v2.3
1967119897427316804,1967119892788416544,1967119892788416525,2025-09-13 13:55:04,2025-10-14 13:55:04,37,v2.1
1967119897427316805,1967119892788416544,1967119892788416526,2025-09-13 13:55:04,2025-09-21 13:55:04,48,v2.3
1967119897427316806,1967119892788416544,1967119892788416526,2025-09-13 13:55:04,2025-09-28 13:55:04,7,v2.3
1967119897427316807,1967119892788416544,1967119892788416526,2025-09-13 13:55:04,2025-10-14 13:55:04,29,v2.1
1967119897427316808,1967119892788416544,1967119892788416527,2025-09-13 13:55:04,2025-09-21 13:55:04,52,v2.5
1967119897427316809,1967119892788416544,1967119892788416527,2025-09-13 13:55:04,2025-09-28 13:55:04,64,v2.2
1967119897427316810,1967119892788416544,1967119892788416527,2025-09-13 13:55:04,2025-10-14 13:55:04,24,v2.4
1967119897427316811,1967119892788416544,1967119892788416528,2025-09-13 13:55:04,2025-09-21 13:55:04,17,v2.2
1967119897427316812,1967119892788416544,1967119892788416528,2025-09-13 13:55:04,2025-09-28 13:55:04,17,v2.1
1967119897427316813,1967119892788416544,1967119892788416528,2025-09-13 13:55:04,2025-10-14 13:55:04,8,v2.2
1967119897427316814,1967119892788416544,1967119892788416529,2025-09-13 13:55:04,2025-09-21 13:55:04,9,v2.1
1967119897427316815,1967119892788416544,1967119892788416529,2025-09-13 13:55:04,2025-09-28 13:55:04,41,v2.3
1967119897427316816,1967119892788416544,1967119892788416529,2025-09-13 13:55:04,2025-10-14 13:55:04,43,v2.2
1967119897427316817,1967119892788416542,1967119892788416522,2025-09-13 13:55:04,2025-09-21 13:55:04,42,v2.1
1967119897427316818,1967119892788416542,1967119892788416522,2025-09-13 13:55:04,2025-09-28 13:55:04,33,v2.4
1967119897431511040,1967119892788416542,1967119892788416522,2025-09-13 13:55:04,2025-10-14 13:55:04,14,v2.5
1967119897431511041,1967119892788416542,1967119892788416523,2025-09-13 13:55:04,2025-09-21 13:55:04,21,v2.2
1967119897431511042,1967119892788416542,1967119892788416523,2025-09-13 13:55:04,2025-09-28 13:55:04,31,v2.5
1967119897431511043,1967119892788416542,1967119892788416523,2025-09-13 13:55:04,2025-10-14 13:55:04,54,v2.5
1967119897431511044,1967119892788416542,1967119892788416524,2025-09-13 13:55:04,2025-09-21 13:55:04,62,v2.1
1967119897431511045,1967119892788416542,1967119892788416524,2025-09-13 13:55:04,2025-09-28 13:55:04,56,v2.2
1967119897431511046,1967119892788416542,1967119892788416524,2025-09-13 13:55:04,2025-10-14 13:55:04,16,v2.5
1967119897431511047,1967119892788416542,1967119892788416525,2025-09-13 13:55:04,2025-09-21 13:55:04,9,v2.4
1967119897431511048,1967119892788416542,1967119892788416525,2025-09-13 13:55:04,2025-09-28 13:55:04,34,v2.4
1967119897431511049,1967119892788416542,1967119892788416525,2025-09-13 13:55:04,2025-10-14 13:55:04,41,v2.1
1967119897431511050,1967119892788416542,1967119892788416526,2025-09-13 13:55:04,2025-09-21 13:55:04,54,v2.4
1967119897431511051,1967119892788416542,1967119892788416526,2025-09-13 13:55:04,2025-09-28 13:55:04,40,v2.3
1967119897431511052,1967119892788416542,1967119892788416526,2025-09-13 13:55:04,2025-10-14 13:55:04,54,v2.3
1967119897431511053,1967119892788416542,1967119892788416527,2025-09-13 13:55:04,2025-09-21 13:55:04,62,v2.5
1967119897431511054,1967119892788416542,1967119892788416527,2025-09-13 13:55:04,2025-09-28 13:55:04,27,v2.4
1967119897431511055,1967119892788416542,1967119892788416527,2025-09-13 13:55:04,2025-10-14 13:55:04,17,v2.2
1967119897431511056,1967119892788416542,1967119892788416528,2025-09-13 13:55:04,2025-09-21 13:55:04,52,v2.5
1967119897431511057,1967119892788416542,1967119892788416528,2025-09-13 13:55:04,2025-09-28 13:55:04,53,v2.1
1967119897431511058,1967119892788416542,1967119892788416528,2025-09-13 13:55:04,2025-10-14 13:55:04,22,v2.3
1967119897431511059,1967119892788416542,1967119892788416529,2025-09-13 13:55:04,2025-09-21 13:55:04,23,v2.3
1967119897431511060,1967119892788416542,1967119892788416529,2025-09-13 13:55:04,2025-09-28 13:55:04,12,v2.3
1967119897431511061,1967119892788416542,1967119892788416529,2025-09-13 13:55:04,2025-10-14 13:55:04,22,v2.4
1967119897431511062,1967119892788416543,1967119892788416522,2025-09-13 13:55:04,2025-09-21 13:55:04,46,v2.1
1967119897431511063,1967119892788416543,1967119892788416522,2025-09-13 13:55:04,2025-09-28 13:55:04,49,v2.4
1967119897431511064,1967119892788416543,1967119892788416522,2025-09-13 13:55:04,2025-10-14 13:55:04,26,v2.5
1967119897431511065,1967119892788416543,1967119892788416523,2025-09-13 13:55:04,2025-09-21 13:55:04,21,v2.3
1967119897431511066,1967119892788416543,1967119892788416523,2025-09-13 13:55:04,2025-09-28 13:55:04,44,v2.4
1967119897431511067,1967119892788416543,1967119892788416523,2025-09-13 13:55:04,2025-10-14 13:55:04,47,v2.1
1967119897431511068,1967119892788416543,1967119892788416524,2025-09-13 13:55:04,2025-09-21 13:55:04,31,v2.2
1967119897431511069,1967119892788416543,1967119892788416524,2025-09-13 13:55:04,2025-09-28 13:55:04,25,v2.1
1967119897431511070,1967119892788416543,1967119892788416524,2025-09-13 13:55:04,2025-10-14 13:55:04,19,v2.3
1967119897431511071,1967119892788416543,1967119892788416525,2025-09-13 13:55:04,2025-09-21 13:55:04,26,v2.4
1967119897431511072,1967119892788416543,1967119892788416525,2025-09-13 13:55:04,2025-09-28 13:55:04,67,v2.5
1967119897431511073,1967119892788416543,1967119892788416525,2025-09-13 13:55:04,2025-10-14 13:55:04,30,v2.5
1967119897431511074,1967119892788416543,1967119892788416526,2025-09-13 13:55:04,2025-09-21 13:55:04,14,v2.4
1967119897431511075,1967119892788416543,1967119892788416526,2025-09-13 13:55:04,2025-09-28 13:55:04,23,v2.3
1967119897431511076,1967119892788416543,1967119892788416526,2025-09-13 13:55:04,2025-10-14 13:55:04,47,v2.5
1967119897431511077,1967119892788416543,1967119892788416527,2025-09-13 13:55:04,2025-09-21 13:55:04,25,v2.5
1967119897431511078,1967119892788416543,1967119892788416527,2025-09-13 13:55:04,2025-09-28 13:55:04,52,v2.4
1967119897431511079,1967119892788416543,1967119892788416527,2025-09-13 13:55:04,2025-10-14 13:55:04,22,v2.2
1967119897431511080,1967119892788416543,1967119892788416528,2025-09-13 13:55:04,2025-09-21 13:55:04,34,v2.1
1967119897431511081,1967119892788416543,1967119892788416528,2025-09-13 13:55:04,2025-09-28 13:55:04,48,v2.3
1967119897431511082,1967119892788416543,1967119892788416528,2025-09-13 13:55:04,2025-10-14 13:55:04,20,v2.1
1967119897431511083,1967119892788416543,1967119892788416529,2025-09-13 13:55:04,2025-09-21 13:55:04,27,v2.1
1967119897431511084,1967119892788416543,1967119892788416529,2025-09-13 13:55:04,2025-09-28 13:55:04,40,v2.5
1967119897431511085,1967119892788416543,1967119892788416529,2025-09-13 13:55:04,2025-10-14 13:55:04,28,v2.2
1967119897431511086,1967119892788416584,1967119892788416522,2025-09-13 13:55:04,2025-09-21 13:55:04,24,v2.3
1967119897431511087,1967119892788416584,1967119892788416522,2025-09-13 13:55:04,2025-09-28 13:55:04,35,v2.3
1967119897431511088,1967119892788416584,1967119892788416522,2025-09-13 13:55:04,2025-10-14 13:55:04,6,v2.4
1967119897431511089,1967119892788416584,1967119892788416523,2025-09-13 13:55:04,2025-09-21 13:55:04,9,v2.1
1967119897431511090,1967119892788416584,1967119892788416523,2025-09-13 13:55:04,2025-09-28 13:55:04,11,v2.4
1967119897431511091,1967119892788416584,1967119892788416523,2025-09-13 13:55:04,2025-10-14 13:55:04,18,v2.1
1967119897431511092,1967119892788416584,1967119892788416524,2025-09-13 13:55:04,2025-09-21 13:55:04,29,v2.3
1967119897431511093,1967119892788416584,1967119892788416524,2025-09-13 13:55:04,2025-09-28 13:55:04,18,v2.5
1967119897431511094,1967119892788416584,1967119892788416524,2025-09-13 13:55:04,2025-10-14 13:55:04,24,v2.1
1967119897431511095,1967119892788416584,1967119892788416525,2025-09-13 13:55:04,2025-09-21 13:55:04,20,v2.3
1967119897431511096,1967119892788416584,1967119892788416525,2025-09-13 13:55:04,2025-09-28 13:55:04,12,v2.1
1967119897431511097,1967119892788416584,1967119892788416525,2025-09-13 13:55:04,2025-10-14 13:55:04,28,v2.4
1967119897431511098,1967119892788416584,1967119892788416526,2025-09-13 13:55:04,2025-09-21 13:55:04,1,v2.2
1967119897431511099,1967119892788416584,1967119892788416526,2025-09-13 13:55:04,2025-09-28 13:55:04,27,v2.5
1967119897431511100,1967119892788416584,1967119892788416526,2025-09-13 13:55:04,2025-10-14 13:55:04,16,v2.3
1967119897431511101,1967119892788416584,1967119892788416527,2025-09-13 13:55:04,2025-09-21 13:55:04,40,v2.5
1967119897431511102,1967119892788416584,1967119892788416527,2025-09-13 13:55:04,2025-09-28 13:55:04,17,v2.5
1967119897431511103,1967119892788416584,1967119892788416527,2025-09-13 13:55:04,2025-10-14 13:55:04,19,v2.2
1967119897431511104,1967119892788416584,1967119892788416528,2025-09-13 13:55:04,2025-09-21 13:55:04,13,v2.4
1967119897431511105,1967119892788416584,1967119892788416528,2025-09-13 13:55:04,2025-09-28 13:55:04,11,v2.3
1967119897431511106,1967119892788416584,1967119892788416528,2025-09-13 13:55:04,2025-10-14 13:55:04,7,v2.4
1967119897431511107,1967119892788416584,1967119892788416529,2025-09-13 13:55:04,2025-09-21 13:55:04,13,v2.3
1967119897431511108,1967119892788416584,1967119892788416529,2025-09-13 13:55:04,2025-09-28 13:55:04,10,v2.3
1967119897431511109,1967119892788416584,1967119892788416529,2025-09-13 13:55:04,2025-10-14 13:55:04,37,v2.5
1967119897431511110,1967119892788416567,1967119892788416522,2025-09-13 13:55:04,2025-09-21 13:55:04,50,v2.5
1967119897431511111,1967119892788416567,1967119892788416522,2025-09-13 13:55:04,2025-09-28 13:55:04,26,v2.4
1967119897431511112,1967119892788416567,1967119892788416522,2025-09-13 13:55:04,2025-10-14 13:55:04,40,v2.5
1967119897431511113,1967119892788416567,1967119892788416523,2025-09-13 13:55:04,2025-09-21 13:55:04,79,v2.4
1967119897431511114,1967119892788416567,1967119892788416523,2025-09-13 13:55:04,2025-09-28 13:55:04,52,v2.2
1967119897431511115,1967119892788416567,1967119892788416523,2025-09-13 13:55:04,2025-10-14 13:55:04,12,v2.4
1967119897431511116,1967119892788416567,1967119892788416524,2025-09-13 13:55:04,2025-09-21 13:55:04,35,v2.5
1967119897431511117,1967119892788416567,1967119892788416524,2025-09-13 13:55:04,2025-09-28 13:55:04,38,v2.2
1967119897431511118,1967119892788416567,1967119892788416524,2025-09-13 13:55:04,2025-10-14 13:55:04,54,v2.3
1967119897431511119,1967119892788416567,1967119892788416525,2025-09-13 13:55:04,2025-09-21 13:55:04,48,v2.4
1967119897431511120,1967119892788416567,1967119892788416525,2025-09-13 13:55:04,2025-09-28 13:55:04,50,v2.2
1967119897431511121,1967119892788416567,1967119892788416525,2025-09-13 13:55:04,2025-10-14 13:55:04,62,v2.4
1967119897431511122,1967119892788416567,1967119892788416526,2025-09-13 13:55:04,2025-09-21 13:55:04,33,v2.1
1967119897431511123,1967119892788416567,1967119892788416526,2025-09-13 13:55:04,2025-09-28 13:55:04,50,v2.1
1967119897431511124,1967119892788416567,1967119892788416526,2025-09-13 13:55:04,2025-10-14 13:55:04,12,v2.1
1967119897431511125,1967119892788416567,1967119892788416527,2025-09-13 13:55:04,2025-09-21 13:55:04,66,v2.4
1967119897431511126,1967119892788416567,1967119892788416527,2025-09-13 13:55:04,2025-09-28 13:55:04,25,v2.5
1967119897431511127,1967119892788416567,1967119892788416527,2025-09-13 13:55:04,2025-10-14 13:55:04,49,v2.2
1967119897431511128,1967119892788416567,1967119892788416528,2025-09-13 13:55:04,2025-09-21 13:55:04,50,v2.1
1967119897431511129,1967119892788416567,1967119892788416528,2025-09-13 13:55:04,2025-09-28 13:55:04,58,v2.2
1967119897431511130,1967119892788416567,1967119892788416528,2025-09-13 13:55:04,2025-10-14 13:55:04,39,v2.3
1967119897435705344,1967119892788416567,1967119892788416529,2025-09-13 13:55:04,2025-09-21 13:55:04,49,v2.2
1967119897435705345,1967119892788416567,1967119892788416529,2025-09-13 13:55:04,2025-09-28 13:55:04,54,v2.1
1967119897435705346,1967119892788416567,1967119892788416529,2025-09-13 13:55:04,2025-10-14 13:55:04,33,v2.3
1967119897435705347,1967119892788416586,1967119892788416522,2025-09-13 13:55:04,2025-09-21 13:55:04,27,v2.5
1967119897435705348,1967119892788416586,1967119892788416522,2025-09-13 13:55:04,2025-09-28 13:55:04,27,v2.3
1967119897435705349,1967119892788416586,1967119892788416522,2025-09-13 13:55:04,2025-10-14 13:55:04,15,v2.3
1967119897435705350,1967119892788416586,1967119892788416523,2025-09-13 13:55:04,2025-09-21 13:55:04,1,v2.2
1967119897435705351,1967119892788416586,1967119892788416523,2025-09-13 13:55:04,2025-09-28 13:55:04,42,v2.2
1967119897435705352,1967119892788416586,1967119892788416523,2025-09-13 13:55:04,2025-10-14 13:55:04,5,v2.3
1967119897435705353,1967119892788416586,1967119892788416524,2025-09-13 13:55:04,2025-09-21 13:55:04,0,v2.4
1967119897435705354,1967119892788416586,1967119892788416524,2025-09-13 13:55:04,2025-09-28 13:55:04,25,v2.1
1967119897435705355,1967119892788416586,1967119892788416524,2025-09-13 13:55:04,2025-10-14 13:55:04,15,v2.3
1967119897435705356,1967119892788416586,1967119892788416525,2025-09-13 13:55:04,2025-09-21 13:55:04,36,v2.4
1967119897435705357,1967119892788416586,1967119892788416525,2025-09-13 13:55:04,2025-09-28 13:55:04,23,v2.2
1967119897435705358,1967119892788416586,1967119892788416525,2025-09-13 13:55:04,2025-10-14 13:55:04,23,v2.4
1967119897435705359,1967119892788416586,1967119892788416526,2025-09-13 13:55:04,2025-09-21 13:55:04,25,v2.4
1967119897435705360,1967119892788416586,1967119892788416526,2025-09-13 13:55:04,2025-09-28 13:55:04,9,v2.2
1967119897435705361,1967119892788416586,1967119892788416526,2025-09-13 13:55:04,2025-10-14 13:55:04,27,v2.5
1967119897435705362,1967119892788416586,1967119892788416527,2025-09-13 13:55:04,2025-09-21 13:55:04,16,v2.4
1967119897435705363,1967119892788416586,1967119892788416527,2025-09-13 13:55:04,2025-09-28 13:55:04,16,v2.5
1967119897435705364,1967119892788416586,1967119892788416527,2025-09-13 13:55:04,2025-10-14 13:55:04,10,v2.4
1967119897435705365,1967119892788416586,1967119892788416528,2025-09-13 13:55:04,2025-09-21 13:55:04,5,v2.2
1967119897435705366,1967119892788416586,1967119892788416528,2025-09-13 13:55:04,2025-09-28 13:55:04,32,v2.2
1967119897435705367,1967119892788416586,1967119892788416528,2025-09-13 13:55:04,2025-10-14 13:55:04,11,v2.5
1967119897435705368,1967119892788416586,1967119892788416529,2025-09-13 13:55:04,2025-09-21 13:55:04,10,v2.4
1967119897435705369,1967119892788416586,1967119892788416529,2025-09-13 13:55:04,2025-09-28 13:55:04,14,v2.1
1967119897435705370,1967119892788416586,1967119892788416529,2025-09-13 13:55:04,2025-10-14 13:55:04,27,v2.2
1967119897435705371,1967119892788416555,1967119892788416522,2025-09-13 13:55:04,2025-09-21 13:55:04,78,v2.4
1967119897435705372,1967119892788416555,1967119892788416522,2025-09-13 13:55:04,2025-09-28 13:55:04,24,v2.1
1967119897435705373,1967119892788416555,1967119892788416522,2025-09-13 13:55:04,2025-10-14 13:55:04,54,v2.1
1967119897435705374,1967119892788416555,1967119892788416523,2025-09-13 13:55:04,2025-09-21 13:55:04,36,v2.4
1967119897435705375,1967119892788416555,1967119892788416523,2025-09-13 13:55:04,2025-09-28 13:55:04,85,v2.4
1967119897435705376,1967119892788416555,1967119892788416523,2025-09-13 13:55:04,2025-10-14 13:55:04,33,v2.4
1967119897435705377,1967119892788416555,1967119892788416524,2025-09-13 13:55:04,2025-09-21 13:55:04,91,v2.3
1967119897435705378,1967119892788416555,1967119892788416524,2025-09-13 13:55:04,2025-09-28 13:55:04,71,v2.3
1967119897435705379,1967119892788416555,1967119892788416524,2025-09-13 13:55:04,2025-10-14 13:55:04,79,v2.2
1967119897435705380,1967119892788416555,1967119892788416525,2025-09-13 13:55:04,2025-09-21 13:55:04,122,v2.5
1967119897435705381,1967119892788416555,1967119892788416525,2025-09-13 13:55:04,2025-09-28 13:55:04,41,v2.3
1967119897435705382,1967119892788416555,1967119892788416525,2025-09-13 13:55:04,2025-10-14 13:55:04,12,v2.2
1967119897435705383,1967119892788416555,1967119892788416526,2025-09-13 13:55:04,2025-09-21 13:55:04,62,v2.1
1967119897435705384,1967119892788416555,1967119892788416526,2025-09-13 13:55:04,2025-09-28 13:55:04,112,v2.5
1967119897435705385,1967119892788416555,1967119892788416526,2025-09-13 13:55:04,2025-10-14 13:55:04,34,v2.2
1967119897435705386,1967119892788416555,1967119892788416527,2025-09-13 13:55:04,2025-09-21 13:55:04,51,v2.4
1967119897435705387,1967119892788416555,1967119892788416527,2025-09-13 13:55:04,2025-09-28 13:55:04,96,v2.3
1967119897435705388,1967119892788416555,1967119892788416527,2025-09-13 13:55:04,2025-10-14 13:55:04,78,v2.3
1967119897435705389,1967119892788416555,1967119892788416528,2025-09-13 13:55:04,2025-09-21 13:55:04,64,v2.4
1967119897435705390,1967119892788416555,1967119892788416528,2025-09-13 13:55:04,2025-09-28 13:55:04,101,v2.1
1967119897435705391,1967119892788416555,1967119892788416528,2025-09-13 13:55:04,2025-10-14 13:55:04,90,v2.2
1967119897435705392,1967119892788416555,1967119892788416529,2025-09-13 13:55:04,2025-09-21 13:55:04,100,v2.5
1967119897435705393,1967119892788416555,1967119892788416529,2025-09-13 13:55:04,2025-09-28 13:55:04,103,v2.3
1967119897435705394,1967119892788416555,1967119892788416529,2025-09-13 13:55:04,2025-10-14 13:55:04,27,v2.1
1967119897435705395,1967119892788416563,1967119892788416522,2025-09-13 13:55:04,2025-09-21 13:55:04,34,v2.1
1967119897435705396,1967119892788416563,1967119892788416522,2025-09-13 13:55:04,2025-09-28 13:55:04,35,v2.2
1967119897435705397,1967119892788416563,1967119892788416522,2025-09-13 13:55:04,2025-10-14 13:55:04,30,v2.4
1967119897435705398,1967119892788416563,1967119892788416523,2025-09-13 13:55:04,2025-09-21 13:55:04,53,v2.5
1967119897435705399,1967119892788416563,1967119892788416523,2025-09-13 13:55:04,2025-09-28 13:55:04,27,v2.2
1967119897435705400,1967119892788416563,1967119892788416523,2025-09-13 13:55:04,2025-10-14 13:55:04,12,v2.2
1967119897435705401,1967119892788416563,1967119892788416524,2025-09-13 13:55:04,2025-09-21 13:55:04,74,v2.2
1967119897435705402,1967119892788416563,1967119892788416524,2025-09-13 13:55:04,2025-09-28 13:55:04,28,v2.1
1967119897435705403,1967119892788416563,1967119892788416524,2025-09-13 13:55:04,2025-10-14 13:55:04,14,v2.5
1967119897435705404,1967119892788416563,1967119892788416525,2025-09-13 13:55:04,2025-09-21 13:55:04,58,v2.2
1967119897435705405,1967119892788416563,1967119892788416525,2025-09-13 13:55:04,2025-09-28 13:55:04,36,v2.4
1967119897435705406,1967119892788416563,1967119892788416525,2025-09-13 13:55:04,2025-10-14 13:55:04,37,v2.3
1967119897435705407,1967119892788416563,1967119892788416526,2025-09-13 13:55:04,2025-09-21 13:55:04,41,v2.4
1967119897435705408,1967119892788416563,1967119892788416526,2025-09-13 13:55:04,2025-09-28 13:55:04,32,v2.3
1967119897435705409,1967119892788416563,1967119892788416526,2025-09-13 13:55:04,2025-10-14 13:55:04,42,v2.5
1967119897435705410,1967119892788416563,1967119892788416527,2025-09-13 13:55:04,2025-09-21 13:55:04,34,v2.2
1967119897435705411,1967119892788416563,1967119892788416527,2025-09-13 13:55:04,2025-09-28 13:55:04,57,v2.4
1967119897435705412,1967119892788416563,1967119892788416527,2025-09-13 13:55:04,2025-10-14 13:55:04,30,v2.4
1967119897435705413,1967119892788416563,1967119892788416528,2025-09-13 13:55:04,2025-09-21 13:55:04,14,v2.4
1967119897435705414,1967119892788416563,1967119892788416528,2025-09-13 13:55:04,2025-09-28 13:55:04,19,v2.2
1967119897435705415,1967119892788416563,1967119892788416528,2025-09-13 13:55:04,2025-10-14 13:55:04,42,v2.1
1967119897435705416,1967119892788416563,1967119892788416529,2025-09-13 13:55:04,2025-09-21 13:55:04,43,v2.3
1967119897435705417,1967119892788416563,1967119892788416529,2025-09-13 13:55:04,2025-09-28 13:55:04,67,v2.1
1967119897435705418,1967119892788416563,1967119892788416529,2025-09-13 13:55:04,2025-10-14 13:55:04,34,v2.1
1967119897435705419,1967119892788416572,1967119892788416522,2025-09-13 13:55:04,2025-09-21 13:55:04,25,v2.5
1967119897435705420,1967119892788416572,1967119892788416522,2025-09-13 13:55:04,2025-09-28 13:55:04,43,v2.5
1967119897435705421,1967119892788416572,1967119892788416522,2025-09-13 13:55:04,2025-10-14 13:55:04,0,v2.4
1967119897435705422,1967119892788416572,1967119892788416523,2025-09-13 13:55:04,2025-09-21 13:55:04,18,v2.5
1967119897435705423,1967119892788416572,1967119892788416523,2025-09-13 13:55:04,2025-09-28 13:55:04,7,v2.3
1967119897435705424,1967119892788416572,1967119892788416523,2025-09-13 13:55:04,2025-10-14 13:55:04,24,v2.3
1967119897435705425,1967119892788416572,1967119892788416524,2025-09-13 13:55:04,2025-09-21 13:55:04,32,v2.1
1967119897435705426,1967119892788416572,1967119892788416524,2025-09-13 13:55:04,2025-09-28 13:55:04,24,v2.4
1967119897435705427,1967119892788416572,1967119892788416524,2025-09-13 13:55:04,2025-10-14 13:55:04,12,v2.1
1967119897435705428,1967119892788416572,1967119892788416525,2025-09-13 13:55:04,2025-09-21 13:55:04,11,v2.2
1967119897435705429,1967119892788416572,1967119892788416525,2025-09-13 13:55:04,2025-09-28 13:55:04,18,v2.4
1967119897435705430,1967119892788416572,1967119892788416525,2025-09-13 13:55:04,2025-10-14 13:55:04,8,v2.2
1967119897435705431,1967119892788416572,1967119892788416526,2025-09-13 13:55:04,2025-09-21 13:55:04,11,v2.2
1967119897435705432,1967119892788416572,1967119892788416526,2025-09-13 13:55:04,2025-09-28 13:55:04,36,v2.4
1967119897435705433,1967119892788416572,1967119892788416526,2025-09-13 13:55:04,2025-10-14 13:55:04,27,v2.2
1967119897435705434,1967119892788416572,1967119892788416527,2025-09-13 13:55:04,2025-09-21 13:55:04,29,v2.3
1967119897435705435,1967119892788416572,1967119892788416527,2025-09-13 13:55:04,2025-09-28 13:55:04,21,v2.1
1967119897435705436,1967119892788416572,1967119892788416527,2025-09-13 13:55:04,2025-10-14 13:55:04,14,v2.1
1967119897439899648,1967119892788416572,1967119892788416528,2025-09-13 13:55:04,2025-09-21 13:55:04,41,v2.5
1967119897439899649,1967119892788416572,1967119892788416528,2025-09-13 13:55:04,2025-09-28 13:55:04,18,v2.1
1967119897439899650,1967119892788416572,1967119892788416528,2025-09-13 13:55:04,2025-10-14 13:55:04,12,v2.3
1967119897439899651,1967119892788416572,1967119892788416529,2025-09-13 13:55:04,2025-09-21 13:55:04,32,v2.3
1967119897439899652,1967119892788416572,1967119892788416529,2025-09-13 13:55:04,2025-09-28 13:55:04,44,v2.4
1967119897439899653,1967119892788416572,1967119892788416529,2025-09-13 13:55:04,2025-10-14 13:55:04,26,v2.5
1967119897439899654,1967119892788416557,1967119892788416522,2025-09-13 13:55:04,2025-09-21 13:55:04,96,v2.3
1967119897439899655,1967119892788416557,1967119892788416522,2025-09-13 13:55:04,2025-09-28 13:55:04,96,v2.1
1967119897439899656,1967119892788416557,1967119892788416522,2025-09-13 13:55:04,2025-10-14 13:55:04,79,v2.3
1967119897439899657,1967119892788416557,1967119892788416523,2025-09-13 13:55:04,2025-09-21 13:55:04,68,v2.4
1967119897439899658,1967119892788416557,1967119892788416523,2025-09-13 13:55:04,2025-09-28 13:55:04,99,v2.5
1967119897439899659,1967119892788416557,1967119892788416523,2025-09-13 13:55:04,2025-10-14 13:55:04,79,v2.5
1967119897439899660,1967119892788416557,1967119892788416524,2025-09-13 13:55:04,2025-09-21 13:55:04,65,v2.1
1967119897439899661,1967119892788416557,1967119892788416524,2025-09-13 13:55:04,2025-09-28 13:55:04,80,v2.5
1967119897439899662,1967119892788416557,1967119892788416524,2025-09-13 13:55:04,2025-10-14 13:55:04,92,v2.2
1967119897439899663,1967119892788416557,1967119892788416525,2025-09-13 13:55:04,2025-09-21 13:55:04,86,v2.1
1967119897439899664,1967119892788416557,1967119892788416525,2025-09-13 13:55:04,2025-09-28 13:55:04,44,v2.3
1967119897439899665,1967119892788416557,1967119892788416525,2025-09-13 13:55:04,2025-10-14 13:55:04,96,v2.4
1967119897439899666,1967119892788416557,1967119892788416526,2025-09-13 13:55:04,2025-09-21 13:55:04,73,v2.5
1967119897439899667,1967119892788416557,1967119892788416526,2025-09-13 13:55:04,2025-09-28 13:55:04,62,v2.4
1967119897439899668,1967119892788416557,1967119892788416526,2025-09-13 13:55:04,2025-10-14 13:55:04,42,v2.1
1967119897439899669,1967119892788416557,1967119892788416527,2025-09-13 13:55:04,2025-09-21 13:55:04,73,v2.3
1967119897439899670,1967119892788416557,1967119892788416527,2025-09-13 13:55:04,2025-09-28 13:55:04,91,v2.4
1967119897439899671,1967119892788416557,1967119892788416527,2025-09-13 13:55:04,2025-10-14 13:55:04,97,v2.4
1967119897439899672,1967119892788416557,1967119892788416528,2025-09-13 13:55:04,2025-09-21 13:55:04,117,v2.2
1967119897439899673,1967119892788416557,1967119892788416528,2025-09-13 13:55:04,2025-09-28 13:55:04,73,v2.3
1967119897439899674,1967119892788416557,1967119892788416528,2025-09-13 13:55:04,2025-10-14 13:55:04,99,v2.4
1967119897439899675,1967119892788416557,1967119892788416529,2025-09-13 13:55:04,2025-09-21 13:55:04,78,v2.2
1967119897439899676,1967119892788416557,1967119892788416529,2025-09-13 13:55:04,2025-09-28 13:55:04,55,v2.2
1967119897439899677,1967119892788416557,1967119892788416529,2025-09-13 13:55:04,2025-10-14 13:55:04,68,v2.4
1967119897439899678,1967119892788416588,1967119892788416522,2025-09-13 13:55:04,2025-09-21 13:55:04,18,v2.4
1967119897439899679,1967119892788416588,1967119892788416522,2025-09-13 13:55:04,2025-09-28 13:55:04,43,v2.5
1967119897439899680,1967119892788416588,1967119892788416522,2025-09-13 13:55:04,2025-10-14 13:55:04,14,v2.1
1967119897439899681,1967119892788416588,1967119892788416523,2025-09-13 13:55:04,2025-09-21 13:55:04,5,v2.4
1967119897439899682,1967119892788416588,1967119892788416523,2025-09-13 13:55:04,2025-09-28 13:55:04,15,v2.5
1967119897439899683,1967119892788416588,1967119892788416523,2025-09-13 13:55:04,2025-10-14 13:55:04,36,v2.4
1967119897439899684,1967119892788416588,1967119892788416524,2025-09-13 13:55:04,2025-09-21 13:55:04,23,v2.2
1967119897439899685,1967119892788416588,1967119892788416524,2025-09-13 13:55:04,2025-09-28 13:55:04,28,v2.1
1967119897439899686,1967119892788416588,1967119892788416524,2025-09-13 13:55:04,2025-10-14 13:55:04,22,v2.1
1967119897439899687,1967119892788416588,1967119892788416525,2025-09-13 13:55:04,2025-09-21 13:55:04,4,v2.4
1967119897439899688,1967119892788416588,1967119892788416525,2025-09-13 13:55:04,2025-09-28 13:55:04,8,v2.3
1967119897439899689,1967119892788416588,1967119892788416525,2025-09-13 13:55:04,2025-10-14 13:55:04,19,v2.5
1967119897439899690,1967119892788416588,1967119892788416526,2025-09-13 13:55:04,2025-09-21 13:55:04,18,v2.3
1967119897439899691,1967119892788416588,1967119892788416526,2025-09-13 13:55:04,2025-09-28 13:55:04,0,v2.1
1967119897439899692,1967119892788416588,1967119892788416526,2025-09-13 13:55:04,2025-10-14 13:55:04,11,v2.1
1967119897439899693,1967119892788416588,1967119892788416527,2025-09-13 13:55:04,2025-09-21 13:55:04,28,v2.1
1967119897439899694,1967119892788416588,1967119892788416527,2025-09-13 13:55:04,2025-09-28 13:55:04,12,v2.4
1967119897439899695,1967119892788416588,1967119892788416527,2025-09-13 13:55:04,2025-10-14 13:55:04,4,v2.1
1967119897439899696,1967119892788416588,1967119892788416528,2025-09-13 13:55:04,2025-09-21 13:55:04,38,v2.4
1967119897439899697,1967119892788416588,1967119892788416528,2025-09-13 13:55:04,2025-09-28 13:55:04,14,v2.3
1967119897439899698,1967119892788416588,1967119892788416528,2025-09-13 13:55:04,2025-10-14 13:55:04,32,v2.5
1967119897439899699,1967119892788416588,1967119892788416529,2025-09-13 13:55:04,2025-09-21 13:55:04,25,v2.3
1967119897439899700,1967119892788416588,1967119892788416529,2025-09-13 13:55:04,2025-09-28 13:55:04,23,v2.5
1967119897439899701,1967119892788416588,1967119892788416529,2025-09-13 13:55:04,2025-10-14 13:55:04,21,v2.1
1967119897439899702,1967119892788416547,1967119892788416522,2025-09-13 13:55:04,2025-09-21 13:55:04,46,v2.4
1967119897439899703,1967119892788416547,1967119892788416522,2025-09-13 13:55:04,2025-09-28 13:55:04,65,v2.5
1967119897439899704,1967119892788416547,1967119892788416522,2025-09-13 13:55:04,2025-10-14 13:55:04,42,v2.3
1967119897439899705,1967119892788416547,1967119892788416523,2025-09-13 13:55:04,2025-09-21 13:55:04,51,v2.3
1967119897439899706,1967119892788416547,1967119892788416523,2025-09-13 13:55:04,2025-09-28 13:55:04,57,v2.3
1967119897439899707,1967119892788416547,1967119892788416523,2025-09-13 13:55:04,2025-10-14 13:55:04,37,v2.5
1967119897439899708,1967119892788416547,1967119892788416524,2025-09-13 13:55:04,2025-09-21 13:55:04,37,v2.2
1967119897439899709,1967119892788416547,1967119892788416524,2025-09-13 13:55:04,2025-09-28 13:55:04,61,v2.4
1967119897439899710,1967119892788416547,1967119892788416524,2025-09-13 13:55:04,2025-10-14 13:55:04,15,v2.2
1967119897439899711,1967119892788416547,1967119892788416525,2025-09-13 13:55:04,2025-09-21 13:55:04,53,v2.3
1967119897439899712,1967119892788416547,1967119892788416525,2025-09-13 13:55:04,2025-09-28 13:55:04,62,v2.3
1967119897439899713,1967119892788416547,1967119892788416525,2025-09-13 13:55:04,2025-10-14 13:55:04,18,v2.3
1967119897439899714,1967119892788416547,1967119892788416526,2025-09-13 13:55:04,2025-09-21 13:55:04,31,v2.1
1967119897439899715,1967119892788416547,1967119892788416526,2025-09-13 13:55:04,2025-09-28 13:55:04,53,v2.1
1967119897439899716,1967119892788416547,1967119892788416526,2025-09-13 13:55:04,2025-10-14 13:55:04,9,v2.1
1967119897439899717,1967119892788416547,1967119892788416527,2025-09-13 13:55:04,2025-09-21 13:55:04,28,v2.1
1967119897439899718,1967119892788416547,1967119892788416527,2025-09-13 13:55:04,2025-09-28 13:55:04,41,v2.5
1967119897439899719,1967119892788416547,1967119892788416527,2025-09-13 13:55:04,2025-10-14 13:55:04,31,v2.1
1967119897439899720,1967119892788416547,1967119892788416528,2025-09-13 13:55:04,2025-09-21 13:55:04,36,v2.5
1967119897439899721,1967119892788416547,1967119892788416528,2025-09-13 13:55:04,2025-09-28 13:55:04,28,v2.2
1967119897439899722,1967119892788416547,1967119892788416528,2025-09-13 13:55:04,2025-10-14 13:55:04,29,v2.5
1967119897439899723,1967119892788416547,1967119892788416529,2025-09-13 13:55:04,2025-09-21 13:55:04,18,v2.3
1967119897439899724,1967119892788416547,1967119892788416529,2025-09-13 13:55:04,2025-09-28 13:55:04,34,v2.4
1967119897439899725,1967119892788416547,1967119892788416529,2025-09-13 13:55:04,2025-10-14 13:55:04,49,v2.4
1967119897439899726,1967119892788416574,1967119892788416522,2025-09-13 13:55:04,2025-09-21 13:55:04,0,v2.3
1967119897439899727,1967119892788416574,1967119892788416522,2025-09-13 13:55:04,2025-09-28 13:55:04,22,v2.5
1967119897439899728,1967119892788416574,1967119892788416522,2025-09-13 13:55:04,2025-10-14 13:55:04,29,v2.4
1967119897439899729,1967119892788416574,1967119892788416523,2025-09-13 13:55:04,2025-09-21 13:55:04,2,v2.2
1967119897439899730,1967119892788416574,1967119892788416523,2025-09-13 13:55:04,2025-09-28 13:55:04,29,v2.2
1967119897439899731,1967119892788416574,1967119892788416523,2025-09-13 13:55:04,2025-10-14 13:55:04,0,v2.5
1967119897439899732,1967119892788416574,1967119892788416524,2025-09-13 13:55:04,2025-09-21 13:55:04,24,v2.5
1967119897439899733,1967119892788416574,1967119892788416524,2025-09-13 13:55:04,2025-09-28 13:55:04,13,v2.4
1967119897439899734,1967119892788416574,1967119892788416524,2025-09-13 13:55:04,2025-10-14 13:55:04,31,v2.4
1967119897439899735,1967119892788416574,1967119892788416525,2025-09-13 13:55:04,2025-09-21 13:55:04,25,v2.5
1967119897439899736,1967119892788416574,1967119892788416525,2025-09-13 13:55:04,2025-09-28 13:55:04,29,v2.2
1967119897439899737,1967119892788416574,1967119892788416525,2025-09-13 13:55:04,2025-10-14 13:55:04,14,v2.1
1967119897439899738,1967119892788416574,1967119892788416526,2025-09-13 13:55:04,2025-09-21 13:55:04,33,v2.3
1967119897439899739,1967119892788416574,1967119892788416526,2025-09-13 13:55:04,2025-09-28 13:55:04,13,v2.1
1967119897439899740,1967119892788416574,1967119892788416526,2025-09-13 13:55:04,2025-10-14 13:55:04,18,v2.4
1967119897439899741,1967119892788416574,1967119892788416527,2025-09-13 13:55:04,2025-09-21 13:55:04,38,v2.5
1967119897444093952,1967119892788416574,1967119892788416527,2025-09-13 13:55:04,2025-09-28 13:55:04,36,v2.2
1967119897444093953,1967119892788416574,1967119892788416527,2025-09-13 13:55:04,2025-10-14 13:55:04,18,v2.1
1967119897444093954,1967119892788416574,1967119892788416528,2025-09-13 13:55:04,2025-09-21 13:55:04,24,v2.4
1967119897444093955,1967119892788416574,1967119892788416528,2025-09-13 13:55:04,2025-09-28 13:55:04,32,v2.3
1967119897444093956,1967119892788416574,1967119892788416528,2025-09-13 13:55:04,2025-10-14 13:55:04,21,v2.2
1967119897444093957,1967119892788416574,1967119892788416529,2025-09-13 13:55:04,2025-09-21 13:55:04,12,v2.4
1967119897444093958,1967119892788416574,1967119892788416529,2025-09-13 13:55:04,2025-09-28 13:55:04,41,v2.1
1967119897444093959,1967119892788416574,1967119892788416529,2025-09-13 13:55:04,2025-10-14 13:55:04,34,v2.4
1967119897444093960,1967119892788416556,1967119892788416522,2025-09-13 13:55:04,2025-09-21 13:55:04,56,v2.5
1967119897444093961,1967119892788416556,1967119892788416522,2025-09-13 13:55:04,2025-09-28 13:55:04,53,v2.3
1967119897444093962,1967119892788416556,1967119892788416522,2025-09-13 13:55:04,2025-10-14 13:55:04,40,v2.5
1967119897444093963,1967119892788416556,1967119892788416523,2025-09-13 13:55:04,2025-09-21 13:55:04,56,v2.4
1967119897444093964,1967119892788416556,1967119892788416523,2025-09-13 13:55:04,2025-09-28 13:55:04,52,v2.2
1967119897444093965,1967119892788416556,1967119892788416523,2025-09-13 13:55:04,2025-10-14 13:55:04,52,v2.3
1967119897444093966,1967119892788416556,1967119892788416524,2025-09-13 13:55:04,2025-09-21 13:55:04,29,v2.1
1967119897444093967,1967119892788416556,1967119892788416524,2025-09-13 13:55:04,2025-09-28 13:55:04,78,v2.1
1967119897444093968,1967119892788416556,1967119892788416524,2025-09-13 13:55:04,2025-10-14 13:55:04,70,v2.5
1967119897444093969,1967119892788416556,1967119892788416525,2025-09-13 13:55:04,2025-09-21 13:55:04,91,v2.1
1967119897444093970,1967119892788416556,1967119892788416525,2025-09-13 13:55:04,2025-09-28 13:55:04,89,v2.3
1967119897444093971,1967119892788416556,1967119892788416525,2025-09-13 13:55:04,2025-10-14 13:55:04,57,v2.5
1967119897444093972,1967119892788416556,1967119892788416526,2025-09-13 13:55:04,2025-09-21 13:55:04,105,v2.5
1967119897444093973,1967119892788416556,1967119892788416526,2025-09-13 13:55:04,2025-09-28 13:55:04,115,v2.5
1967119897444093974,1967119892788416556,1967119892788416526,2025-09-13 13:55:04,2025-10-14 13:55:04,32,v2.1
1967119897444093975,1967119892788416556,1967119892788416527,2025-09-13 13:55:04,2025-09-21 13:55:04,74,v2.1
1967119897444093976,1967119892788416556,1967119892788416527,2025-09-13 13:55:04,2025-09-28 13:55:04,136,v2.4
1967119897444093977,1967119892788416556,1967119892788416527,2025-09-13 13:55:04,2025-10-14 13:55:04,80,v2.3
1967119897444093978,1967119892788416556,1967119892788416528,2025-09-13 13:55:04,2025-09-21 13:55:04,105,v2.4
1967119897444093979,1967119892788416556,1967119892788416528,2025-09-13 13:55:04,2025-09-28 13:55:04,59,v2.3
1967119897444093980,1967119892788416556,1967119892788416528,2025-09-13 13:55:04,2025-10-14 13:55:04,76,v2.3
1967119897444093981,1967119892788416556,1967119892788416529,2025-09-13 13:55:04,2025-09-21 13:55:04,70,v2.5
1967119897444093982,1967119892788416556,1967119892788416529,2025-09-13 13:55:04,2025-09-28 13:55:04,122,v2.5
1967119897444093983,1967119892788416556,1967119892788416529,2025-09-13 13:55:04,2025-10-14 13:55:04,44,v2.1
1967119897444093984,1967119892788416561,1967119892788416522,2025-09-13 13:55:04,2025-09-21 13:55:04,30,v2.1
1967119897444093985,1967119892788416561,1967119892788416522,2025-09-13 13:55:04,2025-09-28 13:55:04,38,v2.2
1967119897444093986,1967119892788416561,1967119892788416522,2025-09-13 13:55:04,2025-10-14 13:55:04,37,v2.4
1967119897444093987,1967119892788416561,1967119892788416523,2025-09-13 13:55:04,2025-09-21 13:55:04,33,v2.4
1967119897444093988,1967119892788416561,1967119892788416523,2025-09-13 13:55:04,2025-09-28 13:55:04,59,v2.5
1967119897444093989,1967119892788416561,1967119892788416523,2025-09-13 13:55:04,2025-10-14 13:55:04,48,v2.1
1967119897444093990,1967119892788416561,1967119892788416524,2025-09-13 13:55:04,2025-09-21 13:55:04,29,v2.5
1967119897444093991,1967119892788416561,1967119892788416524,2025-09-13 13:55:04,2025-09-28 13:55:04,42,v2.3
1967119897444093992,1967119892788416561,1967119892788416524,2025-09-13 13:55:04,2025-10-14 13:55:04,26,v2.1
1967119897444093993,1967119892788416561,1967119892788416525,2025-09-13 13:55:04,2025-09-21 13:55:04,49,v2.5
1967119897444093994,1967119892788416561,1967119892788416525,2025-09-13 13:55:04,2025-09-28 13:55:04,22,v2.5
1967119897444093995,1967119892788416561,1967119892788416525,2025-09-13 13:55:04,2025-10-14 13:55:04,42,v2.1
1967119897444093996,1967119892788416561,1967119892788416526,2025-09-13 13:55:04,2025-09-21 13:55:04,63,v2.5
1967119897444093997,1967119892788416561,1967119892788416526,2025-09-13 13:55:04,2025-09-28 13:55:04,64,v2.2
1967119897444093998,1967119892788416561,1967119892788416526,2025-09-13 13:55:04,2025-10-14 13:55:04,46,v2.1
1967119897444093999,1967119892788416561,1967119892788416527,2025-09-13 13:55:04,2025-09-21 13:55:04,54,v2.1
1967119897444094000,1967119892788416561,1967119892788416527,2025-09-13 13:55:04,2025-09-28 13:55:04,44,v2.3
1967119897444094001,1967119892788416561,1967119892788416527,2025-09-13 13:55:04,2025-10-14 13:55:04,18,v2.1
1967119897444094002,1967119892788416561,1967119892788416528,2025-09-13 13:55:04,2025-09-21 13:55:04,36,v2.4
1967119897444094003,1967119892788416561,1967119892788416528,2025-09-13 13:55:04,2025-09-28 13:55:04,33,v2.1
1967119897444094004,1967119892788416561,1967119892788416528,2025-09-13 13:55:04,2025-10-14 13:55:04,25,v2.2
1967119897444094005,1967119892788416561,1967119892788416529,2025-09-13 13:55:04,2025-09-21 13:55:04,71,v2.3
1967119897444094006,1967119892788416561,1967119892788416529,2025-09-13 13:55:04,2025-09-28 13:55:04,35,v2.5
1967119897444094007,1967119892788416561,1967119892788416529,2025-09-13 13:55:04,2025-10-14 13:55:04,54,v2.4
1967119897444094008,1967119892788416579,1967119892788416522,2025-09-13 13:55:04,2025-09-21 13:55:04,37,v2.4
1967119897444094009,1967119892788416579,1967119892788416522,2025-09-13 13:55:04,2025-09-28 13:55:04,27,v2.1
1967119897444094010,1967119892788416579,1967119892788416522,2025-09-13 13:55:04,2025-10-14 13:55:04,9,v2.5
1967119897444094011,1967119892788416579,1967119892788416523,2025-09-13 13:55:04,2025-09-21 13:55:04,13,v2.4
1967119897444094012,1967119892788416579,1967119892788416523,2025-09-13 13:55:04,2025-09-28 13:55:04,39,v2.1
1967119897444094013,1967119892788416579,1967119892788416523,2025-09-13 13:55:04,2025-10-14 13:55:04,24,v2.4
1967119897444094014,1967119892788416579,1967119892788416524,2025-09-13 13:55:04,2025-09-21 13:55:04,30,v2.1
1967119897444094015,1967119892788416579,1967119892788416524,2025-09-13 13:55:04,2025-09-28 13:55:04,5,v2.4
1967119897444094016,1967119892788416579,1967119892788416524,2025-09-13 13:55:04,2025-10-14 13:55:04,26,v2.1
1967119897444094017,1967119892788416579,1967119892788416525,2025-09-13 13:55:04,2025-09-21 13:55:04,23,v2.5
1967119897444094018,1967119892788416579,1967119892788416525,2025-09-13 13:55:04,2025-09-28 13:55:04,13,v2.5
1967119897444094019,1967119892788416579,1967119892788416525,2025-09-13 13:55:04,2025-10-14 13:55:04,13,v2.2
1967119897444094020,1967119892788416579,1967119892788416526,2025-09-13 13:55:04,2025-09-21 13:55:04,5,v2.4
1967119897444094021,1967119892788416579,1967119892788416526,2025-09-13 13:55:04,2025-09-28 13:55:04,21,v2.1
1967119897444094022,1967119892788416579,1967119892788416526,2025-09-13 13:55:04,2025-10-14 13:55:04,15,v2.1
1967119897444094023,1967119892788416579,1967119892788416527,2025-09-13 13:55:04,2025-09-21 13:55:04,8,v2.4
1967119897444094024,1967119892788416579,1967119892788416527,2025-09-13 13:55:04,2025-09-28 13:55:04,35,v2.5
1967119897444094025,1967119892788416579,1967119892788416527,2025-09-13 13:55:04,2025-10-14 13:55:04,11,v2.1
1967119897444094026,1967119892788416579,1967119892788416528,2025-09-13 13:55:04,2025-09-21 13:55:04,31,v2.1
1967119897444094027,1967119892788416579,1967119892788416528,2025-09-13 13:55:04,2025-09-28 13:55:04,19,v2.1
1967119897444094028,1967119892788416579,1967119892788416528,2025-09-13 13:55:04,2025-10-14 13:55:04,17,v2.2
1967119897444094029,1967119892788416579,1967119892788416529,2025-09-13 13:55:04,2025-09-21 13:55:04,24,v2.2
1967119897444094030,1967119892788416579,1967119892788416529,2025-09-13 13:55:04,2025-09-28 13:55:04,14,v2.5
1967119897444094031,1967119892788416579,1967119892788416529,2025-09-13 13:55:04,2025-10-14 13:55:04,9,v2.1
1967119897444094032,1967119892788416585,1967119892788416522,2025-09-13 13:55:04,2025-09-21 13:55:04,37,v2.4
1967119897444094033,1967119892788416585,1967119892788416522,2025-09-13 13:55:04,2025-09-28 13:55:04,15,v2.4
1967119897444094034,1967119892788416585,1967119892788416522,2025-09-13 13:55:04,2025-10-14 13:55:04,12,v2.2
1967119897444094035,1967119892788416585,1967119892788416523,2025-09-13 13:55:04,2025-09-21 13:55:04,22,v2.1
1967119897444094036,1967119892788416585,1967119892788416523,2025-09-13 13:55:04,2025-09-28 13:55:04,1,v2.3
1967119897444094037,1967119892788416585,1967119892788416523,2025-09-13 13:55:04,2025-10-14 13:55:04,0,v2.4
1967119897444094038,1967119892788416585,1967119892788416524,2025-09-13 13:55:04,2025-09-21 13:55:04,11,v2.3
1967119897444094039,1967119892788416585,1967119892788416524,2025-09-13 13:55:04,2025-09-28 13:55:04,29,v2.4
1967119897444094040,1967119892788416585,1967119892788416524,2025-09-13 13:55:04,2025-10-14 13:55:04,20,v2.2
1967119897444094041,1967119892788416585,1967119892788416525,2025-09-13 13:55:04,2025-09-21 13:55:04,16,v2.2
1967119897444094042,1967119892788416585,1967119892788416525,2025-09-13 13:55:04,2025-09-28 13:55:04,13,v2.4
1967119897444094043,1967119892788416585,1967119892788416525,2025-09-13 13:55:04,2025-10-14 13:55:04,21,v2.1
1967119897444094044,1967119892788416585,1967119892788416526,2025-09-13 13:55:04,2025-09-21 13:55:04,5,v2.2
1967119897444094045,1967119892788416585,1967119892788416526,2025-09-13 13:55:04,2025-09-28 13:55:04,13,v2.2
1967119897444094046,1967119892788416585,1967119892788416526,2025-09-13 13:55:04,2025-10-14 13:55:04,21,v2.1
1967119897448288256,1967119892788416585,1967119892788416527,2025-09-13 13:55:04,2025-09-21 13:55:04,44,v2.5
1967119897448288257,1967119892788416585,1967119892788416527,2025-09-13 13:55:04,2025-09-28 13:55:04,33,v2.4
1967119897448288258,1967119892788416585,1967119892788416527,2025-09-13 13:55:04,2025-10-14 13:55:04,19,v2.5
1967119897448288259,1967119892788416585,1967119892788416528,2025-09-13 13:55:04,2025-09-21 13:55:04,28,v2.4
1967119897448288260,1967119892788416585,1967119892788416528,2025-09-13 13:55:04,2025-09-28 13:55:04,28,v2.1
1967119897448288261,1967119892788416585,1967119892788416528,2025-09-13 13:55:04,2025-10-14 13:55:04,20,v2.3
1967119897448288262,1967119892788416585,1967119892788416529,2025-09-13 13:55:04,2025-09-21 13:55:04,19,v2.3
1967119897448288263,1967119892788416585,1967119892788416529,2025-09-13 13:55:04,2025-09-28 13:55:04,30,v2.4
1967119897448288264,1967119892788416585,1967119892788416529,2025-09-13 13:55:04,2025-10-14 13:55:04,18,v2.2
1967119897448288265,1967119892788416569,1967119892788416522,2025-09-13 13:55:04,2025-09-21 13:55:04,25,v2.3
1967119897448288266,1967119892788416569,1967119892788416522,2025-09-13 13:55:04,2025-09-28 13:55:04,7,v2.1
1967119897448288267,1967119892788416569,1967119892788416522,2025-09-13 13:55:04,2025-10-14 13:55:04,10,v2.1
1967119897448288268,1967119892788416569,1967119892788416523,2025-09-13 13:55:04,2025-09-21 13:55:04,19,v2.5
1967119897448288269,1967119892788416569,1967119892788416523,2025-09-13 13:55:04,2025-09-28 13:55:04,13,v2.2
1967119897448288270,1967119892788416569,1967119892788416523,2025-09-13 13:55:04,2025-10-14 13:55:04,25,v2.5
1967119897448288271,1967119892788416569,1967119892788416524,2025-09-13 13:55:04,2025-09-21 13:55:04,19,v2.5
1967119897448288272,1967119892788416569,1967119892788416524,2025-09-13 13:55:04,2025-09-28 13:55:04,24,v2.5
1967119897448288273,1967119892788416569,1967119892788416524,2025-09-13 13:55:04,2025-10-14 13:55:04,16,v2.4
1967119897448288274,1967119892788416569,1967119892788416525,2025-09-13 13:55:04,2025-09-21 13:55:04,43,v2.1
1967119897448288275,1967119892788416569,1967119892788416525,2025-09-13 13:55:04,2025-09-28 13:55:04,25,v2.4
1967119897448288276,1967119892788416569,1967119892788416525,2025-09-13 13:55:04,2025-10-14 13:55:04,29,v2.3
1967119897448288277,1967119892788416569,1967119892788416526,2025-09-13 13:55:04,2025-09-21 13:55:04,33,v2.5
1967119897448288278,1967119892788416569,1967119892788416526,2025-09-13 13:55:04,2025-09-28 13:55:04,26,v2.2
1967119897448288279,1967119892788416569,1967119892788416526,2025-09-13 13:55:04,2025-10-14 13:55:04,19,v2.2
1967119897448288280,1967119892788416569,1967119892788416527,2025-09-13 13:55:04,2025-09-21 13:55:04,16,v2.3
1967119897448288281,1967119892788416569,1967119892788416527,2025-09-13 13:55:04,2025-09-28 13:55:04,23,v2.4
1967119897448288282,1967119892788416569,1967119892788416527,2025-09-13 13:55:04,2025-10-14 13:55:04,15,v2.4
1967119897448288283,1967119892788416569,1967119892788416528,2025-09-13 13:55:04,2025-09-21 13:55:04,7,v2.1
1967119897448288284,1967119892788416569,1967119892788416528,2025-09-13 13:55:04,2025-09-28 13:55:04,17,v2.5
1967119897448288285,1967119892788416569,1967119892788416528,2025-09-13 13:55:04,2025-10-14 13:55:04,7,v2.2
1967119897448288286,1967119892788416569,1967119892788416529,2025-09-13 13:55:04,2025-09-21 13:55:04,20,v2.4
1967119897448288287,1967119892788416569,1967119892788416529,2025-09-13 13:55:04,2025-09-28 13:55:04,11,v2.4
1967119897448288288,1967119892788416569,1967119892788416529,2025-09-13 13:55:04,2025-10-14 13:55:04,15,v2.5
1967119897448288289,1967119892788416540,1967119892788416522,2025-09-13 13:55:04,2025-09-21 13:55:04,38,v2.5
1967119897448288290,1967119892788416540,1967119892788416522,2025-09-13 13:55:04,2025-09-28 13:55:04,49,v2.1
1967119897448288291,1967119892788416540,1967119892788416522,2025-09-13 13:55:04,2025-10-14 13:55:04,20,v2.2
1967119897448288292,1967119892788416540,1967119892788416523,2025-09-13 13:55:04,2025-09-21 13:55:04,59,v2.4
1967119897448288293,1967119892788416540,1967119892788416523,2025-09-13 13:55:04,2025-09-28 13:55:04,20,v2.4
1967119897448288294,1967119892788416540,1967119892788416523,2025-09-13 13:55:04,2025-10-14 13:55:04,20,v2.2
1967119897448288295,1967119892788416540,1967119892788416524,2025-09-13 13:55:04,2025-09-21 13:55:04,41,v2.2
1967119897448288296,1967119892788416540,1967119892788416524,2025-09-13 13:55:04,2025-09-28 13:55:04,56,v2.4
1967119897448288297,1967119892788416540,1967119892788416524,2025-09-13 13:55:04,2025-10-14 13:55:04,30,v2.4
1967119897448288298,1967119892788416540,1967119892788416525,2025-09-13 13:55:04,2025-09-21 13:55:04,43,v2.4
1967119897448288299,1967119892788416540,1967119892788416525,2025-09-13 13:55:04,2025-09-28 13:55:04,15,v2.3
1967119897448288300,1967119892788416540,1967119892788416525,2025-09-13 13:55:04,2025-10-14 13:55:04,11,v2.2
1967119897448288301,1967119892788416540,1967119892788416526,2025-09-13 13:55:04,2025-09-21 13:55:04,36,v2.3
1967119897448288302,1967119892788416540,1967119892788416526,2025-09-13 13:55:04,2025-09-28 13:55:04,43,v2.4
1967119897448288303,1967119892788416540,1967119892788416526,2025-09-13 13:55:04,2025-10-14 13:55:04,39,v2.4
1967119897448288304,1967119892788416540,1967119892788416527,2025-09-13 13:55:04,2025-09-21 13:55:04,41,v2.4
1967119897448288305,1967119892788416540,1967119892788416527,2025-09-13 13:55:04,2025-09-28 13:55:04,14,v2.5
1967119897448288306,1967119892788416540,1967119892788416527,2025-09-13 13:55:04,2025-10-14 13:55:04,10,v2.4
1967119897448288307,1967119892788416540,1967119892788416528,2025-09-13 13:55:04,2025-09-21 13:55:04,36,v2.5
1967119897448288308,1967119892788416540,1967119892788416528,2025-09-13 13:55:04,2025-09-28 13:55:04,39,v2.1
1967119897448288309,1967119892788416540,1967119892788416528,2025-09-13 13:55:04,2025-10-14 13:55:04,29,v2.1
1967119897448288310,1967119892788416540,1967119892788416529,2025-09-13 13:55:04,2025-09-21 13:55:04,11,v2.3
1967119897448288311,1967119892788416540,1967119892788416529,2025-09-13 13:55:04,2025-09-28 13:55:04,14,v2.2
1967119897448288312,1967119892788416540,1967119892788416529,2025-09-13 13:55:04,2025-10-14 13:55:04,24,v2.3
1967119897448288313,1967119892788416577,1967119892788416522,2025-09-13 13:55:04,2025-09-21 13:55:04,3,v2.5
1967119897448288314,1967119892788416577,1967119892788416522,2025-09-13 13:55:04,2025-09-28 13:55:04,30,v2.3
1967119897448288315,1967119892788416577,1967119892788416522,2025-09-13 13:55:04,2025-10-14 13:55:04,21,v2.1
1967119897448288316,1967119892788416577,1967119892788416523,2025-09-13 13:55:04,2025-09-21 13:55:04,23,v2.2
1967119897448288317,1967119892788416577,1967119892788416523,2025-09-13 13:55:04,2025-09-28 13:55:04,10,v2.5
1967119897448288318,1967119892788416577,1967119892788416523,2025-09-13 13:55:04,2025-10-14 13:55:04,10,v2.2
1967119897448288319,1967119892788416577,1967119892788416524,2025-09-13 13:55:04,2025-09-21 13:55:04,33,v2.1
1967119897448288320,1967119892788416577,1967119892788416524,2025-09-13 13:55:04,2025-09-28 13:55:04,22,v2.5
1967119897448288321,1967119892788416577,1967119892788416524,2025-09-13 13:55:04,2025-10-14 13:55:04,18,v2.5
1967119897448288322,1967119892788416577,1967119892788416525,2025-09-13 13:55:04,2025-09-21 13:55:04,4,v2.2
1967119897448288323,1967119892788416577,1967119892788416525,2025-09-13 13:55:04,2025-09-28 13:55:04,18,v2.2
1967119897448288324,1967119892788416577,1967119892788416525,2025-09-13 13:55:04,2025-10-14 13:55:04,13,v2.1
1967119897448288325,1967119892788416577,1967119892788416526,2025-09-13 13:55:04,2025-09-21 13:55:04,26,v2.4
1967119897448288326,1967119892788416577,1967119892788416526,2025-09-13 13:55:04,2025-09-28 13:55:04,16,v2.3
1967119897448288327,1967119892788416577,1967119892788416526,2025-09-13 13:55:04,2025-10-14 13:55:04,18,v2.2
1967119897448288328,1967119892788416577,1967119892788416527,2025-09-13 13:55:04,2025-09-21 13:55:04,25,v2.1
1967119897448288329,1967119892788416577,1967119892788416527,2025-09-13 13:55:04,2025-09-28 13:55:04,10,v2.5
1967119897448288330,1967119892788416577,1967119892788416527,2025-09-13 13:55:04,2025-10-14 13:55:04,8,v2.2
1967119897448288331,1967119892788416577,1967119892788416528,2025-09-13 13:55:04,2025-09-21 13:55:04,21,v2.2
1967119897448288332,1967119892788416577,1967119892788416528,2025-09-13 13:55:04,2025-09-28 13:55:04,13,v2.2
1967119897448288333,1967119892788416577,1967119892788416528,2025-09-13 13:55:04,2025-10-14 13:55:04,9,v2.1
1967119897448288334,1967119892788416577,1967119892788416529,2025-09-13 13:55:04,2025-09-21 13:55:04,33,v2.4
1967119897448288335,1967119892788416577,1967119892788416529,2025-09-13 13:55:04,2025-09-28 13:55:04,39,v2.5
1967119897448288336,1967119892788416577,1967119892788416529,2025-09-13 13:55:04,2025-10-14 13:55:04,24,v2.4
1967119897448288337,1967119892788416568,1967119892788416522,2025-09-13 13:55:04,2025-09-21 13:55:04,1,v2.5
1967119897448288338,1967119892788416568,1967119892788416522,2025-09-13 13:55:04,2025-09-28 13:55:04,10,v2.1
1967119897448288339,1967119892788416568,1967119892788416522,2025-09-13 13:55:04,2025-10-14 13:55:04,9,v2.5
1967119897448288340,1967119892788416568,1967119892788416523,2025-09-13 13:55:04,2025-09-21 13:55:04,32,v2.2
1967119897448288341,1967119892788416568,1967119892788416523,2025-09-13 13:55:04,2025-09-28 13:55:04,13,v2.2
1967119897448288342,1967119892788416568,1967119892788416523,2025-09-13 13:55:04,2025-10-14 13:55:04,19,v2.1
1967119897448288343,1967119892788416568,1967119892788416524,2025-09-13 13:55:04,2025-09-21 13:55:04,43,v2.5
1967119897448288344,1967119892788416568,1967119892788416524,2025-09-13 13:55:04,2025-09-28 13:55:04,31,v2.4
1967119897448288345,1967119892788416568,1967119892788416524,2025-09-13 13:55:04,2025-10-14 13:55:04,38,v2.3
1967119897448288346,1967119892788416568,1967119892788416525,2025-09-13 13:55:04,2025-09-21 13:55:04,13,v2.4
1967119897448288347,1967119892788416568,1967119892788416525,2025-09-13 13:55:04,2025-09-28 13:55:04,16,v2.5
1967119897448288348,1967119892788416568,1967119892788416525,2025-09-13 13:55:04,2025-10-14 13:55:04,31,v2.2
1967119897448288349,1967119892788416568,1967119892788416526,2025-09-13 13:55:04,2025-09-21 13:55:04,22,v2.3
1967119897448288350,1967119892788416568,1967119892788416526,2025-09-13 13:55:04,2025-09-28 13:55:04,25,v2.2
1967119897452482560,1967119892788416568,1967119892788416526,2025-09-13 13:55:04,2025-10-14 13:55:04,32,v2.4
1967119897452482561,1967119892788416568,1967119892788416527,2025-09-13 13:55:04,2025-09-21 13:55:04,11,v2.2
1967119897452482562,1967119892788416568,1967119892788416527,2025-09-13 13:55:04,2025-09-28 13:55:04,13,v2.2
1967119897452482563,1967119892788416568,1967119892788416527,2025-09-13 13:55:04,2025-10-14 13:55:04,18,v2.2
1967119897452482564,1967119892788416568,1967119892788416528,2025-09-13 13:55:04,2025-09-21 13:55:04,22,v2.1
1967119897452482565,1967119892788416568,1967119892788416528,2025-09-13 13:55:04,2025-09-28 13:55:04,15,v2.2
1967119897452482566,1967119892788416568,1967119892788416528,2025-09-13 13:55:04,2025-10-14 13:55:04,6,v2.2
1967119897452482567,1967119892788416568,1967119892788416529,2025-09-13 13:55:04,2025-09-21 13:55:04,21,v2.1
1967119897452482568,1967119892788416568,1967119892788416529,2025-09-13 13:55:04,2025-09-28 13:55:04,28,v2.5
1967119897452482569,1967119892788416568,1967119892788416529,2025-09-13 13:55:04,2025-10-14 13:55:04,27,v2.3
