id,sale_line_id,batch_stock_id,sold_qty,unit_cost_snap,created_at,created_by,updated_at,updated_by,deleted
1967119895573434369,1967119893111377920,1967119892838748164,3,313913,2025-06-29 09:12:04,1967119892956188682,2025-06-29 09:18:04,1967119892956188680,False
1967119895573434370,1967119893111377921,1967119892830359626,1,961315,2025-06-29 09:12:04,1967119892956188682,2025-06-29 09:18:04,1967119892956188680,False
1967119895577628672,1967119893132349440,1967119892830359600,1,31459,2025-06-29 07:10:04,1967119892956188685,2025-06-29 07:25:04,1967119892956188679,False
1967119895577628673,1967119893132349440,1967119892838748286,1,31459,2025-06-29 07:10:04,1967119892956188685,2025-06-29 07:25:04,1967119892956188679,False
1967119895577628674,1967119893132349441,1967119892834553921,1,24224,2025-06-29 07:10:04,1967119892956188685,2025-06-29 07:25:04,1967119892956188679,False
1967119895577628675,1967119893132349442,1967119892830359570,1,41747,2025-06-29 07:10:04,1967119892956188685,2025-06-29 07:25:04,1967119892956188679,False
1967119895577628676,1967119893132349442,1967119892830359607,1,41747,2025-06-29 07:10:04,1967119892956188685,2025-06-29 07:25:04,1967119892956188679,False
1967119895577628677,1967119893132349443,1967119892834553890,1,200012,2025-06-29 07:10:04,1967119892956188685,2025-06-29 07:25:04,1967119892956188679,False
1967119895577628678,1967119893132349443,1967119892838748179,1,200012,2025-06-29 07:10:04,1967119892956188685,2025-06-29 07:25:04,1967119892956188679,False
1967119895577628679,1967119893136543744,1967119892838748167,1,200012,2025-06-29 08:24:04,1967119892956188682,2025-06-29 08:32:04,1967119892956188679,False
1967119895577628680,1967119893136543745,1967119892830359631,1,47110,2025-06-29 08:24:04,1967119892956188682,2025-06-29 08:32:04,1967119892956188679,False
1967119895577628681,1967119893136543745,1967119892834553908,1,47110,2025-06-29 08:24:04,1967119892956188682,2025-06-29 08:32:04,1967119892956188679,False
1967119895581822976,1967119893140738048,1967119892838748285,1,31459,2025-06-29 08:45:04,1967119892956188684,2025-06-29 08:58:04,1967119892956188685,False
1967119895581822977,1967119893140738049,1967119892838748217,2,179379,2025-06-29 08:45:04,1967119892956188684,2025-06-29 08:58:04,1967119892956188685,False
1967119895581822978,1967119893144932352,1967119892838748189,1,13923,2025-06-29 10:20:04,1967119892956188678,2025-06-29 10:35:04,1967119892956188678,False
1967119895581822979,1967119893144932353,1967119892838748167,1,174609,2025-06-29 10:20:04,1967119892956188678,2025-06-29 10:35:04,1967119892956188678,False
1967119895581822980,1967119893149126656,1967119892834553903,1,14367,2025-06-29 16:32:04,1967119892956188681,2025-06-29 16:35:04,1967119892956188683,False
1967119895581822981,1967119893153320960,1967119892830359564,2,46936,2025-06-29 04:25:04,1967119892956188679,2025-06-29 04:39:04,1967119892956188679,False
1967119895581822982,1967119893153320961,1967119892834553887,1,421451,2025-06-29 04:25:04,1967119892956188679,2025-06-29 04:39:04,1967119892956188679,False
1967119895581822983,1967119893153320962,1967119892834553889,1,421451,2025-06-29 03:38:04,1967119892956188685,2025-06-29 03:41:04,1967119892956188682,False
1967119895581822984,1967119893153320962,1967119892834553900,1,421451,2025-06-29 03:38:04,1967119892956188685,2025-06-29 03:41:04,1967119892956188682,False
1967119895581822985,1967119893153320963,1967119892838748183,1,19254,2025-06-29 03:38:04,1967119892956188685,2025-06-29 03:41:04,1967119892956188682,False
1967119895581822986,1967119893157515264,1967119892838748169,1,31459,2025-06-29 16:03:04,1967119892956188678,2025-06-29 16:06:04,1967119892956188684,False
1967119895581822987,1967119893157515265,1967119892838748169,1,24111,2025-06-29 16:03:04,1967119892956188678,2025-06-29 16:06:04,1967119892956188684,False
1967119895581822988,1967119893157515266,1967119892834553889,2,64599,2025-06-29 04:17:04,1967119892956188683,2025-06-29 04:24:04,1967119892956188683,False
1967119895581822989,1967119893157515267,1967119892830359566,2,14279,2025-06-29 04:17:04,1967119892956188683,2025-06-29 04:24:04,1967119892956188683,False
1967119895581822990,1967119893157515267,1967119892830359630,2,14279,2025-06-29 04:17:04,1967119892956188683,2025-06-29 04:24:04,1967119892956188683,False
1967119895581822991,1967119893161709568,1967119892830359553,1,31035,2025-06-29 11:22:04,1967119892956188680,2025-06-29 11:28:04,1967119892956188678,False
1967119895581822992,1967119893161709569,1967119892830359553,1,52149,2025-06-29 11:22:04,1967119892956188680,2025-06-29 11:28:04,1967119892956188678,False
1967119895581822993,1967119893161709570,1967119892830359642,1,24224,2025-06-29 12:35:04,1967119892956188678,2025-06-29 12:45:04,1967119892956188681,False
1967119895581822994,1967119893161709570,1967119892838748187,1,24224,2025-06-29 12:35:04,1967119892956188678,2025-06-29 12:45:04,1967119892956188681,False
1967119895581822995,1967119893161709571,1967119892834553889,3,421451,2025-06-29 12:35:04,1967119892956188678,2025-06-29 12:45:04,1967119892956188681,False
1967119895581822996,1967119893161709572,1967119892830359572,4,36003,2025-06-29 12:35:04,1967119892956188678,2025-06-29 12:45:04,1967119892956188681,False
1967119895581822997,1967119893161709573,1967119892834553889,1,174609,2025-06-29 12:35:04,1967119892956188678,2025-06-29 12:45:04,1967119892956188681,False
1967119895581822998,1967119893165903872,1967119892830359555,3,24224,2025-06-29 08:06:04,1967119892956188681,2025-06-29 08:17:04,1967119892956188685,False
1967119895581822999,1967119893165903873,1967119892830359555,1,31320,2025-06-29 08:06:04,1967119892956188681,2025-06-29 08:17:04,1967119892956188685,False
1967119895581823000,1967119893165903874,1967119892834553879,3,43327,2025-06-29 08:06:04,1967119892956188681,2025-06-29 08:17:04,1967119892956188685,False
1967119895581823001,1967119893170098176,1967119892830359591,2,49375,2025-06-29 20:16:04,1967119892956188685,2025-06-29 20:27:04,1967119892956188678,False
1967119895581823002,1967119893174292480,1967119892838748202,1,164486,2025-06-29 20:37:04,1967119892956188679,2025-06-29 20:51:04,1967119892956188678,False
1967119895581823003,1967119893174292480,1967119892838748255,1,164486,2025-06-29 20:37:04,1967119892956188679,2025-06-29 20:51:04,1967119892956188678,False
1967119895581823004,1967119893174292481,1967119892838748302,1,174609,2025-06-29 20:37:04,1967119892956188679,2025-06-29 20:51:04,1967119892956188678,False
1967119895581823005,1967119893178486784,1967119892838748161,1,25561,2025-06-29 09:56:04,1967119892956188678,2025-06-29 10:02:04,1967119892956188685,False
1967119895581823006,1967119893178486785,1967119892834553870,1,93868,2025-06-29 09:56:04,1967119892956188678,2025-06-29 10:02:04,1967119892956188685,False
1967119895581823007,1967119893178486786,1967119892830359608,1,14367,2025-06-29 09:56:04,1967119892956188678,2025-06-29 10:02:04,1967119892956188685,False
1967119895581823008,1967119893178486787,1967119892830359608,2,41747,2025-06-29 09:56:04,1967119892956188678,2025-06-29 10:02:04,1967119892956188685,False
1967119895581823009,1967119893178486788,1967119892830359631,1,313913,2025-06-30 16:41:04,1967119892956188683,2025-06-30 16:55:04,1967119892956188682,False
1967119895581823010,1967119893178486789,1967119892838748256,1,43327,2025-06-30 16:41:04,1967119892956188683,2025-06-30 16:55:04,1967119892956188682,False
1967119895581823011,1967119893178486790,1967119892838748292,1,38407,2025-06-30 16:41:04,1967119892956188683,2025-06-30 16:55:04,1967119892956188682,False
1967119895581823012,1967119893182681088,1967119892838748302,2,174609,2025-06-30 05:02:04,1967119892956188682,2025-06-30 05:17:04,1967119892956188681,False
1967119895581823013,1967119893182681089,1967119892838748295,1,13923,2025-06-30 05:02:04,1967119892956188682,2025-06-30 05:17:04,1967119892956188681,False
1967119895581823014,1967119893182681090,1967119892830359591,2,20336,2025-06-30 12:02:04,1967119892956188683,2025-06-30 12:16:04,1967119892956188684,False
1967119895581823015,1967119893186875392,1967119892834553903,1,14367,2025-06-30 07:25:04,1967119892956188681,2025-06-30 07:32:04,1967119892956188685,False
1967119895581823016,1967119893186875393,1967119892830359616,1,1339857,2025-06-30 20:28:04,1967119892956188680,2025-06-30 20:42:04,1967119892956188684,False
1967119895581823017,1967119893191069696,1967119892838748303,1,164486,2025-07-01 11:22:04,1967119892956188678,2025-07-01 11:33:04,1967119892956188678,False
1967119895581823018,1967119893191069697,1967119892838748185,1,13923,2025-07-01 11:22:04,1967119892956188678,2025-07-01 11:33:04,1967119892956188678,False
1967119895581823019,1967119893191069698,1967119892838748283,2,36003,2025-07-01 11:22:04,1967119892956188678,2025-07-01 11:33:04,1967119892956188678,False
1967119895581823020,1967119893191069699,1967119892838748264,1,20336,2025-07-01 11:22:04,1967119892956188678,2025-07-01 11:33:04,1967119892956188678,False
1967119895581823021,1967119893191069700,1967119892830359553,1,31035,2025-07-01 20:29:04,1967119892956188685,2025-07-01 20:39:04,1967119892956188685,False
1967119895581823022,1967119893191069701,1967119892834553887,2,421451,2025-07-01 20:29:04,1967119892956188685,2025-07-01 20:39:04,1967119892956188685,False
1967119895581823023,1967119893191069702,1967119892830359591,1,20336,2025-07-01 20:29:04,1967119892956188685,2025-07-01 20:39:04,1967119892956188685,False
1967119895581823024,1967119893191069702,1967119892838748265,1,20336,2025-07-01 20:29:04,1967119892956188685,2025-07-01 20:39:04,1967119892956188685,False
1967119895581823025,1967119893191069703,1967119892834553887,1,64599,2025-07-01 20:29:04,1967119892956188685,2025-07-01 20:39:04,1967119892956188685,False
1967119895581823026,1967119893195264000,1967119892838748231,2,86881,2025-07-01 01:47:04,1967119892956188683,2025-07-01 01:52:04,1967119892956188683,False
1967119895581823027,1967119893195264001,1967119892838748275,1,63701,2025-07-01 01:47:04,1967119892956188683,2025-07-01 01:52:04,1967119892956188683,False
1967119895581823028,1967119893195264002,1967119892834553930,1,179379,2025-07-01 23:00:04,1967119892956188681,2025-07-01 23:08:04,1967119892956188679,False
1967119895581823029,1967119893199458304,1967119892838748303,2,43327,2025-07-01 13:41:04,1967119892956188681,2025-07-01 13:53:04,1967119892956188679,False
1967119895581823030,1967119893199458305,1967119892830359557,2,421451,2025-07-01 15:35:04,1967119892956188683,2025-07-01 15:49:04,1967119892956188679,False
1967119895581823031,1967119893199458306,1967119892838748169,2,31459,2025-07-01 09:35:04,1967119892956188682,2025-07-01 09:43:04,1967119892956188679,False
1967119895581823032,1967119893199458306,1967119892838748284,1,31459,2025-07-01 09:35:04,1967119892956188682,2025-07-01 09:43:04,1967119892956188679,False
1967119895581823033,1967119893199458307,1967119892830359631,1,47110,2025-07-01 09:35:04,1967119892956188682,2025-07-01 09:43:04,1967119892956188679,False
1967119895581823034,1967119893199458307,1967119892834553908,2,47110,2025-07-01 09:35:04,1967119892956188682,2025-07-01 09:43:04,1967119892956188679,False
1967119895581823035,1967119893203652608,1967119892838748292,4,74235,2025-07-01 09:35:04,1967119892956188682,2025-07-01 09:43:04,1967119892956188679,False
1967119895581823036,1967119893203652609,1967119892838748167,1,190755,2025-07-01 09:35:04,1967119892956188682,2025-07-01 09:43:04,1967119892956188679,False
1967119895581823037,1967119893203652610,1967119892838748237,1,41747,2025-07-01 09:35:04,1967119892956188682,2025-07-01 09:43:04,1967119892956188679,False
1967119895581823038,1967119893203652611,1967119892834553927,1,93868,2025-07-01 09:35:04,1967119892956188682,2025-07-01 09:43:04,1967119892956188679,False
1967119895581823039,1967119893203652612,1967119892834553926,1,72048,2025-07-01 07:10:04,1967119892956188684,2025-07-01 07:19:04,1967119892956188681,False
1967119895581823040,1967119893203652613,1967119892830359572,1,36069,2025-07-01 07:10:04,1967119892956188684,2025-07-01 07:19:04,1967119892956188681,False
1967119895581823041,1967119893203652614,1967119892830359630,1,20336,2025-07-01 07:10:04,1967119892956188684,2025-07-01 07:19:04,1967119892956188681,False
1967119895581823042,1967119893203652615,1967119892830359630,3,52401,2025-07-01 07:10:04,1967119892956188684,2025-07-01 07:19:04,1967119892956188681,False
1967119895581823043,1967119893203652616,1967119892838748285,1,31459,2025-07-01 07:10:04,1967119892956188684,2025-07-01 07:19:04,1967119892956188681,False
1967119895581823044,1967119893203652617,1967119892830359566,2,14279,2025-07-01 07:13:04,1967119892956188682,2025-07-01 07:21:04,1967119892956188680,False
1967119895581823045,1967119893203652617,1967119892830359630,1,14279,2025-07-01 07:13:04,1967119892956188682,2025-07-01 07:21:04,1967119892956188680,False
1967119895581823046,1967119893203652618,1967119892830359572,1,36069,2025-07-01 07:13:04,1967119892956188682,2025-07-01 07:21:04,1967119892956188680,False
1967119895581823047,1967119893203652619,1967119892830359572,1,52149,2025-07-01 07:13:04,1967119892956188682,2025-07-01 07:21:04,1967119892956188680,False
1967119895581823048,1967119893203652620,1967119892838748183,2,31320,2025-07-01 07:13:04,1967119892956188682,2025-07-01 07:21:04,1967119892956188680,False
1967119895581823049,1967119893207846912,1967119892834553894,1,64599,2025-07-01 04:25:04,1967119892956188680,2025-07-01 04:40:04,1967119892956188680,False
1967119895581823050,1967119893207846913,1967119892834553931,1,74235,2025-07-01 04:25:04,1967119892956188680,2025-07-01 04:40:04,1967119892956188680,False
1967119895581823051,1967119893207846914,1967119892830359595,1,1209511,2025-07-02 16:18:04,1967119892956188685,2025-07-02 16:30:04,1967119892956188681,False
1967119895606988800,1967119893212041216,1967119892830359572,1,36069,2025-07-02 20:21:04,1967119892956188682,2025-07-02 20:22:04,1967119892956188681,False
1967119895606988801,1967119893212041217,1967119892830359642,1,24224,2025-07-02 20:21:04,1967119892956188682,2025-07-02 20:22:04,1967119892956188681,False
1967119895606988802,1967119893212041218,1967119892834553889,2,174609,2025-07-02 20:21:04,1967119892956188682,2025-07-02 20:22:04,1967119892956188681,False
1967119895606988803,1967119893212041219,1967119892830359572,1,36003,2025-07-02 20:21:04,1967119892956188682,2025-07-02 20:22:04,1967119892956188681,False
1967119895606988804,1967119893212041220,1967119892830359636,1,38407,2025-07-02 20:21:04,1967119892956188682,2025-07-02 20:22:04,1967119892956188681,False
1967119895606988805,1967119893212041221,1967119892830359636,1,74235,2025-07-02 20:21:04,1967119892956188682,2025-07-02 20:22:04,1967119892956188681,False
1967119895606988806,1967119893216235520,1967119892838748217,1,179379,2025-07-02 10:50:04,1967119892956188680,2025-07-02 10:56:04,1967119892956188681,False
1967119895606988807,1967119893216235521,1967119892830359642,1,24224,2025-07-02 10:50:04,1967119892956188680,2025-07-02 10:56:04,1967119892956188681,False
1967119895611183104,1967119893216235522,1967119892834553926,1,72048,2025-07-02 10:50:04,1967119892956188680,2025-07-02 10:56:04,1967119892956188681,False
1967119895611183105,1967119893220429824,1967119892838748292,1,74235,2025-07-02 11:54:04,1967119892956188684,2025-07-02 11:55:04,1967119892956188679,False
1967119895611183106,1967119893220429825,1967119892838748256,3,43327,2025-07-02 11:54:04,1967119892956188684,2025-07-02 11:55:04,1967119892956188679,False
1967119895611183107,1967119893224624128,1967119892838748184,1,31320,2025-07-02 08:32:04,1967119892956188682,2025-07-02 08:40:04,1967119892956188682,False
1967119895611183108,1967119893224624129,1967119892838748250,1,72048,2025-07-02 13:46:04,1967119892956188680,2025-07-02 13:51:04,1967119892956188685,False
1967119895611183109,1967119893224624130,1967119892838748177,1,164486,2025-07-02 13:46:04,1967119892956188680,2025-07-02 13:51:04,1967119892956188685,False
1967119895611183110,1967119893224624131,1967119892838748186,1,24224,2025-07-02 13:46:04,1967119892956188680,2025-07-02 13:51:04,1967119892956188685,False
1967119895611183111,1967119893224624131,1967119892838748296,1,24224,2025-07-02 13:46:04,1967119892956188680,2025-07-02 13:51:04,1967119892956188685,False
1967119895611183112,1967119893224624132,1967119892838748226,1,26443,2025-07-02 13:46:04,1967119892956188680,2025-07-02 13:51:04,1967119892956188685,False
1967119895615377408,1967119893224624133,1967119892834553891,1,47110,2025-07-02 13:46:04,1967119892956188680,2025-07-02 13:51:04,1967119892956188685,False
1967119895615377409,1967119893224624134,1967119892838748288,1,31459,2025-07-02 13:46:04,1967119892956188680,2025-07-02 13:51:04,1967119892956188685,False
1967119895615377410,1967119893228818432,1967119892838748287,1,31459,2025-07-02 06:01:04,1967119892956188684,2025-07-02 06:12:04,1967119892956188685,False
1967119895615377411,1967119893228818433,1967119892834553887,1,421451,2025-07-02 06:01:04,1967119892956188684,2025-07-02 06:12:04,1967119892956188685,False
1967119895615377412,1967119893233012736,1967119892830359557,1,421451,2025-07-02 15:45:04,1967119892956188678,2025-07-02 15:50:04,1967119892956188683,False
1967119895615377413,1967119893233012736,1967119892834553902,1,421451,2025-07-02 15:45:04,1967119892956188678,2025-07-02 15:50:04,1967119892956188683,False
1967119895615377414,1967119893233012737,1967119892834553924,1,1784410,2025-07-02 15:45:04,1967119892956188678,2025-07-02 15:50:04,1967119892956188683,False
1967119895615377415,1967119893237207040,1967119892830359553,1,52149,2025-07-02 10:04:04,1967119892956188685,2025-07-02 10:11:04,1967119892956188679,False
1967119895615377416,1967119893237207040,1967119892838748224,2,52149,2025-07-02 10:04:04,1967119892956188685,2025-07-02 10:11:04,1967119892956188679,False
1967119895615377417,1967119893241401344,1967119892834553887,1,421451,2025-07-02 13:49:04,1967119892956188679,2025-07-02 13:51:04,1967119892956188681,False
1967119895615377418,1967119893241401345,1967119892834553887,3,174609,2025-07-02 13:49:04,1967119892956188679,2025-07-02 13:51:04,1967119892956188681,False
1967119895615377419,1967119893241401346,1967119892838748160,1,19254,2025-07-02 13:49:04,1967119892956188679,2025-07-02 13:51:04,1967119892956188681,False
1967119895619571712,1967119893241401347,1967119892830359631,1,313913,2025-07-03 17:46:04,1967119892956188684,2025-07-03 17:55:04,1967119892956188678,False
1967119895619571713,1967119893241401347,1967119892838748167,1,313913,2025-07-03 17:46:04,1967119892956188684,2025-07-03 17:55:04,1967119892956188678,False
1967119895619571714,1967119893245595648,1967119892830359572,1,41747,2025-07-03 21:24:04,1967119892956188682,2025-07-03 21:27:04,1967119892956188682,False
1967119895619571715,1967119893245595648,1967119892838748266,2,41747,2025-07-03 21:24:04,1967119892956188682,2025-07-03 21:27:04,1967119892956188682,False
1967119895619571716,1967119893249789952,1967119892838748200,1,1631430,2025-07-03 12:04:04,1967119892956188685,2025-07-03 12:18:04,1967119892956188678,False
1967119895619571717,1967119893249789953,1967119892830359553,1,31035,2025-07-03 12:04:04,1967119892956188685,2025-07-03 12:18:04,1967119892956188678,False
1967119895619571718,1967119893253984256,1967119892838748249,1,72048,2025-07-03 15:08:04,1967119892956188679,2025-07-03 15:19:04,1967119892956188679,False
1967119895619571719,1967119893253984257,1967119892830359591,1,36069,2025-07-03 15:08:04,1967119892956188679,2025-07-03 15:19:04,1967119892956188679,False
1967119895623766016,1967119893253984258,1967119892834553909,1,15189,2025-07-03 15:08:04,1967119892956188679,2025-07-03 15:19:04,1967119892956188679,False
1967119895623766017,1967119893253984259,1967119892830359591,1,20336,2025-07-03 15:08:04,1967119892956188679,2025-07-03 15:19:04,1967119892956188679,False
1967119895623766018,1967119893253984260,1967119892838748256,2,43327,2025-07-03 05:00:04,1967119892956188685,2025-07-03 05:15:04,1967119892956188685,False
1967119895627960320,1967119893258178560,1967119892838748183,4,31320,2025-07-03 21:02:04,1967119892956188678,2025-07-03 21:15:04,1967119892956188681,False
1967119895627960321,1967119893258178561,1967119892834553889,1,64599,2025-07-03 21:02:04,1967119892956188678,2025-07-03 21:15:04,1967119892956188681,False
1967119895627960322,1967119893258178562,1967119892838748219,1,1244169,2025-07-03 21:02:04,1967119892956188678,2025-07-03 21:15:04,1967119892956188681,False
1967119895627960323,1967119893262372864,1967119892834553889,3,421451,2025-07-03 03:14:04,1967119892956188685,2025-07-03 03:23:04,1967119892956188678,False
1967119895627960324,1967119893262372865,1967119892830359630,1,52401,2025-07-03 03:14:04,1967119892956188685,2025-07-03 03:23:04,1967119892956188678,False
1967119895632154624,1967119893262372866,1967119892838748183,1,31320,2025-07-03 03:14:04,1967119892956188685,2025-07-03 03:23:04,1967119892956188678,False
1967119895632154625,1967119893262372866,1967119892838748285,1,31320,2025-07-03 03:14:04,1967119892956188685,2025-07-03 03:23:04,1967119892956188678,False
1967119895632154626,1967119893262372867,1967119892830359572,1,36003,2025-07-03 03:14:04,1967119892956188685,2025-07-03 03:23:04,1967119892956188678,False
1967119895632154627,1967119893262372867,1967119892838748282,1,36003,2025-07-03 03:14:04,1967119892956188685,2025-07-03 03:23:04,1967119892956188678,False
1967119895632154628,1967119893266567168,1967119892838748168,1,174609,2025-07-03 07:21:04,1967119892956188682,2025-07-03 07:22:04,1967119892956188684,False
1967119895632154629,1967119893266567169,1967119892834553931,3,179379,2025-07-03 07:21:04,1967119892956188682,2025-07-03 07:22:04,1967119892956188684,False
1967119895632154630,1967119893270761472,1967119892834553889,1,64599,2025-07-03 07:15:04,1967119892956188680,2025-07-03 07:21:04,1967119892956188680,False
1967119895632154631,1967119893274955776,1967119892830359632,1,47110,2025-07-03 13:02:04,1967119892956188678,2025-07-03 13:05:04,1967119892956188681,False
1967119895632154632,1967119893274955777,1967119892830359607,4,14367,2025-07-03 13:02:04,1967119892956188678,2025-07-03 13:05:04,1967119892956188681,False
1967119895632154633,1967119893274955778,1967119892830359632,1,79693,2025-07-03 13:02:04,1967119892956188678,2025-07-03 13:05:04,1967119892956188681,False
1967119895632154634,1967119893274955779,1967119892830359552,2,31035,2025-07-03 13:02:04,1967119892956188678,2025-07-03 13:05:04,1967119892956188681,False
1967119895632154635,1967119893274955780,1967119892834553890,1,200012,2025-07-03 13:02:04,1967119892956188678,2025-07-03 13:05:04,1967119892956188681,False
1967119895636348928,1967119893274955781,1967119892830359592,2,49375,2025-07-03 13:02:04,1967119892956188678,2025-07-03 13:05:04,1967119892956188681,False
1967119895636348929,1967119893274955781,1967119892838748263,3,49375,2025-07-03 13:02:04,1967119892956188678,2025-07-03 13:05:04,1967119892956188681,False
1967119895636348930,1967119893279150080,1967119892838748285,1,31459,2025-07-03 15:28:04,1967119892956188679,2025-07-03 15:33:04,1967119892956188685,False
1967119895636348931,1967119893279150081,1967119892838748194,2,46936,2025-07-03 15:28:04,1967119892956188679,2025-07-03 15:33:04,1967119892956188685,False
1967119895636348932,1967119893279150082,1967119892834553889,1,376835,2025-07-03 15:28:04,1967119892956188679,2025-07-03 15:33:04,1967119892956188685,False
1967119895636348933,1967119893279150083,1967119892830359630,1,52401,2025-07-03 05:03:04,1967119892956188678,2025-07-03 05:16:04,1967119892956188685,False
1967119895636348934,1967119893279150084,1967119892834553889,1,421451,2025-07-03 05:03:04,1967119892956188678,2025-07-03 05:16:04,1967119892956188685,False
1967119895636348935,1967119893279150084,1967119892834553900,2,421451,2025-07-03 05:03:04,1967119892956188678,2025-07-03 05:16:04,1967119892956188685,False
1967119895636348936,1967119893279150085,1967119892830359642,1,24224,2025-07-03 05:03:04,1967119892956188678,2025-07-03 05:16:04,1967119892956188685,False
1967119895636348937,1967119893279150086,1967119892838748285,1,31459,2025-07-03 05:03:04,1967119892956188678,2025-07-03 05:16:04,1967119892956188685,False
1967119895636348938,1967119893283344384,1967119892830359572,1,52149,2025-07-04 16:50:04,1967119892956188685,2025-07-04 17:04:04,1967119892956188684,False
1967119895636348939,1967119893283344385,1967119892834553922,1,47110,2025-07-04 16:50:04,1967119892956188685,2025-07-04 17:04:04,1967119892956188684,False
1967119895636348940,1967119893287538688,1967119892834553891,1,190755,2025-07-04 05:58:04,1967119892956188682,2025-07-04 06:12:04,1967119892956188678,False
1967119895640543232,1967119893291732992,1967119892830359570,1,36003,2025-07-04 19:09:04,1967119892956188679,2025-07-04 19:17:04,1967119892956188680,False
1967119895640543233,1967119893291732993,1967119892838748267,1,46936,2025-07-04 04:05:04,1967119892956188682,2025-07-04 04:10:04,1967119892956188683,False
1967119895640543234,1967119893291732994,1967119892838748283,1,36003,2025-07-04 04:05:04,1967119892956188682,2025-07-04 04:10:04,1967119892956188683,False
1967119895640543235,1967119893291732995,1967119892838748303,1,164486,2025-07-04 04:05:04,1967119892956188682,2025-07-04 04:10:04,1967119892956188683,False
1967119895640543236,1967119893295927296,1967119892838748292,1,38407,2025-07-04 03:29:04,1967119892956188682,2025-07-04 03:39:04,1967119892956188682,False
1967119895640543237,1967119893295927297,1967119892838748167,1,174609,2025-07-04 03:29:04,1967119892956188682,2025-07-04 03:39:04,1967119892956188682,False
1967119895640543238,1967119893295927298,1967119892838748201,1,164486,2025-07-04 03:29:04,1967119892956188682,2025-07-04 03:39:04,1967119892956188682,False
1967119895640543239,1967119893295927299,1967119892838748292,1,74235,2025-07-04 03:29:04,1967119892956188682,2025-07-04 03:39:04,1967119892956188682,False
1967119895640543240,1967119893295927300,1967119892838748256,2,83586,2025-07-04 03:29:04,1967119892956188682,2025-07-04 03:39:04,1967119892956188682,False
1967119895640543241,1967119893295927301,1967119892830359606,3,376835,2025-07-04 05:43:04,1967119892956188683,2025-07-04 05:49:04,1967119892956188684,False
1967119895644737536,1967119893300121600,1967119892830359597,1,1339857,2025-07-04 21:58:04,1967119892956188684,2025-07-04 22:06:04,1967119892956188681,False
1967119895644737537,1967119893300121601,1967119892838748186,1,13923,2025-07-04 21:58:04,1967119892956188684,2025-07-04 22:06:04,1967119892956188681,False
1967119895644737538,1967119893300121602,1967119892838748180,2,31320,2025-07-04 21:58:04,1967119892956188684,2025-07-04 22:06:04,1967119892956188681,False
1967119895644737539,1967119893300121602,1967119892838748190,3,31320,2025-07-04 21:58:04,1967119892956188684,2025-07-04 22:06:04,1967119892956188681,False
1967119895644737540,1967119893304315904,1967119892834553889,2,421451,2025-07-04 20:04:04,1967119892956188681,2025-07-04 20:05:04,1967119892956188685,False
1967119895644737541,1967119893304315905,1967119892830359572,3,52149,2025-07-04 20:04:04,1967119892956188681,2025-07-04 20:05:04,1967119892956188685,False
1967119895644737542,1967119893304315906,1967119892838748165,1,313913,2025-07-04 15:13:04,1967119892956188678,2025-07-04 15:27:04,1967119892956188685,False
1967119895648931840,1967119893304315907,1967119892838748247,1,14367,2025-07-04 15:13:04,1967119892956188678,2025-07-04 15:27:04,1967119892956188685,False
1967119895648931841,1967119893304315908,1967119892838748181,1,15189,2025-07-04 15:13:04,1967119892956188678,2025-07-04 15:27:04,1967119892956188685,False
1967119895648931842,1967119893308510208,1967119892838748177,1,164486,2025-07-04 19:40:04,1967119892956188685,2025-07-04 19:54:04,1967119892956188679,False
1967119895648931843,1967119893308510209,1967119892838748226,1,26443,2025-07-04 19:40:04,1967119892956188685,2025-07-04 19:54:04,1967119892956188679,False
1967119895648931844,1967119893308510210,1967119892838748190,1,24111,2025-07-04 14:21:04,1967119892956188681,2025-07-04 14:33:04,1967119892956188678,False
1967119895648931845,1967119893308510211,1967119892834553904,2,14279,2025-07-04 14:21:04,1967119892956188681,2025-07-04 14:33:04,1967119892956188678,False
1967119895653126144,1967119893312704512,1967119892834553904,3,36069,2025-07-04 12:09:04,1967119892956188679,2025-07-04 12:17:04,1967119892956188680,False
1967119895653126145,1967119893312704513,1967119892830359579,1,376835,2025-07-04 12:09:04,1967119892956188679,2025-07-04 12:17:04,1967119892956188680,False
1967119895653126146,1967119893312704514,1967119892830359606,2,376835,2025-07-04 14:52:04,1967119892956188682,2025-07-04 15:01:04,1967119892956188680,False
1967119895653126147,1967119893312704515,1967119892830359553,1,52149,2025-07-04 14:52:04,1967119892956188682,2025-07-04 15:01:04,1967119892956188680,False
1967119895653126148,1967119893312704516,1967119892830359606,1,164486,2025-07-04 14:52:04,1967119892956188682,2025-07-04 15:01:04,1967119892956188680,False
1967119895653126149,1967119893312704517,1967119892830359553,1,31035,2025-07-04 14:52:04,1967119892956188682,2025-07-04 15:01:04,1967119892956188680,False
1967119895653126150,1967119893312704518,1967119892830359564,1,46936,2025-07-04 14:52:04,1967119892956188682,2025-07-04 15:01:04,1967119892956188680,False
1967119895653126151,1967119893312704518,1967119892838748259,1,46936,2025-07-04 14:52:04,1967119892956188682,2025-07-04 15:01:04,1967119892956188680,False
1967119895653126152,1967119893312704518,1967119892838748290,1,46936,2025-07-04 14:52:04,1967119892956188682,2025-07-04 15:01:04,1967119892956188680,False
1967119895653126153,1967119893312704519,1967119892838748200,1,1321538,2025-07-04 14:52:04,1967119892956188682,2025-07-04 15:01:04,1967119892956188680,False
1967119895653126154,1967119893316898816,1967119892830359572,1,36069,2025-07-04 13:45:04,1967119892956188684,2025-07-04 13:51:04,1967119892956188680,False
1967119895653126155,1967119893316898816,1967119892830359566,4,36069,2025-07-04 13:45:04,1967119892956188684,2025-07-04 13:51:04,1967119892956188680,False
1967119895653126156,1967119893316898817,1967119892830359636,2,38407,2025-07-04 13:49:04,1967119892956188683,2025-07-04 14:04:04,1967119892956188684,False
1967119895653126157,1967119893321093120,1967119892838748288,2,31459,2025-07-04 14:33:04,1967119892956188681,2025-07-04 14:47:04,1967119892956188679,False
1967119895653126158,1967119893321093121,1967119892830359597,1,1244169,2025-07-04 12:39:04,1967119892956188679,2025-07-04 12:52:04,1967119892956188684,False
1967119895653126159,1967119893325287424,1967119892838748185,3,13923,2025-07-04 09:28:04,1967119892956188681,2025-07-04 09:37:04,1967119892956188684,False
1967119895653126160,1967119893325287425,1967119892830359572,1,52149,2025-07-04 20:00:04,1967119892956188684,2025-07-04 20:01:04,1967119892956188682,False
1967119895653126161,1967119893325287425,1967119892838748213,1,52149,2025-07-04 20:00:04,1967119892956188684,2025-07-04 20:01:04,1967119892956188682,False
1967119895661514752,1967119893329481728,1967119892830359553,1,31035,2025-07-04 06:33:04,1967119892956188684,2025-07-04 06:37:04,1967119892956188680,False
1967119895661514753,1967119893329481728,1967119892830359564,1,31035,2025-07-04 06:33:04,1967119892956188684,2025-07-04 06:37:04,1967119892956188680,False
1967119895661514754,1967119893329481729,1967119892838748237,3,41747,2025-07-04 21:57:04,1967119892956188684,2025-07-04 22:06:04,1967119892956188680,False
1967119895661514755,1967119893329481730,1967119892838748167,1,200012,2025-07-04 21:57:04,1967119892956188684,2025-07-04 22:06:04,1967119892956188680,False
1967119895661514756,1967119893333676032,1967119892830359630,2,52401,2025-07-04 22:09:04,1967119892956188680,2025-07-04 22:24:04,1967119892956188684,False
1967119895661514757,1967119893333676033,1967119892830359636,1,38407,2025-07-04 22:09:04,1967119892956188680,2025-07-04 22:24:04,1967119892956188684,False
1967119895661514758,1967119893333676033,1967119892838748217,1,38407,2025-07-04 22:09:04,1967119892956188680,2025-07-04 22:24:04,1967119892956188684,False
1967119895661514759,1967119893333676034,1967119892830359572,1,36069,2025-07-04 22:09:04,1967119892956188680,2025-07-04 22:24:04,1967119892956188684,False
1967119895661514760,1967119893333676035,1967119892830359572,1,41747,2025-07-04 22:09:04,1967119892956188680,2025-07-04 22:24:04,1967119892956188684,False
1967119895661514761,1967119893333676036,1967119892834553922,1,47110,2025-07-04 22:09:04,1967119892956188680,2025-07-04 22:24:04,1967119892956188684,False
1967119895661514762,1967119893333676037,1967119892834553889,3,376835,2025-07-04 22:09:04,1967119892956188680,2025-07-04 22:24:04,1967119892956188684,False
1967119895661514763,1967119893333676038,1967119892838748264,1,49375,2025-07-04 04:56:04,1967119892956188684,2025-07-04 05:04:04,1967119892956188683,False
1967119895665709056,1967119893333676039,1967119892830359573,3,94845,2025-07-04 04:56:04,1967119892956188684,2025-07-04 05:04:04,1967119892956188683,False
1967119895665709057,1967119893333676040,1967119892834553905,1,36069,2025-07-04 04:56:04,1967119892956188684,2025-07-04 05:04:04,1967119892956188683,False
1967119895665709058,1967119893333676041,1967119892838748267,2,46936,2025-07-04 04:56:04,1967119892956188684,2025-07-04 05:04:04,1967119892956188683,False
1967119895665709059,1967119893333676042,1967119892838748184,1,31320,2025-07-04 04:56:04,1967119892956188684,2025-07-04 05:04:04,1967119892956188683,False
1967119895665709060,1967119893337870336,1967119892830359566,1,14279,2025-07-04 12:01:04,1967119892956188682,2025-07-04 12:05:04,1967119892956188679,False
1967119895665709061,1967119893337870337,1967119892838748217,1,179379,2025-07-04 12:01:04,1967119892956188682,2025-07-04 12:05:04,1967119892956188679,False
1967119895665709062,1967119893337870338,1967119892834553901,2,421451,2025-07-04 03:02:04,1967119892956188683,2025-07-04 03:13:04,1967119892956188685,False
1967119895665709063,1967119893342064640,1967119892830359553,1,52149,2025-07-04 13:25:04,1967119892956188680,2025-07-04 13:27:04,1967119892956188684,False
1967119895665709064,1967119893346258944,1967119892834553905,2,14279,2025-07-05 02:28:04,1967119892956188683,2025-07-05 02:42:04,1967119892956188684,False
1967119895665709065,1967119893346258944,1967119892838748236,1,14279,2025-07-05 02:28:04,1967119892956188683,2025-07-05 02:42:04,1967119892956188684,False
1967119895669903360,1967119893346258945,1967119892838748303,1,174609,2025-07-05 02:28:04,1967119892956188683,2025-07-05 02:42:04,1967119892956188684,False
1967119895669903361,1967119893346258946,1967119892830359572,1,52149,2025-07-05 03:53:04,1967119892956188678,2025-07-05 04:03:04,1967119892956188679,False
1967119895669903362,1967119893346258947,1967119892834553922,3,47110,2025-07-05 03:53:04,1967119892956188678,2025-07-05 04:03:04,1967119892956188679,False
1967119895669903363,1967119893350453248,1967119892830359564,1,14279,2025-07-05 15:21:04,1967119892956188682,2025-07-05 15:35:04,1967119892956188684,False
1967119895669903364,1967119893350453249,1967119892838748249,2,72048,2025-07-05 15:21:04,1967119892956188682,2025-07-05 15:35:04,1967119892956188684,False
1967119895669903365,1967119893350453250,1967119892830359553,5,52149,2025-07-05 15:21:04,1967119892956188682,2025-07-05 15:35:04,1967119892956188684,False
1967119895669903366,1967119893354647552,1967119892830359570,1,36069,2025-07-05 04:53:04,1967119892956188683,2025-07-05 05:00:04,1967119892956188679,False
1967119895669903367,1967119893354647552,1967119892830359592,2,36069,2025-07-05 04:53:04,1967119892956188683,2025-07-05 05:00:04,1967119892956188679,False
1967119895669903368,1967119893358841856,1967119892838748162,2,313913,2025-07-05 22:55:04,1967119892956188681,2025-07-05 22:56:04,1967119892956188678,False
1967119895669903369,1967119893358841857,1967119892830359553,2,31035,2025-07-05 22:55:04,1967119892956188681,2025-07-05 22:56:04,1967119892956188678,False
1967119895669903370,1967119893363036160,1967119892830359572,1,52149,2025-07-05 23:54:04,1967119892956188678,2025-07-05 23:56:04,1967119892956188678,False
1967119895669903371,1967119893363036160,1967119892838748213,1,52149,2025-07-05 23:54:04,1967119892956188678,2025-07-05 23:56:04,1967119892956188678,False
1967119895674097664,1967119893363036161,1967119892838748183,1,15189,2025-07-05 23:54:04,1967119892956188678,2025-07-05 23:56:04,1967119892956188678,False
1967119895674097665,1967119893367230464,1967119892838748288,1,31459,2025-07-05 16:04:04,1967119892956188684,2025-07-05 16:18:04,1967119892956188684,False
1967119895674097666,1967119893367230465,1967119892830359557,2,421451,2025-07-05 16:04:04,1967119892956188684,2025-07-05 16:18:04,1967119892956188684,False
1967119895674097667,1967119893367230466,1967119892838748229,1,50952,2025-07-05 16:04:04,1967119892956188684,2025-07-05 16:18:04,1967119892956188684,False
1967119895674097668,1967119893367230467,1967119892834553891,3,47110,2025-07-05 16:04:04,1967119892956188684,2025-07-05 16:18:04,1967119892956188684,False
1967119895674097669,1967119893371424768,1967119892834553905,4,14279,2025-07-05 20:24:04,1967119892956188684,2025-07-05 20:25:04,1967119892956188682,False
1967119895674097670,1967119893371424768,1967119892838748236,1,14279,2025-07-05 20:24:04,1967119892956188684,2025-07-05 20:25:04,1967119892956188682,False
1967119895674097671,1967119893371424769,1967119892830359623,1,61022,2025-07-05 20:24:04,1967119892956188684,2025-07-05 20:25:04,1967119892956188682,False
1967119895674097672,1967119893375619072,1967119892834553922,1,47110,2025-07-05 02:44:04,1967119892956188684,2025-07-05 02:53:04,1967119892956188684,False
1967119895674097673,1967119893375619073,1967119892830359636,2,512311,2025-07-05 02:44:04,1967119892956188684,2025-07-05 02:53:04,1967119892956188684,False
1967119895674097674,1967119893375619073,1967119892838748217,2,512311,2025-07-05 02:44:04,1967119892956188684,2025-07-05 02:53:04,1967119892956188684,False
1967119895674097675,1967119893375619074,1967119892834553926,2,93868,2025-07-05 02:44:04,1967119892956188684,2025-07-05 02:53:04,1967119892956188684,False
1967119895678291968,1967119893375619075,1967119892830359572,3,36003,2025-07-05 14:03:04,1967119892956188679,2025-07-05 14:05:04,1967119892956188679,False
1967119895678291969,1967119893375619076,1967119892838748183,1,15189,2025-07-05 14:03:04,1967119892956188679,2025-07-05 14:05:04,1967119892956188679,False
1967119895678291970,1967119893375619077,1967119892830359630,3,52401,2025-07-05 14:03:04,1967119892956188679,2025-07-05 14:05:04,1967119892956188679,False
1967119895678291971,1967119893379813376,1967119892838748183,1,15189,2025-07-05 03:33:04,1967119892956188683,2025-07-05 03:41:04,1967119892956188678,False
1967119895678291972,1967119893379813377,1967119892834553889,1,64599,2025-07-05 03:33:04,1967119892956188683,2025-07-05 03:41:04,1967119892956188678,False
1967119895678291973,1967119893379813377,1967119892838748311,1,64599,2025-07-05 03:33:04,1967119892956188683,2025-07-05 03:41:04,1967119892956188678,False
1967119895678291974,1967119893379813378,1967119892830359572,3,41747,2025-07-05 03:33:04,1967119892956188683,2025-07-05 03:41:04,1967119892956188678,False
1967119895682486272,1967119893379813379,1967119892830359636,4,38407,2025-07-05 14:41:04,1967119892956188680,2025-07-05 14:56:04,1967119892956188684,False
1967119895682486273,1967119893379813380,1967119892834553922,1,47110,2025-07-05 14:41:04,1967119892956188680,2025-07-05 14:56:04,1967119892956188684,False
1967119895682486274,1967119893384007680,1967119892838748276,4,512311,2025-07-05 04:55:04,1967119892956188684,2025-07-05 05:01:04,1967119892956188685,False
1967119895682486275,1967119893388201984,1967119892834553891,1,200012,2025-07-05 19:37:04,1967119892956188684,2025-07-05 19:39:04,1967119892956188679,False
1967119895682486276,1967119893388201984,1967119892838748177,1,200012,2025-07-05 19:37:04,1967119892956188684,2025-07-05 19:39:04,1967119892956188679,False
1967119895682486277,1967119893388201985,1967119892834553894,1,64599,2025-07-05 19:37:04,1967119892956188684,2025-07-05 19:39:04,1967119892956188679,False
1967119895682486278,1967119893392396288,1967119892838748229,1,93868,2025-07-05 09:43:04,1967119892956188679,2025-07-05 09:58:04,1967119892956188683,False
1967119895682486279,1967119893396590592,1967119892830359630,1,52401,2025-07-05 14:12:04,1967119892956188682,2025-07-05 14:25:04,1967119892956188678,False
1967119895686680576,1967119893396590593,1967119892830359630,1,20336,2025-07-05 14:12:04,1967119892956188682,2025-07-05 14:25:04,1967119892956188678,False
1967119895686680577,1967119893396590594,1967119892830359642,3,24224,2025-07-05 14:12:04,1967119892956188682,2025-07-05 14:25:04,1967119892956188678,False
1967119895686680578,1967119893396590594,1967119892838748187,1,24224,2025-07-05 14:12:04,1967119892956188682,2025-07-05 14:25:04,1967119892956188678,False
1967119895686680579,1967119893396590595,1967119892830359557,3,421451,2025-07-05 20:50:04,1967119892956188685,2025-07-05 20:58:04,1967119892956188680,False
1967119895686680580,1967119893396590596,1967119892834553919,1,313913,2025-07-05 20:50:04,1967119892956188685,2025-07-05 20:58:04,1967119892956188680,False
1967119895686680581,1967119893396590597,1967119892838748229,1,50952,2025-07-05 20:50:04,1967119892956188685,2025-07-05 20:58:04,1967119892956188680,False
1967119895686680582,1967119893400784896,1967119892838748291,3,74235,2025-07-05 21:28:04,1967119892956188685,2025-07-05 21:36:04,1967119892956188682,False
1967119895686680583,1967119893400784897,1967119892838748264,1,49375,2025-07-05 21:28:04,1967119892956188685,2025-07-05 21:36:04,1967119892956188682,False
1967119895686680584,1967119893400784898,1967119892830359573,2,94845,2025-07-05 21:28:04,1967119892956188685,2025-07-05 21:36:04,1967119892956188682,False
1967119895690874880,1967119893404979200,1967119892838748160,1,19254,2025-07-05 16:35:04,1967119892956188685,2025-07-05 16:36:04,1967119892956188681,False
1967119895690874881,1967119893404979201,1967119892834553887,2,421451,2025-07-05 16:35:04,1967119892956188685,2025-07-05 16:36:04,1967119892956188681,False
1967119895690874882,1967119893404979202,1967119892834553909,1,15189,2025-07-05 16:35:04,1967119892956188685,2025-07-05 16:36:04,1967119892956188681,False
1967119895690874883,1967119893404979203,1967119892830359591,1,20336,2025-07-05 16:35:04,1967119892956188685,2025-07-05 16:36:04,1967119892956188681,False
1967119895690874884,1967119893404979204,1967119892830359554,2,52149,2025-07-05 20:10:04,1967119892956188678,2025-07-05 20:19:04,1967119892956188684,False
1967119895690874885,1967119893409173504,1967119892830359564,1,14279,2025-07-05 09:15:04,1967119892956188679,2025-07-05 09:22:04,1967119892956188685,False
1967119895690874886,1967119893409173504,1967119892834553903,1,14279,2025-07-05 09:15:04,1967119892956188679,2025-07-05 09:22:04,1967119892956188685,False
1967119895690874887,1967119893409173505,1967119892834553909,1,15189,2025-07-05 09:15:04,1967119892956188679,2025-07-05 09:22:04,1967119892956188685,False
1967119895690874888,1967119893421756416,1967119892838748271,1,179379,2025-07-06 06:36:04,1967119892956188684,2025-07-06 06:37:04,1967119892956188679,False
1967119895690874889,1967119893421756417,1967119892830359554,2,31035,2025-07-06 06:36:04,1967119892956188684,2025-07-06 06:37:04,1967119892956188679,False
1967119895695069184,1967119893421756418,1967119892838748236,2,41747,2025-07-06 06:36:04,1967119892956188684,2025-07-06 06:37:04,1967119892956188679,False
1967119895695069185,1967119893425950720,1967119892838748229,2,50952,2025-07-06 03:37:04,1967119892956188682,2025-07-06 03:40:04,1967119892956188678,False
1967119895695069186,1967119893425950720,1967119892838748257,1,50952,2025-07-06 03:37:04,1967119892956188682,2025-07-06 03:40:04,1967119892956188678,False
1967119895695069187,1967119893425950721,1967119892834553891,2,190755,2025-07-06 03:37:04,1967119892956188682,2025-07-06 03:40:04,1967119892956188678,False
1967119895695069188,1967119893425950721,1967119892838748168,1,190755,2025-07-06 03:37:04,1967119892956188682,2025-07-06 03:40:04,1967119892956188678,False
1967119895695069189,1967119893425950722,1967119892830359557,2,421451,2025-07-06 03:37:04,1967119892956188682,2025-07-06 03:40:04,1967119892956188678,False
1967119895695069190,1967119893425950723,1967119892838748187,1,13923,2025-07-06 02:09:04,1967119892956188685,2025-07-06 02:18:04,1967119892956188680,False
1967119895695069191,1967119893425950724,1967119892834553891,2,200012,2025-07-06 02:25:04,1967119892956188678,2025-07-06 02:38:04,1967119892956188684,False
1967119895695069192,1967119893425950725,1967119892838748177,1,164486,2025-07-06 02:25:04,1967119892956188678,2025-07-06 02:38:04,1967119892956188684,False
1967119895695069193,1967119893425950726,1967119892838748186,1,24224,2025-07-06 02:25:04,1967119892956188678,2025-07-06 02:38:04,1967119892956188684,False
1967119895695069194,1967119893425950727,1967119892838748283,1,36003,2025-07-06 15:53:04,1967119892956188678,2025-07-06 16:04:04,1967119892956188678,False
1967119895695069195,1967119893425950728,1967119892838748267,1,46936,2025-07-06 15:53:04,1967119892956188678,2025-07-06 16:04:04,1967119892956188678,False
1967119895699263488,1967119893425950729,1967119892830359558,1,63701,2025-07-06 15:53:04,1967119892956188678,2025-07-06 16:04:04,1967119892956188678,False
1967119895699263489,1967119893425950730,1967119892830359573,2,94845,2025-07-06 15:53:04,1967119892956188678,2025-07-06 16:04:04,1967119892956188678,False
1967119895699263490,1967119893425950731,1967119892830359558,1,50952,2025-07-06 15:53:04,1967119892956188678,2025-07-06 16:04:04,1967119892956188678,False
1967119895699263491,1967119893425950732,1967119892834553926,1,72048,2025-07-06 05:45:04,1967119892956188681,2025-07-06 05:59:04,1967119892956188685,False
1967119895699263492,1967119893425950733,1967119892830359572,2,36003,2025-07-06 00:03:04,1967119892956188678,2025-07-06 00:13:04,1967119892956188682,False
1967119895699263493,1967119893425950734,1967119892838748183,1,19254,2025-07-06 00:03:04,1967119892956188678,2025-07-06 00:13:04,1967119892956188682,False
1967119895699263494,1967119893446922240,1967119892838748269,1,512311,2025-07-06 02:09:04,1967119892956188683,2025-07-06 02:13:04,1967119892956188680,False
1967119895699263495,1967119893446922241,1967119892838748247,1,14367,2025-07-06 02:09:04,1967119892956188683,2025-07-06 02:13:04,1967119892956188680,False
1967119895699263496,1967119893446922242,1967119892838748281,1,421451,2025-07-06 02:09:04,1967119892956188683,2025-07-06 02:13:04,1967119892956188680,False
1967119895699263497,1967119893451116544,1967119892834553891,1,200012,2025-07-06 08:05:04,1967119892956188680,2025-07-06 08:11:04,1967119892956188685,False
1967119895699263498,1967119893451116544,1967119892838748177,2,200012,2025-07-06 08:05:04,1967119892956188680,2025-07-06 08:11:04,1967119892956188685,False
1967119895703457792,1967119893451116545,1967119892834553905,1,14279,2025-07-06 08:43:04,1967119892956188680,2025-07-06 08:46:04,1967119892956188680,False
1967119895703457793,1967119893451116546,1967119892830359626,1,961315,2025-07-06 04:53:04,1967119892956188685,2025-07-06 05:06:04,1967119892956188681,False
1967119895703457794,1967119893451116547,1967119892838748272,1,512311,2025-07-06 04:53:04,1967119892956188685,2025-07-06 05:06:04,1967119892956188681,False
1967119895703457795,1967119893451116548,1967119892838748293,1,26443,2025-07-07 14:20:04,1967119892956188678,2025-07-07 14:23:04,1967119892956188681,False
1967119895703457796,1967119893467893760,1967119892834553931,1,74235,2025-07-07 11:00:04,1967119892956188679,2025-07-07 11:01:04,1967119892956188678,False
1967119895703457797,1967119893467893761,1967119892838748229,1,50952,2025-07-07 11:00:04,1967119892956188679,2025-07-07 11:01:04,1967119892956188678,False
1967119895707652096,1967119893467893762,1967119892838748303,1,174609,2025-07-07 10:42:04,1967119892956188678,2025-07-07 10:44:04,1967119892956188679,False
1967119895707652097,1967119893467893763,1967119892838748283,1,36003,2025-07-07 10:42:04,1967119892956188678,2025-07-07 10:44:04,1967119892956188679,False
1967119895707652098,1967119893467893764,1967119892838748184,2,19254,2025-07-07 10:42:04,1967119892956188678,2025-07-07 10:44:04,1967119892956188679,False
1967119895707652099,1967119893467893765,1967119892830359591,1,20336,2025-07-07 14:44:04,1967119892956188681,2025-07-07 14:50:04,1967119892956188682,False
1967119895707652100,1967119893467893766,1967119892834553909,1,31320,2025-07-07 14:44:04,1967119892956188681,2025-07-07 14:50:04,1967119892956188682,False
1967119895707652101,1967119893467893767,1967119892838748235,3,26443,2025-07-07 14:44:04,1967119892956188681,2025-07-07 14:50:04,1967119892956188682,False
1967119895707652102,1967119893467893767,1967119892838748273,1,26443,2025-07-07 14:44:04,1967119892956188681,2025-07-07 14:50:04,1967119892956188682,False
1967119895707652103,1967119893467893768,1967119892830359564,1,14279,2025-07-07 14:44:04,1967119892956188681,2025-07-07 14:50:04,1967119892956188682,False
1967119895707652104,1967119893467893769,1967119892838748185,1,13923,2025-07-07 10:09:04,1967119892956188685,2025-07-07 10:23:04,1967119892956188685,False
1967119895711846400,1967119893467893770,1967119892834553905,1,36069,2025-07-07 10:09:04,1967119892956188685,2025-07-07 10:23:04,1967119892956188685,False
1967119895716040704,1967119893467893771,1967119892838748236,1,41747,2025-07-07 10:09:04,1967119892956188685,2025-07-07 10:23:04,1967119892956188685,False
1967119895716040705,1967119893467893772,1967119892838748293,1,26443,2025-07-07 10:09:04,1967119892956188685,2025-07-07 10:23:04,1967119892956188685,False
1967119895716040706,1967119893467893773,1967119892838748303,1,164486,2025-07-07 10:09:04,1967119892956188685,2025-07-07 10:23:04,1967119892956188685,False
1967119895720235008,1967119893467893774,1967119892838748264,2,49375,2025-07-07 10:09:04,1967119892956188685,2025-07-07 10:23:04,1967119892956188685,False
1967119895720235009,1967119893476282368,1967119892830359642,1,24224,2025-07-07 09:44:04,1967119892956188682,2025-07-07 09:59:04,1967119892956188685,False
1967119895720235010,1967119893476282369,1967119892838748225,2,67077,2025-07-07 15:29:04,1967119892956188681,2025-07-07 15:42:04,1967119892956188679,False
1967119895720235011,1967119893480476672,1967119892838748194,3,46936,2025-07-08 03:42:04,1967119892956188683,2025-07-08 03:51:04,1967119892956188685,False
1967119895724429312,1967119893480476673,1967119892838748217,2,179379,2025-07-08 03:42:04,1967119892956188683,2025-07-08 03:51:04,1967119892956188685,False
1967119895724429313,1967119893484670976,1967119892830359564,1,46936,2025-07-08 06:04:04,1967119892956188682,2025-07-08 06:18:04,1967119892956188683,False
1967119895724429314,1967119893484670976,1967119892838748259,1,46936,2025-07-08 06:04:04,1967119892956188682,2025-07-08 06:18:04,1967119892956188683,False
1967119895724429315,1967119893484670977,1967119892830359591,1,49375,2025-07-08 06:04:04,1967119892956188682,2025-07-08 06:18:04,1967119892956188683,False
1967119895724429316,1967119893484670977,1967119892838748224,1,49375,2025-07-08 06:04:04,1967119892956188682,2025-07-08 06:18:04,1967119892956188683,False
1967119895724429317,1967119893484670978,1967119892830359553,1,52149,2025-07-08 06:04:04,1967119892956188682,2025-07-08 06:18:04,1967119892956188683,False
1967119895724429318,1967119893484670978,1967119892838748224,1,52149,2025-07-08 06:04:04,1967119892956188682,2025-07-08 06:18:04,1967119892956188683,False
1967119895728623616,1967119893488865280,1967119892830359553,1,52149,2025-07-08 08:04:04,1967119892956188679,2025-07-08 08:13:04,1967119892956188682,False
1967119895728623617,1967119893488865280,1967119892838748224,1,52149,2025-07-08 08:04:04,1967119892956188679,2025-07-08 08:13:04,1967119892956188682,False
1967119895728623618,1967119893488865281,1967119892838748275,1,26443,2025-07-08 13:53:04,1967119892956188679,2025-07-08 14:07:04,1967119892956188683,False
1967119895728623619,1967119893488865282,1967119892838748295,1,13923,2025-07-08 13:53:04,1967119892956188679,2025-07-08 14:07:04,1967119892956188683,False
1967119895732817920,1967119893493059584,1967119892830359555,1,24224,2025-07-08 13:04:04,1967119892956188682,2025-07-08 13:14:04,1967119892956188678,False
1967119895732817921,1967119893493059585,1967119892838748181,2,15189,2025-07-08 13:04:04,1967119892956188682,2025-07-08 13:14:04,1967119892956188678,False
1967119895732817922,1967119893493059585,1967119892838748208,1,15189,2025-07-08 13:04:04,1967119892956188682,2025-07-08 13:14:04,1967119892956188678,False
1967119895732817923,1967119893493059586,1967119892838748261,1,36069,2025-07-08 13:04:04,1967119892956188682,2025-07-08 13:14:04,1967119892956188678,False
1967119895732817924,1967119893493059587,1967119892838748247,1,31035,2025-07-08 13:04:04,1967119892956188682,2025-07-08 13:14:04,1967119892956188678,False
1967119895732817925,1967119893493059588,1967119892838748252,1,51934,2025-07-08 13:04:04,1967119892956188682,2025-07-08 13:14:04,1967119892956188678,False
1967119895737012224,1967119893493059589,1967119892838748275,1,26443,2025-07-08 13:04:04,1967119892956188682,2025-07-08 13:14:04,1967119892956188678,False
1967119895737012225,1967119893493059590,1967119892838748231,1,50952,2025-07-08 15:22:04,1967119892956188680,2025-07-08 15:33:04,1967119892956188683,False
1967119895737012226,1967119893493059590,1967119892838748275,1,50952,2025-07-08 15:22:04,1967119892956188680,2025-07-08 15:33:04,1967119892956188683,False
1967119895737012227,1967119893493059591,1967119892838748261,1,36069,2025-07-08 15:22:04,1967119892956188680,2025-07-08 15:33:04,1967119892956188683,False
1967119895737012228,1967119893493059592,1967119892838748255,2,83586,2025-07-08 15:22:04,1967119892956188680,2025-07-08 15:33:04,1967119892956188683,False
1967119895737012229,1967119893497253888,1967119892830359608,4,41747,2025-07-08 10:02:04,1967119892956188685,2025-07-08 10:04:04,1967119892956188685,False
1967119895737012230,1967119893497253889,1967119892838748304,2,43327,2025-07-08 10:02:04,1967119892956188685,2025-07-08 10:04:04,1967119892956188685,False
1967119895737012231,1967119893501448192,1967119892830359579,1,376835,2025-07-08 08:02:04,1967119892956188681,2025-07-08 08:04:04,1967119892956188683,False
1967119895737012232,1967119893501448192,1967119892834553919,2,376835,2025-07-08 08:02:04,1967119892956188681,2025-07-08 08:04:04,1967119892956188683,False
1967119895737012233,1967119893501448193,1967119892838748180,1,31320,2025-07-08 08:02:04,1967119892956188681,2025-07-08 08:04:04,1967119892956188683,False
1967119895737012234,1967119893501448194,1967119892834553919,1,313913,2025-07-08 08:02:04,1967119892956188681,2025-07-08 08:04:04,1967119892956188683,False
1967119895737012235,1967119893505642496,1967119892838748256,2,83586,2025-07-08 15:22:04,1967119892956188683,2025-07-08 15:36:04,1967119892956188681,False
1967119895737012236,1967119893505642497,1967119892830359631,1,313913,2025-07-08 15:22:04,1967119892956188683,2025-07-08 15:36:04,1967119892956188681,False
1967119895737012237,1967119893505642498,1967119892834553922,2,47110,2025-07-08 12:45:04,1967119892956188683,2025-07-08 12:47:04,1967119892956188681,False
1967119895737012238,1967119893505642499,1967119892830359572,1,41747,2025-07-08 12:45:04,1967119892956188683,2025-07-08 12:47:04,1967119892956188681,False
1967119895737012239,1967119893505642500,1967119892830359582,1,61022,2025-07-08 12:45:04,1967119892956188683,2025-07-08 12:47:04,1967119892956188681,False
1967119895737012240,1967119893509836800,1967119892838748248,1,72048,2025-07-08 14:05:04,1967119892956188684,2025-07-08 14:19:04,1967119892956188678,False
1967119895749595136,1967119893509836801,1967119892838748247,1,31035,2025-07-08 14:05:04,1967119892956188684,2025-07-08 14:19:04,1967119892956188678,False
1967119895749595137,1967119893509836801,1967119892838748261,1,31035,2025-07-08 14:05:04,1967119892956188684,2025-07-08 14:19:04,1967119892956188678,False
1967119895749595138,1967119893509836802,1967119892834553889,2,376835,2025-07-09 03:01:04,1967119892956188678,2025-07-09 03:04:04,1967119892956188682,False
1967119895749595139,1967119893509836803,1967119892838748221,2,579715,2025-07-09 03:01:04,1967119892956188678,2025-07-09 03:04:04,1967119892956188682,False
1967119895749595140,1967119893514031104,1967119892838748192,1,61022,2025-07-09 22:04:04,1967119892956188683,2025-07-09 22:09:04,1967119892956188683,False
1967119895749595141,1967119893518225408,1967119892834553897,2,93868,2025-07-09 09:21:04,1967119892956188679,2025-07-09 09:23:04,1967119892956188683,False
1967119895749595142,1967119893518225409,1967119892838748184,3,31320,2025-07-09 09:21:04,1967119892956188679,2025-07-09 09:23:04,1967119892956188683,False
1967119895749595143,1967119893518225409,1967119892838748301,1,31320,2025-07-09 09:21:04,1967119892956188679,2025-07-09 09:23:04,1967119892956188683,False
1967119895749595144,1967119893518225410,1967119892830359614,2,79693,2025-07-09 04:24:04,1967119892956188683,2025-07-09 04:28:04,1967119892956188681,False
1967119895753789440,1967119893518225411,1967119892838748267,1,46936,2025-07-09 04:24:04,1967119892956188683,2025-07-09 04:28:04,1967119892956188681,False
1967119895753789441,1967119893522419712,1967119892830359614,1,79693,2025-07-09 04:45:04,1967119892956188683,2025-07-09 04:55:04,1967119892956188679,False
1967119895753789442,1967119893522419713,1967119892838748303,1,164486,2025-07-09 04:45:04,1967119892956188683,2025-07-09 04:55:04,1967119892956188679,False
1967119895753789443,1967119893522419714,1967119892838748276,1,512311,2025-07-09 04:45:04,1967119892956188683,2025-07-09 04:55:04,1967119892956188679,False
1967119895753789444,1967119893522419715,1967119892838748224,1,36003,2025-07-09 00:04:04,1967119892956188683,2025-07-09 00:12:04,1967119892956188685,False
1967119895753789445,1967119893522419716,1967119892830359591,1,49375,2025-07-09 00:04:04,1967119892956188683,2025-07-09 00:12:04,1967119892956188685,False
1967119895753789446,1967119893526614016,1967119892834553868,1,579715,2025-07-10 03:56:04,1967119892956188679,2025-07-10 04:00:04,1967119892956188682,False
1967119895753789447,1967119893526614017,1967119892834553887,1,174609,2025-07-10 03:56:04,1967119892956188679,2025-07-10 04:00:04,1967119892956188682,False
1967119895753789448,1967119893526614018,1967119892830359606,1,200012,2025-07-10 03:56:04,1967119892956188679,2025-07-10 04:00:04,1967119892956188682,False
1967119895753789449,1967119893526614019,1967119892834553887,1,64599,2025-07-10 03:56:04,1967119892956188679,2025-07-10 04:00:04,1967119892956188682,False
1967119895757983744,1967119893526614020,1967119892830359606,1,164486,2025-07-10 03:56:04,1967119892956188679,2025-07-10 04:00:04,1967119892956188682,False
1967119895757983745,1967119893526614021,1967119892838748294,1,94845,2025-07-10 03:56:04,1967119892956188679,2025-07-10 04:00:04,1967119892956188682,False
1967119895757983746,1967119893530808320,1967119892830359552,1,31035,2025-07-10 06:46:04,1967119892956188679,2025-07-10 06:56:04,1967119892956188680,False
1967119895757983747,1967119893530808321,1967119892838748179,1,164486,2025-07-10 06:46:04,1967119892956188679,2025-07-10 06:56:04,1967119892956188680,False
1967119895757983748,1967119893530808322,1967119892830359570,1,36003,2025-07-10 06:46:04,1967119892956188679,2025-07-10 06:56:04,1967119892956188680,False
1967119895757983749,1967119893530808323,1967119892830359579,2,376835,2025-07-10 04:10:04,1967119892956188679,2025-07-10 04:20:04,1967119892956188679,False
1967119895757983750,1967119893530808324,1967119892830359557,1,421451,2025-07-10 04:10:04,1967119892956188679,2025-07-10 04:20:04,1967119892956188679,False
1967119895757983751,1967119893530808324,1967119892834553902,1,421451,2025-07-10 04:10:04,1967119892956188679,2025-07-10 04:20:04,1967119892956188679,False
1967119895757983752,1967119893530808325,1967119892838748186,1,13923,2025-07-10 04:10:04,1967119892956188679,2025-07-10 04:20:04,1967119892956188679,False
1967119895762178048,1967119893530808326,1967119892838748180,1,15189,2025-07-10 04:10:04,1967119892956188679,2025-07-10 04:20:04,1967119892956188679,False
1967119895762178049,1967119893530808326,1967119892838748296,2,15189,2025-07-10 04:10:04,1967119892956188679,2025-07-10 04:20:04,1967119892956188679,False
1967119895762178050,1967119893530808327,1967119892834553927,1,72048,2025-07-10 09:14:04,1967119892956188683,2025-07-10 09:21:04,1967119892956188685,False
1967119895762178051,1967119893530808328,1967119892838748167,1,174609,2025-07-10 09:14:04,1967119892956188683,2025-07-10 09:21:04,1967119892956188685,False
1967119895762178052,1967119893535002624,1967119892838748226,1,26443,2025-07-10 10:30:04,1967119892956188683,2025-07-10 10:38:04,1967119892956188681,False
1967119895762178053,1967119893535002625,1967119892838748186,1,13923,2025-07-10 10:30:04,1967119892956188683,2025-07-10 10:38:04,1967119892956188681,False
1967119895762178054,1967119893535002626,1967119892834553926,1,72048,2025-07-10 04:12:04,1967119892956188681,2025-07-10 04:19:04,1967119892956188682,False
1967119895762178055,1967119893535002627,1967119892834553889,1,376835,2025-07-10 04:12:04,1967119892956188681,2025-07-10 04:19:04,1967119892956188682,False
1967119895762178056,1967119893539196928,1967119892830359591,1,20336,2025-07-10 21:17:04,1967119892956188685,2025-07-10 21:22:04,1967119892956188681,False
1967119895762178057,1967119893539196928,1967119892838748265,1,20336,2025-07-10 21:17:04,1967119892956188685,2025-07-10 21:22:04,1967119892956188681,False
1967119895766372352,1967119893539196929,1967119892838748210,1,1244169,2025-07-10 21:17:04,1967119892956188685,2025-07-10 21:22:04,1967119892956188681,False
1967119895766372353,1967119893539196930,1967119892830359598,1,14367,2025-07-10 03:21:04,1967119892956188678,2025-07-10 03:22:04,1967119892956188680,False
1967119895766372354,1967119893539196930,1967119892834553904,3,14367,2025-07-10 03:21:04,1967119892956188678,2025-07-10 03:22:04,1967119892956188680,False
1967119895766372355,1967119893539196931,1967119892834553904,2,36069,2025-07-10 03:21:04,1967119892956188678,2025-07-10 03:22:04,1967119892956188680,False
1967119895766372356,1967119893539196931,1967119892838748176,1,36069,2025-07-10 03:21:04,1967119892956188678,2025-07-10 03:22:04,1967119892956188680,False
1967119895766372357,1967119893539196932,1967119892834553931,5,179379,2025-07-10 03:21:04,1967119892956188678,2025-07-10 03:22:04,1967119892956188680,False
1967119895766372358,1967119893543391232,1967119892830359558,2,50952,2025-07-10 20:14:04,1967119892956188680,2025-07-10 20:22:04,1967119892956188684,False
1967119895766372359,1967119893543391233,1967119892838748186,1,13923,2025-07-10 09:50:04,1967119892956188678,2025-07-10 09:58:04,1967119892956188679,False
1967119895766372360,1967119893543391233,1967119892838748190,1,13923,2025-07-10 09:50:04,1967119892956188678,2025-07-10 09:58:04,1967119892956188679,False
1967119895766372361,1967119893543391234,1967119892838748180,1,19254,2025-07-10 09:50:04,1967119892956188678,2025-07-10 09:58:04,1967119892956188679,False
1967119895770566656,1967119893543391235,1967119892838748186,1,24224,2025-07-10 09:50:04,1967119892956188678,2025-07-10 09:58:04,1967119892956188679,False
1967119895770566657,1967119893543391235,1967119892838748296,1,24224,2025-07-10 09:50:04,1967119892956188678,2025-07-10 09:58:04,1967119892956188679,False
1967119895770566658,1967119893547585536,1967119892830359581,2,200012,2025-07-10 04:51:04,1967119892956188684,2025-07-10 04:55:04,1967119892956188678,False
1967119895770566659,1967119893547585537,1967119892838748194,1,46936,2025-07-10 04:51:04,1967119892956188684,2025-07-10 04:55:04,1967119892956188678,False
1967119895770566660,1967119893547585537,1967119892838748266,2,46936,2025-07-10 04:51:04,1967119892956188684,2025-07-10 04:55:04,1967119892956188678,False
1967119895770566661,1967119893551779840,1967119892838748200,1,1321538,2025-07-10 13:10:04,1967119892956188682,2025-07-10 13:12:04,1967119892956188679,False
1967119895770566662,1967119893551779841,1967119892838748225,2,86881,2025-07-10 13:10:04,1967119892956188682,2025-07-10 13:12:04,1967119892956188679,False
1967119895770566663,1967119893555974144,1967119892838748274,4,50952,2025-07-11 02:07:04,1967119892956188682,2025-07-11 02:15:04,1967119892956188683,False
1967119895770566664,1967119893555974145,1967119892838748182,1,31320,2025-07-11 02:07:04,1967119892956188682,2025-07-11 02:15:04,1967119892956188683,False
1967119895770566665,1967119893555974145,1967119892838748286,3,31320,2025-07-11 02:07:04,1967119892956188682,2025-07-11 02:15:04,1967119892956188683,False
1967119895770566666,1967119893555974146,1967119892830359632,1,313913,2025-07-11 02:07:04,1967119892956188682,2025-07-11 02:15:04,1967119892956188683,False
1967119895770566667,1967119893555974147,1967119892838748237,1,41747,2025-07-11 06:22:04,1967119892956188681,2025-07-11 06:33:04,1967119892956188678,False
1967119895774760960,1967119893555974148,1967119892838748169,2,31459,2025-07-11 06:22:04,1967119892956188681,2025-07-11 06:33:04,1967119892956188678,False
1967119895774760961,1967119893555974149,1967119892838748169,1,24111,2025-07-11 06:22:04,1967119892956188681,2025-07-11 06:33:04,1967119892956188678,False
1967119895774760962,1967119893555974150,1967119892838748194,1,46936,2025-07-11 03:52:04,1967119892956188682,2025-07-11 04:04:04,1967119892956188678,False
1967119895774760963,1967119893555974151,1967119892830359582,1,61022,2025-07-11 03:52:04,1967119892956188682,2025-07-11 04:04:04,1967119892956188678,False
1967119895774760964,1967119893555974152,1967119892834553889,2,64599,2025-07-11 03:52:04,1967119892956188682,2025-07-11 04:04:04,1967119892956188678,False
1967119895774760965,1967119893555974153,1967119892830359636,2,38407,2025-07-11 03:52:04,1967119892956188682,2025-07-11 04:04:04,1967119892956188678,False
1967119895774760966,1967119893560168448,1967119892834553909,1,15189,2025-07-11 02:35:04,1967119892956188684,2025-07-11 02:47:04,1967119892956188682,False
1967119895774760967,1967119893560168448,1967119892838748207,1,15189,2025-07-11 02:35:04,1967119892956188684,2025-07-11 02:47:04,1967119892956188682,False
1967119895774760968,1967119893560168449,1967119892834553868,1,579715,2025-07-11 02:35:04,1967119892956188684,2025-07-11 02:47:04,1967119892956188682,False
1967119895774760969,1967119893560168450,1967119892830359591,2,49375,2025-07-11 02:35:04,1967119892956188684,2025-07-11 02:47:04,1967119892956188682,False
1967119895774760970,1967119893560168451,1967119892838748162,1,190755,2025-07-11 02:35:04,1967119892956188684,2025-07-11 02:47:04,1967119892956188682,False
1967119895774760971,1967119893560168452,1967119892834553887,1,64599,2025-07-11 02:35:04,1967119892956188684,2025-07-11 02:47:04,1967119892956188682,False
1967119895778955264,1967119893564362752,1967119892834553879,2,47110,2025-07-11 05:25:04,1967119892956188685,2025-07-11 05:27:04,1967119892956188684,False
1967119895778955265,1967119893564362753,1967119892838748269,1,801117,2025-07-11 05:25:04,1967119892956188685,2025-07-11 05:27:04,1967119892956188684,False
1967119895778955266,1967119893564362754,1967119892838748255,1,83586,2025-07-11 05:25:04,1967119892956188685,2025-07-11 05:27:04,1967119892956188684,False
1967119895778955267,1967119893564362755,1967119892838748201,2,164486,2025-07-11 03:34:04,1967119892956188679,2025-07-11 03:41:04,1967119892956188683,False
1967119895778955268,1967119893564362756,1967119892838748167,3,200012,2025-07-11 03:34:04,1967119892956188679,2025-07-11 03:41:04,1967119892956188683,False
1967119895778955269,1967119893564362757,1967119892838748237,1,41747,2025-07-11 03:34:04,1967119892956188679,2025-07-11 03:41:04,1967119892956188683,False
1967119895778955270,1967119893564362758,1967119892838748167,1,174609,2025-07-11 03:34:04,1967119892956188679,2025-07-11 03:41:04,1967119892956188683,False
1967119895778955271,1967119893564362759,1967119892830359553,2,52149,2025-07-11 19:30:04,1967119892956188684,2025-07-11 19:33:04,1967119892956188681,False
1967119895778955272,1967119893568557056,1967119892838748225,1,86881,2025-07-11 13:07:04,1967119892956188683,2025-07-11 13:12:04,1967119892956188680,False
1967119895778955273,1967119893568557057,1967119892834553887,1,174609,2025-07-11 13:07:04,1967119892956188683,2025-07-11 13:12:04,1967119892956188680,False
1967119895778955274,1967119893568557058,1967119892834553903,1,14367,2025-07-11 13:07:04,1967119892956188683,2025-07-11 13:12:04,1967119892956188680,False
1967119895783149568,1967119893572751360,1967119892838748165,1,313913,2025-07-11 23:59:04,1967119892956188685,2025-07-12 00:14:04,1967119892956188683,False
1967119895783149569,1967119893572751361,1967119892838748202,2,164486,2025-07-11 23:59:04,1967119892956188685,2025-07-12 00:14:04,1967119892956188683,False
1967119895783149570,1967119893572751362,1967119892838748224,1,36003,2025-07-11 22:17:04,1967119892956188682,2025-07-11 22:31:04,1967119892956188680,False
1967119895783149571,1967119893572751363,1967119892838748294,2,93868,2025-07-11 22:17:04,1967119892956188682,2025-07-11 22:31:04,1967119892956188680,False
1967119895783149572,1967119893572751364,1967119892834553905,1,36069,2025-07-11 14:05:04,1967119892956188679,2025-07-11 14:12:04,1967119892956188682,False
1967119895783149573,1967119893572751365,1967119892838748291,3,74235,2025-07-11 14:05:04,1967119892956188679,2025-07-11 14:12:04,1967119892956188682,False
1967119895783149574,1967119893576945664,1967119892838748167,1,200012,2025-07-11 15:03:04,1967119892956188685,2025-07-11 15:09:04,1967119892956188684,False
1967119895783149575,1967119893576945665,1967119892838748169,2,24111,2025-07-11 15:03:04,1967119892956188685,2025-07-11 15:09:04,1967119892956188684,False
1967119895783149576,1967119893576945665,1967119892838748189,1,24111,2025-07-11 15:03:04,1967119892956188685,2025-07-11 15:09:04,1967119892956188684,False
1967119895787343872,1967119893576945666,1967119892838748291,2,579715,2025-07-11 20:32:04,1967119892956188681,2025-07-11 20:40:04,1967119892956188678,False
1967119895787343873,1967119893576945667,1967119892838748303,1,43327,2025-07-11 06:47:04,1967119892956188681,2025-07-11 06:49:04,1967119892956188683,False
1967119895787343874,1967119893576945668,1967119892838748271,4,179379,2025-07-11 06:47:04,1967119892956188681,2025-07-11 06:49:04,1967119892956188683,False
1967119895787343875,1967119893576945669,1967119892838748189,1,31320,2025-07-11 14:39:04,1967119892956188678,2025-07-11 14:52:04,1967119892956188682,False
1967119895787343876,1967119893576945670,1967119892830359631,1,313913,2025-07-11 14:39:04,1967119892956188678,2025-07-11 14:52:04,1967119892956188682,False
1967119895787343877,1967119893576945671,1967119892838748167,2,174609,2025-07-11 14:39:04,1967119892956188678,2025-07-11 14:52:04,1967119892956188682,False
1967119895787343878,1967119893585334272,1967119892838748237,1,41747,2025-07-11 20:41:04,1967119892956188678,2025-07-11 20:42:04,1967119892956188683,False
1967119895787343879,1967119893589528576,1967119892838748249,1,72048,2025-07-11 12:16:04,1967119892956188683,2025-07-11 12:28:04,1967119892956188684,False
1967119895787343880,1967119893589528577,1967119892838748294,1,94845,2025-07-11 12:16:04,1967119892956188683,2025-07-11 12:28:04,1967119892956188684,False
1967119895787343881,1967119893589528578,1967119892834553868,1,579715,2025-07-11 12:16:04,1967119892956188683,2025-07-11 12:28:04,1967119892956188684,False
1967119895791538176,1967119893589528579,1967119892838748177,1,164486,2025-07-11 19:07:04,1967119892956188680,2025-07-11 19:08:04,1967119892956188678,False
1967119895791538177,1967119893597917184,1967119892838748264,1,49375,2025-07-11 21:27:04,1967119892956188685,2025-07-11 21:29:04,1967119892956188683,False
1967119895791538178,1967119893597917185,1967119892834553905,2,36069,2025-07-11 21:27:04,1967119892956188685,2025-07-11 21:29:04,1967119892956188683,False
1967119895791538179,1967119893597917186,1967119892834553881,1,15189,2025-07-12 14:42:04,1967119892956188682,2025-07-12 14:54:04,1967119892956188685,False
1967119895791538180,1967119893602111488,1967119892838748226,1,86881,2025-07-12 19:26:04,1967119892956188685,2025-07-12 19:36:04,1967119892956188680,False
1967119895791538181,1967119893602111489,1967119892834553891,3,200012,2025-07-12 19:26:04,1967119892956188685,2025-07-12 19:36:04,1967119892956188680,False
1967119895791538182,1967119893602111490,1967119892834553894,1,64599,2025-07-12 19:26:04,1967119892956188685,2025-07-12 19:36:04,1967119892956188680,False
1967119895791538183,1967119893602111491,1967119892834553919,3,313913,2025-07-12 19:26:04,1967119892956188685,2025-07-12 19:36:04,1967119892956188680,False
1967119895791538184,1967119893602111492,1967119892830359630,1,20336,2025-07-12 23:33:04,1967119892956188680,2025-07-12 23:34:04,1967119892956188685,False
1967119895791538185,1967119893602111493,1967119892830359572,2,41747,2025-07-12 23:33:04,1967119892956188680,2025-07-12 23:34:04,1967119892956188685,False
1967119895791538186,1967119893602111493,1967119892838748266,2,41747,2025-07-12 23:33:04,1967119892956188680,2025-07-12 23:34:04,1967119892956188685,False
1967119895795732480,1967119893602111494,1967119892834553889,1,421451,2025-07-12 23:33:04,1967119892956188680,2025-07-12 23:34:04,1967119892956188685,False
1967119895795732481,1967119893602111495,1967119892838748221,1,579715,2025-07-12 23:33:04,1967119892956188680,2025-07-12 23:34:04,1967119892956188685,False
1967119895795732482,1967119893606305792,1967119892830359630,1,52401,2025-07-12 05:09:04,1967119892956188681,2025-07-12 05:15:04,1967119892956188678,False
1967119895795732483,1967119893606305793,1967119892834553887,1,64599,2025-07-12 14:18:04,1967119892956188685,2025-07-12 14:25:04,1967119892956188680,False
1967119895795732484,1967119893606305794,1967119892838748162,1,313913,2025-07-12 14:18:04,1967119892956188685,2025-07-12 14:25:04,1967119892956188680,False
1967119895795732485,1967119893606305795,1967119892830359630,1,20336,2025-07-12 20:26:04,1967119892956188683,2025-07-12 20:41:04,1967119892956188683,False
1967119895795732486,1967119893614694400,1967119892830359611,2,94845,2025-07-12 10:16:04,1967119892956188682,2025-07-12 10:23:04,1967119892956188684,False
1967119895795732487,1967119893614694401,1967119892830359630,1,52401,2025-07-12 19:58:04,1967119892956188679,2025-07-12 20:05:04,1967119892956188680,False
1967119895795732488,1967119893618888704,1967119892838748167,1,200012,2025-07-12 21:25:04,1967119892956188684,2025-07-12 21:40:04,1967119892956188682,False
1967119895795732489,1967119893618888705,1967119892838748169,1,24111,2025-07-12 21:25:04,1967119892956188684,2025-07-12 21:40:04,1967119892956188682,False
1967119895795732490,1967119893618888706,1967119892830359573,1,94845,2025-07-12 18:21:04,1967119892956188680,2025-07-12 18:33:04,1967119892956188684,False
1967119895795732491,1967119893618888707,1967119892838748184,1,31320,2025-07-12 18:21:04,1967119892956188680,2025-07-12 18:33:04,1967119892956188684,False
1967119895799926784,1967119893623083008,1967119892834553870,1,93868,2025-07-12 03:56:04,1967119892956188679,2025-07-12 04:09:04,1967119892956188683,False
1967119895799926785,1967119893623083009,1967119892838748262,2,49375,2025-07-12 03:56:04,1967119892956188679,2025-07-12 04:09:04,1967119892956188683,False
1967119895799926786,1967119893623083010,1967119892838748304,1,174609,2025-07-12 03:56:04,1967119892956188679,2025-07-12 04:09:04,1967119892956188683,False
1967119895799926787,1967119893623083011,1967119892838748229,1,93868,2025-07-12 21:56:04,1967119892956188680,2025-07-12 22:02:04,1967119892956188684,False
1967119895799926788,1967119893623083012,1967119892830359579,1,376835,2025-07-12 21:56:04,1967119892956188680,2025-07-12 22:02:04,1967119892956188684,False
1967119895799926789,1967119893623083012,1967119892834553919,1,376835,2025-07-12 21:56:04,1967119892956188680,2025-07-12 22:02:04,1967119892956188684,False
1967119895799926790,1967119893623083013,1967119892834553891,2,200012,2025-07-12 21:56:04,1967119892956188680,2025-07-12 22:02:04,1967119892956188684,False
1967119895799926791,1967119893623083013,1967119892838748177,1,200012,2025-07-12 21:56:04,1967119892956188680,2025-07-12 22:02:04,1967119892956188684,False
1967119895799926792,1967119893623083014,1967119892834553931,1,74235,2025-07-12 21:56:04,1967119892956188680,2025-07-12 22:02:04,1967119892956188684,False
1967119895799926793,1967119893623083015,1967119892838748180,1,19254,2025-07-12 08:45:04,1967119892956188680,2025-07-12 08:46:04,1967119892956188680,False
1967119895799926794,1967119893627277312,1967119892834553891,1,47110,2025-07-12 09:16:04,1967119892956188681,2025-07-12 09:17:04,1967119892956188683,False
1967119895804121088,1967119893627277313,1967119892838748180,1,15189,2025-07-12 09:16:04,1967119892956188681,2025-07-12 09:17:04,1967119892956188683,False
1967119895804121089,1967119893627277313,1967119892838748296,1,15189,2025-07-12 09:16:04,1967119892956188681,2025-07-12 09:17:04,1967119892956188683,False
1967119895804121090,1967119893627277314,1967119892838748181,1,15189,2025-07-12 03:13:04,1967119892956188680,2025-07-12 03:22:04,1967119892956188679,False
1967119895804121091,1967119893627277315,1967119892834553874,4,93868,2025-07-12 03:13:04,1967119892956188680,2025-07-12 03:22:04,1967119892956188679,False
1967119895804121092,1967119893631471616,1967119892838748162,2,313913,2025-07-12 00:57:04,1967119892956188680,2025-07-12 01:11:04,1967119892956188684,False
1967119895804121093,1967119893631471617,1967119892838748224,2,36003,2025-07-12 00:57:04,1967119892956188680,2025-07-12 01:11:04,1967119892956188684,False
1967119895804121094,1967119893631471618,1967119892830359591,1,49375,2025-07-12 01:36:04,1967119892956188685,2025-07-12 01:37:04,1967119892956188679,False
1967119895804121095,1967119893631471619,1967119892834553868,1,579715,2025-07-12 01:36:04,1967119892956188685,2025-07-12 01:37:04,1967119892956188679,False
1967119895804121096,1967119893631471620,1967119892838748167,1,174609,2025-07-12 07:25:04,1967119892956188680,2025-07-12 07:28:04,1967119892956188682,False
1967119895804121097,1967119893631471621,1967119892838748169,2,31459,2025-07-12 07:25:04,1967119892956188680,2025-07-12 07:28:04,1967119892956188682,False
1967119895804121098,1967119893631471622,1967119892834553927,1,93868,2025-07-12 07:25:04,1967119892956188680,2025-07-12 07:28:04,1967119892956188682,False
1967119895804121099,1967119893631471623,1967119892838748237,1,14279,2025-07-12 07:25:04,1967119892956188680,2025-07-12 07:28:04,1967119892956188682,False
1967119895804121100,1967119893631471624,1967119892838748292,1,38407,2025-07-12 07:25:04,1967119892956188680,2025-07-12 07:28:04,1967119892956188682,False
1967119895804121101,1967119893635665920,1967119892834553894,1,64599,2025-07-12 05:12:04,1967119892956188681,2025-07-12 05:26:04,1967119892956188683,False
1967119895804121102,1967119893635665921,1967119892838748229,1,63701,2025-07-12 05:12:04,1967119892956188681,2025-07-12 05:26:04,1967119892956188683,False
1967119895804121103,1967119893635665922,1967119892830359557,2,83586,2025-07-12 05:12:04,1967119892956188681,2025-07-12 05:26:04,1967119892956188683,False
1967119895804121104,1967119893635665923,1967119892838748288,1,31459,2025-07-12 05:12:04,1967119892956188681,2025-07-12 05:26:04,1967119892956188683,False
1967119895804121105,1967119893635665924,1967119892838748186,3,13923,2025-07-12 02:38:04,1967119892956188685,2025-07-12 02:39:04,1967119892956188679,False
1967119895808315392,1967119893635665925,1967119892830359579,3,376835,2025-07-12 02:38:04,1967119892956188685,2025-07-12 02:39:04,1967119892956188679,False
1967119895808315393,1967119893639860224,1967119892834553889,1,421451,2025-07-12 12:34:04,1967119892956188678,2025-07-12 12:35:04,1967119892956188679,False
1967119895808315394,1967119893639860224,1967119892834553900,1,421451,2025-07-12 12:34:04,1967119892956188678,2025-07-12 12:35:04,1967119892956188679,False
1967119895808315395,1967119893639860225,1967119892830359581,1,200012,2025-07-12 12:34:04,1967119892956188678,2025-07-12 12:35:04,1967119892956188679,False
1967119895808315396,1967119893639860226,1967119892834553889,1,376835,2025-07-12 20:39:04,1967119892956188681,2025-07-12 20:50:04,1967119892956188678,False
1967119895808315397,1967119893639860227,1967119892830359572,3,36069,2025-07-12 20:39:04,1967119892956188681,2025-07-12 20:50:04,1967119892956188678,False
1967119895808315398,1967119893639860228,1967119892838748219,1,1244169,2025-07-12 20:39:04,1967119892956188681,2025-07-12 20:50:04,1967119892956188678,False
1967119895808315399,1967119893644054528,1967119892838748168,1,174609,2025-07-12 21:35:04,1967119892956188685,2025-07-12 21:41:04,1967119892956188683,False
1967119895808315400,1967119893644054529,1967119892834553891,1,200012,2025-07-12 21:35:04,1967119892956188685,2025-07-12 21:41:04,1967119892956188683,False
1967119895808315401,1967119893644054530,1967119892838748303,1,164486,2025-07-13 03:41:04,1967119892956188681,2025-07-13 03:42:04,1967119892956188685,False
1967119895812509696,1967119893644054531,1967119892830359614,2,79693,2025-07-13 03:41:04,1967119892956188681,2025-07-13 03:42:04,1967119892956188685,False
1967119895812509697,1967119893644054532,1967119892838748291,1,38407,2025-07-13 03:41:04,1967119892956188681,2025-07-13 03:42:04,1967119892956188685,False
1967119895812509698,1967119893644054533,1967119892838748267,1,46936,2025-07-13 03:41:04,1967119892956188681,2025-07-13 03:42:04,1967119892956188685,False
1967119895812509699,1967119893648248832,1967119892838748177,1,164486,2025-07-13 19:02:04,1967119892956188685,2025-07-13 19:05:04,1967119892956188679,False
1967119895812509700,1967119893648248833,1967119892834553894,1,64599,2025-07-13 19:02:04,1967119892956188685,2025-07-13 19:05:04,1967119892956188679,False
1967119895812509701,1967119893648248833,1967119892838748312,2,64599,2025-07-13 19:02:04,1967119892956188685,2025-07-13 19:05:04,1967119892956188679,False
1967119895812509702,1967119893648248834,1967119892834553904,1,36069,2025-07-13 19:02:04,1967119892956188685,2025-07-13 19:05:04,1967119892956188679,False
1967119895812509703,1967119893648248835,1967119892838748180,1,19254,2025-07-13 19:02:04,1967119892956188685,2025-07-13 19:05:04,1967119892956188679,False
1967119895812509704,1967119893648248836,1967119892830359564,3,14279,2025-07-13 14:00:04,1967119892956188679,2025-07-13 14:02:04,1967119892956188684,False
1967119895812509705,1967119893648248836,1967119892834553903,1,14279,2025-07-13 14:00:04,1967119892956188679,2025-07-13 14:02:04,1967119892956188684,False
1967119895812509706,1967119893652443136,1967119892838748289,1,46936,2025-07-13 12:23:04,1967119892956188680,2025-07-13 12:29:04,1967119892956188682,False
1967119895816704000,1967119893652443137,1967119892838748199,1,1321538,2025-07-13 12:23:04,1967119892956188680,2025-07-13 12:29:04,1967119892956188682,False
1967119895816704001,1967119893652443138,1967119892830359600,1,31459,2025-07-13 12:23:04,1967119892956188680,2025-07-13 12:29:04,1967119892956188682,False
1967119895816704002,1967119893652443138,1967119892838748286,2,31459,2025-07-13 12:23:04,1967119892956188680,2025-07-13 12:29:04,1967119892956188682,False
1967119895816704003,1967119893652443139,1967119892838748283,1,36003,2025-07-13 14:51:04,1967119892956188683,2025-07-13 14:59:04,1967119892956188678,False
1967119895820898304,1967119893652443140,1967119892834553905,1,36069,2025-07-13 14:51:04,1967119892956188683,2025-07-13 14:59:04,1967119892956188678,False
1967119895820898305,1967119893660831744,1967119892834553874,1,93868,2025-07-13 21:06:04,1967119892956188679,2025-07-13 21:13:04,1967119892956188681,False
1967119895820898306,1967119893660831745,1967119892838748255,2,83586,2025-07-13 21:06:04,1967119892956188679,2025-07-13 21:13:04,1967119892956188681,False
1967119895820898307,1967119893660831746,1967119892834553905,2,36069,2025-07-13 07:04:04,1967119892956188678,2025-07-13 07:14:04,1967119892956188683,False
1967119895820898308,1967119893660831747,1967119892838748303,2,43327,2025-07-13 07:04:04,1967119892956188678,2025-07-13 07:14:04,1967119892956188683,False
1967119895820898309,1967119893665026048,1967119892838748292,1,579715,2025-07-13 19:37:04,1967119892956188683,2025-07-13 19:40:04,1967119892956188684,False
1967119895820898310,1967119893665026049,1967119892838748256,1,43327,2025-07-13 19:37:04,1967119892956188683,2025-07-13 19:40:04,1967119892956188684,False
1967119895820898311,1967119893665026050,1967119892830359631,1,79693,2025-07-13 19:37:04,1967119892956188683,2025-07-13 19:40:04,1967119892956188684,False
1967119895820898312,1967119893665026051,1967119892838748285,3,31459,2025-07-13 13:47:04,1967119892956188680,2025-07-13 13:56:04,1967119892956188683,False
1967119895820898313,1967119893669220352,1967119892830359626,2,179379,2025-07-13 08:09:04,1967119892956188680,2025-07-13 08:23:04,1967119892956188679,False
1967119895820898314,1967119893669220353,1967119892830359629,1,52401,2025-07-13 08:09:04,1967119892956188680,2025-07-13 08:23:04,1967119892956188679,False
1967119895820898315,1967119893669220354,1967119892838748260,1,31035,2025-07-13 08:09:04,1967119892956188680,2025-07-13 08:23:04,1967119892956188679,False
1967119895820898316,1967119893669220355,1967119892838748321,1,164486,2025-07-13 08:09:04,1967119892956188680,2025-07-13 08:23:04,1967119892956188679,False
1967119895820898317,1967119893669220355,1967119892838748304,2,164486,2025-07-13 08:09:04,1967119892956188680,2025-07-13 08:23:04,1967119892956188679,False
1967119895820898318,1967119893669220356,1967119892838748272,1,801117,2025-07-13 08:09:04,1967119892956188680,2025-07-13 08:23:04,1967119892956188679,False
1967119895820898319,1967119893669220357,1967119892830359567,3,14279,2025-07-13 08:09:04,1967119892956188680,2025-07-13 08:23:04,1967119892956188679,False
1967119895820898320,1967119893669220358,1967119892834553889,2,64599,2025-07-13 09:38:04,1967119892956188678,2025-07-13 09:46:04,1967119892956188680,False
1967119895820898321,1967119893669220358,1967119892838748311,1,64599,2025-07-13 09:38:04,1967119892956188678,2025-07-13 09:46:04,1967119892956188680,False
1967119895820898322,1967119893669220359,1967119892838748217,2,179379,2025-07-13 09:38:04,1967119892956188678,2025-07-13 09:46:04,1967119892956188680,False
1967119895825092608,1967119893673414656,1967119892838748181,1,19254,2025-07-13 02:37:04,1967119892956188685,2025-07-13 02:44:04,1967119892956188682,False
1967119895825092609,1967119893673414656,1967119892838748208,1,19254,2025-07-13 02:37:04,1967119892956188685,2025-07-13 02:44:04,1967119892956188682,False
1967119895825092610,1967119893673414657,1967119892830359600,1,31459,2025-07-13 08:02:04,1967119892956188683,2025-07-13 08:05:04,1967119892956188682,False
1967119895825092611,1967119893673414658,1967119892834553890,1,190755,2025-07-13 08:02:04,1967119892956188683,2025-07-13 08:05:04,1967119892956188682,False
1967119895825092612,1967119893677608960,1967119892830359632,2,79693,2025-07-13 14:12:04,1967119892956188682,2025-07-13 14:21:04,1967119892956188679,False
1967119895825092613,1967119893677608961,1967119892838748294,1,93868,2025-07-14 14:21:04,1967119892956188679,2025-07-14 14:33:04,1967119892956188679,False
1967119895825092614,1967119893677608962,1967119892834553887,3,421451,2025-07-14 14:21:04,1967119892956188679,2025-07-14 14:33:04,1967119892956188679,False
1967119895825092615,1967119893677608963,1967119892834553887,1,174609,2025-07-14 14:21:04,1967119892956188679,2025-07-14 14:33:04,1967119892956188679,False
1967119895825092616,1967119893677608964,1967119892834553887,1,64599,2025-07-14 14:21:04,1967119892956188679,2025-07-14 14:33:04,1967119892956188679,False
1967119895825092617,1967119893677608965,1967119892830359562,1,1072384,2025-07-14 14:21:04,1967119892956188679,2025-07-14 14:33:04,1967119892956188679,False
1967119895825092618,1967119893681803264,1967119892838748160,2,19254,2025-07-14 03:21:04,1967119892956188682,2025-07-14 03:34:04,1967119892956188682,False
1967119895825092619,1967119893681803264,1967119892838748207,1,19254,2025-07-14 03:21:04,1967119892956188682,2025-07-14 03:34:04,1967119892956188682,False
1967119895825092620,1967119893681803265,1967119892838748162,1,313913,2025-07-14 03:21:04,1967119892956188682,2025-07-14 03:34:04,1967119892956188682,False
1967119895829286912,1967119893681803266,1967119892838748190,1,24111,2025-07-14 19:51:04,1967119892956188685,2025-07-14 20:03:04,1967119892956188680,False
1967119895829286913,1967119893681803267,1967119892838748287,1,31459,2025-07-14 10:35:04,1967119892956188678,2025-07-14 10:39:04,1967119892956188679,False
1967119895829286914,1967119893681803268,1967119892830359591,1,36069,2025-07-14 10:35:04,1967119892956188678,2025-07-14 10:39:04,1967119892956188679,False
1967119895829286915,1967119893681803269,1967119892834553909,3,15189,2025-07-14 10:35:04,1967119892956188678,2025-07-14 10:39:04,1967119892956188679,False
1967119895829286916,1967119893681803269,1967119892838748207,1,15189,2025-07-14 10:35:04,1967119892956188678,2025-07-14 10:39:04,1967119892956188679,False
1967119895829286917,1967119893681803270,1967119892838748160,1,19254,2025-07-14 10:35:04,1967119892956188678,2025-07-14 10:39:04,1967119892956188679,False
1967119895829286918,1967119893690191872,1967119892830359617,1,1339857,2025-07-14 05:24:04,1967119892956188683,2025-07-14 05:26:04,1967119892956188680,False
1967119895833481216,1967119893690191873,1967119892830359566,2,14279,2025-07-14 05:24:04,1967119892956188683,2025-07-14 05:26:04,1967119892956188680,False
1967119895833481217,1967119893690191874,1967119892830359572,1,36069,2025-07-14 08:36:04,1967119892956188684,2025-07-14 08:49:04,1967119892956188684,False
1967119895833481218,1967119893690191875,1967119892834553889,1,421451,2025-07-14 08:36:04,1967119892956188684,2025-07-14 08:49:04,1967119892956188684,False
1967119895833481219,1967119893690191875,1967119892834553900,1,421451,2025-07-14 08:36:04,1967119892956188684,2025-07-14 08:49:04,1967119892956188684,False
1967119895833481220,1967119893690191876,1967119892830359642,1,24224,2025-07-14 08:36:04,1967119892956188684,2025-07-14 08:49:04,1967119892956188684,False
1967119895833481221,1967119893694386176,1967119892830359617,1,1339857,2025-07-14 11:59:04,1967119892956188682,2025-07-14 12:10:04,1967119892956188684,False
1967119895833481222,1967119893694386177,1967119892830359630,1,20336,2025-07-14 11:59:04,1967119892956188682,2025-07-14 12:10:04,1967119892956188684,False
1967119895833481223,1967119893694386178,1967119892830359566,3,14279,2025-07-14 11:59:04,1967119892956188682,2025-07-14 12:10:04,1967119892956188684,False
1967119895833481224,1967119893694386179,1967119892834553922,2,47110,2025-07-14 11:59:04,1967119892956188682,2025-07-14 12:10:04,1967119892956188684,False
1967119895837675520,1967119893694386180,1967119892830359632,1,47110,2025-07-14 14:33:04,1967119892956188679,2025-07-14 14:43:04,1967119892956188681,False
1967119895837675521,1967119893694386180,1967119892834553890,2,47110,2025-07-14 14:33:04,1967119892956188679,2025-07-14 14:43:04,1967119892956188681,False
1967119895837675522,1967119893694386181,1967119892834553890,1,200012,2025-07-14 14:33:04,1967119892956188679,2025-07-14 14:43:04,1967119892956188681,False
1967119895837675523,1967119893694386182,1967119892838748179,1,164486,2025-07-14 14:33:04,1967119892956188679,2025-07-14 14:43:04,1967119892956188681,False
1967119895837675524,1967119893698580480,1967119892834553904,1,14279,2025-07-15 19:30:04,1967119892956188682,2025-07-15 19:36:04,1967119892956188679,False
1967119895837675525,1967119893698580481,1967119892838748168,1,174609,2025-07-15 19:30:04,1967119892956188682,2025-07-15 19:36:04,1967119892956188679,False
1967119895837675526,1967119893698580482,1967119892838748180,1,15189,2025-07-15 19:30:04,1967119892956188682,2025-07-15 19:36:04,1967119892956188679,False
1967119895837675527,1967119893698580483,1967119892830359591,2,36069,2025-07-15 10:39:04,1967119892956188681,2025-07-15 10:44:04,1967119892956188681,False
1967119895837675528,1967119893698580483,1967119892834553903,1,36069,2025-07-15 10:39:04,1967119892956188681,2025-07-15 10:44:04,1967119892956188681,False
1967119895837675529,1967119893698580483,1967119892838748173,1,36069,2025-07-15 10:39:04,1967119892956188681,2025-07-15 10:44:04,1967119892956188681,False
1967119895837675530,1967119893702774784,1967119892838748184,2,31320,2025-07-15 14:54:04,1967119892956188684,2025-07-15 15:00:04,1967119892956188683,False
1967119895837675531,1967119893702774784,1967119892838748301,1,31320,2025-07-15 14:54:04,1967119892956188684,2025-07-15 15:00:04,1967119892956188683,False
1967119895841869824,1967119893702774785,1967119892838748264,2,49375,2025-07-15 14:54:04,1967119892956188684,2025-07-15 15:00:04,1967119892956188683,False
1967119895841869825,1967119893702774786,1967119892830359614,3,79693,2025-07-15 14:54:04,1967119892956188684,2025-07-15 15:00:04,1967119892956188683,False
1967119895841869826,1967119893702774787,1967119892830359636,1,38407,2025-07-15 09:08:04,1967119892956188681,2025-07-15 09:18:04,1967119892956188684,False
1967119895841869827,1967119893702774788,1967119892834553889,1,421451,2025-07-15 09:08:04,1967119892956188681,2025-07-15 09:18:04,1967119892956188684,False
1967119895841869828,1967119893702774788,1967119892834553900,1,421451,2025-07-15 09:08:04,1967119892956188681,2025-07-15 09:18:04,1967119892956188684,False
1967119895841869829,1967119893706969088,1967119892838748226,1,86881,2025-07-15 09:58:04,1967119892956188685,2025-07-15 10:12:04,1967119892956188684,False
1967119895841869830,1967119893706969089,1967119892838748177,1,164486,2025-07-15 09:58:04,1967119892956188685,2025-07-15 10:12:04,1967119892956188684,False
1967119895841869831,1967119893706969090,1967119892830359562,1,1072384,2025-07-15 13:38:04,1967119892956188678,2025-07-15 13:50:04,1967119892956188680,False
1967119895841869832,1967119893706969091,1967119892834553903,2,14367,2025-07-15 13:38:04,1967119892956188678,2025-07-15 13:50:04,1967119892956188680,False
1967119895841869833,1967119893706969092,1967119892838748225,1,67077,2025-07-15 13:38:04,1967119892956188678,2025-07-15 13:50:04,1967119892956188680,False
1967119895841869834,1967119893706969093,1967119892830359606,2,200012,2025-07-15 13:38:04,1967119892956188678,2025-07-15 13:50:04,1967119892956188680,False
1967119895846064128,1967119893706969094,1967119892830359606,2,164486,2025-07-15 13:38:04,1967119892956188678,2025-07-15 13:50:04,1967119892956188680,False
1967119895846064129,1967119893711163392,1967119892838748202,1,164486,2025-07-15 22:35:04,1967119892956188680,2025-07-15 22:39:04,1967119892956188685,False
1967119895846064130,1967119893711163392,1967119892838748255,1,164486,2025-07-15 22:35:04,1967119892956188680,2025-07-15 22:39:04,1967119892956188685,False
1967119895846064131,1967119893711163393,1967119892838748295,1,13923,2025-07-15 22:35:04,1967119892956188680,2025-07-15 22:39:04,1967119892956188685,False
1967119895846064132,1967119893711163394,1967119892830359566,2,14279,2025-07-15 06:20:04,1967119892956188684,2025-07-15 06:24:04,1967119892956188685,False
1967119895846064133,1967119893711163395,1967119892834553889,1,376835,2025-07-15 06:20:04,1967119892956188684,2025-07-15 06:24:04,1967119892956188685,False
1967119895846064134,1967119893715357696,1967119892830359555,1,31320,2025-07-15 04:58:04,1967119892956188679,2025-07-15 05:09:04,1967119892956188678,False
1967119895846064135,1967119893715357697,1967119892830359631,3,313913,2025-07-15 05:38:04,1967119892956188680,2025-07-15 05:46:04,1967119892956188681,False
1967119895850258432,1967119893715357698,1967119892838748167,2,174609,2025-07-15 05:38:04,1967119892956188680,2025-07-15 05:46:04,1967119892956188681,False
1967119895850258433,1967119893715357699,1967119892838748229,1,93868,2025-07-15 04:35:04,1967119892956188683,2025-07-15 04:37:04,1967119892956188681,False
1967119895850258434,1967119893715357700,1967119892834553891,1,200012,2025-07-15 04:35:04,1967119892956188683,2025-07-15 04:37:04,1967119892956188681,False
1967119895850258435,1967119893719552000,1967119892838748183,2,19254,2025-07-15 21:14:04,1967119892956188684,2025-07-15 21:27:04,1967119892956188678,False
1967119895850258436,1967119893719552001,1967119892838748219,1,1244169,2025-07-15 21:14:04,1967119892956188684,2025-07-15 21:27:04,1967119892956188678,False
1967119895854452736,1967119893719552002,1967119892838748292,1,579715,2025-07-16 07:20:04,1967119892956188683,2025-07-16 07:35:04,1967119892956188683,False
1967119895854452737,1967119893719552003,1967119892838748237,1,14279,2025-07-16 07:20:04,1967119892956188683,2025-07-16 07:35:04,1967119892956188683,False
1967119895854452738,1967119893723746304,1967119892834553887,1,174609,2025-07-16 03:46:04,1967119892956188685,2025-07-16 03:50:04,1967119892956188679,False
1967119895854452739,1967119893723746305,1967119892830359553,1,52149,2025-07-16 03:46:04,1967119892956188685,2025-07-16 03:50:04,1967119892956188679,False
1967119895854452740,1967119893727940608,1967119892838748267,1,46936,2025-07-16 19:07:04,1967119892956188682,2025-07-16 19:15:04,1967119892956188685,False
1967119895854452741,1967119893727940609,1967119892834553905,2,14367,2025-07-16 19:07:04,1967119892956188682,2025-07-16 19:15:04,1967119892956188685,False
1967119895854452742,1967119893727940609,1967119892834553884,1,14367,2025-07-16 19:07:04,1967119892956188682,2025-07-16 19:15:04,1967119892956188685,False
1967119895854452743,1967119893727940610,1967119892830359614,1,79693,2025-07-16 19:07:04,1967119892956188682,2025-07-16 19:15:04,1967119892956188685,False
1967119895854452744,1967119893732134912,1967119892838748229,2,63701,2025-07-16 20:22:04,1967119892956188681,2025-07-16 20:29:04,1967119892956188680,False
1967119895854452745,1967119893732134913,1967119892838748177,1,164486,2025-07-16 20:22:04,1967119892956188681,2025-07-16 20:29:04,1967119892956188680,False
1967119895854452746,1967119893732134914,1967119892830359598,3,14367,2025-07-16 20:22:04,1967119892956188681,2025-07-16 20:29:04,1967119892956188680,False
1967119895854452747,1967119893732134915,1967119892838748303,1,43327,2025-07-16 08:46:04,1967119892956188679,2025-07-16 08:59:04,1967119892956188680,False
1967119895854452748,1967119893732134916,1967119892838748291,3,38407,2025-07-16 08:46:04,1967119892956188679,2025-07-16 08:59:04,1967119892956188680,False
1967119895854452749,1967119893732134917,1967119892838748291,1,579715,2025-07-16 08:46:04,1967119892956188679,2025-07-16 08:59:04,1967119892956188680,False
1967119895854452750,1967119893732134918,1967119892838748184,1,31320,2025-07-16 08:46:04,1967119892956188679,2025-07-16 08:59:04,1967119892956188680,False
1967119895854452751,1967119893736329216,1967119892838748276,2,512311,2025-07-16 03:30:04,1967119892956188680,2025-07-16 03:34:04,1967119892956188678,False
1967119895854452752,1967119893736329217,1967119892838748185,1,13923,2025-07-16 03:30:04,1967119892956188680,2025-07-16 03:34:04,1967119892956188678,False
1967119895854452753,1967119893736329218,1967119892838748224,1,36003,2025-07-16 12:16:04,1967119892956188683,2025-07-16 12:17:04,1967119892956188684,False
1967119895854452754,1967119893736329219,1967119892838748162,3,190755,2025-07-16 12:16:04,1967119892956188683,2025-07-16 12:17:04,1967119892956188684,False
1967119895862841344,1967119893736329220,1967119892830359564,1,46936,2025-07-16 12:16:04,1967119892956188683,2025-07-16 12:17:04,1967119892956188684,False
1967119895862841345,1967119893736329221,1967119892834553909,1,31320,2025-07-16 12:16:04,1967119892956188683,2025-07-16 12:17:04,1967119892956188684,False
1967119895862841346,1967119893740523520,1967119892834553921,1,24224,2025-07-16 00:07:04,1967119892956188682,2025-07-16 00:11:04,1967119892956188684,False
1967119895862841347,1967119893740523521,1967119892830359592,1,49375,2025-07-16 00:07:04,1967119892956188682,2025-07-16 00:11:04,1967119892956188684,False
1967119895862841348,1967119893740523522,1967119892838748160,1,25561,2025-07-16 04:11:04,1967119892956188681,2025-07-16 04:15:04,1967119892956188684,False
1967119895862841349,1967119893740523523,1967119892838748225,1,86881,2025-07-16 04:11:04,1967119892956188681,2025-07-16 04:15:04,1967119892956188684,False
1967119895862841350,1967119893744717824,1967119892830359581,3,200012,2025-07-16 08:40:04,1967119892956188681,2025-07-16 08:55:04,1967119892956188681,False
1967119895862841351,1967119893744717825,1967119892834553922,1,47110,2025-07-16 08:40:04,1967119892956188681,2025-07-16 08:55:04,1967119892956188681,False
1967119895862841352,1967119893744717826,1967119892834553889,1,421451,2025-07-16 08:40:04,1967119892956188681,2025-07-16 08:55:04,1967119892956188681,False
1967119895862841353,1967119893744717826,1967119892834553900,1,421451,2025-07-16 08:40:04,1967119892956188681,2025-07-16 08:55:04,1967119892956188681,False
1967119895862841354,1967119893744717827,1967119892838748183,1,31320,2025-07-16 08:40:04,1967119892956188681,2025-07-16 08:55:04,1967119892956188681,False
1967119895862841355,1967119893744717827,1967119892838748285,1,31320,2025-07-16 08:40:04,1967119892956188681,2025-07-16 08:55:04,1967119892956188681,False
1967119895867035648,1967119893744717828,1967119892838748303,1,164486,2025-07-17 02:20:04,1967119892956188680,2025-07-17 02:33:04,1967119892956188679,False
1967119895867035649,1967119893748912128,1967119892834553909,1,31320,2025-07-17 20:40:04,1967119892956188684,2025-07-17 20:54:04,1967119892956188685,False
1967119895867035650,1967119893748912129,1967119892838748160,1,19254,2025-07-17 20:40:04,1967119892956188684,2025-07-17 20:54:04,1967119892956188685,False
1967119895867035651,1967119893748912130,1967119892830359572,5,36069,2025-07-17 03:24:04,1967119892956188683,2025-07-17 03:25:04,1967119892956188681,False
1967119895867035652,1967119893753106432,1967119892838748303,1,164486,2025-07-17 03:55:04,1967119892956188684,2025-07-17 04:05:04,1967119892956188680,False
1967119895867035653,1967119893753106433,1967119892838748293,3,26443,2025-07-17 03:55:04,1967119892956188684,2025-07-17 04:05:04,1967119892956188680,False
1967119895867035654,1967119893753106434,1967119892838748224,1,36003,2025-07-17 09:13:04,1967119892956188679,2025-07-17 09:16:04,1967119892956188680,False
1967119895867035655,1967119893761495040,1967119892838748261,1,36069,2025-07-17 09:22:04,1967119892956188683,2025-07-17 09:30:04,1967119892956188679,False
1967119895867035656,1967119893761495041,1967119892838748275,2,26443,2025-07-17 09:22:04,1967119892956188683,2025-07-17 09:30:04,1967119892956188679,False
1967119895867035657,1967119893761495042,1967119892834553879,1,47110,2025-07-17 09:22:04,1967119892956188683,2025-07-17 09:30:04,1967119892956188679,False
1967119895867035658,1967119893761495043,1967119892830359555,1,31320,2025-07-17 09:22:04,1967119892956188683,2025-07-17 09:30:04,1967119892956188679,False
1967119895867035659,1967119893761495044,1967119892830359630,5,20336,2025-07-17 02:43:04,1967119892956188678,2025-07-17 02:46:04,1967119892956188679,False
1967119895867035660,1967119893765689344,1967119892834553927,2,93868,2025-07-17 02:46:04,1967119892956188685,2025-07-17 03:00:04,1967119892956188685,False
1967119895871229952,1967119893765689345,1967119892838748194,1,14367,2025-07-17 23:24:04,1967119892956188683,2025-07-17 23:31:04,1967119892956188680,False
1967119895871229953,1967119893774077952,1967119892834553928,1,72048,2025-07-17 16:30:04,1967119892956188680,2025-07-17 16:34:04,1967119892956188680,False
1967119895871229954,1967119893774077953,1967119892838748164,1,190755,2025-07-17 16:30:04,1967119892956188680,2025-07-17 16:34:04,1967119892956188680,False
1967119895871229955,1967119893774077954,1967119892834553899,2,421451,2025-07-17 13:13:04,1967119892956188679,2025-07-17 13:23:04,1967119892956188685,False
1967119895871229956,1967119893774077955,1967119892830359570,3,41747,2025-07-17 13:13:04,1967119892956188679,2025-07-17 13:23:04,1967119892956188685,False
1967119895871229957,1967119893774077955,1967119892830359607,1,41747,2025-07-17 13:13:04,1967119892956188679,2025-07-17 13:23:04,1967119892956188685,False
1967119895871229958,1967119893774077956,1967119892838748182,1,31320,2025-07-17 13:13:04,1967119892956188679,2025-07-17 13:23:04,1967119892956188685,False
1967119895871229959,1967119893774077956,1967119892838748286,2,31320,2025-07-17 13:13:04,1967119892956188679,2025-07-17 13:23:04,1967119892956188685,False
1967119895871229960,1967119893774077957,1967119892834553879,2,43327,2025-07-17 06:49:04,1967119892956188685,2025-07-17 06:59:04,1967119892956188685,False
1967119895871229961,1967119893774077957,1967119892838748255,1,43327,2025-07-17 06:49:04,1967119892956188685,2025-07-17 06:59:04,1967119892956188685,False
1967119895871229962,1967119893778272256,1967119892834553889,1,376835,2025-07-17 21:25:04,1967119892956188683,2025-07-17 21:33:04,1967119892956188681,False
1967119895875424256,1967119893778272257,1967119892838748194,2,46936,2025-07-17 21:25:04,1967119892956188683,2025-07-17 21:33:04,1967119892956188681,False
1967119895875424257,1967119893778272258,1967119892838748180,1,15189,2025-07-17 06:51:04,1967119892956188681,2025-07-17 06:58:04,1967119892956188681,False
1967119895875424258,1967119893778272258,1967119892838748296,1,15189,2025-07-17 06:51:04,1967119892956188681,2025-07-17 06:58:04,1967119892956188681,False
1967119895875424259,1967119893778272259,1967119892834553931,2,74235,2025-07-17 06:51:04,1967119892956188681,2025-07-17 06:58:04,1967119892956188681,False
1967119895875424260,1967119893782466560,1967119892838748271,1,801117,2025-07-18 00:30:04,1967119892956188684,2025-07-18 00:31:04,1967119892956188683,False
1967119895875424261,1967119893782466561,1967119892834553905,1,36069,2025-07-18 00:30:04,1967119892956188684,2025-07-18 00:31:04,1967119892956188683,False
1967119895875424262,1967119893782466562,1967119892830359558,2,86881,2025-07-18 00:30:04,1967119892956188684,2025-07-18 00:31:04,1967119892956188683,False
1967119895875424263,1967119893782466563,1967119892838748267,1,46936,2025-07-18 00:30:04,1967119892956188684,2025-07-18 00:31:04,1967119892956188683,False
1967119895875424264,1967119893782466564,1967119892838748260,2,46936,2025-07-18 21:36:04,1967119892956188685,2025-07-18 21:39:04,1967119892956188681,False
1967119895875424265,1967119893782466565,1967119892838748164,1,190755,2025-07-18 21:36:04,1967119892956188685,2025-07-18 21:39:04,1967119892956188681,False
1967119895875424266,1967119893782466566,1967119892838748272,1,512311,2025-07-18 21:36:04,1967119892956188685,2025-07-18 21:39:04,1967119892956188681,False
1967119895879618560,1967119893786660864,1967119892838748217,1,179379,2025-07-18 23:40:04,1967119892956188681,2025-07-18 23:43:04,1967119892956188682,False
1967119895879618561,1967119893786660865,1967119892830359630,1,20336,2025-07-18 23:40:04,1967119892956188681,2025-07-18 23:43:04,1967119892956188682,False
1967119895879618562,1967119893786660866,1967119892834553889,1,64599,2025-07-18 23:40:04,1967119892956188681,2025-07-18 23:43:04,1967119892956188682,False
1967119895879618563,1967119893786660867,1967119892834553925,1,1321538,2025-07-18 07:17:04,1967119892956188683,2025-07-18 07:23:04,1967119892956188680,False
1967119895879618564,1967119893786660868,1967119892830359572,2,41747,2025-07-18 07:17:04,1967119892956188683,2025-07-18 07:23:04,1967119892956188680,False
1967119895879618565,1967119893790855168,1967119892830359572,1,36003,2025-07-18 13:05:04,1967119892956188679,2025-07-18 13:10:04,1967119892956188679,False
1967119895879618566,1967119893790855169,1967119892830359642,2,24224,2025-07-18 13:05:04,1967119892956188679,2025-07-18 13:10:04,1967119892956188679,False
1967119895879618567,1967119893790855169,1967119892838748187,1,24224,2025-07-18 13:05:04,1967119892956188679,2025-07-18 13:10:04,1967119892956188679,False
1967119895879618568,1967119893795049472,1967119892830359591,1,20336,2025-07-18 12:47:04,1967119892956188684,2025-07-18 13:02:04,1967119892956188685,False
1967119895879618569,1967119893795049472,1967119892838748265,1,20336,2025-07-18 12:47:04,1967119892956188684,2025-07-18 13:02:04,1967119892956188685,False
1967119895879618570,1967119893795049473,1967119892834553887,1,64599,2025-07-18 12:47:04,1967119892956188684,2025-07-18 13:02:04,1967119892956188685,False
1967119895879618571,1967119893795049474,1967119892838748273,1,50952,2025-07-18 12:47:04,1967119892956188684,2025-07-18 13:02:04,1967119892956188685,False
1967119895879618572,1967119893795049475,1967119892830359606,2,164486,2025-07-18 12:47:04,1967119892956188684,2025-07-18 13:02:04,1967119892956188685,False
1967119895883812864,1967119893799243776,1967119892834553921,1,24224,2025-07-18 09:19:04,1967119892956188683,2025-07-18 09:25:04,1967119892956188684,False
1967119895883812865,1967119893799243777,1967119892838748165,1,190755,2025-07-18 15:40:04,1967119892956188681,2025-07-18 15:43:04,1967119892956188682,False
1967119895883812866,1967119893803438080,1967119892838748183,1,31320,2025-07-18 07:47:04,1967119892956188678,2025-07-18 07:58:04,1967119892956188679,False
1967119895883812867,1967119893803438080,1967119892838748285,1,31320,2025-07-18 07:47:04,1967119892956188678,2025-07-18 07:58:04,1967119892956188679,False
1967119895883812868,1967119893803438081,1967119892830359572,1,52149,2025-07-18 07:47:04,1967119892956188678,2025-07-18 07:58:04,1967119892956188679,False
1967119895883812869,1967119893803438082,1967119892830359572,1,36069,2025-07-18 07:47:04,1967119892956188678,2025-07-18 07:58:04,1967119892956188679,False
1967119895883812870,1967119893811826688,1967119892838748180,1,19254,2025-07-18 16:30:04,1967119892956188685,2025-07-18 16:31:04,1967119892956188683,False
1967119895888007168,1967119893811826689,1967119892834553919,1,313913,2025-07-18 16:30:04,1967119892956188685,2025-07-18 16:31:04,1967119892956188683,False
1967119895888007169,1967119893811826689,1967119892838748168,1,313913,2025-07-18 16:30:04,1967119892956188685,2025-07-18 16:31:04,1967119892956188683,False
1967119895888007170,1967119893811826690,1967119892838748183,1,19254,2025-07-18 21:21:04,1967119892956188683,2025-07-18 21:30:04,1967119892956188678,False
1967119895888007171,1967119893811826691,1967119892834553889,2,64599,2025-07-18 21:21:04,1967119892956188683,2025-07-18 21:30:04,1967119892956188678,False
1967119895888007172,1967119893811826692,1967119892830359572,2,41747,2025-07-18 21:21:04,1967119892956188683,2025-07-18 21:30:04,1967119892956188678,False
1967119895888007173,1967119893816020992,1967119892830359572,2,36069,2025-07-18 06:03:04,1967119892956188678,2025-07-18 06:06:04,1967119892956188684,False
1967119895892201472,1967119893816020993,1967119892830359636,2,38407,2025-07-18 06:03:04,1967119892956188678,2025-07-18 06:06:04,1967119892956188684,False
1967119895892201473,1967119893816020994,1967119892834553889,1,421451,2025-07-18 06:03:04,1967119892956188678,2025-07-18 06:06:04,1967119892956188684,False
1967119895892201474,1967119893816020994,1967119892834553900,2,421451,2025-07-18 06:03:04,1967119892956188678,2025-07-18 06:06:04,1967119892956188684,False
1967119895892201475,1967119893816020995,1967119892834553891,2,47110,2025-07-18 04:33:04,1967119892956188681,2025-07-18 04:47:04,1967119892956188680,False
1967119895892201476,1967119893816020996,1967119892838748186,2,24224,2025-07-18 04:33:04,1967119892956188681,2025-07-18 04:47:04,1967119892956188680,False
1967119895892201477,1967119893820215296,1967119892838748202,3,164486,2025-07-18 04:45:04,1967119892956188683,2025-07-18 04:56:04,1967119892956188680,False
1967119895892201478,1967119893820215297,1967119892838748169,1,24111,2025-07-18 19:08:04,1967119892956188685,2025-07-18 19:19:04,1967119892956188685,False
1967119895892201479,1967119893824409600,1967119892830359581,3,200012,2025-07-18 21:44:04,1967119892956188682,2025-07-18 21:50:04,1967119892956188679,False
1967119895892201480,1967119893824409601,1967119892838748183,1,19254,2025-07-18 14:13:04,1967119892956188685,2025-07-18 14:24:04,1967119892956188682,False
1967119895892201481,1967119893828603904,1967119892834553879,3,43327,2025-07-18 14:58:04,1967119892956188685,2025-07-18 15:13:04,1967119892956188679,False
1967119895892201482,1967119893828603905,1967119892830359555,1,31320,2025-07-18 14:58:04,1967119892956188685,2025-07-18 15:13:04,1967119892956188679,False
1967119895892201483,1967119893828603906,1967119892838748281,1,421451,2025-07-18 14:58:04,1967119892956188685,2025-07-18 15:13:04,1967119892956188679,False
1967119895892201484,1967119893828603907,1967119892838748252,1,51934,2025-07-18 14:58:04,1967119892956188685,2025-07-18 15:13:04,1967119892956188679,False
1967119895892201485,1967119893832798208,1967119892838748185,1,13923,2025-07-18 20:00:04,1967119892956188680,2025-07-18 20:09:04,1967119892956188679,False
1967119895892201486,1967119893836992512,1967119892838748249,1,72048,2025-07-19 17:45:04,1967119892956188684,2025-07-19 17:47:04,1967119892956188683,False
1967119895892201487,1967119893836992513,1967119892830359591,3,20336,2025-07-19 17:45:04,1967119892956188684,2025-07-19 17:47:04,1967119892956188683,False
1967119895892201488,1967119893836992514,1967119892838748177,1,164486,2025-07-19 06:20:04,1967119892956188678,2025-07-19 06:30:04,1967119892956188682,False
1967119895892201489,1967119893836992515,1967119892830359597,1,1339857,2025-07-19 06:20:04,1967119892956188678,2025-07-19 06:30:04,1967119892956188682,False
1967119895900590080,1967119893836992516,1967119892834553931,1,179379,2025-07-19 06:20:04,1967119892956188678,2025-07-19 06:30:04,1967119892956188682,False
1967119895900590081,1967119893836992516,1967119892838748223,2,179379,2025-07-19 06:20:04,1967119892956188678,2025-07-19 06:30:04,1967119892956188682,False
1967119895900590082,1967119893836992517,1967119892830359598,3,14367,2025-07-19 06:20:04,1967119892956188678,2025-07-19 06:30:04,1967119892956188682,False
1967119895900590083,1967119893836992517,1967119892834553904,2,14367,2025-07-19 06:20:04,1967119892956188678,2025-07-19 06:30:04,1967119892956188682,False
1967119895900590084,1967119893841186816,1967119892838748180,1,31320,2025-07-19 04:40:04,1967119892956188681,2025-07-19 04:54:04,1967119892956188682,False
1967119895900590085,1967119893841186816,1967119892838748190,1,31320,2025-07-19 04:40:04,1967119892956188681,2025-07-19 04:54:04,1967119892956188682,False
1967119895900590086,1967119893841186817,1967119892834553924,1,1072384,2025-07-19 04:40:04,1967119892956188681,2025-07-19 04:54:04,1967119892956188682,False
1967119895900590087,1967119893841186818,1967119892838748288,1,31459,2025-07-19 04:40:04,1967119892956188681,2025-07-19 04:54:04,1967119892956188682,False
1967119895900590088,1967119893841186819,1967119892838748255,2,83586,2025-07-19 00:17:04,1967119892956188681,2025-07-19 00:23:04,1967119892956188678,False
1967119895900590089,1967119893845381120,1967119892834553905,1,14279,2025-07-19 13:32:04,1967119892956188678,2025-07-19 13:38:04,1967119892956188684,False
1967119895900590090,1967119893845381121,1967119892838748291,1,579715,2025-07-19 13:32:04,1967119892956188678,2025-07-19 13:38:04,1967119892956188684,False
1967119895900590091,1967119893845381122,1967119892838748303,1,164486,2025-07-19 13:32:04,1967119892956188678,2025-07-19 13:38:04,1967119892956188684,False
1967119895900590092,1967119893845381123,1967119892834553894,1,64599,2025-07-19 05:37:04,1967119892956188680,2025-07-19 05:50:04,1967119892956188678,False
1967119895900590093,1967119893845381123,1967119892838748312,1,64599,2025-07-19 05:37:04,1967119892956188680,2025-07-19 05:50:04,1967119892956188678,False
1967119895900590094,1967119893845381124,1967119892834553924,1,1321538,2025-07-19 05:37:04,1967119892956188680,2025-07-19 05:50:04,1967119892956188678,False
1967119895900590095,1967119893845381125,1967119892838748184,1,31320,2025-07-19 03:09:04,1967119892956188684,2025-07-19 03:21:04,1967119892956188683,False
1967119895900590096,1967119893845381126,1967119892838748303,2,164486,2025-07-19 03:09:04,1967119892956188684,2025-07-19 03:21:04,1967119892956188683,False
1967119895904784384,1967119893849575424,1967119892834553889,1,376835,2025-07-19 20:58:04,1967119892956188682,2025-07-19 21:09:04,1967119892956188685,False
1967119895904784385,1967119893849575425,1967119892838748169,1,24111,2025-07-19 14:03:04,1967119892956188680,2025-07-19 14:04:04,1967119892956188681,False
1967119895904784386,1967119893853769728,1967119892830359598,1,14367,2025-07-19 08:01:04,1967119892956188684,2025-07-19 08:10:04,1967119892956188682,False
1967119895904784387,1967119893853769729,1967119892830359557,3,83586,2025-07-19 08:01:04,1967119892956188684,2025-07-19 08:10:04,1967119892956188682,False
1967119895904784388,1967119893853769730,1967119892838748177,1,164486,2025-07-19 08:27:04,1967119892956188682,2025-07-19 08:35:04,1967119892956188680,False
1967119895904784389,1967119893853769731,1967119892830359557,1,421451,2025-07-19 08:27:04,1967119892956188682,2025-07-19 08:35:04,1967119892956188680,False
1967119895904784390,1967119893853769731,1967119892834553902,1,421451,2025-07-19 08:27:04,1967119892956188682,2025-07-19 08:35:04,1967119892956188680,False
1967119895904784391,1967119893853769732,1967119892830359579,3,376835,2025-07-19 08:27:04,1967119892956188682,2025-07-19 08:35:04,1967119892956188680,False
1967119895904784392,1967119893853769733,1967119892838748257,3,67077,2025-07-19 08:27:04,1967119892956188682,2025-07-19 08:35:04,1967119892956188680,False
1967119895908978688,1967119893853769734,1967119892838748186,1,24224,2025-07-19 08:27:04,1967119892956188682,2025-07-19 08:35:04,1967119892956188680,False
1967119895908978689,1967119893853769735,1967119892838748180,1,31320,2025-07-19 11:21:04,1967119892956188683,2025-07-19 11:34:04,1967119892956188683,False
1967119895908978690,1967119893853769736,1967119892834553919,1,313913,2025-07-19 11:21:04,1967119892956188683,2025-07-19 11:34:04,1967119892956188683,False
1967119895908978691,1967119893853769736,1967119892838748168,1,313913,2025-07-19 11:21:04,1967119892956188683,2025-07-19 11:34:04,1967119892956188683,False
1967119895908978692,1967119893853769737,1967119892834553904,1,14279,2025-07-19 11:21:04,1967119892956188683,2025-07-19 11:34:04,1967119892956188683,False
1967119895908978693,1967119893862158336,1967119892834553890,1,190755,2025-07-19 03:01:04,1967119892956188679,2025-07-19 03:03:04,1967119892956188679,False
1967119895908978694,1967119893862158336,1967119892838748166,1,190755,2025-07-19 03:01:04,1967119892956188679,2025-07-19 03:03:04,1967119892956188679,False
1967119895908978695,1967119893862158337,1967119892830359607,1,14367,2025-07-19 03:01:04,1967119892956188679,2025-07-19 03:03:04,1967119892956188679,False
1967119895908978696,1967119893862158338,1967119892834553890,1,83586,2025-07-19 03:01:04,1967119892956188679,2025-07-19 03:03:04,1967119892956188679,False
1967119895908978697,1967119893862158339,1967119892830359600,1,31459,2025-07-19 03:01:04,1967119892956188679,2025-07-19 03:03:04,1967119892956188679,False
1967119895908978698,1967119893862158340,1967119892834553891,1,47110,2025-07-19 09:21:04,1967119892956188682,2025-07-19 09:22:04,1967119892956188684,False
1967119895913172992,1967119893862158341,1967119892834553919,1,313913,2025-07-19 09:21:04,1967119892956188682,2025-07-19 09:22:04,1967119892956188684,False
1967119895913172993,1967119893862158341,1967119892838748168,1,313913,2025-07-19 09:21:04,1967119892956188682,2025-07-19 09:22:04,1967119892956188684,False
1967119895913172994,1967119893870546944,1967119892838748303,1,174609,2025-07-19 20:56:04,1967119892956188683,2025-07-19 20:57:04,1967119892956188680,False
1967119895913172995,1967119893870546945,1967119892834553905,1,36069,2025-07-19 20:56:04,1967119892956188683,2025-07-19 20:57:04,1967119892956188680,False
1967119895913172996,1967119893870546946,1967119892830359573,3,94845,2025-07-19 20:56:04,1967119892956188683,2025-07-19 20:57:04,1967119892956188680,False
1967119895913172997,1967119893870546947,1967119892838748264,2,49375,2025-07-19 20:56:04,1967119892956188683,2025-07-19 20:57:04,1967119892956188680,False
1967119895913172998,1967119893870546948,1967119892838748185,2,13923,2025-07-19 20:56:04,1967119892956188683,2025-07-19 20:57:04,1967119892956188680,False
1967119895917367296,1967119893870546949,1967119892830359579,1,376835,2025-07-19 20:35:04,1967119892956188681,2025-07-19 20:44:04,1967119892956188681,False
1967119895917367297,1967119893870546949,1967119892834553919,1,376835,2025-07-19 20:35:04,1967119892956188681,2025-07-19 20:44:04,1967119892956188681,False
1967119895917367298,1967119893870546950,1967119892834553931,2,179379,2025-07-19 20:35:04,1967119892956188681,2025-07-19 20:44:04,1967119892956188681,False
1967119895917367299,1967119893870546950,1967119892838748223,1,179379,2025-07-19 20:35:04,1967119892956188681,2025-07-19 20:44:04,1967119892956188681,False
1967119895921561600,1967119893870546951,1967119892838748186,1,24224,2025-07-19 20:35:04,1967119892956188681,2025-07-19 20:44:04,1967119892956188681,False
1967119895921561601,1967119893870546951,1967119892838748296,1,24224,2025-07-19 20:35:04,1967119892956188681,2025-07-19 20:44:04,1967119892956188681,False
1967119895921561602,1967119893870546952,1967119892834553886,1,15189,2025-07-19 19:00:04,1967119892956188685,2025-07-19 19:06:04,1967119892956188684,False
1967119895921561603,1967119893870546952,1967119892834553882,1,15189,2025-07-19 19:00:04,1967119892956188685,2025-07-19 19:06:04,1967119892956188684,False
1967119895921561604,1967119893870546953,1967119892838748303,2,164486,2025-07-19 11:03:04,1967119892956188684,2025-07-19 11:08:04,1967119892956188685,False
1967119895921561605,1967119893870546954,1967119892830359554,3,52149,2025-07-19 11:03:04,1967119892956188684,2025-07-19 11:08:04,1967119892956188685,False
1967119895921561606,1967119893870546955,1967119892834553909,1,15189,2025-07-19 10:03:04,1967119892956188678,2025-07-19 10:16:04,1967119892956188680,False
1967119895921561607,1967119893870546956,1967119892838748162,1,190755,2025-07-19 10:03:04,1967119892956188678,2025-07-19 10:16:04,1967119892956188680,False
1967119895921561608,1967119893870546957,1967119892834553891,1,190755,2025-07-19 18:08:04,1967119892956188684,2025-07-19 18:21:04,1967119892956188680,False
1967119895925755904,1967119893870546958,1967119892834553889,3,174609,2025-07-19 05:10:04,1967119892956188681,2025-07-19 05:24:04,1967119892956188678,False
1967119895925755905,1967119893870546959,1967119892834553931,2,179379,2025-07-20 00:05:04,1967119892956188681,2025-07-20 00:17:04,1967119892956188679,False
1967119895925755906,1967119893870546960,1967119892830359598,1,14367,2025-07-20 00:05:04,1967119892956188681,2025-07-20 00:17:04,1967119892956188679,False
1967119895925755907,1967119893870546960,1967119892834553904,1,14367,2025-07-20 00:05:04,1967119892956188681,2025-07-20 00:17:04,1967119892956188679,False
1967119895925755908,1967119893870546961,1967119892834553894,1,64599,2025-07-20 00:05:04,1967119892956188681,2025-07-20 00:17:04,1967119892956188679,False
1967119895925755909,1967119893870546962,1967119892838748226,2,26443,2025-07-20 00:05:04,1967119892956188681,2025-07-20 00:17:04,1967119892956188679,False
1967119895929950208,1967119893870546963,1967119892830359606,2,376835,2025-07-20 08:09:04,1967119892956188679,2025-07-20 08:13:04,1967119892956188679,False
1967119895929950209,1967119893870546964,1967119892830359591,1,49375,2025-07-20 08:09:04,1967119892956188679,2025-07-20 08:13:04,1967119892956188679,False
1967119895929950210,1967119893870546964,1967119892838748224,1,49375,2025-07-20 08:09:04,1967119892956188679,2025-07-20 08:13:04,1967119892956188679,False
1967119895929950211,1967119893870546965,1967119892838748224,1,36003,2025-07-20 08:09:04,1967119892956188679,2025-07-20 08:13:04,1967119892956188679,False
1967119895929950212,1967119893870546966,1967119892838748201,1,164486,2025-07-20 05:04:04,1967119892956188684,2025-07-20 05:05:04,1967119892956188683,False
1967119895929950213,1967119893870546967,1967119892830359631,2,47110,2025-07-20 05:04:04,1967119892956188684,2025-07-20 05:05:04,1967119892956188683,False
1967119895929950214,1967119893870546968,1967119892838748256,1,83586,2025-07-20 05:04:04,1967119892956188684,2025-07-20 05:05:04,1967119892956188683,False
1967119895929950215,1967119893870546969,1967119892834553909,1,31320,2025-07-20 04:59:04,1967119892956188681,2025-07-20 05:00:04,1967119892956188678,False
1967119895929950216,1967119893870546969,1967119892838748160,1,31320,2025-07-20 04:59:04,1967119892956188681,2025-07-20 05:00:04,1967119892956188678,False
1967119895929950217,1967119893870546970,1967119892830359591,1,36069,2025-07-20 04:59:04,1967119892956188681,2025-07-20 05:00:04,1967119892956188678,False
1967119895934144512,1967119893870546971,1967119892834553909,1,15189,2025-07-20 04:59:04,1967119892956188681,2025-07-20 05:00:04,1967119892956188678,False
1967119895934144513,1967119893870546972,1967119892838748210,1,1244169,2025-07-20 04:59:04,1967119892956188681,2025-07-20 05:00:04,1967119892956188678,False
1967119895934144514,1967119893870546973,1967119892834553903,1,14367,2025-07-20 04:59:04,1967119892956188681,2025-07-20 05:00:04,1967119892956188678,False
1967119895934144515,1967119893870546974,1967119892830359606,2,200012,2025-07-20 04:59:04,1967119892956188681,2025-07-20 05:00:04,1967119892956188678,False
1967119895934144516,1967119893870546975,1967119892834553889,1,174609,2025-07-20 19:40:04,1967119892956188679,2025-07-20 19:50:04,1967119892956188685,False
1967119895934144517,1967119893870546976,1967119892830359630,2,52401,2025-07-20 19:40:04,1967119892956188679,2025-07-20 19:50:04,1967119892956188685,False
1967119895934144518,1967119893870546977,1967119892838748183,1,19254,2025-07-20 19:40:04,1967119892956188679,2025-07-20 19:50:04,1967119892956188685,False
1967119895934144519,1967119893870546978,1967119892838748291,1,579715,2025-07-20 08:34:04,1967119892956188681,2025-07-20 08:48:04,1967119892956188684,False
1967119895934144520,1967119893870546979,1967119892838748185,1,24224,2025-07-20 08:34:04,1967119892956188681,2025-07-20 08:48:04,1967119892956188684,False
1967119895942533120,1967119893870546980,1967119892834553905,2,14279,2025-07-20 08:34:04,1967119892956188681,2025-07-20 08:48:04,1967119892956188684,False
1967119895942533121,1967119893870546981,1967119892834553881,1,15189,2025-07-20 08:34:04,1967119892956188681,2025-07-20 08:48:04,1967119892956188684,False
1967119895942533122,1967119893870546982,1967119892830359558,1,50952,2025-07-20 08:34:04,1967119892956188681,2025-07-20 08:48:04,1967119892956188684,False
1967119895946727424,1967119893870546983,1967119892830359573,1,94845,2025-07-20 14:57:04,1967119892956188680,2025-07-20 15:10:04,1967119892956188681,False
1967119895946727425,1967119893899907072,1967119892838748180,1,31320,2025-07-20 09:19:04,1967119892956188684,2025-07-20 09:34:04,1967119892956188680,False
1967119895946727426,1967119893899907072,1967119892838748190,2,31320,2025-07-20 09:19:04,1967119892956188684,2025-07-20 09:34:04,1967119892956188680,False
1967119895946727427,1967119893899907073,1967119892834553894,1,64599,2025-07-20 09:19:04,1967119892956188684,2025-07-20 09:34:04,1967119892956188680,False
1967119895946727428,1967119893899907074,1967119892838748180,2,19254,2025-07-20 09:19:04,1967119892956188684,2025-07-20 09:34:04,1967119892956188680,False
1967119895946727429,1967119893899907075,1967119892834553889,1,376835,2025-07-20 06:22:04,1967119892956188681,2025-07-20 06:35:04,1967119892956188683,False
1967119895950921728,1967119893899907076,1967119892838748221,2,579715,2025-07-20 06:22:04,1967119892956188681,2025-07-20 06:35:04,1967119892956188683,False
1967119895950921729,1967119893904101376,1967119892830359592,1,49375,2025-07-20 13:19:04,1967119892956188682,2025-07-20 13:25:04,1967119892956188681,False
1967119895950921730,1967119893904101377,1967119892830359614,1,79693,2025-07-20 22:16:04,1967119892956188680,2025-07-20 22:20:04,1967119892956188680,False
1967119895950921731,1967119893904101378,1967119892838748267,2,46936,2025-07-20 22:16:04,1967119892956188680,2025-07-20 22:20:04,1967119892956188680,False
1967119895950921732,1967119893908295680,1967119892834553905,1,14279,2025-07-21 02:52:04,1967119892956188682,2025-07-21 03:04:04,1967119892956188683,False
1967119895950921733,1967119893908295681,1967119892830359554,1,52149,2025-07-21 02:52:04,1967119892956188682,2025-07-21 03:04:04,1967119892956188683,False
1967119895950921734,1967119893908295682,1967119892830359636,1,74235,2025-07-21 19:36:04,1967119892956188685,2025-07-21 19:37:04,1967119892956188681,False
1967119895950921735,1967119893908295683,1967119892830359630,2,20336,2025-07-21 19:36:04,1967119892956188685,2025-07-21 19:37:04,1967119892956188681,False
1967119895950921736,1967119893912489984,1967119892834553887,2,421451,2025-07-21 07:32:04,1967119892956188684,2025-07-21 07:43:04,1967119892956188684,False
1967119895955116032,1967119893912489985,1967119892830359564,1,14279,2025-07-21 07:32:04,1967119892956188684,2025-07-21 07:43:04,1967119892956188684,False
1967119895955116033,1967119893912489986,1967119892838748275,2,63701,2025-07-21 14:37:04,1967119892956188679,2025-07-21 14:40:04,1967119892956188681,False
1967119895959310336,1967119893916684288,1967119892830359566,1,14279,2025-07-21 03:03:04,1967119892956188679,2025-07-21 03:08:04,1967119892956188681,False
1967119895959310337,1967119893916684289,1967119892830359572,2,41747,2025-07-21 03:03:04,1967119892956188679,2025-07-21 03:08:04,1967119892956188681,False
1967119895959310338,1967119893916684289,1967119892838748266,1,41747,2025-07-21 03:03:04,1967119892956188679,2025-07-21 03:08:04,1967119892956188681,False
1967119895959310339,1967119893916684290,1967119892830359591,1,20336,2025-07-22 14:12:04,1967119892956188680,2025-07-22 14:20:04,1967119892956188681,False
1967119895959310340,1967119893916684290,1967119892838748265,1,20336,2025-07-22 14:12:04,1967119892956188680,2025-07-22 14:20:04,1967119892956188681,False
1967119895959310341,1967119893916684291,1967119892838748273,1,50952,2025-07-22 14:12:04,1967119892956188680,2025-07-22 14:20:04,1967119892956188681,False
1967119895959310342,1967119893920878592,1967119892834553887,2,174609,2025-07-22 03:13:04,1967119892956188683,2025-07-22 03:26:04,1967119892956188683,False
1967119895959310343,1967119893920878593,1967119892834553931,2,179379,2025-07-22 03:28:04,1967119892956188678,2025-07-22 03:32:04,1967119892956188680,False
1967119895959310344,1967119893920878593,1967119892838748223,1,179379,2025-07-22 03:28:04,1967119892956188678,2025-07-22 03:32:04,1967119892956188680,False
1967119895963504640,1967119893920878594,1967119892838748226,1,26443,2025-07-22 03:28:04,1967119892956188678,2025-07-22 03:32:04,1967119892956188680,False
1967119895963504641,1967119893920878595,1967119892838748257,2,67077,2025-07-22 03:28:04,1967119892956188678,2025-07-22 03:32:04,1967119892956188680,False
1967119895963504642,1967119893920878596,1967119892838748162,1,313913,2025-07-22 14:17:04,1967119892956188685,2025-07-22 14:19:04,1967119892956188683,False
1967119895967698944,1967119893920878597,1967119892830359591,4,36069,2025-07-22 14:17:04,1967119892956188685,2025-07-22 14:19:04,1967119892956188683,False
1967119895967698945,1967119893920878598,1967119892838748225,1,67077,2025-07-22 14:17:04,1967119892956188685,2025-07-22 14:19:04,1967119892956188683,False
1967119895967698946,1967119893925072896,1967119892838748164,1,313913,2025-07-22 20:52:04,1967119892956188682,2025-07-22 21:02:04,1967119892956188683,False
1967119895971893248,1967119893925072897,1967119892834553903,2,14367,2025-07-22 04:27:04,1967119892956188682,2025-07-22 04:34:04,1967119892956188679,False
1967119895971893249,1967119893925072897,1967119892838748290,1,14367,2025-07-22 04:27:04,1967119892956188682,2025-07-22 04:34:04,1967119892956188679,False
1967119895971893250,1967119893929267200,1967119892830359554,1,31035,2025-07-22 02:00:04,1967119892956188680,2025-07-22 02:01:04,1967119892956188680,False
1967119895971893251,1967119893929267201,1967119892834553905,1,14279,2025-07-22 02:00:04,1967119892956188680,2025-07-22 02:01:04,1967119892956188680,False
1967119895971893252,1967119893929267202,1967119892838748186,1,13923,2025-07-23 14:10:04,1967119892956188681,2025-07-23 14:11:04,1967119892956188678,False
1967119895971893253,1967119893929267203,1967119892830359557,1,421451,2025-07-23 14:10:04,1967119892956188681,2025-07-23 14:11:04,1967119892956188678,False
1967119895971893254,1967119893929267203,1967119892834553902,1,421451,2025-07-23 14:10:04,1967119892956188681,2025-07-23 14:11:04,1967119892956188678,False
1967119895971893255,1967119893929267204,1967119892834553891,1,200012,2025-07-23 14:10:04,1967119892956188681,2025-07-23 14:11:04,1967119892956188678,False
1967119895971893256,1967119893929267205,1967119892838748177,2,164486,2025-07-23 14:10:04,1967119892956188681,2025-07-23 14:11:04,1967119892956188678,False
1967119895971893257,1967119893933461504,1967119892838748247,1,31035,2025-07-23 21:43:04,1967119892956188681,2025-07-23 21:44:04,1967119892956188678,False
1967119895971893258,1967119893933461505,1967119892838748252,1,51934,2025-07-23 21:43:04,1967119892956188681,2025-07-23 21:44:04,1967119892956188678,False
1967119895971893259,1967119893933461506,1967119892838748281,2,421451,2025-07-23 21:43:04,1967119892956188681,2025-07-23 21:44:04,1967119892956188678,False
1967119895971893260,1967119893933461507,1967119892838748255,1,83586,2025-07-23 04:34:04,1967119892956188685,2025-07-23 04:36:04,1967119892956188678,False
1967119895976087552,1967119893933461508,1967119892834553930,1,179379,2025-07-23 04:34:04,1967119892956188685,2025-07-23 04:36:04,1967119892956188678,False
1967119895976087553,1967119893937655808,1967119892830359572,3,41747,2025-07-23 18:14:04,1967119892956188684,2025-07-23 18:26:04,1967119892956188685,False
1967119895976087554,1967119893937655809,1967119892830359572,2,36069,2025-07-23 18:14:04,1967119892956188684,2025-07-23 18:26:04,1967119892956188685,False
1967119895976087555,1967119893937655810,1967119892838748217,1,179379,2025-07-23 18:14:04,1967119892956188684,2025-07-23 18:26:04,1967119892956188685,False
1967119895976087556,1967119893937655811,1967119892834553889,2,174609,2025-07-23 18:14:04,1967119892956188684,2025-07-23 18:26:04,1967119892956188685,False
1967119895976087557,1967119893937655812,1967119892834553889,1,421451,2025-07-23 15:07:04,1967119892956188682,2025-07-23 15:12:04,1967119892956188685,False
1967119895976087558,1967119893937655812,1967119892834553900,1,421451,2025-07-23 15:07:04,1967119892956188682,2025-07-23 15:12:04,1967119892956188685,False
1967119895976087559,1967119893937655812,1967119892838748300,1,421451,2025-07-23 15:07:04,1967119892956188682,2025-07-23 15:12:04,1967119892956188685,False
1967119895976087560,1967119893937655813,1967119892830359572,1,52149,2025-07-23 15:07:04,1967119892956188682,2025-07-23 15:12:04,1967119892956188685,False
1967119895976087561,1967119893937655813,1967119892838748213,1,52149,2025-07-23 15:07:04,1967119892956188682,2025-07-23 15:12:04,1967119892956188685,False
1967119895976087562,1967119893941850112,1967119892830359572,1,36069,2025-07-23 14:44:04,1967119892956188683,2025-07-23 14:57:04,1967119892956188685,False
1967119895976087563,1967119893941850113,1967119892838748229,1,50952,2025-07-24 14:44:04,1967119892956188683,2025-07-24 14:57:04,1967119892956188684,False
1967119895976087564,1967119893941850114,1967119892838748186,1,24224,2025-07-24 14:44:04,1967119892956188683,2025-07-24 14:57:04,1967119892956188684,False
1967119895976087565,1967119893946044416,1967119892834553889,3,174609,2025-07-24 02:18:04,1967119892956188684,2025-07-24 02:19:04,1967119892956188680,False
1967119895976087566,1967119893946044417,1967119892834553926,1,93868,2025-07-24 02:18:04,1967119892956188684,2025-07-24 02:19:04,1967119892956188680,False
1967119895980281856,1967119893946044418,1967119892830359572,1,36069,2025-07-24 02:18:04,1967119892956188684,2025-07-24 02:19:04,1967119892956188680,False
1967119895980281857,1967119893950238720,1967119892838748273,1,50952,2025-07-24 03:19:04,1967119892956188681,2025-07-24 03:34:04,1967119892956188680,False
1967119895980281858,1967119893954433024,1967119892838748187,1,13923,2025-07-24 05:52:04,1967119892956188683,2025-07-24 06:04:04,1967119892956188682,False
1967119895980281859,1967119893954433025,1967119892838748194,1,14367,2025-07-24 05:52:04,1967119892956188683,2025-07-24 06:04:04,1967119892956188682,False
1967119895980281860,1967119893954433026,1967119892838748194,1,46936,2025-07-24 05:20:04,1967119892956188684,2025-07-24 05:28:04,1967119892956188679,False
1967119895980281861,1967119893954433027,1967119892830359582,1,61022,2025-07-24 05:20:04,1967119892956188684,2025-07-24 05:28:04,1967119892956188679,False
1967119895980281862,1967119893954433028,1967119892830359566,1,14279,2025-07-24 05:20:04,1967119892956188684,2025-07-24 05:28:04,1967119892956188679,False
1967119895984476160,1967119893958627328,1967119892830359555,1,31320,2025-07-24 02:26:04,1967119892956188682,2025-07-24 02:38:04,1967119892956188681,False
1967119895984476161,1967119893958627329,1967119892838748180,1,31320,2025-07-24 20:23:04,1967119892956188685,2025-07-24 20:35:04,1967119892956188680,False
1967119895984476162,1967119893958627329,1967119892838748190,1,31320,2025-07-24 20:23:04,1967119892956188685,2025-07-24 20:35:04,1967119892956188680,False
1967119895984476163,1967119893958627330,1967119892830359557,1,421451,2025-07-24 20:23:04,1967119892956188685,2025-07-24 20:35:04,1967119892956188680,False
1967119895984476164,1967119893958627331,1967119892838748180,1,19254,2025-07-24 20:23:04,1967119892956188685,2025-07-24 20:35:04,1967119892956188680,False
1967119895984476165,1967119893958627332,1967119892834553897,2,93868,2025-07-24 07:04:04,1967119892956188685,2025-07-24 07:15:04,1967119892956188681,False
1967119895984476166,1967119893958627332,1967119892838748293,1,93868,2025-07-24 07:04:04,1967119892956188685,2025-07-24 07:15:04,1967119892956188681,False
1967119895984476167,1967119893958627333,1967119892830359558,1,50952,2025-07-24 07:04:04,1967119892956188685,2025-07-24 07:15:04,1967119892956188681,False
1967119895984476168,1967119893962821632,1967119892834553891,3,47110,2025-07-25 12:57:04,1967119892956188680,2025-07-25 13:01:04,1967119892956188680,False
1967119895988670464,1967119893962821633,1967119892838748177,1,164486,2025-07-25 12:57:04,1967119892956188680,2025-07-25 13:01:04,1967119892956188680,False
1967119895988670465,1967119893962821634,1967119892838748167,2,200012,2025-07-25 10:05:04,1967119892956188681,2025-07-25 10:15:04,1967119892956188685,False
1967119895988670466,1967119893967015936,1967119892838748187,1,13923,2025-07-25 19:13:04,1967119892956188678,2025-07-25 19:22:04,1967119892956188678,False
1967119895988670467,1967119893967015937,1967119892830359581,1,200012,2025-07-25 20:31:04,1967119892956188678,2025-07-25 20:33:04,1967119892956188679,False
1967119895988670468,1967119893967015938,1967119892830359572,1,36069,2025-07-25 20:31:04,1967119892956188678,2025-07-25 20:33:04,1967119892956188679,False
1967119895992864768,1967119893967015939,1967119892830359591,2,36069,2025-07-25 16:30:04,1967119892956188680,2025-07-25 16:35:04,1967119892956188678,False
1967119895992864769,1967119893971210240,1967119892834553866,1,579715,2025-07-25 06:01:04,1967119892956188684,2025-07-25 06:14:04,1967119892956188685,False
1967119895992864770,1967119893971210241,1967119892838748179,1,164486,2025-07-25 06:01:04,1967119892956188684,2025-07-25 06:14:04,1967119892956188685,False
1967119895992864771,1967119893971210242,1967119892834553890,3,200012,2025-07-25 06:01:04,1967119892956188684,2025-07-25 06:14:04,1967119892956188685,False
1967119895997059072,1967119893971210243,1967119892834553899,1,421451,2025-07-25 06:01:04,1967119892956188684,2025-07-25 06:14:04,1967119892956188685,False
1967119895997059073,1967119893971210244,1967119892830359592,2,20336,2025-07-25 06:01:04,1967119892956188684,2025-07-25 06:14:04,1967119892956188685,False
1967119895997059074,1967119893971210245,1967119892830359552,1,31035,2025-07-25 06:01:04,1967119892956188684,2025-07-25 06:14:04,1967119892956188685,False
1967119895997059075,1967119893971210246,1967119892834553889,1,376835,2025-07-25 07:13:04,1967119892956188680,2025-07-25 07:15:04,1967119892956188685,False
1967119895997059076,1967119893971210247,1967119892838748231,3,86881,2025-07-25 14:08:04,1967119892956188682,2025-07-25 14:11:04,1967119892956188682,False
1967119895997059077,1967119893971210248,1967119892838748255,1,83586,2025-07-25 14:08:04,1967119892956188682,2025-07-25 14:11:04,1967119892956188682,False
1967119895997059078,1967119893979598848,1967119892834553904,1,36069,2025-07-25 20:40:04,1967119892956188682,2025-07-25 20:54:04,1967119892956188685,False
1967119895997059079,1967119893979598849,1967119892834553904,1,14279,2025-07-25 20:40:04,1967119892956188682,2025-07-25 20:54:04,1967119892956188685,False
1967119895997059080,1967119893979598850,1967119892838748186,1,13923,2025-07-25 20:40:04,1967119892956188682,2025-07-25 20:54:04,1967119892956188685,False
1967119895997059081,1967119893979598851,1967119892834553905,1,36069,2025-07-25 02:54:04,1967119892956188685,2025-07-25 02:59:04,1967119892956188679,False
1967119895997059082,1967119893979598852,1967119892830359608,1,14367,2025-07-25 13:26:04,1967119892956188682,2025-07-25 13:30:04,1967119892956188679,False
1967119896001253376,1967119893979598853,1967119892838748310,1,1072384,2025-07-25 13:26:04,1967119892956188682,2025-07-25 13:30:04,1967119892956188679,False
1967119896001253377,1967119893979598854,1967119892838748185,1,13923,2025-07-25 21:26:04,1967119892956188678,2025-07-25 21:35:04,1967119892956188685,False
1967119896001253378,1967119893983793152,1967119892834553887,3,64599,2025-07-25 21:36:04,1967119892956188680,2025-07-25 21:37:04,1967119892956188680,False
1967119896001253379,1967119893983793153,1967119892838748160,1,19254,2025-07-25 21:36:04,1967119892956188680,2025-07-25 21:37:04,1967119892956188680,False
1967119896001253380,1967119893983793153,1967119892838748207,2,19254,2025-07-25 21:36:04,1967119892956188680,2025-07-25 21:37:04,1967119892956188680,False
1967119896001253381,1967119893983793154,1967119892838748160,1,25561,2025-07-25 21:36:04,1967119892956188680,2025-07-25 21:37:04,1967119892956188680,False
1967119896001253382,1967119893987987456,1967119892838748186,1,13923,2025-07-25 10:37:04,1967119892956188682,2025-07-25 10:48:04,1967119892956188685,False
1967119896001253383,1967119893987987457,1967119892834553894,2,64599,2025-07-25 10:37:04,1967119892956188682,2025-07-25 10:48:04,1967119892956188685,False
1967119896001253384,1967119893987987458,1967119892838748247,2,14367,2025-07-25 08:05:04,1967119892956188678,2025-07-25 08:17:04,1967119892956188683,False
1967119896001253385,1967119893987987459,1967119892838748165,2,313913,2025-07-25 08:05:04,1967119892956188678,2025-07-25 08:17:04,1967119892956188683,False
1967119896009641984,1967119893987987460,1967119892838748275,2,63701,2025-07-25 08:05:04,1967119892956188678,2025-07-25 08:17:04,1967119892956188683,False
1967119896009641985,1967119893987987461,1967119892830359555,1,24224,2025-07-25 08:05:04,1967119892956188678,2025-07-25 08:17:04,1967119892956188683,False
1967119896009641986,1967119893992181760,1967119892834553890,1,83586,2025-07-25 05:42:04,1967119892956188681,2025-07-25 05:45:04,1967119892956188678,False
1967119896009641987,1967119893992181761,1967119892830359570,1,36003,2025-07-25 05:42:04,1967119892956188681,2025-07-25 05:45:04,1967119892956188678,False
1967119896009641988,1967119893992181762,1967119892834553890,2,190755,2025-07-25 05:42:04,1967119892956188681,2025-07-25 05:45:04,1967119892956188678,False
1967119896009641989,1967119893992181763,1967119892830359632,1,313913,2025-07-25 05:42:04,1967119892956188681,2025-07-25 05:45:04,1967119892956188678,False
1967119896009641990,1967119893992181763,1967119892838748166,1,313913,2025-07-25 05:42:04,1967119892956188681,2025-07-25 05:45:04,1967119892956188678,False
1967119896009641991,1967119893992181764,1967119892838748247,1,31035,2025-07-25 21:19:04,1967119892956188683,2025-07-25 21:21:04,1967119892956188684,False
1967119896009641992,1967119893992181764,1967119892838748261,1,31035,2025-07-25 21:19:04,1967119892956188683,2025-07-25 21:21:04,1967119892956188684,False
1967119896009641993,1967119893992181765,1967119892838748165,1,190755,2025-07-25 21:19:04,1967119892956188683,2025-07-25 21:21:04,1967119892956188684,False
1967119896009641994,1967119893992181766,1967119892838748202,2,164486,2025-07-25 21:19:04,1967119892956188683,2025-07-25 21:21:04,1967119892956188684,False
1967119896009641995,1967119893992181766,1967119892838748255,1,164486,2025-07-25 21:19:04,1967119892956188683,2025-07-25 21:21:04,1967119892956188684,False
1967119896018030592,1967119893992181767,1967119892830359555,1,31320,2025-07-25 21:19:04,1967119892956188683,2025-07-25 21:21:04,1967119892956188684,False
1967119896018030593,1967119893996376064,1967119892834553905,2,14279,2025-07-25 06:04:04,1967119892956188683,2025-07-25 06:07:04,1967119892956188684,False
1967119896018030594,1967119893996376065,1967119892838748184,1,19254,2025-07-25 06:04:04,1967119892956188683,2025-07-25 06:07:04,1967119892956188684,False
1967119896018030595,1967119893996376066,1967119892830359572,1,36003,2025-07-25 15:27:04,1967119892956188684,2025-07-25 15:35:04,1967119892956188679,False
1967119896018030596,1967119893996376066,1967119892838748282,1,36003,2025-07-25 15:27:04,1967119892956188684,2025-07-25 15:35:04,1967119892956188679,False
1967119896018030597,1967119893996376067,1967119892838748221,1,579715,2025-07-25 15:27:04,1967119892956188684,2025-07-25 15:35:04,1967119892956188679,False
1967119896018030598,1967119893996376068,1967119892834553889,2,174609,2025-07-25 15:27:04,1967119892956188684,2025-07-25 15:35:04,1967119892956188679,False
1967119896018030599,1967119893996376069,1967119892838748285,1,31459,2025-07-25 15:27:04,1967119892956188684,2025-07-25 15:35:04,1967119892956188679,False
1967119896018030600,1967119893996376070,1967119892834553887,1,64599,2025-07-26 06:29:04,1967119892956188683,2025-07-26 06:36:04,1967119892956188680,False
1967119896018030601,1967119893996376071,1967119892830359606,1,200012,2025-07-26 06:29:04,1967119892956188683,2025-07-26 06:36:04,1967119892956188680,False
1967119896018030602,1967119894000570368,1967119892830359581,1,200012,2025-07-26 21:03:04,1967119892956188682,2025-07-26 21:05:04,1967119892956188679,False
1967119896018030603,1967119894000570369,1967119892830359572,1,52149,2025-07-26 21:03:04,1967119892956188682,2025-07-26 21:05:04,1967119892956188679,False
1967119896018030604,1967119894000570369,1967119892838748213,1,52149,2025-07-26 21:03:04,1967119892956188682,2025-07-26 21:05:04,1967119892956188679,False
1967119896018030605,1967119894004764672,1967119892838748221,1,579715,2025-07-26 22:09:04,1967119892956188682,2025-07-26 22:18:04,1967119892956188685,False
1967119896018030606,1967119894004764673,1967119892830359573,2,94845,2025-07-26 07:01:04,1967119892956188678,2025-07-26 07:09:04,1967119892956188678,False
1967119896026419200,1967119894004764674,1967119892834553881,1,15189,2025-07-26 07:01:04,1967119892956188678,2025-07-26 07:09:04,1967119892956188678,False
1967119896026419201,1967119894004764675,1967119892838748303,1,174609,2025-07-26 07:01:04,1967119892956188678,2025-07-26 07:09:04,1967119892956188678,False
1967119896026419202,1967119894004764676,1967119892838748283,1,36003,2025-07-26 07:01:04,1967119892956188678,2025-07-26 07:09:04,1967119892956188678,False
1967119896026419203,1967119894004764677,1967119892838748291,2,579715,2025-07-26 07:01:04,1967119892956188678,2025-07-26 07:09:04,1967119892956188678,False
1967119896030613504,1967119894004764678,1967119892838748202,1,164486,2025-07-26 10:00:04,1967119892956188679,2025-07-26 10:08:04,1967119892956188680,False
1967119896030613505,1967119894004764678,1967119892838748255,1,164486,2025-07-26 10:00:04,1967119892956188679,2025-07-26 10:08:04,1967119892956188680,False
1967119896030613506,1967119894004764678,1967119892838748302,1,164486,2025-07-26 10:00:04,1967119892956188679,2025-07-26 10:08:04,1967119892956188680,False
1967119896030613507,1967119894004764679,1967119892830359625,1,1784410,2025-07-26 10:00:04,1967119892956188679,2025-07-26 10:08:04,1967119892956188680,False
1967119896030613508,1967119894004764680,1967119892838748229,1,50952,2025-07-26 20:57:04,1967119892956188680,2025-07-26 21:06:04,1967119892956188680,False
1967119896030613509,1967119894004764681,1967119892834553931,1,179379,2025-07-26 20:57:04,1967119892956188680,2025-07-26 21:06:04,1967119892956188680,False
1967119896030613510,1967119894004764682,1967119892838748226,1,26443,2025-07-26 20:57:04,1967119892956188680,2025-07-26 21:06:04,1967119892956188680,False
1967119896034807808,1967119894004764683,1967119892834553924,1,1072384,2025-07-26 20:57:04,1967119892956188680,2025-07-26 21:06:04,1967119892956188680,False
1967119896034807809,1967119894004764684,1967119892834553931,1,74235,2025-07-26 20:57:04,1967119892956188680,2025-07-26 21:06:04,1967119892956188680,False
1967119896034807810,1967119894013153280,1967119892834553887,1,174609,2025-07-26 04:33:04,1967119892956188680,2025-07-26 04:36:04,1967119892956188685,False
1967119896034807811,1967119894013153281,1967119892830359591,1,20336,2025-07-26 04:33:04,1967119892956188680,2025-07-26 04:36:04,1967119892956188685,False
1967119896034807812,1967119894013153281,1967119892838748265,1,20336,2025-07-26 04:33:04,1967119892956188680,2025-07-26 04:36:04,1967119892956188685,False
1967119896034807813,1967119894013153282,1967119892838748225,2,67077,2025-07-26 14:27:04,1967119892956188684,2025-07-26 14:42:04,1967119892956188678,False
1967119896034807814,1967119894013153283,1967119892830359553,1,52149,2025-07-26 14:27:04,1967119892956188684,2025-07-26 14:42:04,1967119892956188678,False
1967119896034807815,1967119894013153284,1967119892838748210,1,1244169,2025-07-26 14:27:04,1967119892956188684,2025-07-26 14:42:04,1967119892956188678,False
1967119896034807816,1967119894013153285,1967119892834553909,1,31320,2025-07-26 14:27:04,1967119892956188684,2025-07-26 14:42:04,1967119892956188678,False
1967119896034807817,1967119894013153286,1967119892838748179,2,164486,2025-07-26 13:28:04,1967119892956188680,2025-07-26 13:34:04,1967119892956188682,False
1967119896043196416,1967119894017347584,1967119892838748264,1,20336,2025-07-26 14:10:04,1967119892956188681,2025-07-26 14:11:04,1967119892956188680,False
1967119896043196417,1967119894017347585,1967119892838748293,1,26443,2025-07-26 14:10:04,1967119892956188681,2025-07-26 14:11:04,1967119892956188680,False
1967119896043196418,1967119894017347586,1967119892830359558,1,50952,2025-07-26 14:10:04,1967119892956188681,2025-07-26 14:11:04,1967119892956188680,False
1967119896043196419,1967119894017347587,1967119892838748194,3,46936,2025-07-26 20:04:04,1967119892956188685,2025-07-26 20:18:04,1967119892956188681,False
1967119896043196420,1967119894017347588,1967119892838748285,1,31459,2025-07-26 20:04:04,1967119892956188685,2025-07-26 20:18:04,1967119892956188681,False
1967119896043196421,1967119894021541888,1967119892834553887,1,64599,2025-07-26 02:13:04,1967119892956188684,2025-07-26 02:28:04,1967119892956188683,False
1967119896043196422,1967119894021541889,1967119892830359630,1,20336,2025-07-26 21:34:04,1967119892956188685,2025-07-26 21:38:04,1967119892956188681,False
1967119896043196423,1967119894021541890,1967119892830359572,1,52149,2025-07-26 21:34:04,1967119892956188685,2025-07-26 21:38:04,1967119892956188681,False
1967119896043196424,1967119894021541890,1967119892838748213,1,52149,2025-07-26 21:34:04,1967119892956188685,2025-07-26 21:38:04,1967119892956188681,False
1967119896043196425,1967119894021541891,1967119892830359582,1,61022,2025-07-26 21:34:04,1967119892956188685,2025-07-26 21:38:04,1967119892956188681,False
1967119896043196426,1967119894021541892,1967119892834553889,3,64599,2025-07-26 12:50:04,1967119892956188681,2025-07-26 12:55:04,1967119892956188679,False
1967119896043196427,1967119894025736192,1967119892834553926,1,72048,2025-07-26 12:54:04,1967119892956188685,2025-07-26 12:55:04,1967119892956188679,False
1967119896047390720,1967119894025736193,1967119892830359636,2,512311,2025-07-26 12:54:04,1967119892956188685,2025-07-26 12:55:04,1967119892956188679,False
1967119896047390721,1967119894025736194,1967119892838748303,2,43327,2025-07-26 23:40:04,1967119892956188682,2025-07-26 23:53:04,1967119892956188680,False
1967119896047390722,1967119894029930496,1967119892838748186,1,13923,2025-07-26 21:24:04,1967119892956188683,2025-07-26 21:38:04,1967119892956188683,False
1967119896047390723,1967119894029930496,1967119892838748190,2,13923,2025-07-26 21:24:04,1967119892956188683,2025-07-26 21:38:04,1967119892956188683,False
1967119896047390724,1967119894029930496,1967119892838748315,1,13923,2025-07-26 21:24:04,1967119892956188683,2025-07-26 21:38:04,1967119892956188683,False
1967119896047390725,1967119894029930496,1967119892838748296,1,13923,2025-07-26 21:24:04,1967119892956188683,2025-07-26 21:38:04,1967119892956188683,False
1967119896047390726,1967119894029930497,1967119892830359557,1,421451,2025-07-26 21:24:04,1967119892956188683,2025-07-26 21:38:04,1967119892956188683,False
1967119896047390727,1967119894029930498,1967119892834553891,2,200012,2025-07-26 21:24:04,1967119892956188683,2025-07-26 21:38:04,1967119892956188683,False
1967119896047390728,1967119894029930498,1967119892838748177,1,200012,2025-07-26 21:24:04,1967119892956188683,2025-07-26 21:38:04,1967119892956188683,False
1967119896051585024,1967119894029930499,1967119892830359566,1,14279,2025-07-26 05:30:04,1967119892956188679,2025-07-26 05:34:04,1967119892956188682,False
1967119896051585025,1967119894029930500,1967119892830359572,5,36069,2025-07-26 05:30:04,1967119892956188679,2025-07-26 05:34:04,1967119892956188682,False
1967119896051585026,1967119894029930501,1967119892830359572,1,41747,2025-07-26 05:30:04,1967119892956188679,2025-07-26 05:34:04,1967119892956188682,False
1967119896051585027,1967119894034124800,1967119892838748292,2,579715,2025-07-26 04:45:04,1967119892956188678,2025-07-26 05:00:04,1967119892956188684,False
1967119896051585028,1967119894034124801,1967119892838748167,1,190755,2025-07-26 04:45:04,1967119892956188678,2025-07-26 05:00:04,1967119892956188684,False
1967119896051585029,1967119894034124802,1967119892838748256,2,83586,2025-07-26 04:45:04,1967119892956188678,2025-07-26 05:00:04,1967119892956188684,False
1967119896055779328,1967119894034124803,1967119892838748247,2,31035,2025-07-26 14:00:04,1967119892956188681,2025-07-26 14:02:04,1967119892956188680,False
1967119896055779329,1967119894034124803,1967119892838748261,2,31035,2025-07-26 14:00:04,1967119892956188681,2025-07-26 14:02:04,1967119892956188680,False
1967119896055779330,1967119894034124804,1967119892838748247,1,14367,2025-07-26 14:00:04,1967119892956188681,2025-07-26 14:02:04,1967119892956188680,False
1967119896055779331,1967119894038319104,1967119892838748229,1,93868,2025-07-26 01:14:04,1967119892956188678,2025-07-26 01:21:04,1967119892956188681,False
1967119896055779332,1967119894038319105,1967119892834553904,1,36069,2025-07-26 01:14:04,1967119892956188678,2025-07-26 01:21:04,1967119892956188681,False
1967119896055779333,1967119894042513408,1967119892838748180,1,15189,2025-07-26 21:50:04,1967119892956188685,2025-07-26 21:58:04,1967119892956188679,False
1967119896059973632,1967119894042513409,1967119892834553919,3,313913,2025-07-26 21:50:04,1967119892956188685,2025-07-26 21:58:04,1967119892956188679,False
1967119896059973633,1967119894042513410,1967119892838748229,2,63701,2025-07-26 21:50:04,1967119892956188685,2025-07-26 21:58:04,1967119892956188679,False
1967119896059973634,1967119894042513411,1967119892830359557,2,421451,2025-07-27 04:57:04,1967119892956188682,2025-07-27 04:58:04,1967119892956188683,False
1967119896059973635,1967119894042513411,1967119892834553902,1,421451,2025-07-27 04:57:04,1967119892956188682,2025-07-27 04:58:04,1967119892956188683,False
1967119896064167936,1967119894042513412,1967119892838748257,1,67077,2025-07-27 04:57:04,1967119892956188682,2025-07-27 04:58:04,1967119892956188683,False
1967119896064167937,1967119894046707712,1967119892838748275,1,26443,2025-07-27 14:23:04,1967119892956188685,2025-07-27 14:26:04,1967119892956188683,False
1967119896064167938,1967119894046707713,1967119892834553930,1,74235,2025-07-27 14:23:04,1967119892956188685,2025-07-27 14:26:04,1967119892956188683,False
1967119896068362240,1967119894046707714,1967119892838748302,1,174609,2025-07-27 14:23:04,1967119892956188685,2025-07-27 14:26:04,1967119892956188683,False
1967119896068362241,1967119894046707715,1967119892830359606,3,200012,2025-07-27 14:00:04,1967119892956188679,2025-07-27 14:07:04,1967119892956188684,False
1967119896068362242,1967119894046707716,1967119892838748162,1,190755,2025-07-27 14:00:04,1967119892956188679,2025-07-27 14:07:04,1967119892956188684,False
1967119896068362243,1967119894046707717,1967119892838748194,1,46936,2025-07-27 03:30:04,1967119892956188681,2025-07-27 03:44:04,1967119892956188683,False
1967119896068362244,1967119894046707717,1967119892838748266,1,46936,2025-07-27 03:30:04,1967119892956188681,2025-07-27 03:44:04,1967119892956188683,False
1967119896068362245,1967119894046707718,1967119892838748183,1,19254,2025-07-27 03:30:04,1967119892956188681,2025-07-27 03:44:04,1967119892956188683,False
1967119896068362246,1967119894046707719,1967119892830359581,1,200012,2025-07-27 10:57:04,1967119892956188681,2025-07-27 11:01:04,1967119892956188678,False
1967119896068362247,1967119894046707720,1967119892834553889,1,421451,2025-07-27 10:57:04,1967119892956188681,2025-07-27 11:01:04,1967119892956188678,False
1967119896068362248,1967119894046707721,1967119892830359572,1,36069,2025-07-27 10:57:04,1967119892956188681,2025-07-27 11:01:04,1967119892956188678,False
1967119896068362249,1967119894050902016,1967119892834553889,1,421451,2025-07-27 19:36:04,1967119892956188679,2025-07-27 19:44:04,1967119892956188683,False
1967119896068362250,1967119894050902017,1967119892838748194,1,14367,2025-07-27 19:36:04,1967119892956188679,2025-07-27 19:44:04,1967119892956188683,False
1967119896068362251,1967119894050902018,1967119892834553926,1,72048,2025-07-27 19:36:04,1967119892956188679,2025-07-27 19:44:04,1967119892956188683,False
1967119896072556544,1967119894050902019,1967119892830359572,1,36069,2025-07-27 19:36:04,1967119892956188679,2025-07-27 19:44:04,1967119892956188683,False
1967119896072556545,1967119894050902020,1967119892838748303,3,43327,2025-07-27 03:13:04,1967119892956188684,2025-07-27 03:17:04,1967119892956188681,False
1967119896072556546,1967119894050902021,1967119892838748293,3,26443,2025-07-27 03:13:04,1967119892956188684,2025-07-27 03:17:04,1967119892956188681,False
1967119896072556547,1967119894055096320,1967119892838748185,3,24224,2025-07-27 05:58:04,1967119892956188684,2025-07-27 06:09:04,1967119892956188684,False
1967119896072556548,1967119894055096321,1967119892830359554,1,31035,2025-07-27 05:58:04,1967119892956188684,2025-07-27 06:09:04,1967119892956188684,False
1967119896072556549,1967119894055096322,1967119892830359558,3,63701,2025-07-27 05:58:04,1967119892956188684,2025-07-27 06:09:04,1967119892956188684,False
1967119896076750848,1967119894055096323,1967119892834553905,1,14367,2025-07-27 05:58:04,1967119892956188684,2025-07-27 06:09:04,1967119892956188684,False
1967119896076750849,1967119894055096324,1967119892830359596,1,1209511,2025-07-27 16:12:04,1967119892956188683,2025-07-27 16:17:04,1967119892956188684,False
1967119896076750850,1967119894055096325,1967119892838748248,2,72048,2025-07-27 16:12:04,1967119892956188683,2025-07-27 16:17:04,1967119892956188684,False
1967119896076750851,1967119894055096326,1967119892838748165,1,313913,2025-07-27 16:12:04,1967119892956188683,2025-07-27 16:17:04,1967119892956188684,False
1967119896076750852,1967119894055096327,1967119892838748295,1,13923,2025-07-27 16:12:04,1967119892956188683,2025-07-27 16:17:04,1967119892956188684,False
1967119896076750853,1967119894055096328,1967119892834553930,1,179379,2025-07-27 16:12:04,1967119892956188683,2025-07-27 16:17:04,1967119892956188684,False
1967119896076750854,1967119894059290624,1967119892834553926,2,93868,2025-07-27 15:47:04,1967119892956188681,2025-07-27 15:55:04,1967119892956188683,False
1967119896076750855,1967119894059290625,1967119892830359572,1,36003,2025-07-27 15:47:04,1967119892956188681,2025-07-27 15:55:04,1967119892956188683,False
1967119896076750856,1967119894059290625,1967119892838748282,2,36003,2025-07-27 15:47:04,1967119892956188681,2025-07-27 15:55:04,1967119892956188683,False
1967119896076750857,1967119894059290626,1967119892838748187,1,13923,2025-07-27 12:40:04,1967119892956188681,2025-07-27 12:41:04,1967119892956188680,False
1967119896076750858,1967119894059290627,1967119892830359581,1,200012,2025-07-27 12:40:04,1967119892956188681,2025-07-27 12:41:04,1967119892956188680,False
1967119896076750859,1967119894063484928,1967119892830359591,2,20336,2025-07-28 14:34:04,1967119892956188683,2025-07-28 14:44:04,1967119892956188678,False
1967119896076750860,1967119894063484929,1967119892838748287,1,31459,2025-07-28 14:34:04,1967119892956188683,2025-07-28 14:44:04,1967119892956188678,False
1967119896085139456,1967119894063484930,1967119892830359564,1,14279,2025-07-28 14:34:04,1967119892956188683,2025-07-28 14:44:04,1967119892956188678,False
1967119896085139457,1967119894063484931,1967119892838748180,1,19254,2025-07-28 01:53:04,1967119892956188684,2025-07-28 01:55:04,1967119892956188678,False
1967119896085139458,1967119894063484932,1967119892830359598,2,14367,2025-07-28 01:53:04,1967119892956188684,2025-07-28 01:55:04,1967119892956188678,False
1967119896085139459,1967119894063484933,1967119892838748168,1,174609,2025-07-28 01:53:04,1967119892956188684,2025-07-28 01:55:04,1967119892956188678,False
1967119896085139460,1967119894063484934,1967119892834553904,1,14279,2025-07-28 01:53:04,1967119892956188684,2025-07-28 01:55:04,1967119892956188678,False
1967119896085139461,1967119894067679232,1967119892838748179,1,164486,2025-07-28 07:10:04,1967119892956188684,2025-07-28 07:12:04,1967119892956188680,False
1967119896085139462,1967119894067679233,1967119892838748273,1,63701,2025-07-28 03:09:04,1967119892956188682,2025-07-28 03:17:04,1967119892956188684,False
1967119896085139463,1967119894067679234,1967119892830359564,1,14279,2025-07-28 03:09:04,1967119892956188682,2025-07-28 03:17:04,1967119892956188684,False
1967119896085139464,1967119894067679234,1967119892834553903,1,14279,2025-07-28 03:09:04,1967119892956188682,2025-07-28 03:17:04,1967119892956188684,False
1967119896093528064,1967119894067679235,1967119892838748162,1,190755,2025-07-28 03:09:04,1967119892956188682,2025-07-28 03:17:04,1967119892956188684,False
1967119896093528065,1967119894067679236,1967119892834553887,1,421451,2025-07-28 03:09:04,1967119892956188682,2025-07-28 03:17:04,1967119892956188684,False
1967119896093528066,1967119894071873536,1967119892838748160,1,25561,2025-07-28 15:13:04,1967119892956188679,2025-07-28 15:25:04,1967119892956188685,False
1967119896093528067,1967119894071873537,1967119892830359606,1,376835,2025-07-28 15:13:04,1967119892956188679,2025-07-28 15:25:04,1967119892956188685,False
1967119896093528068,1967119894071873537,1967119892834553887,1,376835,2025-07-28 15:13:04,1967119892956188679,2025-07-28 15:25:04,1967119892956188685,False
1967119896093528069,1967119894076067840,1967119892830359557,1,83586,2025-07-29 08:51:04,1967119892956188680,2025-07-29 08:54:04,1967119892956188678,False
1967119896093528070,1967119894076067840,1967119892834553891,1,83586,2025-07-29 08:51:04,1967119892956188680,2025-07-29 08:54:04,1967119892956188678,False
1967119896093528071,1967119894076067841,1967119892834553931,1,179379,2025-07-29 08:51:04,1967119892956188680,2025-07-29 08:54:04,1967119892956188678,False
1967119896093528072,1967119894076067842,1967119892830359572,3,41747,2025-07-29 19:14:04,1967119892956188683,2025-07-29 19:27:04,1967119892956188685,False
1967119896093528073,1967119894076067842,1967119892838748266,1,41747,2025-07-29 19:14:04,1967119892956188683,2025-07-29 19:27:04,1967119892956188685,False
1967119896093528074,1967119894076067843,1967119892830359642,1,24224,2025-07-29 19:14:04,1967119892956188683,2025-07-29 19:27:04,1967119892956188685,False
1967119896093528075,1967119894076067844,1967119892838748221,1,579715,2025-07-29 19:14:04,1967119892956188683,2025-07-29 19:27:04,1967119892956188685,False
1967119896093528076,1967119894076067845,1967119892838748194,1,46936,2025-07-29 03:48:04,1967119892956188684,2025-07-29 04:02:04,1967119892956188683,False
1967119896093528077,1967119894076067846,1967119892838748267,1,46936,2025-07-29 09:39:04,1967119892956188685,2025-07-29 09:50:04,1967119892956188683,False
1967119896097722368,1967119894080262144,1967119892830359572,1,36069,2025-07-29 12:46:04,1967119892956188684,2025-07-29 12:58:04,1967119892956188682,False
1967119896097722369,1967119894080262145,1967119892834553922,1,47110,2025-07-29 12:46:04,1967119892956188684,2025-07-29 12:58:04,1967119892956188682,False
1967119896097722370,1967119894080262146,1967119892830359606,1,200012,2025-07-29 08:45:04,1967119892956188680,2025-07-29 08:48:04,1967119892956188680,False
1967119896101916672,1967119894080262147,1967119892830359553,1,31035,2025-07-29 08:45:04,1967119892956188680,2025-07-29 08:48:04,1967119892956188680,False
1967119896101916673,1967119894080262147,1967119892830359564,1,31035,2025-07-29 08:45:04,1967119892956188680,2025-07-29 08:48:04,1967119892956188680,False
1967119896101916674,1967119894084456448,1967119892838748261,1,46936,2025-07-29 04:47:04,1967119892956188678,2025-07-29 04:48:04,1967119892956188684,False
1967119896106110976,1967119894084456449,1967119892838748274,1,26443,2025-07-30 20:04:04,1967119892956188685,2025-07-30 20:10:04,1967119892956188683,False
1967119896106110977,1967119894084456450,1967119892830359632,3,47110,2025-07-30 20:04:04,1967119892956188685,2025-07-30 20:10:04,1967119892956188683,False
1967119896106110978,1967119894088650752,1967119892838748255,1,83586,2025-07-30 08:41:04,1967119892956188681,2025-07-30 08:47:04,1967119892956188680,False
1967119896106110979,1967119894088650753,1967119892838748165,1,190755,2025-07-30 08:41:04,1967119892956188681,2025-07-30 08:47:04,1967119892956188680,False
1967119896106110980,1967119894088650754,1967119892834553930,1,179379,2025-07-30 08:41:04,1967119892956188681,2025-07-30 08:47:04,1967119892956188680,False
1967119896106110981,1967119894088650755,1967119892838748261,1,46936,2025-07-30 08:41:04,1967119892956188681,2025-07-30 08:47:04,1967119892956188680,False
1967119896106110982,1967119894088650756,1967119892838748248,1,72048,2025-07-30 08:41:04,1967119892956188681,2025-07-30 08:47:04,1967119892956188680,False
1967119896106110983,1967119894088650757,1967119892830359611,3,61022,2025-07-30 15:41:04,1967119892956188678,2025-07-30 15:46:04,1967119892956188682,False
1967119896110305280,1967119894092845056,1967119892838748190,1,24111,2025-07-30 20:38:04,1967119892956188684,2025-07-30 20:41:04,1967119892956188684,False
1967119896110305281,1967119894092845057,1967119892834553919,1,313913,2025-07-30 20:38:04,1967119892956188684,2025-07-30 20:41:04,1967119892956188684,False
1967119896110305282,1967119894092845057,1967119892838748168,1,313913,2025-07-30 20:38:04,1967119892956188684,2025-07-30 20:41:04,1967119892956188684,False
1967119896110305283,1967119894092845058,1967119892838748226,2,86881,2025-07-30 20:38:04,1967119892956188684,2025-07-30 20:41:04,1967119892956188684,False
1967119896110305284,1967119894092845059,1967119892834553919,2,313913,2025-07-30 05:12:04,1967119892956188685,2025-07-30 05:25:04,1967119892956188682,False
1967119896110305285,1967119894092845059,1967119892838748168,1,313913,2025-07-30 05:12:04,1967119892956188685,2025-07-30 05:25:04,1967119892956188682,False
1967119896110305286,1967119894092845060,1967119892838748229,1,93868,2025-07-30 05:12:04,1967119892956188685,2025-07-30 05:25:04,1967119892956188682,False
1967119896110305287,1967119894097039360,1967119892834553889,3,64599,2025-07-31 07:16:04,1967119892956188682,2025-07-31 07:21:04,1967119892956188685,False
1967119896110305288,1967119894097039361,1967119892838748183,1,19254,2025-07-31 07:16:04,1967119892956188682,2025-07-31 07:21:04,1967119892956188685,False
1967119896110305289,1967119894097039361,1967119892834553916,2,19254,2025-07-31 07:16:04,1967119892956188682,2025-07-31 07:21:04,1967119892956188685,False
1967119896110305290,1967119894097039362,1967119892838748321,3,164486,2025-07-31 14:54:04,1967119892956188682,2025-07-31 15:03:04,1967119892956188680,False
1967119896110305291,1967119894097039363,1967119892830359626,1,961315,2025-07-31 14:54:04,1967119892956188682,2025-07-31 15:03:04,1967119892956188680,False
1967119896118693888,1967119894097039364,1967119892834553911,1,31320,2025-07-31 14:54:04,1967119892956188682,2025-07-31 15:03:04,1967119892956188680,False
1967119896118693889,1967119894097039365,1967119892838748161,1,25561,2025-07-31 14:54:04,1967119892956188682,2025-07-31 15:03:04,1967119892956188680,False
1967119896118693890,1967119894101233664,1967119892838748183,1,31320,2025-07-31 04:54:04,1967119892956188680,2025-07-31 05:00:04,1967119892956188678,False
1967119896118693891,1967119894101233665,1967119892830359630,1,20336,2025-07-31 04:54:04,1967119892956188680,2025-07-31 05:00:04,1967119892956188678,False
1967119896118693892,1967119894101233666,1967119892834553922,1,47110,2025-07-31 14:48:04,1967119892956188681,2025-07-31 14:49:04,1967119892956188679,False
1967119896118693893,1967119894101233667,1967119892830359572,2,52149,2025-07-31 14:48:04,1967119892956188681,2025-07-31 14:49:04,1967119892956188679,False
1967119896118693894,1967119894101233668,1967119892838748183,1,15189,2025-07-31 14:48:04,1967119892956188681,2025-07-31 14:49:04,1967119892956188679,False
1967119896118693895,1967119894101233669,1967119892830359636,2,38407,2025-07-31 14:48:04,1967119892956188681,2025-07-31 14:49:04,1967119892956188679,False
1967119896118693896,1967119894101233669,1967119892838748217,1,38407,2025-07-31 14:48:04,1967119892956188681,2025-07-31 14:49:04,1967119892956188679,False
1967119896118693897,1967119894105427968,1967119892838748260,1,31035,2025-07-31 08:28:04,1967119892956188682,2025-07-31 08:35:04,1967119892956188678,False
1967119896122888192,1967119894105427969,1967119892830359555,1,31320,2025-07-31 21:44:04,1967119892956188678,2025-07-31 21:56:04,1967119892956188685,False
1967119896122888193,1967119894105427970,1967119892838748255,1,83586,2025-07-31 21:44:04,1967119892956188678,2025-07-31 21:56:04,1967119892956188685,False
1967119896122888194,1967119894105427971,1967119892838748248,2,72048,2025-07-31 21:44:04,1967119892956188678,2025-07-31 21:56:04,1967119892956188685,False
1967119896122888195,1967119894109622272,1967119892830359552,1,31035,2025-07-31 15:05:04,1967119892956188683,2025-07-31 15:20:04,1967119892956188678,False
1967119896122888196,1967119894109622273,1967119892830359570,2,36003,2025-07-31 15:05:04,1967119892956188683,2025-07-31 15:20:04,1967119892956188678,False
1967119896127082496,1967119894109622274,1967119892830359632,1,79693,2025-07-31 15:05:04,1967119892956188683,2025-07-31 15:20:04,1967119892956188678,False
1967119896127082497,1967119894109622275,1967119892838748303,1,174609,2025-07-31 14:09:04,1967119892956188679,2025-07-31 14:18:04,1967119892956188681,False
1967119896127082498,1967119894109622276,1967119892838748291,1,74235,2025-07-31 14:09:04,1967119892956188679,2025-07-31 14:18:04,1967119892956188681,False
1967119896127082499,1967119894113816576,1967119892838748162,1,313913,2025-07-31 05:43:04,1967119892956188680,2025-07-31 05:54:04,1967119892956188685,False
1967119896127082500,1967119894113816577,1967119892830359553,1,31035,2025-07-31 05:43:04,1967119892956188680,2025-07-31 05:54:04,1967119892956188685,False
1967119896127082501,1967119894113816578,1967119892834553889,3,64599,2025-07-31 08:43:04,1967119892956188685,2025-07-31 08:53:04,1967119892956188683,False
1967119896127082502,1967119894113816579,1967119892838748285,1,31459,2025-07-31 08:43:04,1967119892956188685,2025-07-31 08:53:04,1967119892956188683,False
1967119896131276800,1967119894113816580,1967119892838748221,3,579715,2025-07-31 08:43:04,1967119892956188685,2025-07-31 08:53:04,1967119892956188683,False
1967119896131276801,1967119894113816581,1967119892838748217,2,179379,2025-07-31 08:43:04,1967119892956188685,2025-07-31 08:53:04,1967119892956188683,False
1967119896131276802,1967119894113816582,1967119892834553889,3,421451,2025-07-31 08:43:04,1967119892956188685,2025-07-31 08:53:04,1967119892956188683,False
1967119896131276803,1967119894113816583,1967119892830359553,2,52149,2025-07-31 16:36:04,1967119892956188685,2025-07-31 16:37:04,1967119892956188680,False
1967119896131276804,1967119894113816583,1967119892838748224,1,52149,2025-07-31 16:36:04,1967119892956188685,2025-07-31 16:37:04,1967119892956188680,False
1967119896131276805,1967119894113816584,1967119892834553887,2,421451,2025-07-31 16:36:04,1967119892956188685,2025-07-31 16:37:04,1967119892956188680,False
1967119896135471104,1967119894113816585,1967119892830359564,3,46936,2025-07-31 16:36:04,1967119892956188685,2025-07-31 16:37:04,1967119892956188680,False
1967119896135471105,1967119894118010880,1967119892838748264,1,49375,2025-07-31 00:59:04,1967119892956188680,2025-07-31 01:00:04,1967119892956188678,False
1967119896135471106,1967119894118010881,1967119892830359572,1,52149,2025-08-01 11:34:04,1967119892956188684,2025-08-01 11:46:04,1967119892956188683,False
1967119896135471107,1967119894118010881,1967119892838748213,1,52149,2025-08-01 11:34:04,1967119892956188684,2025-08-01 11:46:04,1967119892956188683,False
1967119896139665408,1967119894118010882,1967119892830359566,2,14279,2025-08-01 11:34:04,1967119892956188684,2025-08-01 11:46:04,1967119892956188683,False
1967119896139665409,1967119894122205184,1967119892838748321,1,164486,2025-08-01 12:28:04,1967119892956188683,2025-08-01 12:37:04,1967119892956188684,False
1967119896139665410,1967119894122205185,1967119892830359599,1,31459,2025-08-01 12:28:04,1967119892956188683,2025-08-01 12:37:04,1967119892956188684,False
1967119896139665411,1967119894122205186,1967119892830359623,1,61022,2025-08-01 18:50:04,1967119892956188680,2025-08-01 18:54:04,1967119892956188685,False
1967119896139665412,1967119894122205187,1967119892830359614,1,79693,2025-08-01 18:50:04,1967119892956188680,2025-08-01 18:54:04,1967119892956188685,False
1967119896139665413,1967119894122205188,1967119892838748185,1,24224,2025-08-01 18:50:04,1967119892956188680,2025-08-01 18:54:04,1967119892956188685,False
1967119896139665414,1967119894122205189,1967119892838748194,1,46936,2025-08-01 15:13:04,1967119892956188680,2025-08-01 15:26:04,1967119892956188685,False
1967119896139665415,1967119894122205190,1967119892830359642,1,24224,2025-08-01 15:13:04,1967119892956188680,2025-08-01 15:26:04,1967119892956188685,False
1967119896143859712,1967119894122205191,1967119892838748194,1,14367,2025-08-01 15:13:04,1967119892956188680,2025-08-01 15:26:04,1967119892956188685,False
1967119896143859713,1967119894126399488,1967119892830359630,1,20336,2025-08-01 21:10:04,1967119892956188679,2025-08-01 21:16:04,1967119892956188680,False
1967119896143859714,1967119894126399489,1967119892830359636,1,74235,2025-08-01 21:10:04,1967119892956188679,2025-08-01 21:16:04,1967119892956188680,False
1967119896143859715,1967119894126399490,1967119892834553887,2,64599,2025-08-01 08:35:04,1967119892956188680,2025-08-01 08:50:04,1967119892956188681,False
1967119896143859716,1967119894126399491,1967119892834553887,1,421451,2025-08-01 08:35:04,1967119892956188680,2025-08-01 08:50:04,1967119892956188681,False
1967119896143859717,1967119894130593792,1967119892834553889,2,174609,2025-08-01 09:38:04,1967119892956188685,2025-08-01 09:40:04,1967119892956188685,False
1967119896143859718,1967119894130593793,1967119892838748183,1,19254,2025-08-01 09:38:04,1967119892956188685,2025-08-01 09:40:04,1967119892956188685,False
1967119896143859719,1967119894130593794,1967119892838748221,1,579715,2025-08-01 09:38:04,1967119892956188685,2025-08-01 09:40:04,1967119892956188685,False
1967119896143859720,1967119894130593795,1967119892834553922,2,47110,2025-08-01 09:38:04,1967119892956188685,2025-08-01 09:40:04,1967119892956188685,False
1967119896143859721,1967119894130593796,1967119892830359614,1,79693,2025-08-01 04:24:04,1967119892956188683,2025-08-01 04:34:04,1967119892956188683,False
1967119896143859722,1967119894130593797,1967119892838748283,2,36003,2025-08-01 04:24:04,1967119892956188683,2025-08-01 04:34:04,1967119892956188683,False
1967119896143859723,1967119894130593798,1967119892838748184,1,31320,2025-08-01 04:24:04,1967119892956188683,2025-08-01 04:34:04,1967119892956188683,False
1967119896143859724,1967119894130593798,1967119892838748301,1,31320,2025-08-01 04:24:04,1967119892956188683,2025-08-01 04:34:04,1967119892956188683,False
1967119896143859725,1967119894130593799,1967119892838748267,2,46936,2025-08-01 04:24:04,1967119892956188683,2025-08-01 04:34:04,1967119892956188683,False
1967119896143859726,1967119894134788096,1967119892838748224,1,36003,2025-08-01 04:59:04,1967119892956188684,2025-08-01 05:03:04,1967119892956188685,False
1967119896143859727,1967119894134788097,1967119892834553887,3,64599,2025-08-01 04:59:04,1967119892956188684,2025-08-01 05:03:04,1967119892956188685,False
1967119896148054016,1967119894134788098,1967119892834553887,1,174609,2025-08-01 04:59:04,1967119892956188684,2025-08-01 05:03:04,1967119892956188685,False
1967119896148054017,1967119894134788099,1967119892838748235,1,26443,2025-08-01 04:59:04,1967119892956188684,2025-08-01 05:03:04,1967119892956188685,False
1967119896148054018,1967119894134788100,1967119892838748160,1,19254,2025-08-01 04:59:04,1967119892956188684,2025-08-01 05:03:04,1967119892956188685,False
1967119896148054019,1967119894134788101,1967119892838748219,1,1244169,2025-08-01 21:14:04,1967119892956188681,2025-08-01 21:27:04,1967119892956188682,False
1967119896148054020,1967119894138982400,1967119892838748180,1,19254,2025-08-01 23:19:04,1967119892956188682,2025-08-01 23:33:04,1967119892956188681,False
1967119896148054021,1967119894138982401,1967119892834553887,1,421451,2025-08-01 13:44:04,1967119892956188685,2025-08-01 13:55:04,1967119892956188681,False
1967119896152248320,1967119894138982402,1967119892838748294,3,93868,2025-08-01 13:44:04,1967119892956188685,2025-08-01 13:55:04,1967119892956188681,False
1967119896152248321,1967119894138982403,1967119892838748162,1,190755,2025-08-01 13:44:04,1967119892956188685,2025-08-01 13:55:04,1967119892956188681,False
1967119896152248322,1967119894138982404,1967119892834553887,1,174609,2025-08-01 13:44:04,1967119892956188685,2025-08-01 13:55:04,1967119892956188681,False
1967119896152248323,1967119894143176704,1967119892830359599,1,31459,2025-08-01 20:00:04,1967119892956188682,2025-08-01 20:05:04,1967119892956188681,False
1967119896152248324,1967119894143176705,1967119892830359629,4,52401,2025-08-01 20:00:04,1967119892956188682,2025-08-01 20:05:04,1967119892956188681,False
1967119896152248325,1967119894143176706,1967119892838748321,1,164486,2025-08-01 20:00:04,1967119892956188682,2025-08-01 20:05:04,1967119892956188681,False
1967119896152248326,1967119894147371008,1967119892834553919,2,313913,2025-08-01 07:24:04,1967119892956188684,2025-08-01 07:25:04,1967119892956188681,False
1967119896156442624,1967119894147371009,1967119892834553894,2,64599,2025-08-01 07:24:04,1967119892956188684,2025-08-01 07:25:04,1967119892956188681,False
1967119896156442625,1967119894147371010,1967119892830359606,1,376835,2025-08-01 16:16:04,1967119892956188684,2025-08-01 16:24:04,1967119892956188683,False
1967119896156442626,1967119894147371010,1967119892834553887,2,376835,2025-08-01 16:16:04,1967119892956188684,2025-08-01 16:24:04,1967119892956188683,False
1967119896156442627,1967119894147371011,1967119892830359564,1,46936,2025-08-01 16:16:04,1967119892956188684,2025-08-01 16:24:04,1967119892956188683,False
1967119896156442628,1967119894147371011,1967119892838748259,1,46936,2025-08-01 16:16:04,1967119892956188684,2025-08-01 16:24:04,1967119892956188683,False
1967119896156442629,1967119894147371012,1967119892830359553,1,31035,2025-08-01 16:16:04,1967119892956188684,2025-08-01 16:24:04,1967119892956188683,False
1967119896156442630,1967119894147371013,1967119892834553887,2,64599,2025-08-01 16:16:04,1967119892956188684,2025-08-01 16:24:04,1967119892956188683,False
1967119896156442631,1967119894147371014,1967119892838748321,1,164486,2025-08-01 03:58:04,1967119892956188684,2025-08-01 04:11:04,1967119892956188681,False
1967119896160636928,1967119894147371015,1967119892834553911,1,15189,2025-08-01 03:58:04,1967119892956188684,2025-08-01 04:11:04,1967119892956188681,False
1967119896160636929,1967119894147371016,1967119892838748272,3,801117,2025-08-01 03:58:04,1967119892956188684,2025-08-01 04:11:04,1967119892956188681,False
1967119896160636930,1967119894147371017,1967119892830359629,1,52401,2025-08-01 03:58:04,1967119892956188684,2025-08-01 04:11:04,1967119892956188681,False
1967119896160636931,1967119894155759616,1967119892830359555,2,24224,2025-08-01 08:33:04,1967119892956188683,2025-08-01 08:35:04,1967119892956188682,False
1967119896160636932,1967119894155759616,1967119892830359638,2,24224,2025-08-01 08:33:04,1967119892956188683,2025-08-01 08:35:04,1967119892956188682,False
1967119896160636933,1967119894155759616,1967119892838748254,1,24224,2025-08-01 08:33:04,1967119892956188683,2025-08-01 08:35:04,1967119892956188682,False
1967119896160636934,1967119894155759617,1967119892838748231,1,50952,2025-08-01 08:33:04,1967119892956188683,2025-08-01 08:35:04,1967119892956188682,False
1967119896160636935,1967119894155759618,1967119892838748261,1,36069,2025-08-01 08:33:04,1967119892956188683,2025-08-01 08:35:04,1967119892956188682,False
1967119896160636936,1967119894155759619,1967119892834553922,1,47110,2025-08-01 08:56:04,1967119892956188681,2025-08-01 09:10:04,1967119892956188679,False
1967119896164831232,1967119894155759620,1967119892830359572,1,36003,2025-08-01 08:56:04,1967119892956188681,2025-08-01 09:10:04,1967119892956188679,False
1967119896164831233,1967119894155759621,1967119892838748217,2,179379,2025-08-01 08:56:04,1967119892956188681,2025-08-01 09:10:04,1967119892956188679,False
1967119896164831234,1967119894155759622,1967119892830359572,1,36003,2025-08-01 08:07:04,1967119892956188682,2025-08-01 08:15:04,1967119892956188683,False
1967119896169025536,1967119894155759623,1967119892838748183,1,31320,2025-08-01 08:07:04,1967119892956188682,2025-08-01 08:15:04,1967119892956188683,False
1967119896169025537,1967119894155759623,1967119892838748285,1,31320,2025-08-01 08:07:04,1967119892956188682,2025-08-01 08:15:04,1967119892956188683,False
1967119896169025538,1967119894155759624,1967119892838748236,1,41747,2025-08-01 00:33:04,1967119892956188678,2025-08-01 00:36:04,1967119892956188679,False
1967119896173219840,1967119894159953920,1967119892838748281,2,421451,2025-08-01 09:04:04,1967119892956188680,2025-08-01 09:07:04,1967119892956188683,False
1967119896173219841,1967119894164148224,1967119892834553905,1,36069,2025-08-01 13:38:04,1967119892956188681,2025-08-01 13:46:04,1967119892956188681,False
1967119896173219842,1967119894164148225,1967119892834553904,3,36069,2025-08-01 17:17:04,1967119892956188679,2025-08-01 17:27:04,1967119892956188679,False
1967119896173219843,1967119894164148225,1967119892838748176,1,36069,2025-08-01 17:17:04,1967119892956188679,2025-08-01 17:27:04,1967119892956188679,False
1967119896173219844,1967119894164148226,1967119892838748295,1,13923,2025-08-01 21:26:04,1967119892956188683,2025-08-01 21:41:04,1967119892956188680,False
1967119896173219845,1967119894164148227,1967119892830359555,1,31320,2025-08-01 21:26:04,1967119892956188683,2025-08-01 21:41:04,1967119892956188680,False
1967119896177414144,1967119894164148228,1967119892838748202,3,164486,2025-08-01 21:26:04,1967119892956188683,2025-08-01 21:41:04,1967119892956188680,False
1967119896177414145,1967119894168342528,1967119892838748224,3,36003,2025-08-01 01:27:04,1967119892956188685,2025-08-01 01:38:04,1967119892956188678,False
1967119896177414146,1967119894168342529,1967119892838748200,1,1321538,2025-08-01 01:27:04,1967119892956188685,2025-08-01 01:38:04,1967119892956188678,False
1967119896177414147,1967119894168342530,1967119892838748287,2,31459,2025-08-01 01:27:04,1967119892956188685,2025-08-01 01:38:04,1967119892956188678,False
1967119896177414148,1967119894168342531,1967119892838748273,2,50952,2025-08-01 01:27:04,1967119892956188685,2025-08-01 01:38:04,1967119892956188678,False
1967119896177414149,1967119894172536832,1967119892830359557,2,421451,2025-08-01 12:00:04,1967119892956188683,2025-08-01 12:02:04,1967119892956188685,False
1967119896177414150,1967119894172536833,1967119892838748190,1,24111,2025-08-01 12:00:04,1967119892956188683,2025-08-01 12:02:04,1967119892956188685,False
1967119896185802752,1967119894172536834,1967119892834553904,1,36069,2025-08-01 12:00:04,1967119892956188683,2025-08-01 12:02:04,1967119892956188685,False
1967119896185802753,1967119894172536835,1967119892838748250,1,72048,2025-08-01 10:11:04,1967119892956188685,2025-08-01 10:20:04,1967119892956188682,False
1967119896185802754,1967119894172536836,1967119892838748180,1,15189,2025-08-01 10:11:04,1967119892956188685,2025-08-01 10:20:04,1967119892956188682,False
1967119896185802755,1967119894172536837,1967119892834553931,1,179379,2025-08-01 10:11:04,1967119892956188685,2025-08-01 10:20:04,1967119892956188682,False
1967119896185802756,1967119894172536838,1967119892830359591,1,36069,2025-08-01 11:23:04,1967119892956188678,2025-08-01 11:29:04,1967119892956188678,False
1967119896185802757,1967119894172536838,1967119892834553903,1,36069,2025-08-01 11:23:04,1967119892956188678,2025-08-01 11:29:04,1967119892956188678,False
1967119896185802758,1967119894176731136,1967119892838748226,1,86881,2025-08-01 19:54:04,1967119892956188681,2025-08-01 19:59:04,1967119892956188678,False
1967119896185802759,1967119894180925440,1967119892830359607,1,14367,2025-08-02 09:14:04,1967119892956188685,2025-08-02 09:18:04,1967119892956188678,False
1967119896185802760,1967119894180925441,1967119892838748182,1,19254,2025-08-02 09:14:04,1967119892956188685,2025-08-02 09:18:04,1967119892956188678,False
1967119896185802761,1967119894180925442,1967119892830359637,1,512311,2025-08-02 09:14:04,1967119892956188685,2025-08-02 09:18:04,1967119892956188678,False
1967119896194191360,1967119894180925443,1967119892830359592,1,49375,2025-08-02 09:14:04,1967119892956188685,2025-08-02 09:18:04,1967119892956188678,False
1967119896194191361,1967119894180925444,1967119892838748181,1,15189,2025-08-02 10:20:04,1967119892956188678,2025-08-02 10:32:04,1967119892956188685,False
1967119896194191362,1967119894180925445,1967119892838748303,1,174609,2025-08-02 10:36:04,1967119892956188684,2025-08-02 10:49:04,1967119892956188679,False
1967119896194191363,1967119894180925446,1967119892838748185,2,24224,2025-08-02 10:36:04,1967119892956188684,2025-08-02 10:49:04,1967119892956188679,False
1967119896194191364,1967119894180925447,1967119892838748293,1,26443,2025-08-02 10:36:04,1967119892956188684,2025-08-02 10:49:04,1967119892956188679,False
1967119896194191365,1967119894180925448,1967119892834553897,1,93868,2025-08-02 10:36:04,1967119892956188684,2025-08-02 10:49:04,1967119892956188679,False
1967119896194191366,1967119894180925448,1967119892838748293,1,93868,2025-08-02 10:36:04,1967119892956188684,2025-08-02 10:49:04,1967119892956188679,False
1967119896194191367,1967119894185119744,1967119892834553889,2,376835,2025-08-02 04:01:04,1967119892956188681,2025-08-02 04:08:04,1967119892956188684,False
1967119896194191368,1967119894185119745,1967119892830359566,2,14279,2025-08-02 04:01:04,1967119892956188681,2025-08-02 04:08:04,1967119892956188684,False
1967119896194191369,1967119894185119746,1967119892838748183,1,19254,2025-08-02 04:01:04,1967119892956188681,2025-08-02 04:08:04,1967119892956188684,False
1967119896194191370,1967119894185119747,1967119892838748217,1,179379,2025-08-02 04:01:04,1967119892956188681,2025-08-02 04:08:04,1967119892956188684,False
1967119896194191371,1967119894185119748,1967119892834553931,1,179379,2025-08-02 05:21:04,1967119892956188679,2025-08-02 05:34:04,1967119892956188680,False
1967119896194191372,1967119894185119748,1967119892838748223,1,179379,2025-08-02 05:21:04,1967119892956188679,2025-08-02 05:34:04,1967119892956188680,False
1967119896194191373,1967119894185119749,1967119892838748180,1,31320,2025-08-02 05:21:04,1967119892956188679,2025-08-02 05:34:04,1967119892956188680,False
1967119896194191374,1967119894185119750,1967119892830359557,1,83586,2025-08-02 05:21:04,1967119892956188679,2025-08-02 05:34:04,1967119892956188680,False
1967119896202579968,1967119894185119751,1967119892834553904,1,36069,2025-08-02 05:21:04,1967119892956188679,2025-08-02 05:34:04,1967119892956188680,False
1967119896202579969,1967119894185119752,1967119892838748177,2,164486,2025-08-02 05:21:04,1967119892956188679,2025-08-02 05:34:04,1967119892956188680,False
1967119896202579970,1967119894185119753,1967119892834553891,3,190755,2025-08-02 05:21:04,1967119892956188679,2025-08-02 05:34:04,1967119892956188680,False
1967119896202579971,1967119894189314048,1967119892838748161,2,19254,2025-08-02 07:52:04,1967119892956188678,2025-08-02 07:54:04,1967119892956188680,False
1967119896206774272,1967119894189314049,1967119892830359567,1,36069,2025-08-02 07:52:04,1967119892956188678,2025-08-02 07:54:04,1967119892956188680,False
1967119896206774273,1967119894189314050,1967119892838748287,1,31459,2025-08-02 06:06:04,1967119892956188678,2025-08-02 06:18:04,1967119892956188685,False
1967119896206774274,1967119894189314051,1967119892838748273,1,63701,2025-08-02 06:06:04,1967119892956188678,2025-08-02 06:18:04,1967119892956188685,False
1967119896206774275,1967119894193508352,1967119892838748177,1,164486,2025-08-02 07:56:04,1967119892956188678,2025-08-02 08:06:04,1967119892956188684,False
1967119896206774276,1967119894193508353,1967119892830359629,1,52401,2025-08-02 08:27:04,1967119892956188685,2025-08-02 08:36:04,1967119892956188683,False
1967119896206774277,1967119894193508354,1967119892830359608,1,14367,2025-08-02 08:27:04,1967119892956188685,2025-08-02 08:36:04,1967119892956188683,False
1967119896206774278,1967119894193508355,1967119892830359599,1,31459,2025-08-02 08:27:04,1967119892956188685,2025-08-02 08:36:04,1967119892956188683,False
1967119896206774279,1967119894193508356,1967119892838748272,1,512311,2025-08-02 08:27:04,1967119892956188685,2025-08-02 08:36:04,1967119892956188683,False
1967119896206774280,1967119894197702656,1967119892838748185,1,13923,2025-08-02 19:16:04,1967119892956188679,2025-08-02 19:17:04,1967119892956188685,False
1967119896206774281,1967119894197702657,1967119892834553890,1,200012,2025-08-02 03:32:04,1967119892956188681,2025-08-02 03:34:04,1967119892956188679,False
1967119896206774282,1967119894197702657,1967119892838748179,1,200012,2025-08-02 03:32:04,1967119892956188681,2025-08-02 03:34:04,1967119892956188679,False
1967119896210968576,1967119894197702658,1967119892838748292,1,38407,2025-08-02 07:11:04,1967119892956188680,2025-08-02 07:17:04,1967119892956188685,False
1967119896210968577,1967119894201896960,1967119892838748169,2,15189,2025-08-02 10:48:04,1967119892956188681,2025-08-02 10:50:04,1967119892956188681,False
1967119896210968578,1967119894201896961,1967119892834553927,1,72048,2025-08-02 18:03:04,1967119892956188680,2025-08-02 18:11:04,1967119892956188678,False
1967119896210968579,1967119894201896962,1967119892830359631,1,313913,2025-08-02 18:03:04,1967119892956188680,2025-08-02 18:11:04,1967119892956188678,False
1967119896210968580,1967119894201896962,1967119892838748167,1,313913,2025-08-02 18:03:04,1967119892956188680,2025-08-02 18:11:04,1967119892956188678,False
1967119896210968581,1967119894201896963,1967119892838748209,1,1244169,2025-08-02 18:03:04,1967119892956188680,2025-08-02 18:11:04,1967119892956188678,False
1967119896210968582,1967119894201896964,1967119892838748217,1,179379,2025-08-02 06:14:04,1967119892956188679,2025-08-02 06:22:04,1967119892956188683,False
1967119896210968583,1967119894206091264,1967119892838748256,3,83586,2025-08-02 05:54:04,1967119892956188684,2025-08-02 05:59:04,1967119892956188683,False
1967119896210968584,1967119894206091265,1967119892838748264,1,49375,2025-08-02 01:34:04,1967119892956188681,2025-08-02 01:35:04,1967119892956188679,False
1967119896210968585,1967119894206091266,1967119892838748184,2,19254,2025-08-02 01:34:04,1967119892956188681,2025-08-02 01:35:04,1967119892956188679,False
1967119896219357184,1967119894206091267,1967119892834553881,2,15189,2025-08-02 01:34:04,1967119892956188681,2025-08-02 01:35:04,1967119892956188679,False
1967119896219357185,1967119894206091268,1967119892830359634,1,1631430,2025-08-02 01:34:04,1967119892956188681,2025-08-02 01:35:04,1967119892956188679,False
1967119896219357186,1967119894206091269,1967119892838748260,4,46936,2025-08-03 19:02:04,1967119892956188683,2025-08-03 19:15:04,1967119892956188683,False
1967119896219357187,1967119894206091270,1967119892838748251,1,51934,2025-08-03 19:02:04,1967119892956188683,2025-08-03 19:15:04,1967119892956188683,False
1967119896219357188,1967119894206091271,1967119892830359629,1,52401,2025-08-03 19:02:04,1967119892956188683,2025-08-03 19:15:04,1967119892956188683,False
1967119896219357189,1967119894206091272,1967119892834553911,1,31320,2025-08-03 19:02:04,1967119892956188683,2025-08-03 19:15:04,1967119892956188683,False
1967119896219357190,1967119894206091272,1967119892838748161,1,31320,2025-08-03 19:02:04,1967119892956188683,2025-08-03 19:15:04,1967119892956188683,False
1967119896219357191,1967119894206091272,1967119892838748280,1,31320,2025-08-03 19:02:04,1967119892956188683,2025-08-03 19:15:04,1967119892956188683,False
1967119896219357192,1967119894210285568,1967119892830359591,2,20336,2025-08-03 20:31:04,1967119892956188681,2025-08-03 20:35:04,1967119892956188678,False
1967119896223551488,1967119894210285569,1967119892834553909,2,15189,2025-08-03 20:31:04,1967119892956188681,2025-08-03 20:35:04,1967119892956188678,False
1967119896223551489,1967119894210285569,1967119892838748207,1,15189,2025-08-03 20:31:04,1967119892956188681,2025-08-03 20:35:04,1967119892956188678,False
1967119896223551490,1967119894214479872,1967119892838748264,1,20336,2025-08-03 16:02:04,1967119892956188680,2025-08-03 16:13:04,1967119892956188681,False
1967119896223551491,1967119894214479873,1967119892838748267,2,46936,2025-08-03 16:02:04,1967119892956188680,2025-08-03 16:13:04,1967119892956188681,False
1967119896223551492,1967119894214479874,1967119892838748264,1,20336,2025-08-03 09:58:04,1967119892956188678,2025-08-03 10:04:04,1967119892956188679,False
1967119896223551493,1967119894214479875,1967119892830359558,2,50952,2025-08-03 09:58:04,1967119892956188678,2025-08-03 10:04:04,1967119892956188679,False
1967119896223551494,1967119894214479876,1967119892838748160,2,25561,2025-08-03 20:56:04,1967119892956188679,2025-08-03 21:09:04,1967119892956188679,False
1967119896227745792,1967119894214479877,1967119892838748224,1,36003,2025-08-03 20:56:04,1967119892956188679,2025-08-03 21:09:04,1967119892956188679,False
1967119896227745793,1967119894214479878,1967119892834553905,1,36069,2025-08-03 19:32:04,1967119892956188683,2025-08-03 19:44:04,1967119892956188682,False
1967119896227745794,1967119894214479879,1967119892830359634,1,1631430,2025-08-03 19:32:04,1967119892956188683,2025-08-03 19:44:04,1967119892956188682,False
1967119896227745795,1967119894222868480,1967119892838748194,1,46936,2025-08-03 10:06:04,1967119892956188684,2025-08-03 10:08:04,1967119892956188678,False
1967119896227745796,1967119894222868481,1967119892830359552,2,31035,2025-08-03 05:50:04,1967119892956188682,2025-08-03 06:01:04,1967119892956188680,False
1967119896227745797,1967119894222868482,1967119892830359592,1,49375,2025-08-03 05:50:04,1967119892956188682,2025-08-03 06:01:04,1967119892956188680,False
1967119896227745798,1967119894222868483,1967119892830359632,2,79693,2025-08-03 05:50:04,1967119892956188682,2025-08-03 06:01:04,1967119892956188680,False
1967119896227745799,1967119894222868484,1967119892830359632,1,47110,2025-08-03 05:50:04,1967119892956188682,2025-08-03 06:01:04,1967119892956188680,False
1967119896227745800,1967119894222868485,1967119892838748235,2,26443,2025-08-04 13:38:04,1967119892956188678,2025-08-04 13:40:04,1967119892956188678,False
1967119896227745801,1967119894227062784,1967119892838748187,1,13923,2025-08-04 08:57:04,1967119892956188679,2025-08-04 09:04:04,1967119892956188678,False
1967119896227745802,1967119894227062785,1967119892838748183,1,19254,2025-08-04 08:57:04,1967119892956188679,2025-08-04 09:04:04,1967119892956188678,False
1967119896227745803,1967119894227062786,1967119892830359581,1,200012,2025-08-04 08:57:04,1967119892956188679,2025-08-04 09:04:04,1967119892956188678,False
1967119896227745804,1967119894227062787,1967119892834553890,1,200012,2025-08-04 23:16:04,1967119892956188678,2025-08-04 23:26:04,1967119892956188679,False
1967119896227745805,1967119894227062788,1967119892834553899,2,421451,2025-08-04 23:16:04,1967119892956188678,2025-08-04 23:26:04,1967119892956188679,False
1967119896231940096,1967119894227062789,1967119892838748199,1,1321538,2025-08-04 23:16:04,1967119892956188678,2025-08-04 23:26:04,1967119892956188679,False
1967119896231940097,1967119894227062790,1967119892834553886,1,15189,2025-08-04 23:16:04,1967119892956188678,2025-08-04 23:26:04,1967119892956188679,False
1967119896231940098,1967119894231257088,1967119892838748200,1,1321538,2025-08-04 03:04:04,1967119892956188685,2025-08-04 03:10:04,1967119892956188681,False
1967119896236134400,1967119894231257089,1967119892830359591,1,36069,2025-08-04 03:04:04,1967119892956188685,2025-08-04 03:10:04,1967119892956188681,False
1967119896236134401,1967119894231257090,1967119892838748168,1,174609,2025-08-04 20:51:04,1967119892956188685,2025-08-04 20:57:04,1967119892956188684,False
1967119896240328704,1967119894231257091,1967119892834553919,2,313913,2025-08-04 20:51:04,1967119892956188685,2025-08-04 20:57:04,1967119892956188684,False
1967119896240328705,1967119894231257092,1967119892838748303,2,43327,2025-08-04 16:51:04,1967119892956188683,2025-08-04 17:06:04,1967119892956188683,False
1967119896240328706,1967119894231257093,1967119892838748264,2,20336,2025-08-04 16:51:04,1967119892956188683,2025-08-04 17:06:04,1967119892956188683,False
1967119896240328707,1967119894231257094,1967119892838748184,2,31320,2025-08-04 16:51:04,1967119892956188683,2025-08-04 17:06:04,1967119892956188683,False
1967119896240328708,1967119894235451392,1967119892838748287,1,31459,2025-08-05 13:42:04,1967119892956188685,2025-08-05 13:52:04,1967119892956188681,False
1967119896240328709,1967119894235451393,1967119892838748225,1,67077,2025-08-05 13:42:04,1967119892956188685,2025-08-05 13:52:04,1967119892956188681,False
1967119896240328710,1967119894235451394,1967119892834553909,1,31320,2025-08-05 13:42:04,1967119892956188685,2025-08-05 13:52:04,1967119892956188681,False
1967119896240328711,1967119894235451395,1967119892838748225,1,86881,2025-08-05 10:46:04,1967119892956188679,2025-08-05 10:50:04,1967119892956188683,False
1967119896240328712,1967119894235451396,1967119892838748224,1,36003,2025-08-05 10:46:04,1967119892956188679,2025-08-05 10:50:04,1967119892956188683,False
1967119896240328713,1967119894235451397,1967119892830359606,1,376835,2025-08-05 10:46:04,1967119892956188679,2025-08-05 10:50:04,1967119892956188683,False
1967119896240328714,1967119894235451397,1967119892834553887,1,376835,2025-08-05 10:46:04,1967119892956188679,2025-08-05 10:50:04,1967119892956188683,False
1967119896244523008,1967119894239645696,1967119892838748184,1,19254,2025-08-05 20:49:04,1967119892956188682,2025-08-05 20:52:04,1967119892956188683,False
1967119896244523009,1967119894239645697,1967119892838748293,2,26443,2025-08-05 20:49:04,1967119892956188682,2025-08-05 20:52:04,1967119892956188683,False
1967119896244523010,1967119894243840000,1967119892838748177,2,164486,2025-08-05 06:01:04,1967119892956188685,2025-08-05 06:16:04,1967119892956188678,False
1967119896244523011,1967119894243840001,1967119892838748250,1,72048,2025-08-05 06:01:04,1967119892956188685,2025-08-05 06:16:04,1967119892956188678,False
1967119896244523012,1967119894243840002,1967119892838748168,2,174609,2025-08-05 06:01:04,1967119892956188685,2025-08-05 06:16:04,1967119892956188678,False
1967119896244523013,1967119894243840003,1967119892838748226,2,86881,2025-08-05 08:45:04,1967119892956188679,2025-08-05 08:46:04,1967119892956188684,False
1967119896244523014,1967119894248034304,1967119892834553889,1,376835,2025-08-05 14:29:04,1967119892956188679,2025-08-05 14:31:04,1967119892956188681,False
1967119896244523015,1967119894248034305,1967119892834553925,1,1784410,2025-08-05 21:55:04,1967119892956188683,2025-08-05 21:58:04,1967119892956188678,False
1967119896244523016,1967119894248034306,1967119892830359572,1,41747,2025-08-05 21:55:04,1967119892956188683,2025-08-05 21:58:04,1967119892956188678,False
1967119896248717312,1967119894248034307,1967119892830359572,1,36069,2025-08-05 21:55:04,1967119892956188683,2025-08-05 21:58:04,1967119892956188678,False
1967119896248717313,1967119894248034308,1967119892834553889,1,421451,2025-08-05 21:55:04,1967119892956188683,2025-08-05 21:58:04,1967119892956188678,False
1967119896248717314,1967119894248034309,1967119892830359636,2,38407,2025-08-05 21:55:04,1967119892956188683,2025-08-05 21:58:04,1967119892956188678,False
1967119896248717315,1967119894252228608,1967119892838748200,1,1784410,2025-08-05 10:33:04,1967119892956188682,2025-08-05 10:35:04,1967119892956188679,False
1967119896248717316,1967119894252228609,1967119892838748202,1,164486,2025-08-05 07:21:04,1967119892956188678,2025-08-05 07:33:04,1967119892956188678,False
1967119896248717317,1967119894252228609,1967119892838748255,1,164486,2025-08-05 07:21:04,1967119892956188678,2025-08-05 07:33:04,1967119892956188678,False
1967119896248717318,1967119894252228610,1967119892834553930,2,74235,2025-08-05 07:21:04,1967119892956188678,2025-08-05 07:33:04,1967119892956188678,False
1967119896252911616,1967119894252228611,1967119892838748261,1,36069,2025-08-05 07:21:04,1967119892956188678,2025-08-05 07:33:04,1967119892956188678,False
1967119896252911617,1967119894252228612,1967119892834553919,2,313913,2025-08-05 08:32:04,1967119892956188678,2025-08-05 08:45:04,1967119892956188684,False
1967119896252911618,1967119894256422912,1967119892838748224,3,36003,2025-08-05 08:59:04,1967119892956188680,2025-08-05 09:02:04,1967119892956188685,False
1967119896252911619,1967119894256422913,1967119892830359581,3,200012,2025-08-05 11:55:04,1967119892956188679,2025-08-05 12:08:04,1967119892956188681,False
1967119896252911620,1967119894256422914,1967119892838748285,1,31459,2025-08-05 11:55:04,1967119892956188679,2025-08-05 12:08:04,1967119892956188681,False
1967119896252911621,1967119894256422915,1967119892838748183,1,15189,2025-08-05 11:55:04,1967119892956188679,2025-08-05 12:08:04,1967119892956188681,False
1967119896252911622,1967119894260617216,1967119892830359591,3,36069,2025-08-06 07:11:04,1967119892956188682,2025-08-06 07:24:04,1967119892956188685,False
1967119896252911623,1967119894260617216,1967119892834553903,2,36069,2025-08-06 07:11:04,1967119892956188682,2025-08-06 07:24:04,1967119892956188685,False
1967119896252911624,1967119894260617217,1967119892834553887,2,421451,2025-08-06 07:11:04,1967119892956188682,2025-08-06 07:24:04,1967119892956188685,False
1967119896261300224,1967119894260617218,1967119892838748183,1,15189,2025-08-06 09:32:04,1967119892956188680,2025-08-06 09:36:04,1967119892956188684,False
1967119896261300225,1967119894260617219,1967119892834553922,1,47110,2025-08-06 09:32:04,1967119892956188680,2025-08-06 09:36:04,1967119892956188684,False
1967119896261300226,1967119894260617220,1967119892834553911,2,15189,2025-08-06 04:31:04,1967119892956188684,2025-08-06 04:45:04,1967119892956188678,False
1967119896261300227,1967119894260617221,1967119892830359585,1,24111,2025-08-06 04:31:04,1967119892956188684,2025-08-06 04:45:04,1967119892956188678,False
1967119896261300228,1967119894260617222,1967119892838748262,1,49375,2025-08-06 04:31:04,1967119892956188684,2025-08-06 04:45:04,1967119892956188678,False
1967119896261300229,1967119894260617223,1967119892834553901,2,421451,2025-08-06 04:31:04,1967119892956188684,2025-08-06 04:45:04,1967119892956188678,False
1967119896265494528,1967119894260617224,1967119892834553867,1,579715,2025-08-06 04:31:04,1967119892956188684,2025-08-06 04:45:04,1967119892956188678,False
1967119896265494529,1967119894264811520,1967119892834553905,2,14279,2025-08-06 04:19:04,1967119892956188685,2025-08-06 04:21:04,1967119892956188685,False
1967119896265494530,1967119894264811521,1967119892838748291,1,38407,2025-08-06 04:19:04,1967119892956188685,2025-08-06 04:21:04,1967119892956188685,False
1967119896265494531,1967119894264811522,1967119892838748185,1,13923,2025-08-06 04:19:04,1967119892956188685,2025-08-06 04:21:04,1967119892956188685,False
1967119896269688832,1967119894264811523,1967119892830359581,1,200012,2025-08-06 07:14:04,1967119892956188683,2025-08-06 07:24:04,1967119892956188685,False
1967119896269688833,1967119894264811524,1967119892834553889,1,421451,2025-08-06 07:14:04,1967119892956188683,2025-08-06 07:24:04,1967119892956188685,False
1967119896269688834,1967119894264811524,1967119892834553900,1,421451,2025-08-06 07:14:04,1967119892956188683,2025-08-06 07:24:04,1967119892956188685,False
1967119896269688835,1967119894269005824,1967119892834553879,2,47110,2025-08-06 03:17:04,1967119892956188679,2025-08-06 03:31:04,1967119892956188684,False
1967119896269688836,1967119894269005825,1967119892834553889,3,421451,2025-08-06 21:53:04,1967119892956188680,2025-08-06 22:02:04,1967119892956188685,False
1967119896273883136,1967119894269005826,1967119892838748183,1,19254,2025-08-06 21:53:04,1967119892956188680,2025-08-06 22:02:04,1967119892956188685,False
1967119896273883137,1967119894269005827,1967119892834553926,1,93868,2025-08-06 21:53:04,1967119892956188680,2025-08-06 22:02:04,1967119892956188685,False
1967119896273883138,1967119894273200128,1967119892838748275,1,63701,2025-08-06 17:46:04,1967119892956188682,2025-08-06 17:57:04,1967119892956188680,False
1967119896273883139,1967119894273200128,1967119892838748231,1,63701,2025-08-06 17:46:04,1967119892956188682,2025-08-06 17:57:04,1967119892956188680,False
1967119896273883140,1967119894273200129,1967119892838748202,1,164486,2025-08-06 17:46:04,1967119892956188682,2025-08-06 17:57:04,1967119892956188680,False
1967119896273883141,1967119894273200130,1967119892830359555,1,24224,2025-08-07 11:56:04,1967119892956188678,2025-08-07 11:59:04,1967119892956188682,False
1967119896273883142,1967119894273200131,1967119892838748261,3,46936,2025-08-07 11:56:04,1967119892956188678,2025-08-07 11:59:04,1967119892956188682,False
1967119896273883143,1967119894273200132,1967119892838748202,1,164486,2025-08-07 11:56:04,1967119892956188678,2025-08-07 11:59:04,1967119892956188682,False
1967119896273883144,1967119894277394432,1967119892830359554,2,52149,2025-08-07 08:12:04,1967119892956188681,2025-08-07 08:26:04,1967119892956188683,False
1967119896278077440,1967119894277394433,1967119892838748303,2,164486,2025-08-07 08:12:04,1967119892956188681,2025-08-07 08:26:04,1967119892956188683,False
1967119896278077441,1967119894277394434,1967119892830359630,1,20336,2025-08-07 21:11:04,1967119892956188683,2025-08-07 21:12:04,1967119892956188678,False
1967119896278077442,1967119894281588736,1967119892838748221,1,579715,2025-08-07 16:56:04,1967119892956188679,2025-08-07 17:02:04,1967119892956188683,False
1967119896282271744,1967119894281588737,1967119892830359642,1,24224,2025-08-07 16:56:04,1967119892956188679,2025-08-07 17:02:04,1967119892956188683,False
1967119896282271745,1967119894281588738,1967119892838748187,1,13923,2025-08-07 16:56:04,1967119892956188679,2025-08-07 17:02:04,1967119892956188683,False
1967119896282271746,1967119894281588739,1967119892830359572,1,52149,2025-08-07 16:56:04,1967119892956188679,2025-08-07 17:02:04,1967119892956188683,False
1967119896282271747,1967119894285783040,1967119892834553889,1,174609,2025-08-07 17:04:04,1967119892956188681,2025-08-07 17:14:04,1967119892956188685,False
1967119896282271748,1967119894285783041,1967119892834553889,2,376835,2025-08-07 17:04:04,1967119892956188681,2025-08-07 17:14:04,1967119892956188685,False
1967119896282271749,1967119894285783042,1967119892838748190,2,24111,2025-08-07 04:38:04,1967119892956188682,2025-08-07 04:45:04,1967119892956188684,False
1967119896282271750,1967119894285783043,1967119892830359597,1,1244169,2025-08-07 04:38:04,1967119892956188682,2025-08-07 04:45:04,1967119892956188684,False
1967119896286466048,1967119894285783044,1967119892838748288,1,31459,2025-08-07 04:38:04,1967119892956188682,2025-08-07 04:45:04,1967119892956188684,False
1967119896286466049,1967119894285783045,1967119892834553891,1,47110,2025-08-07 04:38:04,1967119892956188682,2025-08-07 04:45:04,1967119892956188684,False
1967119896286466050,1967119894285783046,1967119892834553922,1,47110,2025-08-07 19:39:04,1967119892956188684,2025-08-07 19:47:04,1967119892956188680,False
1967119896286466051,1967119894285783047,1967119892834553894,3,64599,2025-08-07 21:32:04,1967119892956188680,2025-08-07 21:45:04,1967119892956188685,False
1967119896286466052,1967119894285783048,1967119892838748250,2,72048,2025-08-07 21:32:04,1967119892956188680,2025-08-07 21:45:04,1967119892956188685,False
1967119896286466053,1967119894285783048,1967119892838748257,1,72048,2025-08-07 21:32:04,1967119892956188680,2025-08-07 21:45:04,1967119892956188685,False
1967119896286466054,1967119894289977344,1967119892838748255,2,83586,2025-08-07 02:42:04,1967119892956188680,2025-08-07 02:47:04,1967119892956188681,False
1967119896290660352,1967119894289977345,1967119892834553898,1,94845,2025-08-07 02:42:04,1967119892956188680,2025-08-07 02:47:04,1967119892956188681,False
1967119896290660353,1967119894289977346,1967119892838748247,1,31035,2025-08-07 02:42:04,1967119892956188680,2025-08-07 02:47:04,1967119892956188681,False
1967119896290660354,1967119894294171648,1967119892830359554,1,52149,2025-08-07 06:34:04,1967119892956188681,2025-08-07 06:48:04,1967119892956188682,False
1967119896290660355,1967119894294171649,1967119892838748185,1,13923,2025-08-07 06:34:04,1967119892956188681,2025-08-07 06:48:04,1967119892956188682,False
1967119896294854656,1967119894294171650,1967119892838748283,1,36003,2025-08-07 06:34:04,1967119892956188681,2025-08-07 06:48:04,1967119892956188682,False
1967119896294854657,1967119894294171651,1967119892838748177,1,164486,2025-08-08 15:13:04,1967119892956188685,2025-08-08 15:15:04,1967119892956188684,False
1967119896299048960,1967119894294171652,1967119892834553919,1,313913,2025-08-08 15:13:04,1967119892956188685,2025-08-08 15:15:04,1967119892956188684,False
1967119896299048961,1967119894294171653,1967119892838748190,2,24111,2025-08-08 15:13:04,1967119892956188685,2025-08-08 15:15:04,1967119892956188684,False
1967119896299048962,1967119894294171654,1967119892838748168,1,174609,2025-08-08 15:13:04,1967119892956188685,2025-08-08 15:15:04,1967119892956188684,False
1967119896299048963,1967119894294171655,1967119892830359632,1,79693,2025-08-08 14:20:04,1967119892956188678,2025-08-08 14:28:04,1967119892956188684,False
1967119896299048964,1967119894294171656,1967119892830359570,1,52149,2025-08-08 14:20:04,1967119892956188678,2025-08-08 14:28:04,1967119892956188684,False
1967119896299048965,1967119894294171657,1967119892830359592,3,20336,2025-08-08 14:20:04,1967119892956188678,2025-08-08 14:28:04,1967119892956188684,False
1967119896299048966,1967119894294171658,1967119892834553899,1,421451,2025-08-08 14:20:04,1967119892956188678,2025-08-08 14:28:04,1967119892956188684,False
1967119896299048967,1967119894294171658,1967119892838748299,1,421451,2025-08-08 14:20:04,1967119892956188678,2025-08-08 14:28:04,1967119892956188684,False
1967119896299048968,1967119894298365952,1967119892830359579,3,376835,2025-08-08 04:06:04,1967119892956188683,2025-08-08 04:16:04,1967119892956188679,False
1967119896299048969,1967119894298365953,1967119892838748186,3,13923,2025-08-08 04:06:04,1967119892956188683,2025-08-08 04:16:04,1967119892956188679,False
1967119896299048970,1967119894298365954,1967119892834553894,2,64599,2025-08-08 15:59:04,1967119892956188684,2025-08-08 16:01:04,1967119892956188678,False
1967119896299048971,1967119894298365954,1967119892838748312,1,64599,2025-08-08 15:59:04,1967119892956188684,2025-08-08 16:01:04,1967119892956188678,False
1967119896299048972,1967119894298365955,1967119892834553891,1,47110,2025-08-08 15:59:04,1967119892956188684,2025-08-08 16:01:04,1967119892956188678,False
1967119896299048973,1967119894298365956,1967119892838748226,1,26443,2025-08-08 15:59:04,1967119892956188684,2025-08-08 16:01:04,1967119892956188678,False
1967119896299048974,1967119894298365957,1967119892834553904,5,14279,2025-08-08 15:59:04,1967119892956188684,2025-08-08 16:01:04,1967119892956188678,False
1967119896299048975,1967119894298365958,1967119892834553904,3,36069,2025-08-08 15:59:04,1967119892956188684,2025-08-08 16:01:04,1967119892956188678,False
1967119896299048976,1967119894298365958,1967119892838748176,1,36069,2025-08-08 15:59:04,1967119892956188684,2025-08-08 16:01:04,1967119892956188678,False
1967119896299048977,1967119894302560256,1967119892830359572,2,52149,2025-08-08 14:17:04,1967119892956188685,2025-08-08 14:32:04,1967119892956188680,False
1967119896299048978,1967119894302560256,1967119892838748213,1,52149,2025-08-08 14:17:04,1967119892956188685,2025-08-08 14:32:04,1967119892956188680,False
1967119896299048979,1967119894302560257,1967119892830359630,2,52401,2025-08-08 14:17:04,1967119892956188685,2025-08-08 14:32:04,1967119892956188680,False
1967119896299048980,1967119894302560258,1967119892830359630,4,20336,2025-08-08 14:17:04,1967119892956188685,2025-08-08 14:32:04,1967119892956188680,False
1967119896299048981,1967119894302560259,1967119892838748183,1,15189,2025-08-08 14:17:04,1967119892956188685,2025-08-08 14:32:04,1967119892956188680,False
1967119896299048982,1967119894302560260,1967119892834553889,2,64599,2025-08-08 14:17:04,1967119892956188685,2025-08-08 14:32:04,1967119892956188680,False
1967119896299048983,1967119894302560260,1967119892838748311,1,64599,2025-08-08 14:17:04,1967119892956188685,2025-08-08 14:32:04,1967119892956188680,False
1967119896299048984,1967119894302560261,1967119892834553927,1,72048,2025-08-08 09:44:04,1967119892956188685,2025-08-08 09:58:04,1967119892956188681,False
1967119896299048985,1967119894302560262,1967119892838748169,1,15189,2025-08-08 09:44:04,1967119892956188685,2025-08-08 09:58:04,1967119892956188681,False
1967119896299048986,1967119894306754560,1967119892834553891,1,200012,2025-08-08 08:28:04,1967119892956188683,2025-08-08 08:43:04,1967119892956188681,False
1967119896299048987,1967119894306754560,1967119892838748177,1,200012,2025-08-08 08:28:04,1967119892956188683,2025-08-08 08:43:04,1967119892956188681,False
1967119896311631872,1967119894306754561,1967119892838748180,1,15189,2025-08-08 02:54:04,1967119892956188685,2025-08-08 02:56:04,1967119892956188685,False
1967119896311631873,1967119894306754561,1967119892838748296,1,15189,2025-08-08 02:54:04,1967119892956188685,2025-08-08 02:56:04,1967119892956188685,False
1967119896315826176,1967119894306754562,1967119892838748186,1,24224,2025-08-08 02:54:04,1967119892956188685,2025-08-08 02:56:04,1967119892956188685,False
1967119896315826177,1967119894310948864,1967119892838748235,1,26443,2025-08-08 02:57:04,1967119892956188681,2025-08-08 03:01:04,1967119892956188683,False
1967119896315826178,1967119894310948865,1967119892830359564,1,46936,2025-08-08 02:57:04,1967119892956188681,2025-08-08 03:01:04,1967119892956188683,False
1967119896320020480,1967119894310948866,1967119892834553909,2,31320,2025-08-08 02:57:04,1967119892956188681,2025-08-08 03:01:04,1967119892956188683,False
1967119896320020481,1967119894310948867,1967119892830359591,2,49375,2025-08-08 02:57:04,1967119892956188681,2025-08-08 03:01:04,1967119892956188683,False
1967119896320020482,1967119894310948868,1967119892838748192,2,61022,2025-08-08 14:49:04,1967119892956188684,2025-08-08 14:53:04,1967119892956188684,False
1967119896320020483,1967119894310948869,1967119892838748160,3,25561,2025-08-08 13:41:04,1967119892956188680,2025-08-08 13:55:04,1967119892956188680,False
1967119896324214784,1967119894315143168,1967119892838748168,1,174609,2025-08-08 00:59:04,1967119892956188678,2025-08-08 01:05:04,1967119892956188682,False
1967119896324214785,1967119894319337472,1967119892830359582,3,61022,2025-08-08 20:51:04,1967119892956188684,2025-08-08 21:06:04,1967119892956188679,False
1967119896324214786,1967119894319337473,1967119892834553889,1,421451,2025-08-08 20:51:04,1967119892956188684,2025-08-08 21:06:04,1967119892956188679,False
1967119896328409088,1967119894319337474,1967119892838748201,2,164486,2025-08-08 09:16:04,1967119892956188685,2025-08-08 09:30:04,1967119892956188679,False
1967119896328409089,1967119894319337475,1967119892830359557,1,83586,2025-08-08 13:17:04,1967119892956188680,2025-08-08 13:18:04,1967119892956188683,False
1967119896328409090,1967119894319337475,1967119892834553891,2,83586,2025-08-08 13:17:04,1967119892956188680,2025-08-08 13:18:04,1967119892956188683,False
1967119896328409091,1967119894319337476,1967119892834553889,2,421451,2025-08-08 08:39:04,1967119892956188679,2025-08-08 08:44:04,1967119892956188678,False
1967119896328409092,1967119894323531776,1967119892838748217,2,179379,2025-08-08 19:34:04,1967119892956188681,2025-08-08 19:35:04,1967119892956188685,False
1967119896332603392,1967119894323531777,1967119892838748183,1,15189,2025-08-08 19:34:04,1967119892956188681,2025-08-08 19:35:04,1967119892956188685,False
1967119896332603393,1967119894327726080,1967119892834553895,1,1631430,2025-08-08 15:11:04,1967119892956188682,2025-08-08 15:15:04,1967119892956188680,False
1967119896332603394,1967119894327726081,1967119892838748247,2,31035,2025-08-08 15:11:04,1967119892956188682,2025-08-08 15:15:04,1967119892956188680,False
1967119896332603395,1967119894327726082,1967119892838748281,1,421451,2025-08-08 15:11:04,1967119892956188682,2025-08-08 15:15:04,1967119892956188680,False
1967119896332603396,1967119894327726083,1967119892834553894,1,64599,2025-08-08 14:43:04,1967119892956188682,2025-08-08 14:48:04,1967119892956188681,False
1967119896332603397,1967119894327726084,1967119892838748229,1,50952,2025-08-08 14:43:04,1967119892956188682,2025-08-08 14:48:04,1967119892956188681,False
1967119896332603398,1967119894327726085,1967119892830359557,1,83586,2025-08-08 13:13:04,1967119892956188681,2025-08-08 13:19:04,1967119892956188679,False
1967119896332603399,1967119894327726085,1967119892834553891,1,83586,2025-08-08 13:13:04,1967119892956188681,2025-08-08 13:19:04,1967119892956188679,False
1967119896332603400,1967119894327726086,1967119892834553904,1,14279,2025-08-08 13:13:04,1967119892956188681,2025-08-08 13:19:04,1967119892956188679,False
1967119896332603401,1967119894331920384,1967119892830359592,1,49375,2025-08-08 05:50:04,1967119892956188681,2025-08-08 05:58:04,1967119892956188679,False
1967119896332603402,1967119894336114688,1967119892838748252,2,51934,2025-08-08 08:50:04,1967119892956188683,2025-08-08 09:03:04,1967119892956188678,False
1967119896332603403,1967119894336114689,1967119892830359598,1,14367,2025-08-08 20:51:04,1967119892956188682,2025-08-08 21:05:04,1967119892956188681,False
1967119896332603404,1967119894336114689,1967119892834553904,2,14367,2025-08-08 20:51:04,1967119892956188682,2025-08-08 21:05:04,1967119892956188681,False
1967119896332603405,1967119894336114690,1967119892830359597,1,1339857,2025-08-08 20:51:04,1967119892956188682,2025-08-08 21:05:04,1967119892956188681,False
1967119896332603406,1967119894336114691,1967119892838748209,1,1244169,2025-08-08 05:05:04,1967119892956188682,2025-08-08 05:14:04,1967119892956188683,False
1967119896340992000,1967119894336114692,1967119892838748209,1,1072384,2025-08-08 05:05:04,1967119892956188682,2025-08-08 05:14:04,1967119892956188683,False
1967119896340992001,1967119894340308992,1967119892838748187,1,13923,2025-08-09 09:58:04,1967119892956188683,2025-08-09 10:09:04,1967119892956188684,False
1967119896340992002,1967119894340308993,1967119892830359557,2,83586,2025-08-09 22:01:04,1967119892956188680,2025-08-09 22:10:04,1967119892956188685,False
1967119896340992003,1967119894344503296,1967119892834553931,1,179379,2025-08-09 16:35:04,1967119892956188681,2025-08-09 16:36:04,1967119892956188683,False
1967119896345186304,1967119894344503297,1967119892830359553,1,52149,2025-08-09 01:22:04,1967119892956188678,2025-08-09 01:32:04,1967119892956188682,False
1967119896345186305,1967119894344503298,1967119892834553909,1,15189,2025-08-09 01:22:04,1967119892956188678,2025-08-09 01:32:04,1967119892956188682,False
1967119896345186306,1967119894344503298,1967119892838748207,1,15189,2025-08-09 01:22:04,1967119892956188678,2025-08-09 01:32:04,1967119892956188682,False
1967119896345186307,1967119894344503299,1967119892838748180,1,15189,2025-08-09 17:33:04,1967119892956188681,2025-08-09 17:47:04,1967119892956188679,False
1967119896345186308,1967119894344503299,1967119892838748296,1,15189,2025-08-09 17:33:04,1967119892956188681,2025-08-09 17:47:04,1967119892956188679,False
1967119896349380608,1967119894344503300,1967119892834553919,1,313913,2025-08-09 17:33:04,1967119892956188681,2025-08-09 17:47:04,1967119892956188679,False
1967119896349380609,1967119894344503300,1967119892838748168,1,313913,2025-08-09 17:33:04,1967119892956188681,2025-08-09 17:47:04,1967119892956188679,False
1967119896349380610,1967119894344503301,1967119892830359557,3,421451,2025-08-09 17:33:04,1967119892956188681,2025-08-09 17:47:04,1967119892956188679,False
1967119896349380611,1967119894344503302,1967119892838748180,1,31320,2025-08-09 17:33:04,1967119892956188681,2025-08-09 17:47:04,1967119892956188679,False
1967119896349380612,1967119894344503303,1967119892834553931,1,74235,2025-08-09 17:33:04,1967119892956188681,2025-08-09 17:47:04,1967119892956188679,False
1967119896353574912,1967119894348697600,1967119892830359557,1,83586,2025-08-09 20:14:04,1967119892956188685,2025-08-09 20:19:04,1967119892956188680,False
1967119896353574913,1967119894348697600,1967119892834553891,1,83586,2025-08-09 20:14:04,1967119892956188685,2025-08-09 20:19:04,1967119892956188680,False
1967119896353574914,1967119894348697601,1967119892838748180,2,31320,2025-08-09 20:14:04,1967119892956188685,2025-08-09 20:19:04,1967119892956188680,False
1967119896353574915,1967119894348697601,1967119892838748190,1,31320,2025-08-09 20:14:04,1967119892956188685,2025-08-09 20:19:04,1967119892956188680,False
1967119896353574916,1967119894352891904,1967119892834553889,1,64599,2025-08-09 02:52:04,1967119892956188683,2025-08-09 03:03:04,1967119892956188679,False
1967119896353574917,1967119894352891904,1967119892838748311,1,64599,2025-08-09 02:52:04,1967119892956188683,2025-08-09 03:03:04,1967119892956188679,False
1967119896353574918,1967119894352891905,1967119892830359630,4,52401,2025-08-09 02:52:04,1967119892956188683,2025-08-09 03:03:04,1967119892956188679,False
1967119896357769216,1967119894352891906,1967119892830359572,1,41747,2025-08-09 02:52:04,1967119892956188683,2025-08-09 03:03:04,1967119892956188679,False
1967119896357769217,1967119894352891907,1967119892838748256,1,43327,2025-08-09 09:08:04,1967119892956188683,2025-08-09 09:16:04,1967119892956188678,False
1967119896357769218,1967119894352891908,1967119892838748201,1,164486,2025-08-09 09:08:04,1967119892956188683,2025-08-09 09:16:04,1967119892956188678,False
1967119896357769219,1967119894357086208,1967119892830359557,1,421451,2025-08-09 16:31:04,1967119892956188680,2025-08-09 16:44:04,1967119892956188683,False
1967119896357769220,1967119894357086208,1967119892834553902,1,421451,2025-08-09 16:31:04,1967119892956188680,2025-08-09 16:44:04,1967119892956188683,False
1967119896357769221,1967119894357086209,1967119892834553891,3,190755,2025-08-09 16:31:04,1967119892956188680,2025-08-09 16:44:04,1967119892956188683,False
1967119896361963520,1967119894357086210,1967119892838748180,1,31320,2025-08-09 16:31:04,1967119892956188680,2025-08-09 16:44:04,1967119892956188683,False
1967119896361963521,1967119894357086210,1967119892838748190,1,31320,2025-08-09 16:31:04,1967119892956188680,2025-08-09 16:44:04,1967119892956188683,False
1967119896361963522,1967119894357086211,1967119892838748186,2,24224,2025-08-09 21:45:04,1967119892956188680,2025-08-09 21:54:04,1967119892956188679,False
1967119896361963523,1967119894357086211,1967119892838748296,1,24224,2025-08-09 21:45:04,1967119892956188680,2025-08-09 21:54:04,1967119892956188679,False
1967119896361963524,1967119894361280512,1967119892838748241,1,1339857,2025-08-09 04:53:04,1967119892956188684,2025-08-09 04:55:04,1967119892956188681,False
1967119896361963525,1967119894361280513,1967119892838748202,1,164486,2025-08-09 21:59:04,1967119892956188682,2025-08-09 22:14:04,1967119892956188678,False
1967119896361963526,1967119894361280514,1967119892834553895,1,1631430,2025-08-09 21:59:04,1967119892956188682,2025-08-09 22:14:04,1967119892956188678,False
1967119896366157824,1967119894361280515,1967119892834553879,3,43327,2025-08-09 21:59:04,1967119892956188682,2025-08-09 22:14:04,1967119892956188678,False
1967119896366157825,1967119894361280516,1967119892830359555,1,31320,2025-08-09 21:59:04,1967119892956188682,2025-08-09 22:14:04,1967119892956188678,False
1967119896366157826,1967119894361280517,1967119892838748281,1,421451,2025-08-09 21:59:04,1967119892956188682,2025-08-09 22:14:04,1967119892956188678,False
1967119896366157827,1967119894361280518,1967119892838748231,1,50952,2025-08-09 21:59:04,1967119892956188682,2025-08-09 22:14:04,1967119892956188678,False
1967119896366157828,1967119894361280519,1967119892834553904,1,14279,2025-08-09 14:38:04,1967119892956188678,2025-08-09 14:47:04,1967119892956188685,False
1967119896366157829,1967119894365474816,1967119892830359629,3,20336,2025-08-09 22:57:04,1967119892956188679,2025-08-09 23:10:04,1967119892956188685,False
1967119896366157830,1967119894365474816,1967119892838748262,1,20336,2025-08-09 22:57:04,1967119892956188679,2025-08-09 23:10:04,1967119892956188685,False
1967119896370352128,1967119894365474817,1967119892838748304,3,43327,2025-08-09 22:57:04,1967119892956188679,2025-08-09 23:10:04,1967119892956188685,False
1967119896370352129,1967119894365474818,1967119892838748187,1,13923,2025-08-09 09:52:04,1967119892956188681,2025-08-09 09:57:04,1967119892956188685,False
1967119896370352130,1967119894365474819,1967119892830359636,2,512311,2025-08-09 09:52:04,1967119892956188681,2025-08-09 09:57:04,1967119892956188685,False
1967119896370352131,1967119894365474819,1967119892838748217,1,512311,2025-08-09 09:52:04,1967119892956188681,2025-08-09 09:57:04,1967119892956188685,False
1967119896370352132,1967119894369669120,1967119892834553922,2,47110,2025-08-10 15:18:04,1967119892956188679,2025-08-10 15:23:04,1967119892956188683,False
1967119896370352133,1967119894369669121,1967119892830359572,2,36069,2025-08-10 15:18:04,1967119892956188679,2025-08-10 15:23:04,1967119892956188683,False
1967119896370352134,1967119894369669122,1967119892830359572,2,52149,2025-08-10 15:18:04,1967119892956188679,2025-08-10 15:23:04,1967119892956188683,False
1967119896370352135,1967119894369669123,1967119892838748247,1,31035,2025-08-10 20:07:04,1967119892956188682,2025-08-10 20:10:04,1967119892956188682,False
1967119896370352136,1967119894369669123,1967119892838748261,1,31035,2025-08-10 20:07:04,1967119892956188682,2025-08-10 20:10:04,1967119892956188682,False
1967119896374546432,1967119894369669124,1967119892838748181,1,19254,2025-08-10 20:07:04,1967119892956188682,2025-08-10 20:10:04,1967119892956188682,False
1967119896374546433,1967119894373863424,1967119892838748187,2,13923,2025-08-10 20:08:04,1967119892956188684,2025-08-10 20:09:04,1967119892956188678,False
1967119896374546434,1967119894373863425,1967119892838748194,2,46936,2025-08-10 20:08:04,1967119892956188684,2025-08-10 20:09:04,1967119892956188678,False
1967119896374546435,1967119894373863425,1967119892838748266,1,46936,2025-08-10 20:08:04,1967119892956188684,2025-08-10 20:09:04,1967119892956188678,False
1967119896374546436,1967119894373863426,1967119892834553891,3,200012,2025-08-10 15:11:04,1967119892956188682,2025-08-10 15:17:04,1967119892956188682,False
1967119896378740736,1967119894373863427,1967119892834553894,2,64599,2025-08-10 15:11:04,1967119892956188682,2025-08-10 15:17:04,1967119892956188682,False
1967119896378740737,1967119894373863427,1967119892838748312,1,64599,2025-08-10 15:11:04,1967119892956188682,2025-08-10 15:17:04,1967119892956188682,False
1967119896378740738,1967119894373863428,1967119892834553891,1,47110,2025-08-10 15:11:04,1967119892956188682,2025-08-10 15:17:04,1967119892956188682,False
1967119896378740739,1967119894378057728,1967119892838748183,1,15189,2025-08-10 14:51:04,1967119892956188683,2025-08-10 15:05:04,1967119892956188680,False
1967119896382935040,1967119894378057729,1967119892838748180,1,19254,2025-08-10 08:44:04,1967119892956188683,2025-08-10 08:58:04,1967119892956188678,False
1967119896382935041,1967119894378057730,1967119892830359630,1,20336,2025-08-10 04:53:04,1967119892956188678,2025-08-10 04:54:04,1967119892956188679,False
1967119896382935042,1967119894378057731,1967119892830359572,1,36069,2025-08-10 04:53:04,1967119892956188678,2025-08-10 04:54:04,1967119892956188679,False
1967119896382935043,1967119894378057732,1967119892834553926,1,93868,2025-08-10 04:53:04,1967119892956188678,2025-08-10 04:54:04,1967119892956188679,False
1967119896382935044,1967119894382252032,1967119892838748283,1,36003,2025-08-10 21:36:04,1967119892956188680,2025-08-10 21:38:04,1967119892956188679,False
1967119896387129344,1967119894382252033,1967119892838748184,1,31320,2025-08-10 21:36:04,1967119892956188680,2025-08-10 21:38:04,1967119892956188679,False
1967119896387129345,1967119894382252034,1967119892834553905,2,36069,2025-08-10 21:36:04,1967119892956188680,2025-08-10 21:38:04,1967119892956188679,False
1967119896387129346,1967119894382252035,1967119892830359630,2,20336,2025-08-10 11:42:04,1967119892956188681,2025-08-10 11:49:04,1967119892956188685,False
1967119896387129347,1967119894382252036,1967119892838748194,1,14367,2025-08-10 11:42:04,1967119892956188681,2025-08-10 11:49:04,1967119892956188685,False
1967119896387129348,1967119894382252037,1967119892830359572,1,36003,2025-08-10 11:42:04,1967119892956188681,2025-08-10 11:49:04,1967119892956188685,False
1967119896387129349,1967119894382252037,1967119892838748282,1,36003,2025-08-10 11:42:04,1967119892956188681,2025-08-10 11:49:04,1967119892956188685,False
1967119896387129350,1967119894382252038,1967119892838748183,4,31320,2025-08-10 11:42:04,1967119892956188681,2025-08-10 11:49:04,1967119892956188685,False
1967119896391323648,1967119894390640640,1967119892830359553,3,31035,2025-08-10 23:54:04,1967119892956188685,2025-08-11 00:07:04,1967119892956188682,False
1967119896391323649,1967119894390640640,1967119892830359564,2,31035,2025-08-10 23:54:04,1967119892956188685,2025-08-11 00:07:04,1967119892956188682,False
1967119896395517952,1967119894390640641,1967119892838748287,1,31459,2025-08-10 23:54:04,1967119892956188685,2025-08-11 00:07:04,1967119892956188682,False
1967119896399712256,1967119894390640642,1967119892830359606,1,164486,2025-08-10 23:54:04,1967119892956188685,2025-08-11 00:07:04,1967119892956188682,False
1967119896408100864,1967119894390640643,1967119892830359581,1,200012,2025-08-10 04:38:04,1967119892956188683,2025-08-10 04:42:04,1967119892956188680,False
1967119896408100865,1967119894390640644,1967119892830359636,1,512311,2025-08-10 04:38:04,1967119892956188683,2025-08-10 04:42:04,1967119892956188680,False
1967119896408100866,1967119894390640644,1967119892838748217,1,512311,2025-08-10 04:38:04,1967119892956188683,2025-08-10 04:42:04,1967119892956188680,False
1967119896408100867,1967119894390640645,1967119892834553919,1,313913,2025-08-10 21:02:04,1967119892956188685,2025-08-10 21:10:04,1967119892956188683,False
1967119896412295168,1967119894394834944,1967119892838748165,1,313913,2025-08-10 08:07:04,1967119892956188682,2025-08-10 08:09:04,1967119892956188684,False
1967119896416489472,1967119894394834945,1967119892834553930,1,179379,2025-08-10 08:07:04,1967119892956188682,2025-08-10 08:09:04,1967119892956188684,False
1967119896420683776,1967119894394834946,1967119892834553889,1,174609,2025-08-10 14:09:04,1967119892956188680,2025-08-10 14:24:04,1967119892956188685,False
1967119896420683777,1967119894399029248,1967119892830359582,1,61022,2025-08-10 09:26:04,1967119892956188684,2025-08-10 09:36:04,1967119892956188685,False
1967119896420683778,1967119894399029249,1967119892830359630,3,52401,2025-08-10 09:26:04,1967119892956188684,2025-08-10 09:36:04,1967119892956188685,False
1967119896420683779,1967119894399029250,1967119892834553889,2,421451,2025-08-10 09:26:04,1967119892956188684,2025-08-10 09:36:04,1967119892956188685,False
1967119896420683780,1967119894399029251,1967119892830359572,1,36069,2025-08-11 21:52:04,1967119892956188685,2025-08-11 21:58:04,1967119892956188678,False
1967119896420683781,1967119894399029252,1967119892838748221,2,579715,2025-08-11 21:52:04,1967119892956188685,2025-08-11 21:58:04,1967119892956188678,False
1967119896420683782,1967119894399029253,1967119892834553922,1,47110,2025-08-11 21:52:04,1967119892956188685,2025-08-11 21:58:04,1967119892956188678,False
1967119896420683783,1967119894399029254,1967119892830359572,1,52149,2025-08-11 21:52:04,1967119892956188685,2025-08-11 21:58:04,1967119892956188678,False
1967119896420683784,1967119894399029255,1967119892838748271,1,801117,2025-08-11 13:29:04,1967119892956188680,2025-08-11 13:43:04,1967119892956188685,False
1967119896420683785,1967119894399029256,1967119892838748185,1,13923,2025-08-11 13:29:04,1967119892956188680,2025-08-11 13:43:04,1967119892956188685,False
1967119896420683786,1967119894403223552,1967119892830359552,1,31035,2025-08-11 16:14:04,1967119892956188683,2025-08-11 16:25:04,1967119892956188682,False
1967119896420683787,1967119894403223553,1967119892830359578,1,1072384,2025-08-11 16:14:04,1967119892956188683,2025-08-11 16:25:04,1967119892956188682,False
1967119896420683788,1967119894407417856,1967119892838748187,3,13923,2025-08-11 03:41:04,1967119892956188684,2025-08-11 03:47:04,1967119892956188683,False
1967119896420683789,1967119894407417857,1967119892830359630,1,20336,2025-08-11 03:41:04,1967119892956188684,2025-08-11 03:47:04,1967119892956188683,False
1967119896420683790,1967119894407417858,1967119892838748264,1,20336,2025-08-11 13:26:04,1967119892956188679,2025-08-11 13:29:04,1967119892956188683,False
1967119896420683791,1967119894407417859,1967119892838748271,1,801117,2025-08-11 13:26:04,1967119892956188679,2025-08-11 13:29:04,1967119892956188683,False
1967119896420683792,1967119894407417860,1967119892830359614,2,79693,2025-08-11 13:26:04,1967119892956188679,2025-08-11 13:29:04,1967119892956188683,False
1967119896420683793,1967119894411612160,1967119892834553927,1,72048,2025-08-12 09:03:04,1967119892956188680,2025-08-12 09:05:04,1967119892956188678,False
1967119896420683794,1967119894411612161,1967119892838748237,1,41747,2025-08-12 09:03:04,1967119892956188680,2025-08-12 09:05:04,1967119892956188678,False
1967119896420683795,1967119894411612162,1967119892838748167,1,200012,2025-08-12 09:03:04,1967119892956188680,2025-08-12 09:05:04,1967119892956188678,False
1967119896420683796,1967119894411612163,1967119892830359591,1,36069,2025-08-12 15:18:04,1967119892956188679,2025-08-12 15:32:04,1967119892956188682,False
1967119896441655296,1967119894411612164,1967119892830359553,1,52149,2025-08-12 15:18:04,1967119892956188679,2025-08-12 15:32:04,1967119892956188682,False
1967119896441655297,1967119894415806464,1967119892834553931,3,74235,2025-08-12 18:30:04,1967119892956188682,2025-08-12 18:43:04,1967119892956188680,False
1967119896441655298,1967119894415806465,1967119892838748229,1,50952,2025-08-12 18:30:04,1967119892956188682,2025-08-12 18:43:04,1967119892956188680,False
1967119896441655299,1967119894415806466,1967119892830359572,1,41747,2025-08-12 12:17:04,1967119892956188682,2025-08-12 12:25:04,1967119892956188682,False
1967119896441655300,1967119894415806467,1967119892830359566,1,14279,2025-08-12 12:17:04,1967119892956188682,2025-08-12 12:25:04,1967119892956188682,False
1967119896441655301,1967119894415806467,1967119892830359630,2,14279,2025-08-12 12:17:04,1967119892956188682,2025-08-12 12:25:04,1967119892956188682,False
1967119896441655302,1967119894415806468,1967119892838748194,2,14367,2025-08-12 12:17:04,1967119892956188682,2025-08-12 12:25:04,1967119892956188682,False
1967119896445849600,1967119894415806469,1967119892834553889,2,64599,2025-08-12 12:17:04,1967119892956188682,2025-08-12 12:25:04,1967119892956188682,False
1967119896445849601,1967119894420000768,1967119892838748247,1,31035,2025-08-12 09:52:04,1967119892956188684,2025-08-12 09:54:04,1967119892956188681,False
1967119896450043904,1967119894424195072,1967119892830359623,1,61022,2025-08-12 10:43:04,1967119892956188682,2025-08-12 10:54:04,1967119892956188683,False
1967119896450043905,1967119894424195073,1967119892830359636,1,38407,2025-08-12 20:59:04,1967119892956188682,2025-08-12 21:00:04,1967119892956188685,False
1967119896454238208,1967119894424195074,1967119892830359642,1,24224,2025-08-12 20:59:04,1967119892956188682,2025-08-12 21:00:04,1967119892956188685,False
1967119896454238209,1967119894424195074,1967119892838748187,1,24224,2025-08-12 20:59:04,1967119892956188682,2025-08-12 21:00:04,1967119892956188685,False
1967119896454238210,1967119894424195075,1967119892838748221,2,579715,2025-08-12 20:59:04,1967119892956188682,2025-08-12 21:00:04,1967119892956188685,False
1967119896454238211,1967119894424195076,1967119892838748285,1,31459,2025-08-12 20:59:04,1967119892956188682,2025-08-12 21:00:04,1967119892956188685,False
1967119896454238212,1967119894428389376,1967119892830359591,2,36069,2025-08-12 16:05:04,1967119892956188684,2025-08-12 16:06:04,1967119892956188685,False
1967119896458432512,1967119894428389377,1967119892834553909,1,15189,2025-08-12 16:05:04,1967119892956188684,2025-08-12 16:06:04,1967119892956188685,False
1967119896458432513,1967119894428389377,1967119892838748207,3,15189,2025-08-12 16:05:04,1967119892956188684,2025-08-12 16:06:04,1967119892956188685,False
1967119896458432514,1967119894428389378,1967119892830359564,1,46936,2025-08-12 16:05:04,1967119892956188684,2025-08-12 16:06:04,1967119892956188685,False
1967119896458432515,1967119894428389379,1967119892830359606,1,164486,2025-08-12 16:05:04,1967119892956188684,2025-08-12 16:06:04,1967119892956188685,False
1967119896462626816,1967119894428389380,1967119892838748200,1,1631430,2025-08-12 16:07:04,1967119892956188680,2025-08-12 16:15:04,1967119892956188683,False
1967119896462626817,1967119894428389381,1967119892834553903,3,14367,2025-08-12 16:07:04,1967119892956188680,2025-08-12 16:15:04,1967119892956188683,False
1967119896462626818,1967119894428389382,1967119892830359553,1,52149,2025-08-12 16:07:04,1967119892956188680,2025-08-12 16:15:04,1967119892956188683,False
1967119896466821120,1967119894432583680,1967119892834553891,1,47110,2025-08-12 15:01:04,1967119892956188681,2025-08-12 15:07:04,1967119892956188685,False
1967119896466821121,1967119894432583681,1967119892834553891,2,190755,2025-08-12 15:01:04,1967119892956188681,2025-08-12 15:07:04,1967119892956188685,False
1967119896466821122,1967119894432583682,1967119892834553891,1,200012,2025-08-12 15:01:04,1967119892956188681,2025-08-12 15:07:04,1967119892956188685,False
1967119896471015424,1967119894432583683,1967119892834553868,1,74235,2025-08-13 21:15:04,1967119892956188683,2025-08-13 21:16:04,1967119892956188682,False
1967119896471015425,1967119894432583684,1967119892830359606,2,376835,2025-08-13 21:15:04,1967119892956188683,2025-08-13 21:16:04,1967119892956188682,False
1967119896471015426,1967119894432583685,1967119892830359606,1,164486,2025-08-13 21:15:04,1967119892956188683,2025-08-13 21:16:04,1967119892956188682,False
1967119896471015427,1967119894432583686,1967119892838748224,1,36003,2025-08-13 21:15:04,1967119892956188683,2025-08-13 21:16:04,1967119892956188682,False
1967119896471015428,1967119894432583687,1967119892830359636,1,512311,2025-08-13 07:50:04,1967119892956188679,2025-08-13 08:00:04,1967119892956188685,False
1967119896475209728,1967119894436777984,1967119892838748187,1,13923,2025-08-13 07:50:04,1967119892956188679,2025-08-13 08:00:04,1967119892956188685,False
1967119896475209729,1967119894436777985,1967119892830359630,3,52401,2025-08-13 07:50:04,1967119892956188679,2025-08-13 08:00:04,1967119892956188685,False
1967119896475209730,1967119894436777986,1967119892838748217,1,179379,2025-08-13 11:59:04,1967119892956188678,2025-08-13 12:03:04,1967119892956188683,False
1967119896475209731,1967119894436777987,1967119892834553922,1,47110,2025-08-13 11:59:04,1967119892956188678,2025-08-13 12:03:04,1967119892956188683,False
1967119896479404032,1967119894436777988,1967119892830359558,1,86881,2025-08-13 06:16:04,1967119892956188679,2025-08-13 06:28:04,1967119892956188682,False
1967119896479404033,1967119894436777989,1967119892830359572,1,36003,2025-08-13 14:49:04,1967119892956188683,2025-08-13 15:01:04,1967119892956188678,False
1967119896479404034,1967119894436777989,1967119892838748282,1,36003,2025-08-13 14:49:04,1967119892956188683,2025-08-13 15:01:04,1967119892956188678,False
1967119896487792640,1967119894436777990,1967119892838748187,1,13923,2025-08-13 14:49:04,1967119892956188683,2025-08-13 15:01:04,1967119892956188678,False
1967119896487792641,1967119894436777991,1967119892838748217,2,179379,2025-08-13 14:49:04,1967119892956188683,2025-08-13 15:01:04,1967119892956188678,False
1967119896487792642,1967119894440972288,1967119892834553931,4,179379,2025-08-13 20:40:04,1967119892956188684,2025-08-13 20:48:04,1967119892956188682,False
1967119896487792643,1967119894440972289,1967119892838748168,3,174609,2025-08-13 20:40:04,1967119892956188684,2025-08-13 20:48:04,1967119892956188682,False
1967119896491986944,1967119894445166592,1967119892830359553,2,31035,2025-08-13 05:04:04,1967119892956188680,2025-08-13 05:11:04,1967119892956188684,False
1967119896491986945,1967119894445166592,1967119892830359564,1,31035,2025-08-13 05:04:04,1967119892956188680,2025-08-13 05:11:04,1967119892956188684,False
1967119896491986946,1967119894445166593,1967119892838748162,1,313913,2025-08-13 05:04:04,1967119892956188680,2025-08-13 05:11:04,1967119892956188684,False
1967119896491986947,1967119894445166594,1967119892834553868,1,579715,2025-08-13 05:04:04,1967119892956188680,2025-08-13 05:11:04,1967119892956188684,False
1967119896491986948,1967119894445166595,1967119892838748168,2,174609,2025-08-13 11:05:04,1967119892956188684,2025-08-13 11:06:04,1967119892956188679,False
1967119896491986949,1967119894445166596,1967119892838748288,1,31459,2025-08-13 11:05:04,1967119892956188684,2025-08-13 11:06:04,1967119892956188679,False
1967119896500375552,1967119894445166597,1967119892838748186,1,24224,2025-08-13 11:05:04,1967119892956188684,2025-08-13 11:06:04,1967119892956188679,False
1967119896500375553,1967119894445166598,1967119892834553894,1,64599,2025-08-13 11:05:04,1967119892956188684,2025-08-13 11:06:04,1967119892956188679,False
1967119896500375554,1967119894445166598,1967119892838748312,1,64599,2025-08-13 11:05:04,1967119892956188684,2025-08-13 11:06:04,1967119892956188679,False
1967119896500375555,1967119894445166599,1967119892838748194,4,46936,2025-08-13 13:16:04,1967119892956188685,2025-08-13 13:24:04,1967119892956188684,False
1967119896500375556,1967119894445166600,1967119892830359572,1,52149,2025-08-13 13:16:04,1967119892956188685,2025-08-13 13:24:04,1967119892956188684,False
1967119896500375557,1967119894449360896,1967119892838748261,3,36069,2025-08-13 04:35:04,1967119892956188679,2025-08-13 04:47:04,1967119892956188680,False
1967119896500375558,1967119894449360897,1967119892838748261,2,46936,2025-08-13 04:35:04,1967119892956188679,2025-08-13 04:47:04,1967119892956188680,False
1967119896500375559,1967119894449360898,1967119892830359579,2,376835,2025-08-14 19:32:04,1967119892956188685,2025-08-14 19:42:04,1967119892956188684,False
1967119896500375560,1967119894449360899,1967119892838748226,1,86881,2025-08-14 19:32:04,1967119892956188685,2025-08-14 19:42:04,1967119892956188684,False
1967119896500375561,1967119894449360899,1967119892838748229,1,86881,2025-08-14 19:32:04,1967119892956188685,2025-08-14 19:42:04,1967119892956188684,False
1967119896500375562,1967119894449360900,1967119892838748229,1,50952,2025-08-14 19:32:04,1967119892956188685,2025-08-14 19:42:04,1967119892956188684,False
1967119896500375563,1967119894449360901,1967119892834553919,2,313913,2025-08-14 19:32:04,1967119892956188685,2025-08-14 19:42:04,1967119892956188684,False
1967119896500375564,1967119894449360901,1967119892838748168,1,313913,2025-08-14 19:32:04,1967119892956188685,2025-08-14 19:42:04,1967119892956188684,False
1967119896500375565,1967119894453555200,1967119892838748250,4,72048,2025-08-14 21:06:04,1967119892956188684,2025-08-14 21:15:04,1967119892956188679,False
1967119896500375566,1967119894453555201,1967119892838748168,1,174609,2025-08-14 21:06:04,1967119892956188684,2025-08-14 21:15:04,1967119892956188679,False
1967119896500375567,1967119894453555202,1967119892838748186,1,13923,2025-08-14 21:06:04,1967119892956188684,2025-08-14 21:15:04,1967119892956188679,False
1967119896500375568,1967119894453555203,1967119892838748274,2,26443,2025-08-14 21:04:04,1967119892956188682,2025-08-14 21:08:04,1967119892956188681,False
1967119896517152768,1967119894453555204,1967119892830359616,1,1339857,2025-08-14 21:04:04,1967119892956188682,2025-08-14 21:08:04,1967119892956188681,False
1967119896521347072,1967119894457749504,1967119892830359553,1,52149,2025-08-14 23:51:04,1967119892956188685,2025-08-15 00:00:04,1967119892956188678,False
1967119896521347073,1967119894457749505,1967119892834553887,1,174609,2025-08-14 23:51:04,1967119892956188685,2025-08-15 00:00:04,1967119892956188678,False
1967119896521347074,1967119894457749506,1967119892830359591,1,49375,2025-08-14 23:51:04,1967119892956188685,2025-08-15 00:00:04,1967119892956188678,False
1967119896525541376,1967119894461943808,1967119892838748247,1,31035,2025-08-14 15:20:04,1967119892956188679,2025-08-14 15:35:04,1967119892956188681,False
1967119896525541377,1967119894461943808,1967119892838748261,1,31035,2025-08-14 15:20:04,1967119892956188679,2025-08-14 15:35:04,1967119892956188681,False
1967119896525541378,1967119894461943809,1967119892838748165,2,313913,2025-08-14 15:20:04,1967119892956188679,2025-08-14 15:35:04,1967119892956188681,False
1967119896525541379,1967119894461943810,1967119892838748185,5,24224,2025-08-14 08:11:04,1967119892956188678,2025-08-14 08:18:04,1967119892956188680,False
1967119896525541380,1967119894461943811,1967119892830359558,1,50952,2025-08-14 08:11:04,1967119892956188678,2025-08-14 08:18:04,1967119892956188680,False
1967119896529735680,1967119894461943812,1967119892838748236,2,41747,2025-08-14 08:11:04,1967119892956188678,2025-08-14 08:18:04,1967119892956188680,False
1967119896529735681,1967119894461943812,1967119892838748267,2,41747,2025-08-14 08:11:04,1967119892956188678,2025-08-14 08:18:04,1967119892956188680,False
1967119896529735682,1967119894470332416,1967119892834553891,2,190755,2025-08-14 21:19:04,1967119892956188681,2025-08-14 21:34:04,1967119892956188683,False
1967119896529735683,1967119894470332417,1967119892838748257,1,67077,2025-08-14 21:19:04,1967119892956188681,2025-08-14 21:34:04,1967119892956188683,False
1967119896529735684,1967119894470332418,1967119892838748180,1,15189,2025-08-14 21:19:04,1967119892956188681,2025-08-14 21:34:04,1967119892956188683,False
1967119896529735685,1967119894474526720,1967119892838748271,1,179379,2025-08-14 02:48:04,1967119892956188685,2025-08-14 03:01:04,1967119892956188683,False
1967119896529735686,1967119894474526721,1967119892834553905,1,14367,2025-08-14 02:48:04,1967119892956188685,2025-08-14 03:01:04,1967119892956188683,False
1967119896529735687,1967119894474526722,1967119892830359581,1,200012,2025-08-14 16:52:04,1967119892956188682,2025-08-14 16:56:04,1967119892956188685,False
1967119896529735688,1967119894478721024,1967119892838748261,1,36069,2025-08-14 03:45:04,1967119892956188678,2025-08-14 03:52:04,1967119892956188681,False
1967119896529735689,1967119894478721025,1967119892838748165,1,313913,2025-08-14 03:45:04,1967119892956188678,2025-08-14 03:52:04,1967119892956188681,False
1967119896529735690,1967119894478721026,1967119892830359636,1,38407,2025-08-15 15:06:04,1967119892956188680,2025-08-15 15:17:04,1967119892956188678,False
1967119896529735691,1967119894478721026,1967119892838748217,1,38407,2025-08-15 15:06:04,1967119892956188680,2025-08-15 15:17:04,1967119892956188678,False
1967119896529735692,1967119894478721027,1967119892834553922,1,47110,2025-08-15 15:06:04,1967119892956188680,2025-08-15 15:17:04,1967119892956188678,False
1967119896529735693,1967119894482915328,1967119892838748185,1,13923,2025-08-15 14:47:04,1967119892956188684,2025-08-15 14:55:04,1967119892956188680,False
1967119896529735694,1967119894482915329,1967119892838748283,2,36003,2025-08-15 09:08:04,1967119892956188683,2025-08-15 09:21:04,1967119892956188680,False
1967119896529735695,1967119894487109632,1967119892834553889,1,174609,2025-08-15 16:00:04,1967119892956188684,2025-08-15 16:14:04,1967119892956188679,False
1967119896542318592,1967119894487109633,1967119892838748183,1,19254,2025-08-15 16:00:04,1967119892956188684,2025-08-15 16:14:04,1967119892956188679,False
1967119896542318593,1967119894491303936,1967119892834553887,1,421451,2025-08-15 15:58:04,1967119892956188681,2025-08-15 16:02:04,1967119892956188685,False
1967119896542318594,1967119894491303937,1967119892838748257,1,67077,2025-08-15 05:04:04,1967119892956188685,2025-08-15 05:10:04,1967119892956188680,False
1967119896542318595,1967119894491303937,1967119892838748226,1,67077,2025-08-15 05:04:04,1967119892956188685,2025-08-15 05:10:04,1967119892956188680,False
1967119896542318596,1967119894491303938,1967119892830359598,1,14367,2025-08-15 05:04:04,1967119892956188685,2025-08-15 05:10:04,1967119892956188680,False
1967119896542318597,1967119894491303939,1967119892838748186,1,13923,2025-08-15 05:04:04,1967119892956188685,2025-08-15 05:10:04,1967119892956188680,False
1967119896542318598,1967119894491303940,1967119892830359579,2,376835,2025-08-15 05:04:04,1967119892956188685,2025-08-15 05:10:04,1967119892956188680,False
1967119896542318599,1967119894495498240,1967119892838748185,2,24224,2025-08-15 15:11:04,1967119892956188678,2025-08-15 15:18:04,1967119892956188683,False
1967119896542318600,1967119894499692544,1967119892830359636,1,512311,2025-08-15 20:46:04,1967119892956188678,2025-08-15 21:01:04,1967119892956188680,False
1967119896550707200,1967119894499692545,1967119892834553931,1,179379,2025-08-15 09:04:04,1967119892956188681,2025-08-15 09:11:04,1967119892956188678,False
1967119896550707201,1967119894499692546,1967119892830359579,1,376835,2025-08-15 09:04:04,1967119892956188681,2025-08-15 09:11:04,1967119892956188678,False
1967119896550707202,1967119894503886848,1967119892834553881,2,15189,2025-08-15 20:26:04,1967119892956188679,2025-08-15 20:39:04,1967119892956188679,False
1967119896550707203,1967119894503886848,1967119892838748184,1,15189,2025-08-15 20:26:04,1967119892956188679,2025-08-15 20:39:04,1967119892956188679,False
1967119896554901504,1967119894503886849,1967119892838748267,2,46936,2025-08-15 20:26:04,1967119892956188679,2025-08-15 20:39:04,1967119892956188679,False
1967119896554901505,1967119894503886850,1967119892838748184,1,19254,2025-08-15 20:26:04,1967119892956188679,2025-08-15 20:39:04,1967119892956188679,False
1967119896559095808,1967119894503886851,1967119892830359554,1,52149,2025-08-15 20:26:04,1967119892956188679,2025-08-15 20:39:04,1967119892956188679,False
1967119896559095809,1967119894503886852,1967119892838748303,2,43327,2025-08-15 20:26:04,1967119892956188679,2025-08-15 20:39:04,1967119892956188679,False
1967119896559095810,1967119894503886853,1967119892838748229,1,50952,2025-08-15 01:19:04,1967119892956188685,2025-08-15 01:21:04,1967119892956188682,False
1967119896559095811,1967119894508081152,1967119892838748224,3,36003,2025-08-15 01:56:04,1967119892956188682,2025-08-15 02:07:04,1967119892956188685,False
1967119896559095812,1967119894508081153,1967119892838748303,2,43327,2025-08-15 16:16:04,1967119892956188682,2025-08-15 16:30:04,1967119892956188683,False
1967119896563290112,1967119894508081154,1967119892830359614,1,79693,2025-08-15 16:16:04,1967119892956188682,2025-08-15 16:30:04,1967119892956188683,False
1967119896563290113,1967119894512275456,1967119892830359564,1,14279,2025-08-15 06:37:04,1967119892956188682,2025-08-15 06:41:04,1967119892956188681,False
1967119896563290114,1967119894512275457,1967119892830359606,2,376835,2025-08-15 06:37:04,1967119892956188682,2025-08-15 06:41:04,1967119892956188681,False
1967119896563290115,1967119894512275457,1967119892834553887,1,376835,2025-08-15 06:37:04,1967119892956188682,2025-08-15 06:41:04,1967119892956188681,False
1967119896563290116,1967119894512275458,1967119892834553927,2,72048,2025-08-15 03:40:04,1967119892956188684,2025-08-15 03:43:04,1967119892956188678,False
1967119896563290117,1967119894512275459,1967119892830359623,1,61022,2025-08-15 12:03:04,1967119892956188684,2025-08-15 12:08:04,1967119892956188685,False
1967119896567484416,1967119894512275460,1967119892838748183,1,31320,2025-08-15 08:12:04,1967119892956188678,2025-08-15 08:17:04,1967119892956188679,False
1967119896567484417,1967119894512275461,1967119892834553889,1,174609,2025-08-15 08:12:04,1967119892956188678,2025-08-15 08:17:04,1967119892956188679,False
1967119896567484418,1967119894512275462,1967119892834553925,1,1072384,2025-08-15 08:12:04,1967119892956188678,2025-08-15 08:17:04,1967119892956188679,False
1967119896567484419,1967119894520664064,1967119892838748269,1,801117,2025-08-15 06:19:04,1967119892956188680,2025-08-15 06:24:04,1967119892956188683,False
1967119896567484420,1967119894520664065,1967119892834553879,2,47110,2025-08-15 06:19:04,1967119892956188680,2025-08-15 06:24:04,1967119892956188683,False
1967119896567484421,1967119894520664066,1967119892834553890,1,190755,2025-08-15 15:40:04,1967119892956188685,2025-08-15 15:52:04,1967119892956188685,False
1967119896567484422,1967119894520664066,1967119892838748166,1,190755,2025-08-15 15:40:04,1967119892956188685,2025-08-15 15:52:04,1967119892956188685,False
1967119896567484423,1967119894520664067,1967119892838748289,1,46936,2025-08-15 15:40:04,1967119892956188685,2025-08-15 15:52:04,1967119892956188685,False
1967119896567484424,1967119894520664068,1967119892830359557,2,421451,2025-08-15 21:13:04,1967119892956188678,2025-08-15 21:28:04,1967119892956188684,False
1967119896567484425,1967119894520664069,1967119892834553919,1,313913,2025-08-15 21:13:04,1967119892956188678,2025-08-15 21:28:04,1967119892956188684,False
1967119896567484426,1967119894520664070,1967119892838748288,1,31459,2025-08-15 21:13:04,1967119892956188678,2025-08-15 21:28:04,1967119892956188684,False
1967119896567484427,1967119894524858368,1967119892838748255,1,83586,2025-08-15 16:40:04,1967119892956188678,2025-08-15 16:55:04,1967119892956188683,False
1967119896567484428,1967119894524858369,1967119892838748269,1,801117,2025-08-15 16:40:04,1967119892956188678,2025-08-15 16:55:04,1967119892956188683,False
1967119896567484429,1967119894524858370,1967119892830359555,1,31320,2025-08-15 16:40:04,1967119892956188678,2025-08-15 16:55:04,1967119892956188683,False
1967119896580067328,1967119894529052672,1967119892830359558,1,63701,2025-08-15 02:53:04,1967119892956188679,2025-08-15 02:54:04,1967119892956188678,False
1967119896580067329,1967119894529052673,1967119892838748271,1,179379,2025-08-15 02:53:04,1967119892956188679,2025-08-15 02:54:04,1967119892956188678,False
1967119896580067330,1967119894529052674,1967119892834553905,1,14367,2025-08-15 02:53:04,1967119892956188679,2025-08-15 02:54:04,1967119892956188678,False
1967119896584261632,1967119894529052675,1967119892834553881,1,15189,2025-08-15 02:53:04,1967119892956188679,2025-08-15 02:54:04,1967119892956188678,False
1967119896584261633,1967119894529052675,1967119892838748184,1,15189,2025-08-15 02:53:04,1967119892956188679,2025-08-15 02:54:04,1967119892956188678,False
1967119896584261634,1967119894529052676,1967119892838748160,2,25561,2025-08-15 19:39:04,1967119892956188679,2025-08-15 19:44:04,1967119892956188680,False
1967119896584261635,1967119894529052677,1967119892838748162,2,313913,2025-08-15 19:39:04,1967119892956188679,2025-08-15 19:44:04,1967119892956188680,False
1967119896588455936,1967119894529052678,1967119892838748162,3,190755,2025-08-15 19:39:04,1967119892956188679,2025-08-15 19:44:04,1967119892956188680,False
1967119896588455937,1967119894529052679,1967119892834553887,1,174609,2025-08-15 19:39:04,1967119892956188679,2025-08-15 19:44:04,1967119892956188680,False
1967119896588455938,1967119894529052680,1967119892838748237,1,41747,2025-08-15 03:55:04,1967119892956188684,2025-08-15 04:10:04,1967119892956188680,False
1967119896588455939,1967119894529052681,1967119892838748256,1,43327,2025-08-15 03:55:04,1967119892956188684,2025-08-15 04:10:04,1967119892956188680,False
1967119896588455940,1967119894529052682,1967119892838748256,1,83586,2025-08-15 03:55:04,1967119892956188684,2025-08-15 04:10:04,1967119892956188680,False
1967119896592650240,1967119894529052683,1967119892838748237,1,14279,2025-08-15 03:55:04,1967119892956188684,2025-08-15 04:10:04,1967119892956188680,False
1967119896592650241,1967119894529052684,1967119892830359631,1,79693,2025-08-15 03:55:04,1967119892956188684,2025-08-15 04:10:04,1967119892956188680,False
1967119896592650242,1967119894529052684,1967119892834553908,1,79693,2025-08-15 03:55:04,1967119892956188684,2025-08-15 04:10:04,1967119892956188680,False
1967119896592650243,1967119894537441280,1967119892838748183,3,19254,2025-08-15 20:37:04,1967119892956188685,2025-08-15 20:45:04,1967119892956188683,False
1967119896592650244,1967119894537441280,1967119892834553916,1,19254,2025-08-15 20:37:04,1967119892956188685,2025-08-15 20:45:04,1967119892956188683,False
1967119896592650245,1967119894537441281,1967119892830359636,3,38407,2025-08-15 20:37:04,1967119892956188685,2025-08-15 20:45:04,1967119892956188683,False
1967119896596844544,1967119894537441282,1967119892834553926,1,72048,2025-08-15 20:37:04,1967119892956188685,2025-08-15 20:45:04,1967119892956188683,False
1967119896596844545,1967119894537441283,1967119892830359566,1,14279,2025-08-15 20:37:04,1967119892956188685,2025-08-15 20:45:04,1967119892956188683,False
1967119896596844546,1967119894537441284,1967119892830359636,1,512311,2025-08-15 20:37:04,1967119892956188685,2025-08-15 20:45:04,1967119892956188683,False
1967119896596844547,1967119894537441285,1967119892830359630,2,52401,2025-08-15 20:37:04,1967119892956188685,2025-08-15 20:45:04,1967119892956188683,False
1967119896596844548,1967119894537441286,1967119892838748183,1,31320,2025-08-16 04:24:04,1967119892956188680,2025-08-16 04:35:04,1967119892956188682,False
1967119896596844549,1967119894537441287,1967119892830359566,1,14279,2025-08-16 04:24:04,1967119892956188680,2025-08-16 04:35:04,1967119892956188682,False
1967119896596844550,1967119894537441287,1967119892830359630,1,14279,2025-08-16 04:24:04,1967119892956188680,2025-08-16 04:35:04,1967119892956188682,False
1967119896596844551,1967119894537441288,1967119892834553926,1,93868,2025-08-16 04:24:04,1967119892956188680,2025-08-16 04:35:04,1967119892956188682,False
1967119896605233152,1967119894537441289,1967119892838748271,2,179379,2025-08-16 13:37:04,1967119892956188682,2025-08-16 13:52:04,1967119892956188682,False
1967119896605233153,1967119894537441290,1967119892830359570,1,52149,2025-08-16 03:39:04,1967119892956188679,2025-08-16 03:41:04,1967119892956188684,False
1967119896605233154,1967119894537441291,1967119892830359570,1,41747,2025-08-16 03:39:04,1967119892956188679,2025-08-16 03:41:04,1967119892956188684,False
1967119896605233155,1967119894537441292,1967119892834553890,2,83586,2025-08-16 03:39:04,1967119892956188679,2025-08-16 03:41:04,1967119892956188684,False
1967119896605233156,1967119894545829888,1967119892838748294,1,93868,2025-08-16 21:06:04,1967119892956188682,2025-08-16 21:16:04,1967119892956188678,False
1967119896605233157,1967119894545829889,1967119892830359591,1,36069,2025-08-16 21:06:04,1967119892956188682,2025-08-16 21:16:04,1967119892956188678,False
1967119896605233158,1967119894545829890,1967119892830359606,3,164486,2025-08-16 21:06:04,1967119892956188682,2025-08-16 21:16:04,1967119892956188678,False
1967119896605233159,1967119894545829891,1967119892830359636,1,74235,2025-08-16 07:18:04,1967119892956188684,2025-08-16 07:27:04,1967119892956188679,False
1967119896605233160,1967119894545829892,1967119892838748221,3,579715,2025-08-16 07:18:04,1967119892956188684,2025-08-16 07:27:04,1967119892956188679,False
1967119896605233161,1967119894545829893,1967119892830359566,2,14279,2025-08-16 07:18:04,1967119892956188684,2025-08-16 07:27:04,1967119892956188679,False
1967119896605233162,1967119894545829894,1967119892834553889,1,421451,2025-08-16 08:58:04,1967119892956188679,2025-08-16 09:07:04,1967119892956188683,False
1967119896605233163,1967119894545829894,1967119892834553900,2,421451,2025-08-16 08:58:04,1967119892956188679,2025-08-16 09:07:04,1967119892956188683,False
1967119896605233164,1967119894545829895,1967119892838748183,1,19254,2025-08-16 08:58:04,1967119892956188679,2025-08-16 09:07:04,1967119892956188683,False
1967119896613621760,1967119894554218496,1967119892830359566,1,14279,2025-08-16 19:27:04,1967119892956188685,2025-08-16 19:32:04,1967119892956188684,False
1967119896613621761,1967119894554218496,1967119892830359630,2,14279,2025-08-16 19:27:04,1967119892956188685,2025-08-16 19:32:04,1967119892956188684,False
1967119896613621762,1967119894554218497,1967119892834553922,3,47110,2025-08-16 19:27:04,1967119892956188685,2025-08-16 19:32:04,1967119892956188684,False
1967119896613621763,1967119894554218498,1967119892830359636,1,38407,2025-08-16 19:27:04,1967119892956188685,2025-08-16 19:32:04,1967119892956188684,False
1967119896613621764,1967119894554218499,1967119892834553889,1,421451,2025-08-16 19:27:04,1967119892956188685,2025-08-16 19:32:04,1967119892956188684,False
1967119896613621765,1967119894554218499,1967119892834553900,1,421451,2025-08-16 19:27:04,1967119892956188685,2025-08-16 19:32:04,1967119892956188684,False
1967119896613621766,1967119894554218500,1967119892830359572,2,52149,2025-08-16 19:27:04,1967119892956188685,2025-08-16 19:32:04,1967119892956188684,False
1967119896613621767,1967119894554218501,1967119892830359557,1,83586,2025-08-16 02:54:04,1967119892956188679,2025-08-16 03:06:04,1967119892956188679,False
1967119896622010368,1967119894558412800,1967119892834553899,1,421451,2025-08-16 15:37:04,1967119892956188685,2025-08-16 15:41:04,1967119892956188679,False
1967119896622010369,1967119894558412801,1967119892830359570,2,36069,2025-08-16 15:37:04,1967119892956188685,2025-08-16 15:41:04,1967119892956188679,False
1967119896622010370,1967119894558412802,1967119892830359570,1,41747,2025-08-16 15:37:04,1967119892956188685,2025-08-16 15:41:04,1967119892956188679,False
1967119896626204672,1967119894558412803,1967119892830359607,2,14367,2025-08-16 07:15:04,1967119892956188684,2025-08-16 07:28:04,1967119892956188683,False
1967119896626204673,1967119894558412803,1967119892838748289,1,14367,2025-08-16 07:15:04,1967119892956188684,2025-08-16 07:28:04,1967119892956188683,False
1967119896626204674,1967119894558412804,1967119892830359611,1,86881,2025-08-16 07:15:04,1967119892956188684,2025-08-16 07:28:04,1967119892956188683,False
1967119896626204675,1967119894558412805,1967119892838748182,2,31320,2025-08-16 07:15:04,1967119892956188684,2025-08-16 07:28:04,1967119892956188683,False
1967119896630398976,1967119894558412806,1967119892830359632,1,313913,2025-08-16 07:15:04,1967119892956188684,2025-08-16 07:28:04,1967119892956188683,False
1967119896630398977,1967119894562607104,1967119892838748251,1,51934,2025-08-16 07:23:04,1967119892956188685,2025-08-16 07:31:04,1967119892956188679,False
1967119896630398978,1967119894562607105,1967119892838748276,3,512311,2025-08-16 05:40:04,1967119892956188684,2025-08-16 05:55:04,1967119892956188680,False
1967119896630398979,1967119894566801408,1967119892838748183,1,19254,2025-08-16 00:55:04,1967119892956188685,2025-08-16 00:59:04,1967119892956188680,False
1967119896630398980,1967119894566801409,1967119892830359636,2,512311,2025-08-16 00:55:04,1967119892956188685,2025-08-16 00:59:04,1967119892956188680,False
1967119896630398981,1967119894566801410,1967119892838748255,1,83586,2025-08-16 20:16:04,1967119892956188679,2025-08-16 20:27:04,1967119892956188680,False
1967119896630398982,1967119894566801411,1967119892838748302,3,174609,2025-08-16 20:16:04,1967119892956188679,2025-08-16 20:27:04,1967119892956188680,False
1967119896630398983,1967119894566801412,1967119892834553879,1,47110,2025-08-16 20:16:04,1967119892956188679,2025-08-16 20:27:04,1967119892956188680,False
1967119896630398984,1967119894566801413,1967119892838748247,2,31035,2025-08-16 20:16:04,1967119892956188679,2025-08-16 20:27:04,1967119892956188680,False
1967119896630398985,1967119894566801413,1967119892838748261,1,31035,2025-08-16 20:16:04,1967119892956188679,2025-08-16 20:27:04,1967119892956188680,False
1967119896630398986,1967119894566801414,1967119892834553879,1,43327,2025-08-16 20:16:04,1967119892956188679,2025-08-16 20:27:04,1967119892956188680,False
1967119896630398987,1967119894566801414,1967119892838748255,1,43327,2025-08-16 20:16:04,1967119892956188679,2025-08-16 20:27:04,1967119892956188680,False
1967119896630398988,1967119894566801414,1967119892838748302,1,43327,2025-08-16 20:16:04,1967119892956188679,2025-08-16 20:27:04,1967119892956188680,False
1967119896630398989,1967119894570995712,1967119892838748183,1,31320,2025-08-16 16:59:04,1967119892956188682,2025-08-16 17:08:04,1967119892956188679,False
1967119896630398990,1967119894570995712,1967119892838748285,1,31320,2025-08-16 16:59:04,1967119892956188682,2025-08-16 17:08:04,1967119892956188679,False
1967119896630398991,1967119894570995713,1967119892838748217,3,179379,2025-08-16 16:59:04,1967119892956188682,2025-08-16 17:08:04,1967119892956188679,False
1967119896630398992,1967119894570995714,1967119892838748161,2,19254,2025-08-16 14:02:04,1967119892956188678,2025-08-16 14:14:04,1967119892956188684,False
1967119896630398993,1967119894570995715,1967119892834553931,1,179379,2025-08-16 06:24:04,1967119892956188678,2025-08-16 06:32:04,1967119892956188678,False
1967119896630398994,1967119894570995716,1967119892834553931,1,74235,2025-08-16 06:24:04,1967119892956188678,2025-08-16 06:32:04,1967119892956188678,False
1967119896630398995,1967119894570995717,1967119892834553904,1,36069,2025-08-16 06:24:04,1967119892956188678,2025-08-16 06:32:04,1967119892956188678,False
1967119896630398996,1967119894575190016,1967119892838748289,1,46936,2025-08-16 12:39:04,1967119892956188680,2025-08-16 12:49:04,1967119892956188685,False
1967119896630398997,1967119894575190017,1967119892838748194,1,14367,2025-08-16 15:24:04,1967119892956188684,2025-08-16 15:30:04,1967119892956188680,False
1967119896630398998,1967119894575190018,1967119892830359572,1,36003,2025-08-16 15:24:04,1967119892956188684,2025-08-16 15:30:04,1967119892956188680,False
1967119896630398999,1967119894575190018,1967119892838748282,1,36003,2025-08-16 15:24:04,1967119892956188684,2025-08-16 15:30:04,1967119892956188680,False
1967119896630399000,1967119894575190019,1967119892830359572,1,41747,2025-08-16 15:24:04,1967119892956188684,2025-08-16 15:30:04,1967119892956188680,False
1967119896630399001,1967119894579384320,1967119892838748248,4,72048,2025-08-16 07:47:04,1967119892956188683,2025-08-16 07:58:04,1967119892956188683,False
1967119896630399002,1967119894579384321,1967119892834553930,1,179379,2025-08-16 07:47:04,1967119892956188683,2025-08-16 07:58:04,1967119892956188683,False
1967119896630399003,1967119894579384321,1967119892838748269,1,179379,2025-08-16 07:47:04,1967119892956188683,2025-08-16 07:58:04,1967119892956188683,False
1967119896630399004,1967119894579384322,1967119892830359555,2,31320,2025-08-16 07:47:04,1967119892956188683,2025-08-16 07:58:04,1967119892956188683,False
1967119896630399005,1967119894579384323,1967119892838748269,1,512311,2025-08-16 07:47:04,1967119892956188683,2025-08-16 07:58:04,1967119892956188683,False
1967119896630399006,1967119894579384324,1967119892830359636,1,38407,2025-08-16 04:06:04,1967119892956188685,2025-08-16 04:11:04,1967119892956188678,False
1967119896655564800,1967119894579384325,1967119892830359642,1,24224,2025-08-16 04:06:04,1967119892956188685,2025-08-16 04:11:04,1967119892956188678,False
1967119896655564801,1967119894579384325,1967119892838748187,1,24224,2025-08-16 04:06:04,1967119892956188685,2025-08-16 04:11:04,1967119892956188678,False
1967119896655564802,1967119894583578624,1967119892838748177,2,164486,2025-08-16 21:39:04,1967119892956188684,2025-08-16 21:51:04,1967119892956188680,False
1967119896659759104,1967119894583578625,1967119892834553931,3,179379,2025-08-16 21:39:04,1967119892956188684,2025-08-16 21:51:04,1967119892956188680,False
1967119896659759105,1967119894583578626,1967119892830359553,2,52149,2025-08-16 13:20:04,1967119892956188681,2025-08-16 13:32:04,1967119892956188682,False
1967119896659759106,1967119894583578627,1967119892834553887,1,421451,2025-08-16 13:20:04,1967119892956188681,2025-08-16 13:32:04,1967119892956188682,False
1967119896659759107,1967119894587772928,1967119892830359592,2,20336,2025-08-16 20:47:04,1967119892956188681,2025-08-16 20:50:04,1967119892956188681,False
1967119896659759108,1967119894587772928,1967119892838748263,2,20336,2025-08-16 20:47:04,1967119892956188681,2025-08-16 20:50:04,1967119892956188681,False
1967119896663953408,1967119894587772929,1967119892834553921,3,24224,2025-08-16 20:47:04,1967119892956188681,2025-08-16 20:50:04,1967119892956188681,False
1967119896663953409,1967119894587772930,1967119892830359570,1,36069,2025-08-16 20:47:04,1967119892956188681,2025-08-16 20:50:04,1967119892956188681,False
1967119896663953410,1967119894587772930,1967119892830359592,1,36069,2025-08-16 20:47:04,1967119892956188681,2025-08-16 20:50:04,1967119892956188681,False
1967119896663953411,1967119894587772931,1967119892838748264,1,20336,2025-08-16 10:00:04,1967119892956188678,2025-08-16 10:10:04,1967119892956188678,False
1967119896663953412,1967119894587772932,1967119892830359558,1,86881,2025-08-16 10:00:04,1967119892956188678,2025-08-16 10:10:04,1967119892956188678,False
1967119896663953413,1967119894587772933,1967119892838748303,2,164486,2025-08-16 10:00:04,1967119892956188678,2025-08-16 10:10:04,1967119892956188678,False
1967119896663953414,1967119894591967232,1967119892838748229,4,50952,2025-08-16 04:05:04,1967119892956188684,2025-08-16 04:17:04,1967119892956188678,False
1967119896663953415,1967119894591967233,1967119892830359557,1,421451,2025-08-16 04:05:04,1967119892956188684,2025-08-16 04:17:04,1967119892956188678,False
1967119896672342016,1967119894591967234,1967119892834553919,1,313913,2025-08-16 04:05:04,1967119892956188684,2025-08-16 04:17:04,1967119892956188678,False
1967119896672342017,1967119894591967235,1967119892838748292,1,74235,2025-08-16 13:18:04,1967119892956188679,2025-08-16 13:22:04,1967119892956188680,False
1967119896672342018,1967119894591967236,1967119892830359631,1,47110,2025-08-16 13:18:04,1967119892956188679,2025-08-16 13:22:04,1967119892956188680,False
1967119896672342019,1967119894596161536,1967119892830359606,1,164486,2025-08-16 08:41:04,1967119892956188682,2025-08-16 08:43:04,1967119892956188681,False
1967119896672342020,1967119894596161537,1967119892830359553,2,31035,2025-08-16 08:41:04,1967119892956188682,2025-08-16 08:43:04,1967119892956188681,False
1967119896672342021,1967119894600355840,1967119892830359581,2,200012,2025-08-16 18:54:04,1967119892956188681,2025-08-16 19:03:04,1967119892956188683,False
1967119896672342022,1967119894600355841,1967119892830359572,2,36069,2025-08-16 18:54:04,1967119892956188681,2025-08-16 19:03:04,1967119892956188683,False
1967119896672342023,1967119894600355841,1967119892830359566,1,36069,2025-08-16 18:54:04,1967119892956188681,2025-08-16 19:03:04,1967119892956188683,False
1967119896672342024,1967119894600355841,1967119892830359630,1,36069,2025-08-16 18:54:04,1967119892956188681,2025-08-16 19:03:04,1967119892956188683,False
1967119896672342025,1967119894600355842,1967119892838748177,1,164486,2025-08-16 03:39:04,1967119892956188681,2025-08-16 03:49:04,1967119892956188679,False
1967119896672342026,1967119894600355843,1967119892838748180,2,31320,2025-08-16 03:39:04,1967119892956188681,2025-08-16 03:49:04,1967119892956188679,False
1967119896672342027,1967119894600355843,1967119892838748190,1,31320,2025-08-16 03:39:04,1967119892956188681,2025-08-16 03:49:04,1967119892956188679,False
1967119896672342028,1967119894600355843,1967119892838748288,1,31320,2025-08-16 03:39:04,1967119892956188681,2025-08-16 03:49:04,1967119892956188679,False
1967119896672342029,1967119894600355843,1967119892838748315,1,31320,2025-08-16 03:39:04,1967119892956188681,2025-08-16 03:49:04,1967119892956188679,False
1967119896672342030,1967119894600355844,1967119892838748186,1,24224,2025-08-16 03:39:04,1967119892956188681,2025-08-16 03:49:04,1967119892956188679,False
1967119896672342031,1967119894600355844,1967119892838748296,2,24224,2025-08-16 03:39:04,1967119892956188681,2025-08-16 03:49:04,1967119892956188679,False
1967119896672342032,1967119894600355845,1967119892838748291,1,74235,2025-08-17 04:33:04,1967119892956188682,2025-08-17 04:39:04,1967119892956188681,False
1967119896672342033,1967119894600355846,1967119892838748184,1,31320,2025-08-17 04:33:04,1967119892956188682,2025-08-17 04:39:04,1967119892956188681,False
1967119896672342034,1967119894600355847,1967119892834553905,1,36069,2025-08-17 04:33:04,1967119892956188682,2025-08-17 04:39:04,1967119892956188681,False
1967119896689119232,1967119894604550144,1967119892830359632,2,47110,2025-08-17 19:19:04,1967119892956188681,2025-08-17 19:33:04,1967119892956188684,False
1967119896689119233,1967119894604550145,1967119892834553890,1,83586,2025-08-17 19:19:04,1967119892956188681,2025-08-17 19:33:04,1967119892956188684,False
1967119896689119234,1967119894604550146,1967119892830359608,4,14367,2025-08-17 06:52:04,1967119892956188684,2025-08-17 06:58:04,1967119892956188679,False
1967119896689119235,1967119894608744448,1967119892830359572,2,36003,2025-08-17 14:14:04,1967119892956188683,2025-08-17 14:16:04,1967119892956188682,False
1967119896693313536,1967119894608744449,1967119892834553925,1,1072384,2025-08-17 14:14:04,1967119892956188683,2025-08-17 14:16:04,1967119892956188682,False
1967119896693313537,1967119894608744450,1967119892838748276,1,512311,2025-08-17 14:49:04,1967119892956188679,2025-08-17 14:51:04,1967119892956188684,False
1967119896693313538,1967119894608744451,1967119892834553904,1,14279,2025-08-17 13:30:04,1967119892956188682,2025-08-17 13:36:04,1967119892956188681,False
1967119896697507840,1967119894608744452,1967119892838748250,1,72048,2025-08-17 13:30:04,1967119892956188682,2025-08-17 13:36:04,1967119892956188681,False
1967119896697507841,1967119894612938752,1967119892838748167,1,200012,2025-08-17 08:09:04,1967119892956188682,2025-08-17 08:16:04,1967119892956188678,False
1967119896697507842,1967119894612938753,1967119892838748183,1,31320,2025-08-17 12:08:04,1967119892956188685,2025-08-17 12:18:04,1967119892956188685,False
1967119896701702144,1967119894612938754,1967119892834553926,1,93868,2025-08-17 12:08:04,1967119892956188685,2025-08-17 12:18:04,1967119892956188685,False
1967119896701702145,1967119894612938755,1967119892830359636,1,512311,2025-08-17 12:08:04,1967119892956188685,2025-08-17 12:18:04,1967119892956188685,False
1967119896701702146,1967119894612938755,1967119892838748217,2,512311,2025-08-17 12:08:04,1967119892956188685,2025-08-17 12:18:04,1967119892956188685,False
1967119896701702147,1967119894617133056,1967119892838748221,2,579715,2025-08-17 18:23:04,1967119892956188685,2025-08-17 18:32:04,1967119892956188684,False
1967119896701702148,1967119894617133057,1967119892830359572,1,41747,2025-08-17 18:23:04,1967119892956188685,2025-08-17 18:32:04,1967119892956188684,False
1967119896701702149,1967119894617133058,1967119892838748273,1,50952,2025-08-17 03:05:04,1967119892956188684,2025-08-17 03:09:04,1967119892956188682,False
1967119896701702150,1967119894617133059,1967119892830359591,1,36069,2025-08-17 03:05:04,1967119892956188684,2025-08-17 03:09:04,1967119892956188682,False
1967119896701702151,1967119894617133059,1967119892834553903,1,36069,2025-08-17 03:05:04,1967119892956188684,2025-08-17 03:09:04,1967119892956188682,False
1967119896701702152,1967119894621327360,1967119892838748288,3,31459,2025-08-17 06:13:04,1967119892956188679,2025-08-17 06:27:04,1967119892956188678,False
1967119896701702153,1967119894621327361,1967119892838748255,1,83586,2025-08-17 18:20:04,1967119892956188685,2025-08-17 18:35:04,1967119892956188685,False
1967119896701702154,1967119894621327362,1967119892838748247,5,14367,2025-08-17 18:20:04,1967119892956188685,2025-08-17 18:35:04,1967119892956188685,False
1967119896701702155,1967119894625521664,1967119892838748235,1,26443,2025-08-17 05:41:04,1967119892956188681,2025-08-17 05:52:04,1967119892956188682,False
1967119896701702156,1967119894625521664,1967119892838748273,1,26443,2025-08-17 05:41:04,1967119892956188681,2025-08-17 05:52:04,1967119892956188682,False
1967119896701702157,1967119894625521665,1967119892830359572,1,41747,2025-08-17 13:34:04,1967119892956188685,2025-08-17 13:39:04,1967119892956188678,False
1967119896701702158,1967119894625521666,1967119892834553925,1,1784410,2025-08-17 13:34:04,1967119892956188685,2025-08-17 13:39:04,1967119892956188678,False
1967119896701702159,1967119894629715968,1967119892838748190,3,24111,2025-08-17 02:19:04,1967119892956188683,2025-08-17 02:30:04,1967119892956188683,False
1967119896701702160,1967119894629715969,1967119892838748186,2,13923,2025-08-17 02:19:04,1967119892956188683,2025-08-17 02:30:04,1967119892956188683,False
1967119896701702161,1967119894629715970,1967119892838748264,1,20336,2025-08-17 23:59:04,1967119892956188681,2025-08-18 00:04:04,1967119892956188678,False
1967119896701702162,1967119894629715971,1967119892838748283,1,36003,2025-08-17 23:59:04,1967119892956188681,2025-08-18 00:04:04,1967119892956188678,False
1967119896701702163,1967119894629715972,1967119892834553897,1,93868,2025-08-17 23:59:04,1967119892956188681,2025-08-18 00:04:04,1967119892956188678,False
1967119896701702164,1967119894633910272,1967119892838748264,1,49375,2025-08-17 11:54:04,1967119892956188683,2025-08-17 12:01:04,1967119892956188679,False
1967119896701702165,1967119894633910273,1967119892838748293,2,26443,2025-08-17 11:54:04,1967119892956188683,2025-08-17 12:01:04,1967119892956188679,False
1967119896701702166,1967119894638104576,1967119892838748264,1,20336,2025-08-18 16:39:04,1967119892956188679,2025-08-18 16:51:04,1967119892956188678,False
1967119896701702167,1967119894638104577,1967119892830359572,4,36003,2025-08-18 13:48:04,1967119892956188683,2025-08-18 14:01:04,1967119892956188684,False
1967119896701702168,1967119894638104578,1967119892838748187,2,13923,2025-08-18 13:48:04,1967119892956188683,2025-08-18 14:01:04,1967119892956188684,False
1967119896701702169,1967119894638104579,1967119892838748267,1,46936,2025-08-18 09:52:04,1967119892956188679,2025-08-18 10:06:04,1967119892956188683,False
1967119896701702170,1967119894638104580,1967119892834553889,2,421451,2025-08-18 09:21:04,1967119892956188685,2025-08-18 09:25:04,1967119892956188678,False
1967119896701702171,1967119894638104580,1967119892834553900,1,421451,2025-08-18 09:21:04,1967119892956188685,2025-08-18 09:25:04,1967119892956188678,False
1967119896701702172,1967119894638104581,1967119892830359582,1,61022,2025-08-18 09:21:04,1967119892956188685,2025-08-18 09:25:04,1967119892956188678,False
1967119896701702173,1967119894638104582,1967119892834553891,1,47110,2025-08-18 07:53:04,1967119892956188678,2025-08-18 08:08:04,1967119892956188682,False
1967119896701702174,1967119894638104583,1967119892838748250,1,72048,2025-08-18 07:53:04,1967119892956188678,2025-08-18 08:08:04,1967119892956188682,False
1967119896701702175,1967119894638104584,1967119892834553889,2,376835,2025-08-18 08:39:04,1967119892956188683,2025-08-18 08:52:04,1967119892956188678,False
1967119896701702176,1967119894638104585,1967119892838748190,1,24111,2025-08-18 19:09:04,1967119892956188678,2025-08-18 19:11:04,1967119892956188683,False
1967119896701702177,1967119894638104586,1967119892838748186,2,13923,2025-08-18 19:09:04,1967119892956188678,2025-08-18 19:11:04,1967119892956188683,False
1967119896701702178,1967119894638104587,1967119892838748229,1,93868,2025-08-18 19:09:04,1967119892956188678,2025-08-18 19:11:04,1967119892956188683,False
1967119896701702179,1967119894638104588,1967119892838748186,1,24224,2025-08-18 19:09:04,1967119892956188678,2025-08-18 19:11:04,1967119892956188683,False
1967119896701702180,1967119894638104589,1967119892830359636,3,74235,2025-08-18 13:23:04,1967119892956188681,2025-08-18 13:35:04,1967119892956188680,False
1967119896701702181,1967119894638104590,1967119892830359591,2,49375,2025-08-18 21:24:04,1967119892956188679,2025-08-18 21:31:04,1967119892956188685,False
1967119896701702182,1967119894638104591,1967119892838748287,2,31459,2025-08-18 21:24:04,1967119892956188679,2025-08-18 21:31:04,1967119892956188685,False
1967119896701702183,1967119894638104592,1967119892830359553,1,52149,2025-08-18 21:24:04,1967119892956188679,2025-08-18 21:31:04,1967119892956188685,False
1967119896701702184,1967119894638104593,1967119892838748236,1,41747,2025-08-18 19:56:04,1967119892956188679,2025-08-18 20:06:04,1967119892956188684,False
1967119896726867968,1967119894638104594,1967119892830359553,1,31035,2025-08-19 17:06:04,1967119892956188678,2025-08-19 17:13:04,1967119892956188680,False
1967119896726867969,1967119894638104595,1967119892834553887,2,174609,2025-08-19 17:06:04,1967119892956188678,2025-08-19 17:13:04,1967119892956188680,False
1967119896726867970,1967119894638104596,1967119892838748162,1,190755,2025-08-19 17:06:04,1967119892956188678,2025-08-19 17:13:04,1967119892956188680,False
1967119896726867971,1967119894638104597,1967119892830359591,1,36069,2025-08-19 17:06:04,1967119892956188678,2025-08-19 17:13:04,1967119892956188680,False
1967119896726867972,1967119894638104598,1967119892830359636,1,74235,2025-08-19 07:24:04,1967119892956188682,2025-08-19 07:30:04,1967119892956188681,False
1967119896726867973,1967119894638104599,1967119892830359591,2,36069,2025-08-19 23:48:04,1967119892956188680,2025-08-20 00:03:04,1967119892956188683,False
1967119896731062272,1967119894638104600,1967119892838748162,1,313913,2025-08-19 23:48:04,1967119892956188680,2025-08-20 00:03:04,1967119892956188683,False
1967119896731062273,1967119894638104601,1967119892838748201,2,164486,2025-08-19 02:08:04,1967119892956188680,2025-08-19 02:14:04,1967119892956188685,False
1967119896731062274,1967119894638104601,1967119892838748256,1,164486,2025-08-19 02:08:04,1967119892956188680,2025-08-19 02:14:04,1967119892956188685,False
1967119896731062275,1967119894638104602,1967119892838748303,1,174609,2025-08-19 14:05:04,1967119892956188685,2025-08-19 14:09:04,1967119892956188680,False
1967119896731062276,1967119894638104603,1967119892838748267,2,46936,2025-08-19 14:05:04,1967119892956188685,2025-08-19 14:09:04,1967119892956188680,False
1967119896731062277,1967119894638104604,1967119892834553894,3,64599,2025-08-19 07:19:04,1967119892956188683,2025-08-19 07:33:04,1967119892956188685,False
1967119896731062278,1967119894638104605,1967119892838748186,1,24224,2025-08-19 07:19:04,1967119892956188683,2025-08-19 07:33:04,1967119892956188685,False
1967119896731062279,1967119894638104605,1967119892838748296,1,24224,2025-08-19 07:19:04,1967119892956188683,2025-08-19 07:33:04,1967119892956188685,False
1967119896731062280,1967119894638104606,1967119892834553904,1,14279,2025-08-19 07:19:04,1967119892956188683,2025-08-19 07:33:04,1967119892956188685,False
1967119896731062281,1967119894638104607,1967119892830359597,1,1244169,2025-08-19 07:19:04,1967119892956188683,2025-08-19 07:33:04,1967119892956188685,False
1967119896731062282,1967119894667464704,1967119892834553889,2,376835,2025-08-19 09:06:04,1967119892956188683,2025-08-19 09:20:04,1967119892956188685,False
1967119896731062283,1967119894667464705,1967119892834553925,1,1321538,2025-08-19 09:06:04,1967119892956188683,2025-08-19 09:20:04,1967119892956188685,False
1967119896731062284,1967119894671659008,1967119892830359579,1,376835,2025-08-19 07:50:04,1967119892956188683,2025-08-19 07:59:04,1967119892956188682,False
1967119896731062285,1967119894671659009,1967119892838748257,1,67077,2025-08-19 07:50:04,1967119892956188683,2025-08-19 07:59:04,1967119892956188682,False
1967119896731062286,1967119894671659010,1967119892838748168,1,174609,2025-08-19 07:50:04,1967119892956188683,2025-08-19 07:59:04,1967119892956188682,False
1967119896731062287,1967119894671659011,1967119892834553904,2,14279,2025-08-19 07:50:04,1967119892956188683,2025-08-19 07:59:04,1967119892956188682,False
1967119896731062288,1967119894671659012,1967119892830359557,2,421451,2025-08-19 07:50:04,1967119892956188683,2025-08-19 07:59:04,1967119892956188682,False
1967119896731062289,1967119894671659013,1967119892838748250,2,72048,2025-08-19 07:50:04,1967119892956188683,2025-08-19 07:59:04,1967119892956188682,False
1967119896731062290,1967119894671659014,1967119892838748180,1,15189,2025-08-19 15:46:04,1967119892956188680,2025-08-19 16:00:04,1967119892956188684,False
1967119896731062291,1967119894671659015,1967119892838748229,1,63701,2025-08-19 15:46:04,1967119892956188680,2025-08-19 16:00:04,1967119892956188684,False
1967119896731062292,1967119894671659016,1967119892834553904,1,14279,2025-08-19 15:46:04,1967119892956188680,2025-08-19 16:00:04,1967119892956188684,False
1967119896731062293,1967119894671659017,1967119892838748303,1,43327,2025-08-19 14:47:04,1967119892956188685,2025-08-19 14:58:04,1967119892956188684,False
1967119896731062294,1967119894671659018,1967119892830359623,1,61022,2025-08-19 14:47:04,1967119892956188685,2025-08-19 14:58:04,1967119892956188684,False
1967119896731062295,1967119894675853312,1967119892838748291,2,579715,2025-08-19 20:12:04,1967119892956188682,2025-08-19 20:24:04,1967119892956188683,False
1967119896731062296,1967119894675853313,1967119892834553889,1,174609,2025-08-19 05:53:04,1967119892956188680,2025-08-19 05:57:04,1967119892956188678,False
1967119896731062297,1967119894680047616,1967119892838748168,3,174609,2025-08-20 13:55:04,1967119892956188680,2025-08-20 14:06:04,1967119892956188682,False
1967119896731062298,1967119894680047617,1967119892838748226,2,26443,2025-08-20 13:55:04,1967119892956188680,2025-08-20 14:06:04,1967119892956188682,False
1967119896731062299,1967119894680047618,1967119892838748226,4,86881,2025-08-20 13:55:04,1967119892956188680,2025-08-20 14:06:04,1967119892956188682,False
1967119896731062300,1967119894680047619,1967119892838748264,1,49375,2025-08-20 00:28:04,1967119892956188680,2025-08-20 00:29:04,1967119892956188684,False
1967119896731062301,1967119894680047620,1967119892838748291,1,38407,2025-08-20 00:28:04,1967119892956188680,2025-08-20 00:29:04,1967119892956188684,False
1967119896731062302,1967119894680047621,1967119892838748184,2,19254,2025-08-20 00:28:04,1967119892956188680,2025-08-20 00:29:04,1967119892956188684,False
1967119896731062303,1967119894680047621,1967119892834553915,2,19254,2025-08-20 00:28:04,1967119892956188680,2025-08-20 00:29:04,1967119892956188684,False
1967119896731062304,1967119894680047622,1967119892838748293,1,26443,2025-08-20 00:28:04,1967119892956188680,2025-08-20 00:29:04,1967119892956188684,False
1967119896731062305,1967119894680047623,1967119892830359558,2,86881,2025-08-20 00:28:04,1967119892956188680,2025-08-20 00:29:04,1967119892956188684,False
1967119896731062306,1967119894680047624,1967119892830359554,1,31035,2025-08-20 00:28:04,1967119892956188680,2025-08-20 00:29:04,1967119892956188684,False
1967119896731062307,1967119894680047625,1967119892834553919,1,313913,2025-08-20 10:04:04,1967119892956188678,2025-08-20 10:09:04,1967119892956188685,False
1967119896731062308,1967119894680047626,1967119892838748190,2,24111,2025-08-20 10:04:04,1967119892956188678,2025-08-20 10:09:04,1967119892956188685,False
1967119896731062309,1967119894680047627,1967119892834553894,1,64599,2025-08-20 10:04:04,1967119892956188678,2025-08-20 10:09:04,1967119892956188685,False
1967119896731062310,1967119894684241920,1967119892834553891,2,47110,2025-08-20 23:35:04,1967119892956188680,2025-08-20 23:38:04,1967119892956188683,False
1967119896731062311,1967119894684241921,1967119892830359607,1,14367,2025-08-20 05:07:04,1967119892956188679,2025-08-20 05:19:04,1967119892956188679,False
1967119896731062312,1967119894684241921,1967119892838748289,1,14367,2025-08-20 05:07:04,1967119892956188679,2025-08-20 05:19:04,1967119892956188679,False
1967119896731062313,1967119894684241922,1967119892834553890,1,200012,2025-08-20 05:07:04,1967119892956188679,2025-08-20 05:19:04,1967119892956188679,False
1967119896731062314,1967119894688436224,1967119892830359570,1,36003,2025-08-20 05:00:04,1967119892956188682,2025-08-20 05:15:04,1967119892956188684,False
1967119896731062315,1967119894688436225,1967119892838748194,5,14367,2025-08-20 11:38:04,1967119892956188682,2025-08-20 11:47:04,1967119892956188681,False
1967119896731062316,1967119894688436226,1967119892834553922,1,47110,2025-08-20 11:38:04,1967119892956188682,2025-08-20 11:47:04,1967119892956188681,False
1967119896731062317,1967119894692630528,1967119892830359579,1,376835,2025-08-20 03:00:04,1967119892956188680,2025-08-20 03:07:04,1967119892956188683,False
1967119896731062318,1967119894692630528,1967119892834553919,2,376835,2025-08-20 03:00:04,1967119892956188680,2025-08-20 03:07:04,1967119892956188683,False
1967119896731062319,1967119894692630529,1967119892834553891,1,47110,2025-08-20 03:00:04,1967119892956188680,2025-08-20 03:07:04,1967119892956188683,False
1967119896731062320,1967119894692630530,1967119892838748180,1,19254,2025-08-20 03:00:04,1967119892956188680,2025-08-20 03:07:04,1967119892956188683,False
1967119896760422400,1967119894692630531,1967119892830359557,1,421451,2025-08-20 03:00:04,1967119892956188680,2025-08-20 03:07:04,1967119892956188683,False
1967119896760422401,1967119894692630532,1967119892838748226,2,86881,2025-08-20 03:00:04,1967119892956188680,2025-08-20 03:07:04,1967119892956188683,False
1967119896760422402,1967119894692630533,1967119892834553931,1,179379,2025-08-20 14:07:04,1967119892956188685,2025-08-20 14:09:04,1967119892956188684,False
1967119896760422403,1967119894692630534,1967119892838748229,1,63701,2025-08-20 14:07:04,1967119892956188685,2025-08-20 14:09:04,1967119892956188684,False
1967119896760422404,1967119894692630535,1967119892834553891,1,200012,2025-08-20 14:07:04,1967119892956188685,2025-08-20 14:09:04,1967119892956188684,False
1967119896764616704,1967119894696824832,1967119892838748276,2,512311,2025-08-21 20:45:04,1967119892956188683,2025-08-21 20:55:04,1967119892956188683,False
1967119896764616705,1967119894696824833,1967119892838748303,2,174609,2025-08-21 20:45:04,1967119892956188683,2025-08-21 20:55:04,1967119892956188683,False
1967119896764616706,1967119894696824834,1967119892834553894,3,64599,2025-08-21 00:52:04,1967119892956188684,2025-08-21 01:07:04,1967119892956188683,False
1967119896768811008,1967119894701019136,1967119892830359572,3,52149,2025-08-21 17:16:04,1967119892956188681,2025-08-21 17:27:04,1967119892956188683,False
1967119896768811009,1967119894701019137,1967119892830359636,1,74235,2025-08-21 17:16:04,1967119892956188681,2025-08-21 17:27:04,1967119892956188683,False
1967119896768811010,1967119894705213440,1967119892838748295,2,13923,2025-08-21 08:02:04,1967119892956188682,2025-08-21 08:06:04,1967119892956188681,False
1967119896768811011,1967119894705213441,1967119892830359572,1,41747,2025-08-21 07:50:04,1967119892956188683,2025-08-21 07:53:04,1967119892956188683,False
1967119896768811012,1967119894705213442,1967119892830359572,2,36003,2025-08-21 07:50:04,1967119892956188683,2025-08-21 07:53:04,1967119892956188683,False
1967119896768811013,1967119894705213442,1967119892838748282,1,36003,2025-08-21 07:50:04,1967119892956188683,2025-08-21 07:53:04,1967119892956188683,False
1967119896773005312,1967119894705213443,1967119892838748210,1,1244169,2025-08-21 01:39:04,1967119892956188681,2025-08-21 01:46:04,1967119892956188681,False
1967119896773005313,1967119894709407744,1967119892838748202,2,164486,2025-08-21 14:10:04,1967119892956188684,2025-08-21 14:13:04,1967119892956188681,False
1967119896773005314,1967119894709407745,1967119892838748181,1,19254,2025-08-21 14:10:04,1967119892956188684,2025-08-21 14:13:04,1967119892956188681,False
1967119896773005315,1967119894709407746,1967119892834553879,1,43327,2025-08-21 14:10:04,1967119892956188684,2025-08-21 14:13:04,1967119892956188681,False
1967119896773005316,1967119894709407746,1967119892838748255,2,43327,2025-08-21 14:10:04,1967119892956188684,2025-08-21 14:13:04,1967119892956188681,False
1967119896773005317,1967119894709407747,1967119892838748302,2,174609,2025-08-21 14:10:04,1967119892956188684,2025-08-21 14:13:04,1967119892956188681,False
1967119896773005318,1967119894709407748,1967119892834553930,1,179379,2025-08-21 14:10:04,1967119892956188684,2025-08-21 14:13:04,1967119892956188681,False
1967119896773005319,1967119894709407748,1967119892838748269,1,179379,2025-08-21 14:10:04,1967119892956188684,2025-08-21 14:13:04,1967119892956188681,False
1967119896773005320,1967119894709407749,1967119892830359555,1,24224,2025-08-21 14:10:04,1967119892956188684,2025-08-21 14:13:04,1967119892956188681,False
1967119896773005321,1967119894709407750,1967119892830359581,1,200012,2025-08-21 13:47:04,1967119892956188679,2025-08-21 13:55:04,1967119892956188681,False
1967119896773005322,1967119894709407751,1967119892834553889,3,376835,2025-08-21 13:47:04,1967119892956188679,2025-08-21 13:55:04,1967119892956188681,False
1967119896773005323,1967119894709407752,1967119892838748285,1,31459,2025-08-21 13:47:04,1967119892956188679,2025-08-21 13:55:04,1967119892956188681,False
1967119896773005324,1967119894709407753,1967119892834553889,2,64599,2025-08-21 13:47:04,1967119892956188679,2025-08-21 13:55:04,1967119892956188681,False
1967119896773005325,1967119894713602048,1967119892834553889,1,376835,2025-08-21 06:50:04,1967119892956188684,2025-08-21 07:05:04,1967119892956188679,False
1967119896773005326,1967119894713602049,1967119892834553889,1,174609,2025-08-21 06:50:04,1967119892956188684,2025-08-21 07:05:04,1967119892956188679,False
1967119896773005327,1967119894713602050,1967119892830359572,2,36069,2025-08-21 11:35:04,1967119892956188681,2025-08-21 11:43:04,1967119892956188680,False
1967119896773005328,1967119894713602051,1967119892830359566,1,14279,2025-08-21 11:35:04,1967119892956188681,2025-08-21 11:43:04,1967119892956188680,False
1967119896773005329,1967119894713602052,1967119892830359566,1,14279,2025-08-21 20:23:04,1967119892956188684,2025-08-21 20:38:04,1967119892956188681,False
1967119896773005330,1967119894717796352,1967119892830359572,2,41747,2025-08-21 20:55:04,1967119892956188678,2025-08-21 21:10:04,1967119892956188681,False
1967119896773005331,1967119894717796353,1967119892830359572,1,36003,2025-08-21 20:55:04,1967119892956188678,2025-08-21 21:10:04,1967119892956188681,False
1967119896773005332,1967119894717796353,1967119892838748282,1,36003,2025-08-21 20:55:04,1967119892956188678,2025-08-21 21:10:04,1967119892956188681,False
1967119896773005333,1967119894717796354,1967119892830359572,1,52149,2025-08-21 20:55:04,1967119892956188678,2025-08-21 21:10:04,1967119892956188681,False
1967119896773005334,1967119894721990656,1967119892834553889,1,376835,2025-08-21 08:07:04,1967119892956188685,2025-08-21 08:16:04,1967119892956188683,False
1967119896773005335,1967119894721990657,1967119892838748183,4,31320,2025-08-21 08:07:04,1967119892956188685,2025-08-21 08:16:04,1967119892956188683,False
1967119896773005336,1967119894721990658,1967119892838748283,1,36003,2025-08-21 18:30:04,1967119892956188682,2025-08-21 18:39:04,1967119892956188678,False
1967119896773005337,1967119894721990659,1967119892834553881,1,15189,2025-08-21 18:30:04,1967119892956188682,2025-08-21 18:39:04,1967119892956188678,False
1967119896773005338,1967119894721990660,1967119892838748187,1,13923,2025-08-21 14:59:04,1967119892956188684,2025-08-21 15:12:04,1967119892956188681,False
1967119896773005339,1967119894726184960,1967119892834553889,1,174609,2025-08-21 14:59:04,1967119892956188684,2025-08-21 15:12:04,1967119892956188681,False
1967119896773005340,1967119894726184961,1967119892830359630,1,20336,2025-08-21 14:59:04,1967119892956188684,2025-08-21 15:12:04,1967119892956188681,False
1967119896773005341,1967119894726184962,1967119892830359557,2,421451,2025-08-21 03:30:04,1967119892956188679,2025-08-21 03:41:04,1967119892956188680,False
1967119896773005342,1967119894726184962,1967119892834553902,1,421451,2025-08-21 03:30:04,1967119892956188679,2025-08-21 03:41:04,1967119892956188680,False
1967119896773005343,1967119894726184963,1967119892834553931,1,74235,2025-08-21 03:30:04,1967119892956188679,2025-08-21 03:41:04,1967119892956188680,False
1967119896773005344,1967119894726184964,1967119892830359579,1,376835,2025-08-21 03:30:04,1967119892956188679,2025-08-21 03:41:04,1967119892956188680,False
1967119896773005345,1967119894726184964,1967119892834553919,1,376835,2025-08-21 03:30:04,1967119892956188679,2025-08-21 03:41:04,1967119892956188680,False
1967119896773005346,1967119894726184965,1967119892838748180,1,31320,2025-08-21 03:30:04,1967119892956188679,2025-08-21 03:41:04,1967119892956188680,False
1967119896773005347,1967119894726184965,1967119892838748190,1,31320,2025-08-21 03:30:04,1967119892956188679,2025-08-21 03:41:04,1967119892956188680,False
1967119896773005348,1967119894726184966,1967119892834553891,1,47110,2025-08-21 13:45:04,1967119892956188683,2025-08-21 13:52:04,1967119892956188681,False
1967119896773005349,1967119894726184967,1967119892838748186,2,24224,2025-08-21 13:45:04,1967119892956188683,2025-08-21 13:52:04,1967119892956188681,False
1967119896773005350,1967119894726184967,1967119892838748296,1,24224,2025-08-21 13:45:04,1967119892956188683,2025-08-21 13:52:04,1967119892956188681,False
1967119896773005351,1967119894726184968,1967119892838748250,1,72048,2025-08-21 13:45:04,1967119892956188683,2025-08-21 13:52:04,1967119892956188681,False
1967119896773005352,1967119894730379264,1967119892830359562,1,1072384,2025-08-21 20:10:04,1967119892956188679,2025-08-21 20:15:04,1967119892956188679,False
1967119896793976832,1967119894730379265,1967119892838748225,4,86881,2025-08-21 20:10:04,1967119892956188679,2025-08-21 20:15:04,1967119892956188679,False
1967119896793976833,1967119894730379266,1967119892834553903,1,14367,2025-08-21 20:10:04,1967119892956188679,2025-08-21 20:15:04,1967119892956188679,False
1967119896793976834,1967119894730379267,1967119892834553909,1,15189,2025-08-21 20:10:04,1967119892956188679,2025-08-21 20:15:04,1967119892956188679,False
1967119896793976835,1967119894730379268,1967119892834553924,1,1072384,2025-08-22 10:56:04,1967119892956188682,2025-08-22 11:11:04,1967119892956188684,False
1967119896798171136,1967119894730379269,1967119892838748186,2,24224,2025-08-22 10:56:04,1967119892956188682,2025-08-22 11:11:04,1967119892956188684,False
1967119896798171137,1967119894730379269,1967119892838748296,1,24224,2025-08-22 10:56:04,1967119892956188682,2025-08-22 11:11:04,1967119892956188684,False
1967119896798171138,1967119894730379270,1967119892830359557,2,421451,2025-08-22 10:56:04,1967119892956188682,2025-08-22 11:11:04,1967119892956188684,False
1967119896798171139,1967119894730379271,1967119892838748226,2,86881,2025-08-22 10:56:04,1967119892956188682,2025-08-22 11:11:04,1967119892956188684,False
1967119896798171140,1967119894734573568,1967119892830359623,1,61022,2025-08-22 08:21:04,1967119892956188679,2025-08-22 08:35:04,1967119892956188680,False
1967119896798171141,1967119894738767872,1967119892838748303,1,43327,2025-08-22 11:40:04,1967119892956188681,2025-08-22 11:54:04,1967119892956188678,False
1967119896798171142,1967119894738767873,1967119892838748275,1,63701,2025-08-22 08:51:04,1967119892956188681,2025-08-22 08:53:04,1967119892956188684,False
1967119896798171143,1967119894738767874,1967119892838748165,2,313913,2025-08-22 08:51:04,1967119892956188681,2025-08-22 08:53:04,1967119892956188684,False
1967119896798171144,1967119894738767875,1967119892838748261,1,36069,2025-08-22 08:51:04,1967119892956188681,2025-08-22 08:53:04,1967119892956188684,False
1967119896798171145,1967119894738767876,1967119892834553931,2,74235,2025-08-22 19:45:04,1967119892956188680,2025-08-22 19:53:04,1967119892956188680,False
1967119896798171146,1967119894738767877,1967119892838748226,1,86881,2025-08-22 19:45:04,1967119892956188680,2025-08-22 19:53:04,1967119892956188680,False
1967119896798171147,1967119894738767878,1967119892838748288,1,31459,2025-08-22 19:45:04,1967119892956188680,2025-08-22 19:53:04,1967119892956188680,False
1967119896798171148,1967119894738767879,1967119892838748180,1,31320,2025-08-22 19:45:04,1967119892956188680,2025-08-22 19:53:04,1967119892956188680,False
1967119896798171149,1967119894738767880,1967119892830359598,1,14367,2025-08-22 19:45:04,1967119892956188680,2025-08-22 19:53:04,1967119892956188680,False
1967119896798171150,1967119894738767880,1967119892834553904,1,14367,2025-08-22 19:45:04,1967119892956188680,2025-08-22 19:53:04,1967119892956188680,False
1967119896798171151,1967119894738767881,1967119892838748168,1,174609,2025-08-22 19:45:04,1967119892956188680,2025-08-22 19:53:04,1967119892956188680,False
1967119896798171152,1967119894742962176,1967119892838748217,1,179379,2025-08-22 21:27:04,1967119892956188683,2025-08-22 21:40:04,1967119892956188679,False
1967119896798171153,1967119894742962177,1967119892830359566,2,14279,2025-08-22 21:27:04,1967119892956188683,2025-08-22 21:40:04,1967119892956188679,False
1967119896798171154,1967119894742962177,1967119892830359630,1,14279,2025-08-22 21:27:04,1967119892956188683,2025-08-22 21:40:04,1967119892956188679,False
1967119896798171155,1967119894742962178,1967119892838748303,1,164486,2025-08-22 08:23:04,1967119892956188683,2025-08-22 08:31:04,1967119892956188678,False
1967119896798171156,1967119894742962179,1967119892838748184,2,31320,2025-08-22 08:23:04,1967119892956188683,2025-08-22 08:31:04,1967119892956188678,False
1967119896798171157,1967119894742962179,1967119892838748301,1,31320,2025-08-22 08:23:04,1967119892956188683,2025-08-22 08:31:04,1967119892956188678,False
1967119896798171158,1967119894742962180,1967119892838748264,2,20336,2025-08-22 08:23:04,1967119892956188683,2025-08-22 08:31:04,1967119892956188678,False
1967119896798171159,1967119894742962181,1967119892830359558,1,86881,2025-08-22 08:23:04,1967119892956188683,2025-08-22 08:31:04,1967119892956188678,False
1967119896798171160,1967119894747156480,1967119892830359554,4,52149,2025-08-22 12:37:04,1967119892956188679,2025-08-22 12:50:04,1967119892956188682,False
1967119896798171161,1967119894747156481,1967119892838748291,2,38407,2025-08-22 12:37:04,1967119892956188679,2025-08-22 12:50:04,1967119892956188682,False
1967119896798171162,1967119894747156482,1967119892838748303,2,174609,2025-08-22 12:37:04,1967119892956188679,2025-08-22 12:50:04,1967119892956188682,False
1967119896798171163,1967119894747156483,1967119892838748236,3,41747,2025-08-22 12:37:04,1967119892956188679,2025-08-22 12:50:04,1967119892956188682,False
1967119896798171164,1967119894747156484,1967119892830359617,1,1339857,2025-08-22 02:22:04,1967119892956188684,2025-08-22 02:36:04,1967119892956188685,False
1967119896798171165,1967119894747156485,1967119892834553889,2,174609,2025-08-22 02:22:04,1967119892956188684,2025-08-22 02:36:04,1967119892956188685,False
1967119896798171166,1967119894747156486,1967119892830359636,1,74235,2025-08-22 02:22:04,1967119892956188684,2025-08-22 02:36:04,1967119892956188685,False
1967119896798171167,1967119894747156487,1967119892830359636,1,512311,2025-08-22 02:22:04,1967119892956188684,2025-08-22 02:36:04,1967119892956188685,False
1967119896798171168,1967119894747156488,1967119892834553889,1,174609,2025-08-22 19:03:04,1967119892956188682,2025-08-22 19:13:04,1967119892956188680,False
1967119896798171169,1967119894747156489,1967119892838748194,2,46936,2025-08-22 19:03:04,1967119892956188682,2025-08-22 19:13:04,1967119892956188680,False
1967119896798171170,1967119894751350784,1967119892834553909,1,31320,2025-08-22 02:56:04,1967119892956188682,2025-08-22 03:09:04,1967119892956188678,False
1967119896798171171,1967119894751350785,1967119892830359606,1,200012,2025-08-22 02:56:04,1967119892956188682,2025-08-22 03:09:04,1967119892956188678,False
1967119896798171172,1967119894751350786,1967119892830359591,3,36069,2025-08-22 02:56:04,1967119892956188682,2025-08-22 03:09:04,1967119892956188678,False
1967119896798171173,1967119894755545088,1967119892838748320,1,1339857,2025-08-22 10:02:04,1967119892956188678,2025-08-22 10:03:04,1967119892956188681,False
1967119896798171174,1967119894755545089,1967119892838748169,1,31459,2025-08-22 10:02:04,1967119892956188678,2025-08-22 10:03:04,1967119892956188681,False
1967119896798171175,1967119894755545089,1967119892838748284,1,31459,2025-08-22 10:02:04,1967119892956188678,2025-08-22 10:03:04,1967119892956188681,False
1967119896798171176,1967119894755545090,1967119892838748292,1,74235,2025-08-22 10:02:04,1967119892956188678,2025-08-22 10:03:04,1967119892956188681,False
1967119896798171177,1967119894755545091,1967119892838748249,1,72048,2025-08-22 16:52:04,1967119892956188683,2025-08-22 17:01:04,1967119892956188682,False
1967119896798171178,1967119894755545092,1967119892838748294,1,94845,2025-08-22 16:52:04,1967119892956188683,2025-08-22 17:01:04,1967119892956188682,False
1967119896798171179,1967119894755545093,1967119892830359582,1,61022,2025-08-22 02:25:04,1967119892956188682,2025-08-22 02:26:04,1967119892956188679,False
1967119896798171180,1967119894755545094,1967119892830359642,3,24224,2025-08-22 02:25:04,1967119892956188682,2025-08-22 02:26:04,1967119892956188679,False
1967119896798171181,1967119894755545095,1967119892830359572,1,41747,2025-08-22 02:25:04,1967119892956188682,2025-08-22 02:26:04,1967119892956188679,False
1967119896798171182,1967119894755545096,1967119892834553922,1,47110,2025-08-22 02:25:04,1967119892956188682,2025-08-22 02:26:04,1967119892956188679,False
1967119896798171183,1967119894759739392,1967119892830359564,2,14279,2025-08-22 04:41:04,1967119892956188685,2025-08-22 04:56:04,1967119892956188683,False
1967119896798171184,1967119894759739392,1967119892834553903,1,14279,2025-08-22 04:41:04,1967119892956188685,2025-08-22 04:56:04,1967119892956188683,False
1967119896798171185,1967119894759739393,1967119892830359553,1,31035,2025-08-22 04:41:04,1967119892956188685,2025-08-22 04:56:04,1967119892956188683,False
1967119896798171186,1967119894759739393,1967119892830359564,1,31035,2025-08-22 04:41:04,1967119892956188685,2025-08-22 04:56:04,1967119892956188683,False
1967119896798171187,1967119894759739393,1967119892838748259,1,31035,2025-08-22 04:41:04,1967119892956188685,2025-08-22 04:56:04,1967119892956188683,False
1967119896798171188,1967119894759739394,1967119892838748281,1,421451,2025-08-22 14:54:04,1967119892956188681,2025-08-22 15:07:04,1967119892956188683,False
1967119896798171189,1967119894763933696,1967119892830359553,1,31035,2025-08-22 18:32:04,1967119892956188679,2025-08-22 18:42:04,1967119892956188685,False
1967119896798171190,1967119894763933697,1967119892830359606,2,200012,2025-08-22 18:32:04,1967119892956188679,2025-08-22 18:42:04,1967119892956188685,False
1967119896798171191,1967119894763933698,1967119892830359606,1,164486,2025-08-22 18:32:04,1967119892956188679,2025-08-22 18:42:04,1967119892956188685,False
1967119896798171192,1967119894763933699,1967119892834553909,3,15189,2025-08-22 18:32:04,1967119892956188679,2025-08-22 18:42:04,1967119892956188685,False
1967119896798171193,1967119894763933700,1967119892838748249,1,72048,2025-08-23 17:28:04,1967119892956188683,2025-08-23 17:37:04,1967119892956188678,False
1967119896798171194,1967119894763933701,1967119892838748273,2,50952,2025-08-23 17:28:04,1967119892956188683,2025-08-23 17:37:04,1967119892956188678,False
1967119896798171195,1967119894763933702,1967119892830359553,1,52149,2025-08-23 17:28:04,1967119892956188683,2025-08-23 17:37:04,1967119892956188678,False
1967119896798171196,1967119894763933702,1967119892838748224,2,52149,2025-08-23 17:28:04,1967119892956188683,2025-08-23 17:37:04,1967119892956188678,False
1967119896798171197,1967119894768128000,1967119892834553898,1,94845,2025-08-23 08:36:04,1967119892956188679,2025-08-23 08:47:04,1967119892956188685,False
1967119896798171198,1967119894768128001,1967119892830359555,1,31320,2025-08-23 08:36:04,1967119892956188679,2025-08-23 08:47:04,1967119892956188685,False
1967119896798171199,1967119894772322304,1967119892830359631,1,313913,2025-08-23 22:42:04,1967119892956188681,2025-08-23 22:50:04,1967119892956188683,False
1967119896798171200,1967119894772322305,1967119892834553927,1,72048,2025-08-23 22:42:04,1967119892956188681,2025-08-23 22:50:04,1967119892956188683,False
1967119896831725568,1967119894772322306,1967119892838748189,3,13923,2025-08-23 22:42:04,1967119892956188681,2025-08-23 22:50:04,1967119892956188683,False
1967119896831725569,1967119894776516608,1967119892830359557,1,421451,2025-08-23 07:30:04,1967119892956188679,2025-08-23 07:33:04,1967119892956188683,False
1967119896831725570,1967119894780710912,1967119892830359642,2,24224,2025-08-23 21:41:04,1967119892956188683,2025-08-23 21:45:04,1967119892956188680,False
1967119896831725571,1967119894780710913,1967119892834553922,3,47110,2025-08-23 21:41:04,1967119892956188683,2025-08-23 21:45:04,1967119892956188680,False
1967119896831725572,1967119894780710914,1967119892838748321,1,164486,2025-08-23 05:37:04,1967119892956188685,2025-08-23 05:46:04,1967119892956188682,False
1967119896831725573,1967119894780710914,1967119892838748304,1,164486,2025-08-23 05:37:04,1967119892956188685,2025-08-23 05:46:04,1967119892956188682,False
1967119896835919872,1967119894784905216,1967119892834553905,1,14367,2025-08-23 08:54:04,1967119892956188680,2025-08-23 09:02:04,1967119892956188683,False
1967119896835919873,1967119894784905217,1967119892830359554,1,52149,2025-08-23 08:54:04,1967119892956188680,2025-08-23 09:02:04,1967119892956188683,False
1967119896835919874,1967119894784905218,1967119892838748275,1,26443,2025-08-23 19:47:04,1967119892956188684,2025-08-23 19:50:04,1967119892956188685,False
1967119896835919875,1967119894789099520,1967119892838748184,3,31320,2025-08-23 20:52:04,1967119892956188678,2025-08-23 20:59:04,1967119892956188684,False
1967119896835919876,1967119894789099521,1967119892838748291,2,38407,2025-08-23 20:52:04,1967119892956188678,2025-08-23 20:59:04,1967119892956188684,False
1967119896835919877,1967119894789099522,1967119892830359554,1,31035,2025-08-23 12:52:04,1967119892956188685,2025-08-23 12:53:04,1967119892956188685,False
1967119896835919878,1967119894789099523,1967119892838748184,2,31320,2025-08-23 12:52:04,1967119892956188685,2025-08-23 12:53:04,1967119892956188685,False
1967119896835919879,1967119894789099523,1967119892838748301,1,31320,2025-08-23 12:52:04,1967119892956188685,2025-08-23 12:53:04,1967119892956188685,False
1967119896835919880,1967119894789099524,1967119892838748264,2,20336,2025-08-23 12:52:04,1967119892956188685,2025-08-23 12:53:04,1967119892956188685,False
1967119896835919881,1967119894789099525,1967119892838748187,1,13923,2025-08-23 05:29:04,1967119892956188683,2025-08-23 05:39:04,1967119892956188682,False
1967119896835919882,1967119894789099526,1967119892834553926,1,72048,2025-08-23 05:29:04,1967119892956188683,2025-08-23 05:39:04,1967119892956188682,False
1967119896835919883,1967119894793293824,1967119892838748236,2,41747,2025-08-23 05:23:04,1967119892956188682,2025-08-23 05:32:04,1967119892956188680,False
1967119896835919884,1967119894793293825,1967119892834553881,1,15189,2025-08-23 10:47:04,1967119892956188685,2025-08-23 10:48:04,1967119892956188685,False
1967119896835919885,1967119894797488128,1967119892830359557,1,83586,2025-08-23 09:02:04,1967119892956188678,2025-08-23 09:03:04,1967119892956188684,False
1967119896835919886,1967119894797488128,1967119892834553891,1,83586,2025-08-23 09:02:04,1967119892956188678,2025-08-23 09:03:04,1967119892956188684,False
1967119896835919887,1967119894797488129,1967119892830359579,1,376835,2025-08-23 09:02:04,1967119892956188678,2025-08-23 09:03:04,1967119892956188684,False
1967119896835919888,1967119894797488129,1967119892834553919,1,376835,2025-08-23 09:02:04,1967119892956188678,2025-08-23 09:03:04,1967119892956188684,False
1967119896835919889,1967119894797488129,1967119892834553894,1,376835,2025-08-23 09:02:04,1967119892956188678,2025-08-23 09:03:04,1967119892956188684,False
1967119896835919890,1967119894797488130,1967119892834553904,3,36069,2025-08-23 09:02:04,1967119892956188678,2025-08-23 09:03:04,1967119892956188684,False
1967119896835919891,1967119894797488131,1967119892838748229,1,63701,2025-08-23 09:02:04,1967119892956188678,2025-08-23 09:03:04,1967119892956188684,False
1967119896835919892,1967119894797488132,1967119892838748177,1,164486,2025-08-23 09:02:04,1967119892956188678,2025-08-23 09:03:04,1967119892956188684,False
1967119896835919893,1967119894797488133,1967119892830359625,1,1784410,2025-08-23 20:45:04,1967119892956188679,2025-08-23 21:00:04,1967119892956188682,False
1967119896835919894,1967119894797488134,1967119892830359553,2,52149,2025-08-23 07:39:04,1967119892956188680,2025-08-23 07:47:04,1967119892956188678,False
1967119896835919895,1967119894797488135,1967119892834553887,3,174609,2025-08-23 07:39:04,1967119892956188680,2025-08-23 07:47:04,1967119892956188678,False
1967119896835919896,1967119894797488136,1967119892838748294,1,93868,2025-08-23 07:39:04,1967119892956188680,2025-08-23 07:47:04,1967119892956188678,False
1967119896835919897,1967119894801682432,1967119892838748256,2,83586,2025-08-23 04:37:04,1967119892956188678,2025-08-23 04:46:04,1967119892956188685,False
1967119896835919898,1967119894801682433,1967119892830359566,1,14279,2025-08-23 19:32:04,1967119892956188685,2025-08-23 19:33:04,1967119892956188679,False
1967119896835919899,1967119894801682434,1967119892838748221,1,579715,2025-08-23 19:32:04,1967119892956188685,2025-08-23 19:33:04,1967119892956188679,False
1967119896835919900,1967119894801682435,1967119892834553925,1,1784410,2025-08-23 19:32:04,1967119892956188685,2025-08-23 19:33:04,1967119892956188679,False
1967119896835919901,1967119894810071040,1967119892830359636,1,38407,2025-08-23 21:52:04,1967119892956188684,2025-08-23 22:01:04,1967119892956188683,False
1967119896835919902,1967119894810071041,1967119892838748183,1,15189,2025-08-23 21:52:04,1967119892956188684,2025-08-23 22:01:04,1967119892956188683,False
1967119896835919903,1967119894810071042,1967119892834553889,3,421451,2025-08-23 21:52:04,1967119892956188684,2025-08-23 22:01:04,1967119892956188683,False
1967119896835919904,1967119894810071043,1967119892830359636,1,512311,2025-08-23 21:52:04,1967119892956188684,2025-08-23 22:01:04,1967119892956188683,False
1967119896835919905,1967119894810071043,1967119892838748217,1,512311,2025-08-23 21:52:04,1967119892956188684,2025-08-23 22:01:04,1967119892956188683,False
1967119896835919906,1967119894810071044,1967119892830359572,1,36069,2025-08-23 21:52:04,1967119892956188684,2025-08-23 22:01:04,1967119892956188683,False
1967119896835919907,1967119894810071044,1967119892830359566,1,36069,2025-08-23 21:52:04,1967119892956188684,2025-08-23 22:01:04,1967119892956188683,False
1967119896835919908,1967119894810071044,1967119892830359630,1,36069,2025-08-23 21:52:04,1967119892956188684,2025-08-23 22:01:04,1967119892956188683,False
1967119896835919909,1967119894810071045,1967119892834553889,2,174609,2025-08-24 00:47:04,1967119892956188683,2025-08-24 00:58:04,1967119892956188683,False
1967119896835919910,1967119894810071046,1967119892838748183,2,19254,2025-08-24 00:47:04,1967119892956188683,2025-08-24 00:58:04,1967119892956188683,False
1967119896835919911,1967119894814265344,1967119892834553890,2,200012,2025-08-24 22:30:04,1967119892956188680,2025-08-24 22:33:04,1967119892956188680,False
1967119896835919912,1967119894814265344,1967119892838748179,1,200012,2025-08-24 22:30:04,1967119892956188680,2025-08-24 22:33:04,1967119892956188680,False
1967119896835919913,1967119894814265345,1967119892830359637,1,74235,2025-08-24 22:30:04,1967119892956188680,2025-08-24 22:33:04,1967119892956188680,False
1967119896835919914,1967119894814265346,1967119892830359632,1,313913,2025-08-24 22:30:04,1967119892956188680,2025-08-24 22:33:04,1967119892956188680,False
1967119896835919915,1967119894814265347,1967119892834553890,1,83586,2025-08-24 22:30:04,1967119892956188680,2025-08-24 22:33:04,1967119892956188680,False
1967119896835919916,1967119894814265348,1967119892838748271,1,179379,2025-08-24 12:43:04,1967119892956188678,2025-08-24 12:51:04,1967119892956188684,False
1967119896835919917,1967119894814265349,1967119892838748267,4,46936,2025-08-24 12:43:04,1967119892956188678,2025-08-24 12:51:04,1967119892956188684,False
1967119896835919918,1967119894814265350,1967119892834553905,1,14279,2025-08-24 12:43:04,1967119892956188678,2025-08-24 12:51:04,1967119892956188684,False
1967119896835919919,1967119894814265351,1967119892838748291,1,579715,2025-08-24 12:43:04,1967119892956188678,2025-08-24 12:51:04,1967119892956188684,False
1967119896835919920,1967119894818459648,1967119892838748221,2,579715,2025-08-24 04:09:04,1967119892956188680,2025-08-24 04:16:04,1967119892956188678,False
1967119896835919921,1967119894818459649,1967119892830359572,3,36069,2025-08-24 04:09:04,1967119892956188680,2025-08-24 04:16:04,1967119892956188678,False
1967119896835919922,1967119894818459650,1967119892838748285,1,31459,2025-08-24 04:09:04,1967119892956188680,2025-08-24 04:16:04,1967119892956188678,False
1967119896835919923,1967119894818459651,1967119892830359566,3,14279,2025-08-24 04:09:04,1967119892956188680,2025-08-24 04:16:04,1967119892956188678,False
1967119896835919924,1967119894818459652,1967119892834553889,1,421451,2025-08-24 04:09:04,1967119892956188680,2025-08-24 04:16:04,1967119892956188678,False
1967119896835919925,1967119894818459652,1967119892834553900,2,421451,2025-08-24 04:09:04,1967119892956188680,2025-08-24 04:16:04,1967119892956188678,False
1967119896835919926,1967119894818459653,1967119892838748187,4,13923,2025-08-24 04:09:04,1967119892956188680,2025-08-24 04:16:04,1967119892956188678,False
1967119896835919927,1967119894818459654,1967119892834553889,1,64599,2025-08-24 10:22:04,1967119892956188681,2025-08-24 10:24:04,1967119892956188685,False
1967119896835919928,1967119894818459654,1967119892838748311,1,64599,2025-08-24 10:22:04,1967119892956188681,2025-08-24 10:24:04,1967119892956188685,False
1967119896835919929,1967119894822653952,1967119892830359598,1,14367,2025-08-24 19:08:04,1967119892956188681,2025-08-24 19:18:04,1967119892956188684,False
1967119896835919930,1967119894822653952,1967119892834553904,2,14367,2025-08-24 19:08:04,1967119892956188681,2025-08-24 19:18:04,1967119892956188684,False
1967119896835919931,1967119894822653953,1967119892834553894,2,64599,2025-08-24 19:08:04,1967119892956188681,2025-08-24 19:18:04,1967119892956188684,False
1967119896835919932,1967119894822653954,1967119892834553891,1,47110,2025-08-24 19:08:04,1967119892956188681,2025-08-24 19:18:04,1967119892956188684,False
1967119896835919933,1967119894822653955,1967119892834553931,2,179379,2025-08-24 19:08:04,1967119892956188681,2025-08-24 19:18:04,1967119892956188684,False
1967119896835919934,1967119894822653956,1967119892838748186,1,24224,2025-08-24 05:43:04,1967119892956188684,2025-08-24 05:58:04,1967119892956188685,False
1967119896835919935,1967119894822653957,1967119892838748180,1,31320,2025-08-24 05:43:04,1967119892956188684,2025-08-24 05:58:04,1967119892956188685,False
1967119896835919936,1967119894822653957,1967119892838748190,1,31320,2025-08-24 05:43:04,1967119892956188684,2025-08-24 05:58:04,1967119892956188685,False
1967119896835919937,1967119894826848256,1967119892838748302,2,174609,2025-08-24 03:13:04,1967119892956188682,2025-08-24 03:23:04,1967119892956188682,False
1967119896835919938,1967119894826848257,1967119892838748291,3,74235,2025-08-24 00:50:04,1967119892956188680,2025-08-24 00:59:04,1967119892956188679,False
1967119896835919939,1967119894831042560,1967119892838748221,1,579715,2025-08-24 09:14:04,1967119892956188679,2025-08-24 09:29:04,1967119892956188678,False
1967119896835919940,1967119894831042561,1967119892830359572,1,52149,2025-08-24 09:14:04,1967119892956188679,2025-08-24 09:29:04,1967119892956188678,False
1967119896865280000,1967119894831042562,1967119892834553925,1,1072384,2025-08-24 09:14:04,1967119892956188679,2025-08-24 09:29:04,1967119892956188678,False
1967119896865280001,1967119894831042563,1967119892834553889,1,64599,2025-08-24 09:14:04,1967119892956188679,2025-08-24 09:29:04,1967119892956188678,False
1967119896865280002,1967119894831042563,1967119892838748311,2,64599,2025-08-24 09:14:04,1967119892956188679,2025-08-24 09:29:04,1967119892956188678,False
1967119896865280003,1967119894835236864,1967119892838748197,1,1321538,2025-08-24 07:43:04,1967119892956188684,2025-08-24 07:49:04,1967119892956188680,False
1967119896865280004,1967119894835236865,1967119892838748261,1,46936,2025-08-24 07:43:04,1967119892956188684,2025-08-24 07:49:04,1967119892956188680,False
1967119896865280005,1967119894835236866,1967119892838748252,2,51934,2025-08-24 07:43:04,1967119892956188684,2025-08-24 07:49:04,1967119892956188680,False
1967119896865280006,1967119894835236867,1967119892838748183,3,19254,2025-08-24 19:30:04,1967119892956188678,2025-08-24 19:43:04,1967119892956188680,False
1967119896869474304,1967119894835236868,1967119892834553889,1,64599,2025-08-24 19:30:04,1967119892956188678,2025-08-24 19:43:04,1967119892956188680,False
1967119896869474305,1967119894835236869,1967119892830359630,1,52401,2025-08-24 19:30:04,1967119892956188678,2025-08-24 19:43:04,1967119892956188680,False
1967119896869474306,1967119894835236870,1967119892838748194,1,14367,2025-08-24 19:30:04,1967119892956188678,2025-08-24 19:43:04,1967119892956188680,False
1967119896869474307,1967119894835236871,1967119892838748187,1,13923,2025-08-24 19:30:04,1967119892956188678,2025-08-24 19:43:04,1967119892956188680,False
1967119896869474308,1967119894835236872,1967119892834553889,2,376835,2025-08-24 19:30:04,1967119892956188678,2025-08-24 19:43:04,1967119892956188680,False
1967119896869474309,1967119894843625472,1967119892830359597,1,1339857,2025-08-25 04:59:04,1967119892956188680,2025-08-25 05:03:04,1967119892956188680,False
1967119896869474310,1967119894843625473,1967119892834553891,1,200012,2025-08-25 04:59:04,1967119892956188680,2025-08-25 05:03:04,1967119892956188680,False
1967119896869474311,1967119894843625473,1967119892838748177,1,200012,2025-08-25 04:59:04,1967119892956188680,2025-08-25 05:03:04,1967119892956188680,False
1967119896869474312,1967119894843625474,1967119892838748186,2,13923,2025-08-25 04:59:04,1967119892956188680,2025-08-25 05:03:04,1967119892956188680,False
1967119896869474313,1967119894843625474,1967119892838748190,1,13923,2025-08-25 04:59:04,1967119892956188680,2025-08-25 05:03:04,1967119892956188680,False
1967119896869474314,1967119894843625475,1967119892830359561,1,1072384,2025-08-25 07:45:04,1967119892956188679,2025-08-25 07:51:04,1967119892956188678,False
1967119896869474315,1967119894847819776,1967119892838748180,1,15189,2025-08-25 05:33:04,1967119892956188678,2025-08-25 05:41:04,1967119892956188685,False
1967119896869474316,1967119894847819777,1967119892834553891,2,190755,2025-08-25 05:33:04,1967119892956188678,2025-08-25 05:41:04,1967119892956188685,False
1967119896869474317,1967119894847819778,1967119892838748226,3,86881,2025-08-25 05:33:04,1967119892956188678,2025-08-25 05:41:04,1967119892956188685,False
1967119896869474318,1967119894847819779,1967119892838748283,1,36003,2025-08-25 14:21:04,1967119892956188681,2025-08-25 14:36:04,1967119892956188685,False
1967119896869474319,1967119894847819780,1967119892838748264,1,49375,2025-08-25 14:21:04,1967119892956188681,2025-08-25 14:36:04,1967119892956188685,False
1967119896869474320,1967119894852014080,1967119892830359636,4,512311,2025-08-25 04:53:04,1967119892956188678,2025-08-25 05:01:04,1967119892956188681,False
1967119896869474321,1967119894852014081,1967119892838748194,3,14367,2025-08-25 04:53:04,1967119892956188678,2025-08-25 05:01:04,1967119892956188681,False
1967119896869474322,1967119894852014082,1967119892838748167,1,200012,2025-08-25 20:35:04,1967119892956188682,2025-08-25 20:46:04,1967119892956188685,False
1967119896869474323,1967119894852014083,1967119892834553927,2,72048,2025-08-25 20:35:04,1967119892956188682,2025-08-25 20:46:04,1967119892956188685,False
1967119896869474324,1967119894852014084,1967119892830359631,2,47110,2025-08-25 20:35:04,1967119892956188682,2025-08-25 20:46:04,1967119892956188685,False
1967119896869474325,1967119894852014085,1967119892830359630,1,52401,2025-08-25 15:50:04,1967119892956188679,2025-08-25 15:56:04,1967119892956188685,False
1967119896869474326,1967119894852014086,1967119892830359572,1,36003,2025-08-25 15:50:04,1967119892956188679,2025-08-25 15:56:04,1967119892956188685,False
1967119896869474327,1967119894856208384,1967119892838748271,1,179379,2025-08-25 14:49:04,1967119892956188685,2025-08-25 14:52:04,1967119892956188679,False
1967119896869474328,1967119894856208385,1967119892838748264,3,20336,2025-08-25 14:49:04,1967119892956188685,2025-08-25 14:52:04,1967119892956188679,False
1967119896869474329,1967119894856208386,1967119892838748264,1,49375,2025-08-25 14:49:04,1967119892956188685,2025-08-25 14:52:04,1967119892956188679,False
1967119896869474330,1967119894856208387,1967119892830359558,2,50952,2025-08-25 14:49:04,1967119892956188685,2025-08-25 14:52:04,1967119892956188679,False
1967119896869474331,1967119894856208388,1967119892834553889,2,64599,2025-08-25 04:00:04,1967119892956188682,2025-08-25 04:09:04,1967119892956188681,False
1967119896869474332,1967119894856208388,1967119892838748311,1,64599,2025-08-25 04:00:04,1967119892956188682,2025-08-25 04:09:04,1967119892956188681,False
1967119896869474333,1967119894856208389,1967119892834553889,2,421451,2025-08-25 04:00:04,1967119892956188682,2025-08-25 04:09:04,1967119892956188681,False
1967119896869474334,1967119894856208390,1967119892838748273,1,63701,2025-08-25 04:51:04,1967119892956188683,2025-08-25 04:58:04,1967119892956188685,False
1967119896869474335,1967119894860402688,1967119892834553879,2,47110,2025-08-26 17:32:04,1967119892956188684,2025-08-26 17:37:04,1967119892956188681,False
1967119896869474336,1967119894860402689,1967119892838748247,1,31035,2025-08-26 17:32:04,1967119892956188684,2025-08-26 17:37:04,1967119892956188681,False
1967119896869474337,1967119894860402690,1967119892838748165,1,313913,2025-08-26 17:32:04,1967119892956188684,2025-08-26 17:37:04,1967119892956188681,False
1967119896869474338,1967119894864596992,1967119892838748226,1,26443,2025-08-26 10:29:04,1967119892956188678,2025-08-26 10:33:04,1967119892956188678,False
1967119896869474339,1967119894864596993,1967119892838748177,2,164486,2025-08-26 10:29:04,1967119892956188678,2025-08-26 10:33:04,1967119892956188678,False
1967119896869474340,1967119894864596994,1967119892830359608,4,41747,2025-08-26 12:13:04,1967119892956188683,2025-08-26 12:15:04,1967119892956188681,False
1967119896869474341,1967119894864596995,1967119892838748161,1,25561,2025-08-26 12:13:04,1967119892956188683,2025-08-26 12:15:04,1967119892956188681,False
1967119896869474342,1967119894868791296,1967119892834553895,1,1631430,2025-08-26 12:13:04,1967119892956188680,2025-08-26 12:15:04,1967119892956188680,False
1967119896869474343,1967119894868791297,1967119892838748247,1,31035,2025-08-26 12:13:04,1967119892956188680,2025-08-26 12:15:04,1967119892956188680,False
1967119896869474344,1967119894868791298,1967119892838748257,1,67077,2025-08-26 08:39:04,1967119892956188685,2025-08-26 08:42:04,1967119892956188679,False
1967119896869474345,1967119894872985600,1967119892838748225,3,67077,2025-08-26 15:35:04,1967119892956188685,2025-08-26 15:44:04,1967119892956188679,False
1967119896869474346,1967119894877179904,1967119892838748161,1,19254,2025-08-26 06:43:04,1967119892956188681,2025-08-26 06:51:04,1967119892956188680,False
1967119896869474347,1967119894877179905,1967119892834553928,1,72048,2025-08-26 06:43:04,1967119892956188681,2025-08-26 06:51:04,1967119892956188680,False
1967119896869474348,1967119894877179906,1967119892830359608,1,41747,2025-08-26 06:43:04,1967119892956188681,2025-08-26 06:51:04,1967119892956188680,False
1967119896869474349,1967119894877179907,1967119892834553911,2,15189,2025-08-26 06:43:04,1967119892956188681,2025-08-26 06:51:04,1967119892956188680,False
1967119896869474350,1967119894877179908,1967119892830359553,1,31035,2025-08-26 15:26:04,1967119892956188682,2025-08-26 15:40:04,1967119892956188679,False
1967119896869474351,1967119894877179909,1967119892834553887,1,174609,2025-08-26 15:26:04,1967119892956188682,2025-08-26 15:40:04,1967119892956188679,False
1967119896869474352,1967119894877179910,1967119892838748321,2,164486,2025-08-26 01:09:04,1967119892956188682,2025-08-26 01:17:04,1967119892956188685,False
1967119896869474353,1967119894877179911,1967119892830359626,1,74235,2025-08-26 01:09:04,1967119892956188682,2025-08-26 01:17:04,1967119892956188685,False
1967119896869474354,1967119894877179912,1967119892838748168,1,174609,2025-08-27 09:24:04,1967119892956188678,2025-08-27 09:25:04,1967119892956188684,False
1967119896869474355,1967119894877179913,1967119892838748180,1,15189,2025-08-27 09:24:04,1967119892956188678,2025-08-27 09:25:04,1967119892956188684,False
1967119896869474356,1967119894885568512,1967119892834553879,1,43327,2025-08-27 01:34:04,1967119892956188679,2025-08-27 01:48:04,1967119892956188681,False
1967119896869474357,1967119894885568512,1967119892838748255,1,43327,2025-08-27 01:34:04,1967119892956188679,2025-08-27 01:48:04,1967119892956188681,False
1967119896869474358,1967119894885568512,1967119892838748302,1,43327,2025-08-27 01:34:04,1967119892956188679,2025-08-27 01:48:04,1967119892956188681,False
1967119896869474359,1967119894885568513,1967119892838748231,1,50952,2025-08-27 01:34:04,1967119892956188679,2025-08-27 01:48:04,1967119892956188681,False
1967119896869474360,1967119894885568513,1967119892838748275,1,50952,2025-08-27 01:34:04,1967119892956188679,2025-08-27 01:48:04,1967119892956188681,False
1967119896869474361,1967119894885568514,1967119892834553897,1,93868,2025-08-27 12:28:04,1967119892956188680,2025-08-27 12:32:04,1967119892956188681,False
1967119896869474362,1967119894885568514,1967119892838748293,1,93868,2025-08-27 12:28:04,1967119892956188680,2025-08-27 12:32:04,1967119892956188681,False
1967119896869474363,1967119894885568515,1967119892834553881,1,15189,2025-08-27 12:28:04,1967119892956188680,2025-08-27 12:32:04,1967119892956188681,False
1967119896869474364,1967119894889762816,1967119892834553889,2,421451,2025-08-27 09:51:04,1967119892956188684,2025-08-27 09:54:04,1967119892956188681,False
1967119896869474365,1967119894889762816,1967119892834553900,1,421451,2025-08-27 09:51:04,1967119892956188684,2025-08-27 09:54:04,1967119892956188681,False
1967119896869474366,1967119894889762817,1967119892834553905,1,14279,2025-08-27 18:48:04,1967119892956188685,2025-08-27 19:03:04,1967119892956188685,False
1967119896869474367,1967119894889762818,1967119892838748303,1,43327,2025-08-27 18:48:04,1967119892956188685,2025-08-27 19:03:04,1967119892956188685,False
1967119896869474368,1967119894889762819,1967119892838748236,3,41747,2025-08-27 18:48:04,1967119892956188685,2025-08-27 19:03:04,1967119892956188685,False
1967119896869474369,1967119894889762819,1967119892838748267,2,41747,2025-08-27 18:48:04,1967119892956188685,2025-08-27 19:03:04,1967119892956188685,False
1967119896869474370,1967119894889762820,1967119892838748264,1,49375,2025-08-27 18:48:04,1967119892956188685,2025-08-27 19:03:04,1967119892956188685,False
1967119896869474371,1967119894889762821,1967119892834553887,1,64599,2025-08-27 20:39:04,1967119892956188683,2025-08-27 20:43:04,1967119892956188683,False
1967119896869474372,1967119894889762822,1967119892830359591,1,36069,2025-08-27 20:39:04,1967119892956188683,2025-08-27 20:43:04,1967119892956188683,False
1967119896869474373,1967119894889762823,1967119892834553903,1,14367,2025-08-27 20:39:04,1967119892956188683,2025-08-27 20:43:04,1967119892956188683,False
1967119896869474374,1967119894889762823,1967119892838748290,1,14367,2025-08-27 20:39:04,1967119892956188683,2025-08-27 20:43:04,1967119892956188683,False
1967119896869474375,1967119894889762824,1967119892834553926,4,72048,2025-08-27 15:49:04,1967119892956188680,2025-08-27 15:52:04,1967119892956188678,False
1967119896869474376,1967119894889762825,1967119892830359572,3,41747,2025-08-27 15:49:04,1967119892956188680,2025-08-27 15:52:04,1967119892956188678,False
1967119896869474377,1967119894889762825,1967119892838748266,1,41747,2025-08-27 15:49:04,1967119892956188680,2025-08-27 15:52:04,1967119892956188678,False
1967119896869474378,1967119894893957120,1967119892830359630,2,52401,2025-08-27 15:49:04,1967119892956188680,2025-08-27 15:52:04,1967119892956188678,False
1967119896869474379,1967119894893957121,1967119892830359572,1,41747,2025-08-28 05:37:04,1967119892956188678,2025-08-28 05:44:04,1967119892956188680,False
1967119896869474380,1967119894893957121,1967119892838748266,1,41747,2025-08-28 05:37:04,1967119892956188678,2025-08-28 05:44:04,1967119892956188680,False
1967119896869474381,1967119894893957122,1967119892838748183,1,19254,2025-08-28 12:34:04,1967119892956188679,2025-08-28 12:44:04,1967119892956188681,False
1967119896869474382,1967119894893957122,1967119892834553916,3,19254,2025-08-28 12:34:04,1967119892956188679,2025-08-28 12:44:04,1967119892956188681,False
1967119896903028736,1967119894893957123,1967119892830359572,1,52149,2025-08-28 12:34:04,1967119892956188679,2025-08-28 12:44:04,1967119892956188681,False
1967119896903028737,1967119894898151424,1967119892830359636,1,512311,2025-08-28 03:19:04,1967119892956188684,2025-08-28 03:29:04,1967119892956188678,False
1967119896903028738,1967119894898151424,1967119892838748217,2,512311,2025-08-28 03:19:04,1967119892956188684,2025-08-28 03:29:04,1967119892956188678,False
1967119896903028739,1967119894898151425,1967119892830359572,2,52149,2025-08-28 03:19:04,1967119892956188684,2025-08-28 03:29:04,1967119892956188678,False
1967119896903028740,1967119894898151425,1967119892838748213,1,52149,2025-08-28 03:19:04,1967119892956188684,2025-08-28 03:29:04,1967119892956188678,False
1967119896903028741,1967119894898151426,1967119892830359566,2,14279,2025-08-28 03:19:04,1967119892956188684,2025-08-28 03:29:04,1967119892956188678,False
1967119896903028742,1967119894898151427,1967119892838748183,3,31320,2025-08-28 03:19:04,1967119892956188684,2025-08-28 03:29:04,1967119892956188678,False
1967119896903028743,1967119894898151427,1967119892838748285,1,31320,2025-08-28 03:19:04,1967119892956188684,2025-08-28 03:29:04,1967119892956188678,False
1967119896903028744,1967119894902345728,1967119892838748194,1,14367,2025-08-28 06:31:04,1967119892956188682,2025-08-28 06:37:04,1967119892956188679,False
1967119896903028745,1967119894902345728,1967119892838748282,1,14367,2025-08-28 06:31:04,1967119892956188682,2025-08-28 06:37:04,1967119892956188679,False
1967119896903028746,1967119894902345729,1967119892834553889,1,174609,2025-08-28 06:31:04,1967119892956188682,2025-08-28 06:37:04,1967119892956188679,False
1967119896907223040,1967119894902345730,1967119892838748180,1,15189,2025-08-28 08:24:04,1967119892956188683,2025-08-28 08:36:04,1967119892956188684,False
1967119896907223041,1967119894902345730,1967119892838748296,2,15189,2025-08-28 08:24:04,1967119892956188683,2025-08-28 08:36:04,1967119892956188684,False
1967119896907223042,1967119894902345731,1967119892838748180,1,19254,2025-08-28 07:58:04,1967119892956188678,2025-08-28 08:04:04,1967119892956188683,False
1967119896907223043,1967119894906540032,1967119892838748165,3,313913,2025-08-28 04:50:04,1967119892956188685,2025-08-28 04:57:04,1967119892956188681,False
1967119896907223044,1967119894906540033,1967119892838748237,1,14279,2025-08-28 15:03:04,1967119892956188683,2025-08-28 15:15:04,1967119892956188681,False
1967119896907223045,1967119894906540034,1967119892830359631,1,47110,2025-08-28 15:03:04,1967119892956188683,2025-08-28 15:15:04,1967119892956188681,False
1967119896907223046,1967119894906540035,1967119892838748237,2,41747,2025-08-28 15:03:04,1967119892956188683,2025-08-28 15:15:04,1967119892956188681,False
1967119896907223047,1967119894906540036,1967119892830359631,1,79693,2025-08-28 15:03:04,1967119892956188683,2025-08-28 15:15:04,1967119892956188681,False
1967119896907223048,1967119894910734336,1967119892834553931,1,74235,2025-08-29 20:18:04,1967119892956188685,2025-08-29 20:27:04,1967119892956188681,False
1967119896907223049,1967119894914928640,1967119892834553879,1,43327,2025-08-29 15:12:04,1967119892956188679,2025-08-29 15:17:04,1967119892956188685,False
1967119896907223050,1967119894914928641,1967119892838748288,1,31459,2025-08-29 08:33:04,1967119892956188682,2025-08-29 08:35:04,1967119892956188679,False
1967119896907223051,1967119894914928642,1967119892838748180,1,31320,2025-08-29 08:33:04,1967119892956188682,2025-08-29 08:35:04,1967119892956188679,False
1967119896907223052,1967119894919122944,1967119892830359572,1,36069,2025-08-29 20:04:04,1967119892956188679,2025-08-29 20:11:04,1967119892956188678,False
1967119896907223053,1967119894919122945,1967119892838748183,1,19254,2025-08-29 20:04:04,1967119892956188679,2025-08-29 20:11:04,1967119892956188678,False
1967119896907223054,1967119894919122946,1967119892838748264,1,20336,2025-08-29 22:43:04,1967119892956188679,2025-08-29 22:54:04,1967119892956188685,False
1967119896907223055,1967119894919122947,1967119892834553904,1,14279,2025-08-29 21:34:04,1967119892956188678,2025-08-29 21:43:04,1967119892956188681,False
1967119896907223056,1967119894919122948,1967119892838748180,1,15189,2025-08-29 21:34:04,1967119892956188678,2025-08-29 21:43:04,1967119892956188681,False
1967119896907223057,1967119894919122948,1967119892838748296,2,15189,2025-08-29 21:34:04,1967119892956188678,2025-08-29 21:43:04,1967119892956188681,False
1967119896907223058,1967119894919122949,1967119892838748180,1,19254,2025-08-29 21:34:04,1967119892956188678,2025-08-29 21:43:04,1967119892956188681,False
1967119896907223059,1967119894927511552,1967119892830359572,1,52149,2025-08-29 13:12:04,1967119892956188678,2025-08-29 13:16:04,1967119892956188684,False
1967119896907223060,1967119894927511552,1967119892838748213,1,52149,2025-08-29 13:12:04,1967119892956188678,2025-08-29 13:16:04,1967119892956188684,False
1967119896907223061,1967119894927511552,1967119892838748282,1,52149,2025-08-29 13:12:04,1967119892956188678,2025-08-29 13:16:04,1967119892956188684,False
1967119896907223062,1967119894927511553,1967119892834553922,2,47110,2025-08-29 13:12:04,1967119892956188678,2025-08-29 13:16:04,1967119892956188684,False
1967119896907223063,1967119894927511554,1967119892834553890,1,83586,2025-08-29 20:54:04,1967119892956188683,2025-08-29 20:57:04,1967119892956188682,False
1967119896907223064,1967119894931705856,1967119892838748162,1,190755,2025-08-29 19:00:04,1967119892956188680,2025-08-29 19:10:04,1967119892956188683,False
1967119896907223065,1967119894931705857,1967119892830359606,1,200012,2025-08-29 19:00:04,1967119892956188680,2025-08-29 19:10:04,1967119892956188683,False
1967119896907223066,1967119894931705858,1967119892830359553,2,52149,2025-08-29 19:00:04,1967119892956188680,2025-08-29 19:10:04,1967119892956188683,False
1967119896907223067,1967119894931705859,1967119892830359606,1,164486,2025-08-29 19:00:04,1967119892956188680,2025-08-29 19:10:04,1967119892956188683,False
1967119896907223068,1967119894931705860,1967119892838748224,1,36003,2025-08-29 04:58:04,1967119892956188681,2025-08-29 05:03:04,1967119892956188680,False
1967119896907223069,1967119894931705861,1967119892838748288,1,31459,2025-08-29 13:41:04,1967119892956188680,2025-08-29 13:46:04,1967119892956188684,False
1967119896907223070,1967119894935900160,1967119892830359566,1,14279,2025-08-29 15:53:04,1967119892956188685,2025-08-29 15:58:04,1967119892956188682,False
1967119896907223071,1967119894935900161,1967119892834553926,1,93868,2025-08-29 15:53:04,1967119892956188685,2025-08-29 15:58:04,1967119892956188682,False
1967119896907223072,1967119894935900162,1967119892838748180,1,15189,2025-08-29 05:33:04,1967119892956188685,2025-08-29 05:40:04,1967119892956188685,False
1967119896907223073,1967119894935900163,1967119892834553894,1,64599,2025-08-29 05:33:04,1967119892956188685,2025-08-29 05:40:04,1967119892956188685,False
1967119896907223074,1967119894935900163,1967119892838748312,2,64599,2025-08-29 05:33:04,1967119892956188685,2025-08-29 05:40:04,1967119892956188685,False
1967119896907223075,1967119894935900164,1967119892834553904,1,14279,2025-08-29 08:07:04,1967119892956188683,2025-08-29 08:10:04,1967119892956188681,False
1967119896907223076,1967119894935900165,1967119892838748229,2,93868,2025-08-29 08:07:04,1967119892956188683,2025-08-29 08:10:04,1967119892956188681,False
1967119896907223077,1967119894935900166,1967119892838748177,1,164486,2025-08-29 08:07:04,1967119892956188683,2025-08-29 08:10:04,1967119892956188681,False
1967119896907223078,1967119894935900167,1967119892834553894,1,64599,2025-08-29 08:07:04,1967119892956188683,2025-08-29 08:10:04,1967119892956188681,False
1967119896907223079,1967119894935900167,1967119892838748312,1,64599,2025-08-29 08:07:04,1967119892956188683,2025-08-29 08:10:04,1967119892956188681,False
1967119896907223080,1967119894940094464,1967119892838748168,2,174609,2025-08-29 08:10:04,1967119892956188680,2025-08-29 08:23:04,1967119892956188682,False
1967119896907223081,1967119894940094465,1967119892830359597,1,1209511,2025-08-29 08:10:04,1967119892956188680,2025-08-29 08:23:04,1967119892956188682,False
1967119896907223082,1967119894940094466,1967119892838748261,1,46936,2025-08-29 20:12:04,1967119892956188678,2025-08-29 20:23:04,1967119892956188681,False
1967119896907223083,1967119894940094467,1967119892834553874,2,93868,2025-08-29 20:12:04,1967119892956188678,2025-08-29 20:23:04,1967119892956188681,False
1967119896907223084,1967119894940094468,1967119892838748252,1,51934,2025-08-29 20:12:04,1967119892956188678,2025-08-29 20:23:04,1967119892956188681,False
1967119896907223085,1967119894940094469,1967119892838748255,1,83586,2025-08-29 20:12:04,1967119892956188678,2025-08-29 20:23:04,1967119892956188681,False
1967119896907223086,1967119894944288768,1967119892834553919,1,313913,2025-08-30 09:01:04,1967119892956188685,2025-08-30 09:16:04,1967119892956188681,False
1967119896907223087,1967119894944288769,1967119892838748168,2,174609,2025-08-30 09:01:04,1967119892956188685,2025-08-30 09:16:04,1967119892956188681,False
1967119896932388864,1967119894944288770,1967119892838748288,1,31459,2025-08-30 09:01:04,1967119892956188685,2025-08-30 09:16:04,1967119892956188681,False
1967119896932388865,1967119894948483072,1967119892830359631,2,47110,2025-08-30 10:41:04,1967119892956188685,2025-08-30 10:52:04,1967119892956188680,False
1967119896932388866,1967119894948483072,1967119892834553908,1,47110,2025-08-30 10:41:04,1967119892956188685,2025-08-30 10:52:04,1967119892956188680,False
1967119896932388867,1967119894948483073,1967119892838748169,1,24111,2025-08-30 10:41:04,1967119892956188685,2025-08-30 10:52:04,1967119892956188680,False
1967119896932388868,1967119894948483073,1967119892838748189,2,24111,2025-08-30 10:41:04,1967119892956188685,2025-08-30 10:52:04,1967119892956188680,False
1967119896932388869,1967119894948483074,1967119892830359617,1,1339857,2025-08-30 20:42:04,1967119892956188678,2025-08-30 20:52:04,1967119892956188685,False
1967119896932388870,1967119894948483075,1967119892830359630,1,52401,2025-08-30 20:42:04,1967119892956188678,2025-08-30 20:52:04,1967119892956188685,False
1967119896932388871,1967119894948483076,1967119892838748219,1,1244169,2025-08-30 20:42:04,1967119892956188678,2025-08-30 20:52:04,1967119892956188685,False
1967119896932388872,1967119894948483077,1967119892830359630,1,20336,2025-08-30 20:42:04,1967119892956188678,2025-08-30 20:52:04,1967119892956188685,False
1967119896936583168,1967119894948483078,1967119892834553905,1,14367,2025-08-30 04:07:04,1967119892956188682,2025-08-30 04:20:04,1967119892956188682,False
1967119896936583169,1967119894948483079,1967119892838748184,2,19254,2025-08-30 04:07:04,1967119892956188682,2025-08-30 04:20:04,1967119892956188682,False
1967119896936583170,1967119894948483080,1967119892838748283,3,36003,2025-08-30 04:07:04,1967119892956188682,2025-08-30 04:20:04,1967119892956188682,False
1967119896936583171,1967119894948483081,1967119892834553905,2,36069,2025-08-30 04:07:04,1967119892956188682,2025-08-30 04:20:04,1967119892956188682,False
1967119896936583172,1967119894948483082,1967119892830359595,1,1209511,2025-08-30 04:07:04,1967119892956188682,2025-08-30 04:20:04,1967119892956188682,False
1967119896936583173,1967119894948483083,1967119892834553879,1,43327,2025-08-30 19:19:04,1967119892956188680,2025-08-30 19:31:04,1967119892956188678,False
1967119896936583174,1967119894948483083,1967119892838748255,1,43327,2025-08-30 19:19:04,1967119892956188680,2025-08-30 19:31:04,1967119892956188678,False
1967119896936583175,1967119894948483083,1967119892838748302,1,43327,2025-08-30 19:19:04,1967119892956188680,2025-08-30 19:31:04,1967119892956188678,False
1967119896936583176,1967119894956871680,1967119892838748160,4,25561,2025-08-30 02:50:04,1967119892956188678,2025-08-30 02:56:04,1967119892956188684,False
1967119896936583177,1967119894956871681,1967119892830359564,1,14279,2025-08-30 08:29:04,1967119892956188682,2025-08-30 08:42:04,1967119892956188685,False
1967119896936583178,1967119894956871682,1967119892830359606,2,376835,2025-08-30 08:29:04,1967119892956188682,2025-08-30 08:42:04,1967119892956188685,False
1967119896936583179,1967119894956871683,1967119892838748235,1,26443,2025-08-30 08:29:04,1967119892956188682,2025-08-30 08:42:04,1967119892956188685,False
1967119896936583180,1967119894961065984,1967119892838748252,1,51934,2025-08-30 20:58:04,1967119892956188682,2025-08-30 21:08:04,1967119892956188685,False
1967119896936583181,1967119894961065985,1967119892838748261,1,46936,2025-08-30 20:58:04,1967119892956188682,2025-08-30 21:08:04,1967119892956188685,False
1967119896936583182,1967119894961065986,1967119892838748180,4,19254,2025-08-30 09:10:04,1967119892956188681,2025-08-30 09:25:04,1967119892956188685,False
1967119896936583183,1967119894961065987,1967119892834553891,2,200012,2025-08-30 09:10:04,1967119892956188681,2025-08-30 09:25:04,1967119892956188685,False
1967119896936583184,1967119894961065987,1967119892838748177,1,200012,2025-08-30 09:10:04,1967119892956188681,2025-08-30 09:25:04,1967119892956188685,False
1967119896936583185,1967119894961065988,1967119892830359566,1,14279,2025-08-30 23:15:04,1967119892956188685,2025-08-30 23:16:04,1967119892956188679,False
1967119896936583186,1967119894961065988,1967119892830359630,1,14279,2025-08-30 23:15:04,1967119892956188685,2025-08-30 23:16:04,1967119892956188679,False
1967119896936583187,1967119894961065989,1967119892838748285,2,31459,2025-08-30 23:15:04,1967119892956188685,2025-08-30 23:16:04,1967119892956188679,False
1967119896936583188,1967119894961065990,1967119892834553889,1,174609,2025-08-30 23:15:04,1967119892956188685,2025-08-30 23:16:04,1967119892956188679,False
1967119896936583189,1967119894961065991,1967119892830359572,2,36003,2025-08-30 23:15:04,1967119892956188685,2025-08-30 23:16:04,1967119892956188679,False
1967119896936583190,1967119894965260288,1967119892830359608,1,41747,2025-08-30 04:47:04,1967119892956188678,2025-08-30 04:56:04,1967119892956188682,False
1967119896936583191,1967119894965260289,1967119892830359579,1,376835,2025-08-30 03:35:04,1967119892956188684,2025-08-30 03:42:04,1967119892956188681,False
1967119896936583192,1967119894965260290,1967119892830359598,1,14367,2025-08-30 03:35:04,1967119892956188684,2025-08-30 03:42:04,1967119892956188681,False
1967119896936583193,1967119894965260290,1967119892834553904,1,14367,2025-08-30 03:35:04,1967119892956188684,2025-08-30 03:42:04,1967119892956188681,False
1967119896936583194,1967119894965260291,1967119892834553904,1,14279,2025-08-30 03:35:04,1967119892956188684,2025-08-30 03:42:04,1967119892956188681,False
1967119896936583195,1967119894965260292,1967119892838748240,1,1244169,2025-08-30 07:48:04,1967119892956188683,2025-08-30 08:01:04,1967119892956188680,False
1967119896936583196,1967119894969454592,1967119892838748194,1,46936,2025-08-30 23:31:04,1967119892956188682,2025-08-30 23:37:04,1967119892956188680,False
1967119896936583197,1967119894969454593,1967119892830359591,1,36069,2025-08-30 08:08:04,1967119892956188685,2025-08-30 08:17:04,1967119892956188678,False
1967119896936583198,1967119894969454594,1967119892838748200,1,1631430,2025-08-30 08:08:04,1967119892956188685,2025-08-30 08:17:04,1967119892956188678,False
1967119896936583199,1967119894969454595,1967119892830359606,1,164486,2025-08-30 08:08:04,1967119892956188685,2025-08-30 08:17:04,1967119892956188678,False
1967119896936583200,1967119894969454596,1967119892838748317,1,1209511,2025-08-30 08:08:04,1967119892956188685,2025-08-30 08:17:04,1967119892956188678,False
1967119896936583201,1967119894973648896,1967119892830359606,1,164486,2025-08-30 01:09:04,1967119892956188679,2025-08-30 01:17:04,1967119892956188681,False
1967119896936583202,1967119894973648897,1967119892834553887,3,64599,2025-08-30 01:09:04,1967119892956188679,2025-08-30 01:17:04,1967119892956188681,False
1967119896936583203,1967119894973648898,1967119892830359591,2,20336,2025-08-30 01:09:04,1967119892956188679,2025-08-30 01:17:04,1967119892956188681,False
1967119896936583204,1967119894973648898,1967119892838748265,1,20336,2025-08-30 01:09:04,1967119892956188679,2025-08-30 01:17:04,1967119892956188681,False
1967119896936583205,1967119894973648899,1967119892834553887,3,174609,2025-08-30 01:09:04,1967119892956188679,2025-08-30 01:17:04,1967119892956188681,False
1967119896936583206,1967119894973648900,1967119892834553891,3,47110,2025-08-30 14:23:04,1967119892956188680,2025-08-30 14:30:04,1967119892956188682,False
1967119896936583207,1967119894973648901,1967119892834553904,1,14279,2025-08-30 14:23:04,1967119892956188680,2025-08-30 14:30:04,1967119892956188682,False
1967119896936583208,1967119894973648902,1967119892838748229,2,50952,2025-08-30 14:23:04,1967119892956188680,2025-08-30 14:30:04,1967119892956188682,False
1967119896936583209,1967119894977843200,1967119892838748276,2,512311,2025-08-30 01:35:04,1967119892956188684,2025-08-30 01:45:04,1967119892956188681,False
1967119896936583210,1967119894982037504,1967119892830359632,1,313913,2025-08-31 06:04:04,1967119892956188682,2025-08-31 06:10:04,1967119892956188683,False
1967119896936583211,1967119894982037505,1967119892834553881,1,15189,2025-08-31 15:01:04,1967119892956188682,2025-08-31 15:02:04,1967119892956188684,False
1967119896936583212,1967119894982037505,1967119892838748184,1,15189,2025-08-31 15:01:04,1967119892956188682,2025-08-31 15:02:04,1967119892956188684,False
1967119896936583213,1967119894982037506,1967119892834553905,3,36069,2025-08-31 15:01:04,1967119892956188682,2025-08-31 15:02:04,1967119892956188684,False
1967119896936583214,1967119894982037507,1967119892838748271,2,179379,2025-08-31 21:56:04,1967119892956188685,2025-08-31 22:04:04,1967119892956188680,False
1967119896936583215,1967119894982037508,1967119892838748303,1,43327,2025-08-31 21:56:04,1967119892956188685,2025-08-31 22:04:04,1967119892956188680,False
1967119896936583216,1967119894986231808,1967119892830359636,1,38407,2025-08-31 10:13:04,1967119892956188681,2025-08-31 10:19:04,1967119892956188681,False
1967119896936583217,1967119894986231809,1967119892830359572,1,52149,2025-08-31 10:13:04,1967119892956188681,2025-08-31 10:19:04,1967119892956188681,False
1967119896936583218,1967119894986231810,1967119892830359582,1,61022,2025-08-31 10:13:04,1967119892956188681,2025-08-31 10:19:04,1967119892956188681,False
1967119896936583219,1967119894986231811,1967119892830359558,3,63701,2025-08-31 14:49:04,1967119892956188684,2025-08-31 14:52:04,1967119892956188683,False
1967119896936583220,1967119894986231812,1967119892830359554,1,31035,2025-08-31 14:49:04,1967119892956188684,2025-08-31 14:52:04,1967119892956188683,False
1967119896936583221,1967119894986231813,1967119892834553905,1,14279,2025-08-31 14:49:04,1967119892956188684,2025-08-31 14:52:04,1967119892956188683,False
1967119896970137600,1967119894986231814,1967119892838748283,1,36003,2025-08-31 14:49:04,1967119892956188684,2025-08-31 14:52:04,1967119892956188683,False
1967119896970137601,1967119894986231815,1967119892838748276,2,512311,2025-08-31 14:49:04,1967119892956188684,2025-08-31 14:52:04,1967119892956188683,False
1967119896970137602,1967119894990426112,1967119892838748185,1,13923,2025-08-31 20:14:04,1967119892956188684,2025-08-31 20:18:04,1967119892956188684,False
1967119896970137603,1967119894990426113,1967119892830359558,1,63701,2025-08-31 20:14:04,1967119892956188684,2025-08-31 20:18:04,1967119892956188684,False
1967119896974331904,1967119894990426114,1967119892838748256,1,83586,2025-08-31 06:53:04,1967119892956188679,2025-08-31 07:07:04,1967119892956188680,False
1967119896974331905,1967119894990426115,1967119892838748201,1,164486,2025-08-31 06:53:04,1967119892956188679,2025-08-31 07:07:04,1967119892956188680,False
1967119896974331906,1967119894990426115,1967119892838748256,1,164486,2025-08-31 06:53:04,1967119892956188679,2025-08-31 07:07:04,1967119892956188680,False
1967119896974331907,1967119894990426116,1967119892838748189,1,13923,2025-08-31 06:53:04,1967119892956188679,2025-08-31 07:07:04,1967119892956188680,False
1967119896974331908,1967119894990426117,1967119892838748169,2,31459,2025-08-31 08:35:04,1967119892956188684,2025-08-31 08:50:04,1967119892956188683,False
1967119896974331909,1967119894990426118,1967119892838748167,3,190755,2025-08-31 08:35:04,1967119892956188684,2025-08-31 08:50:04,1967119892956188683,False
1967119896974331910,1967119894994620416,1967119892830359606,2,164486,2025-08-31 09:15:04,1967119892956188681,2025-08-31 09:22:04,1967119892956188678,False
1967119896974331911,1967119894994620417,1967119892834553903,1,14367,2025-08-31 09:15:04,1967119892956188681,2025-08-31 09:22:04,1967119892956188678,False
1967119896974331912,1967119894994620418,1967119892830359564,3,46936,2025-08-31 09:15:04,1967119892956188681,2025-08-31 09:22:04,1967119892956188678,False
1967119896974331913,1967119894994620419,1967119892834553909,1,15189,2025-08-31 09:15:04,1967119892956188681,2025-08-31 09:22:04,1967119892956188678,False
1967119896974331914,1967119894994620420,1967119892830359636,1,38407,2025-08-31 18:16:04,1967119892956188680,2025-08-31 18:26:04,1967119892956188680,False
1967119896974331915,1967119894994620421,1967119892830359572,1,52149,2025-08-31 18:16:04,1967119892956188680,2025-08-31 18:26:04,1967119892956188680,False
1967119896974331916,1967119894994620421,1967119892838748213,2,52149,2025-08-31 18:16:04,1967119892956188680,2025-08-31 18:26:04,1967119892956188680,False
1967119896974331917,1967119894998814720,1967119892834553926,1,72048,2025-08-31 13:29:04,1967119892956188681,2025-08-31 13:37:04,1967119892956188683,False
1967119896974331918,1967119894998814721,1967119892838748267,1,46936,2025-08-31 06:34:04,1967119892956188680,2025-08-31 06:35:04,1967119892956188684,False
1967119896974331919,1967119894998814722,1967119892838748271,2,179379,2025-08-31 06:34:04,1967119892956188680,2025-08-31 06:35:04,1967119892956188684,False
1967119896974331920,1967119895003009024,1967119892838748194,1,14367,2025-08-31 04:18:04,1967119892956188679,2025-08-31 04:23:04,1967119892956188685,False
1967119896974331921,1967119895003009025,1967119892834553905,1,14367,2025-08-31 09:19:04,1967119892956188681,2025-08-31 09:20:04,1967119892956188685,False
1967119896974331922,1967119895007203328,1967119892834553891,2,200012,2025-08-31 07:19:04,1967119892956188684,2025-08-31 07:24:04,1967119892956188681,False
1967119896974331923,1967119895007203329,1967119892830359564,2,14279,2025-08-31 21:29:04,1967119892956188678,2025-08-31 21:40:04,1967119892956188683,False
1967119896974331924,1967119895007203330,1967119892838748162,2,313913,2025-08-31 21:29:04,1967119892956188678,2025-08-31 21:40:04,1967119892956188683,False
1967119896974331925,1967119895007203331,1967119892838748162,2,190755,2025-08-31 21:29:04,1967119892956188678,2025-08-31 21:40:04,1967119892956188683,False
1967119896974331926,1967119895007203332,1967119892834553903,1,14367,2025-08-31 21:29:04,1967119892956188678,2025-08-31 21:40:04,1967119892956188683,False
1967119896974331927,1967119895007203332,1967119892838748290,1,14367,2025-08-31 21:29:04,1967119892956188678,2025-08-31 21:40:04,1967119892956188683,False
1967119896974331928,1967119895007203333,1967119892830359606,1,200012,2025-08-31 21:29:04,1967119892956188678,2025-08-31 21:40:04,1967119892956188683,False
1967119896974331929,1967119895011397632,1967119892834553881,1,15189,2025-08-31 09:48:04,1967119892956188679,2025-08-31 09:53:04,1967119892956188685,False
1967119896974331930,1967119895011397633,1967119892838748184,3,31320,2025-08-31 09:48:04,1967119892956188679,2025-08-31 09:53:04,1967119892956188685,False
1967119896974331931,1967119895011397634,1967119892838748167,1,174609,2025-08-31 16:52:04,1967119892956188678,2025-08-31 17:02:04,1967119892956188678,False
1967119896974331932,1967119895011397635,1967119892834553889,1,174609,2025-09-01 13:53:04,1967119892956188679,2025-09-01 13:54:04,1967119892956188682,False
1967119896974331933,1967119895011397636,1967119892830359630,3,52401,2025-09-01 13:53:04,1967119892956188679,2025-09-01 13:54:04,1967119892956188682,False
1967119896974331934,1967119895015591936,1967119892830359614,1,79693,2025-09-01 08:00:04,1967119892956188678,2025-09-01 08:01:04,1967119892956188684,False
1967119896974331935,1967119895019786240,1967119892830359566,1,14279,2025-09-01 13:10:04,1967119892956188679,2025-09-01 13:21:04,1967119892956188680,False
1967119896974331936,1967119895019786241,1967119892830359572,1,36003,2025-09-01 13:10:04,1967119892956188679,2025-09-01 13:21:04,1967119892956188680,False
1967119896974331937,1967119895019786242,1967119892830359636,2,38407,2025-09-01 04:10:04,1967119892956188684,2025-09-01 04:15:04,1967119892956188678,False
1967119896974331938,1967119895019786242,1967119892838748217,1,38407,2025-09-01 04:10:04,1967119892956188684,2025-09-01 04:15:04,1967119892956188678,False
1967119896974331939,1967119895019786243,1967119892830359614,3,79693,2025-09-01 14:17:04,1967119892956188685,2025-09-01 14:26:04,1967119892956188678,False
1967119896974331940,1967119895019786244,1967119892838748303,3,164486,2025-09-01 14:17:04,1967119892956188685,2025-09-01 14:26:04,1967119892956188678,False
1967119896974331941,1967119895019786245,1967119892838748184,1,31320,2025-09-01 14:17:04,1967119892956188685,2025-09-01 14:26:04,1967119892956188678,False
1967119896974331942,1967119895023980544,1967119892834553891,1,47110,2025-09-01 04:11:04,1967119892956188682,2025-09-01 04:15:04,1967119892956188680,False
1967119896974331943,1967119895023980545,1967119892838748177,1,164486,2025-09-01 04:11:04,1967119892956188682,2025-09-01 04:15:04,1967119892956188680,False
1967119896974331944,1967119895023980546,1967119892834553894,1,64599,2025-09-01 04:11:04,1967119892956188682,2025-09-01 04:15:04,1967119892956188680,False
1967119896974331945,1967119895023980547,1967119892838748185,3,24224,2025-09-01 14:10:04,1967119892956188685,2025-09-01 14:22:04,1967119892956188678,False
1967119896974331946,1967119895023980548,1967119892830359554,1,31035,2025-09-01 14:10:04,1967119892956188685,2025-09-01 14:22:04,1967119892956188678,False
1967119896974331947,1967119895028174848,1967119892834553891,1,47110,2025-09-02 13:22:04,1967119892956188680,2025-09-02 13:26:04,1967119892956188682,False
1967119896974331948,1967119895028174849,1967119892838748217,2,179379,2025-09-02 20:16:04,1967119892956188682,2025-09-02 20:29:04,1967119892956188683,False
1967119896974331949,1967119895028174850,1967119892838748194,1,14367,2025-09-02 20:16:04,1967119892956188682,2025-09-02 20:29:04,1967119892956188683,False
1967119896974331950,1967119895028174851,1967119892834553889,2,376835,2025-09-02 20:16:04,1967119892956188682,2025-09-02 20:29:04,1967119892956188683,False
1967119896974331951,1967119895028174852,1967119892834553889,2,64599,2025-09-02 20:16:04,1967119892956188682,2025-09-02 20:29:04,1967119892956188683,False
1967119896974331952,1967119895028174852,1967119892838748311,1,64599,2025-09-02 20:16:04,1967119892956188682,2025-09-02 20:29:04,1967119892956188683,False
1967119896974331953,1967119895032369152,1967119892838748261,1,46936,2025-09-02 04:06:04,1967119892956188683,2025-09-02 04:17:04,1967119892956188679,False
1967119896974331954,1967119895032369153,1967119892838748184,3,19254,2025-09-02 23:00:04,1967119892956188681,2025-09-02 23:05:04,1967119892956188680,False
1967119896974331955,1967119895032369154,1967119892838748185,1,13923,2025-09-02 23:00:04,1967119892956188681,2025-09-02 23:05:04,1967119892956188680,False
1967119896974331956,1967119895032369155,1967119892838748185,1,24224,2025-09-02 23:00:04,1967119892956188681,2025-09-02 23:05:04,1967119892956188680,False
1967119896974331957,1967119895032369156,1967119892830359558,1,86881,2025-09-02 23:00:04,1967119892956188681,2025-09-02 23:05:04,1967119892956188680,False
1967119896974331958,1967119895036563456,1967119892838748256,1,83586,2025-09-02 20:40:04,1967119892956188685,2025-09-02 20:50:04,1967119892956188682,False
1967119896974331959,1967119895036563457,1967119892830359631,2,313913,2025-09-02 20:40:04,1967119892956188685,2025-09-02 20:50:04,1967119892956188682,False
1967119896974331960,1967119895036563458,1967119892830359557,3,83586,2025-09-02 13:16:04,1967119892956188684,2025-09-02 13:22:04,1967119892956188685,False
1967119896974331961,1967119895036563459,1967119892834553931,1,179379,2025-09-02 13:16:04,1967119892956188684,2025-09-02 13:22:04,1967119892956188685,False
1967119896974331962,1967119895040757760,1967119892830359564,2,14279,2025-09-02 04:33:04,1967119892956188683,2025-09-02 04:45:04,1967119892956188678,False
1967119896974331963,1967119895040757761,1967119892830359553,1,52149,2025-09-02 04:33:04,1967119892956188683,2025-09-02 04:45:04,1967119892956188678,False
1967119896974331964,1967119895040757761,1967119892838748224,1,52149,2025-09-02 04:33:04,1967119892956188683,2025-09-02 04:45:04,1967119892956188678,False
1967119897003692032,1967119895040757762,1967119892838748180,1,15189,2025-09-02 14:15:04,1967119892956188682,2025-09-02 14:24:04,1967119892956188685,False
1967119897003692033,1967119895040757763,1967119892834553931,1,179379,2025-09-02 14:15:04,1967119892956188682,2025-09-02 14:24:04,1967119892956188685,False
1967119897003692034,1967119895040757763,1967119892838748223,1,179379,2025-09-02 14:15:04,1967119892956188682,2025-09-02 14:24:04,1967119892956188685,False
1967119897007886336,1967119895044952064,1967119892838748219,1,1244169,2025-09-02 21:01:04,1967119892956188679,2025-09-02 21:04:04,1967119892956188683,False
1967119897007886337,1967119895044952065,1967119892838748194,2,46936,2025-09-02 21:01:04,1967119892956188679,2025-09-02 21:04:04,1967119892956188683,False
1967119897007886338,1967119895044952066,1967119892838748183,1,15189,2025-09-02 21:01:04,1967119892956188679,2025-09-02 21:04:04,1967119892956188683,False
1967119897007886339,1967119895044952067,1967119892830359579,2,376835,2025-09-02 12:43:04,1967119892956188681,2025-09-02 12:56:04,1967119892956188684,False
1967119897007886340,1967119895044952068,1967119892838748180,1,31320,2025-09-02 12:43:04,1967119892956188681,2025-09-02 12:56:04,1967119892956188684,False
1967119897007886341,1967119895044952069,1967119892834553931,1,179379,2025-09-02 12:43:04,1967119892956188681,2025-09-02 12:56:04,1967119892956188684,False
1967119897007886342,1967119895044952070,1967119892838748221,1,579715,2025-09-03 08:54:04,1967119892956188685,2025-09-03 09:09:04,1967119892956188681,False
1967119897007886343,1967119895044952071,1967119892830359630,1,20336,2025-09-03 08:54:04,1967119892956188685,2025-09-03 09:09:04,1967119892956188681,False
1967119897007886344,1967119895044952072,1967119892830359581,3,200012,2025-09-03 08:54:04,1967119892956188685,2025-09-03 09:09:04,1967119892956188681,False
1967119897007886345,1967119895044952073,1967119892830359636,1,38407,2025-09-03 08:54:04,1967119892956188685,2025-09-03 09:09:04,1967119892956188681,False
1967119897007886346,1967119895044952073,1967119892838748217,1,38407,2025-09-03 08:54:04,1967119892956188685,2025-09-03 09:09:04,1967119892956188681,False
1967119897007886347,1967119895053340672,1967119892834553898,2,94845,2025-09-03 14:13:04,1967119892956188679,2025-09-03 14:14:04,1967119892956188683,False
1967119897007886348,1967119895053340673,1967119892834553874,1,93868,2025-09-03 14:13:04,1967119892956188679,2025-09-03 14:14:04,1967119892956188683,False
1967119897007886349,1967119895053340674,1967119892830359572,1,52149,2025-09-03 11:01:04,1967119892956188678,2025-09-03 11:13:04,1967119892956188683,False
1967119897007886350,1967119895053340675,1967119892838748187,1,13923,2025-09-03 11:01:04,1967119892956188678,2025-09-03 11:13:04,1967119892956188683,False
1967119897007886351,1967119895053340676,1967119892838748285,1,31459,2025-09-03 08:29:04,1967119892956188684,2025-09-03 08:32:04,1967119892956188682,False
1967119897007886352,1967119895053340677,1967119892830359581,1,200012,2025-09-03 08:29:04,1967119892956188684,2025-09-03 08:32:04,1967119892956188682,False
1967119897007886353,1967119895057534976,1967119892838748275,1,26443,2025-09-03 09:03:04,1967119892956188681,2025-09-03 09:18:04,1967119892956188684,False
1967119897007886354,1967119895057534977,1967119892838748181,2,19254,2025-09-03 09:03:04,1967119892956188681,2025-09-03 09:18:04,1967119892956188684,False
1967119897007886355,1967119895057534978,1967119892838748179,3,164486,2025-09-03 22:19:04,1967119892956188680,2025-09-03 22:31:04,1967119892956188681,False
1967119897007886356,1967119895057534979,1967119892830359592,1,20336,2025-09-03 22:19:04,1967119892956188680,2025-09-03 22:31:04,1967119892956188681,False
1967119897007886357,1967119895057534980,1967119892830359592,1,49375,2025-09-03 22:19:04,1967119892956188680,2025-09-03 22:31:04,1967119892956188681,False
1967119897007886358,1967119895061729280,1967119892830359554,1,52149,2025-09-03 13:36:04,1967119892956188680,2025-09-03 13:47:04,1967119892956188682,False
1967119897007886359,1967119895061729280,1967119892838748283,1,52149,2025-09-03 13:36:04,1967119892956188680,2025-09-03 13:47:04,1967119892956188682,False
1967119897007886360,1967119895061729281,1967119892834553905,1,36069,2025-09-03 13:36:04,1967119892956188680,2025-09-03 13:47:04,1967119892956188682,False
1967119897007886361,1967119895061729282,1967119892830359634,1,1631430,2025-09-03 13:36:04,1967119892956188680,2025-09-03 13:47:04,1967119892956188682,False
1967119897007886362,1967119895061729283,1967119892838748180,2,31320,2025-09-03 19:20:04,1967119892956188679,2025-09-03 19:34:04,1967119892956188679,False
1967119897007886363,1967119895065923584,1967119892830359554,2,52149,2025-09-03 08:03:04,1967119892956188681,2025-09-03 08:14:04,1967119892956188682,False
1967119897007886364,1967119895065923585,1967119892834553905,1,14279,2025-09-03 08:03:04,1967119892956188681,2025-09-03 08:14:04,1967119892956188682,False
1967119897007886365,1967119895065923586,1967119892830359608,2,41747,2025-09-03 01:14:04,1967119892956188680,2025-09-03 01:17:04,1967119892956188681,False
1967119897007886366,1967119895065923587,1967119892830359629,2,20336,2025-09-03 01:14:04,1967119892956188680,2025-09-03 01:17:04,1967119892956188681,False
1967119897007886367,1967119895065923587,1967119892838748262,1,20336,2025-09-03 01:14:04,1967119892956188680,2025-09-03 01:17:04,1967119892956188681,False
1967119897007886368,1967119895065923588,1967119892838748262,2,49375,2025-09-03 01:14:04,1967119892956188680,2025-09-03 01:17:04,1967119892956188681,False
1967119897007886369,1967119895065923589,1967119892838748192,1,61022,2025-09-03 01:14:04,1967119892956188680,2025-09-03 01:17:04,1967119892956188681,False
1967119897007886370,1967119895070117888,1967119892830359572,1,36003,2025-09-03 12:32:04,1967119892956188680,2025-09-03 12:34:04,1967119892956188684,False
1967119897007886371,1967119895070117888,1967119892838748282,1,36003,2025-09-03 12:32:04,1967119892956188680,2025-09-03 12:34:04,1967119892956188684,False
1967119897007886372,1967119895070117889,1967119892838748167,1,200012,2025-09-03 02:26:04,1967119892956188684,2025-09-03 02:29:04,1967119892956188679,False
1967119897007886373,1967119895070117890,1967119892838748194,2,46936,2025-09-04 07:30:04,1967119892956188679,2025-09-04 07:32:04,1967119892956188683,False
1967119897007886374,1967119895070117890,1967119892838748266,1,46936,2025-09-04 07:30:04,1967119892956188679,2025-09-04 07:32:04,1967119892956188683,False
1967119897007886375,1967119895070117891,1967119892838748183,1,15189,2025-09-04 07:30:04,1967119892956188679,2025-09-04 07:32:04,1967119892956188683,False
1967119897007886376,1967119895070117892,1967119892830359572,1,36069,2025-09-04 07:30:04,1967119892956188679,2025-09-04 07:32:04,1967119892956188683,False
1967119897007886377,1967119895070117893,1967119892838748285,5,31459,2025-09-04 07:30:04,1967119892956188679,2025-09-04 07:32:04,1967119892956188683,False
1967119897007886378,1967119895074312192,1967119892834553881,2,15189,2025-09-04 08:15:04,1967119892956188678,2025-09-04 08:30:04,1967119892956188683,False
1967119897007886379,1967119895074312193,1967119892838748276,1,512311,2025-09-04 08:15:04,1967119892956188678,2025-09-04 08:30:04,1967119892956188683,False
1967119897007886380,1967119895074312194,1967119892834553905,2,14279,2025-09-04 07:38:04,1967119892956188683,2025-09-04 07:50:04,1967119892956188685,False
1967119897007886381,1967119895074312195,1967119892838748236,1,41747,2025-09-04 07:38:04,1967119892956188683,2025-09-04 07:50:04,1967119892956188685,False
1967119897007886382,1967119895074312196,1967119892830359554,1,52149,2025-09-04 07:38:04,1967119892956188683,2025-09-04 07:50:04,1967119892956188685,False
1967119897007886383,1967119895078506496,1967119892830359630,1,52401,2025-09-04 03:47:04,1967119892956188680,2025-09-04 03:57:04,1967119892956188682,False
1967119897007886384,1967119895078506497,1967119892838748285,2,31459,2025-09-04 03:47:04,1967119892956188680,2025-09-04 03:57:04,1967119892956188682,False
1967119897007886385,1967119895078506498,1967119892830359636,1,38407,2025-09-04 03:47:04,1967119892956188680,2025-09-04 03:57:04,1967119892956188682,False
1967119897007886386,1967119895078506498,1967119892838748217,2,38407,2025-09-04 03:47:04,1967119892956188680,2025-09-04 03:57:04,1967119892956188682,False
1967119897007886387,1967119895078506499,1967119892834553922,1,47110,2025-09-04 02:23:04,1967119892956188682,2025-09-04 02:27:04,1967119892956188681,False
1967119897007886388,1967119895078506500,1967119892838748217,1,179379,2025-09-04 02:23:04,1967119892956188682,2025-09-04 02:27:04,1967119892956188681,False
1967119897007886389,1967119895082700800,1967119892838748183,3,19254,2025-09-04 17:48:04,1967119892956188684,2025-09-04 17:52:04,1967119892956188685,False
1967119897007886390,1967119895082700801,1967119892830359566,1,14279,2025-09-04 17:48:04,1967119892956188684,2025-09-04 17:52:04,1967119892956188685,False
1967119897007886391,1967119895086895104,1967119892834553891,2,200012,2025-09-04 21:11:04,1967119892956188683,2025-09-04 21:21:04,1967119892956188685,False
1967119897007886392,1967119895086895105,1967119892830359572,1,52149,2025-09-04 13:23:04,1967119892956188679,2025-09-04 13:26:04,1967119892956188678,False
1967119897007886393,1967119895086895106,1967119892838748183,1,15189,2025-09-04 13:23:04,1967119892956188679,2025-09-04 13:26:04,1967119892956188678,False
1967119897007886394,1967119895086895107,1967119892830359572,1,41747,2025-09-04 12:37:04,1967119892956188680,2025-09-04 12:42:04,1967119892956188684,False
1967119897007886395,1967119895086895108,1967119892830359630,1,52401,2025-09-04 12:37:04,1967119892956188680,2025-09-04 12:42:04,1967119892956188684,False
1967119897007886396,1967119895091089408,1967119892830359581,3,200012,2025-09-04 21:48:04,1967119892956188680,2025-09-04 21:55:04,1967119892956188683,False
1967119897007886397,1967119895091089409,1967119892830359630,1,52401,2025-09-04 21:48:04,1967119892956188680,2025-09-04 21:55:04,1967119892956188683,False
1967119897007886398,1967119895091089410,1967119892838748165,1,313913,2025-09-04 15:47:04,1967119892956188682,2025-09-04 15:59:04,1967119892956188678,False
1967119897007886399,1967119895091089411,1967119892838748281,1,421451,2025-09-04 15:47:04,1967119892956188682,2025-09-04 15:59:04,1967119892956188678,False
1967119897007886400,1967119895091089412,1967119892834553930,1,179379,2025-09-04 15:47:04,1967119892956188682,2025-09-04 15:59:04,1967119892956188678,False
1967119897007886401,1967119895091089412,1967119892838748269,1,179379,2025-09-04 15:47:04,1967119892956188682,2025-09-04 15:59:04,1967119892956188678,False
1967119897007886402,1967119895095283712,1967119892838748221,2,579715,2025-09-04 15:44:04,1967119892956188685,2025-09-04 15:50:04,1967119892956188680,False
1967119897007886403,1967119895095283713,1967119892830359630,2,20336,2025-09-04 15:44:04,1967119892956188685,2025-09-04 15:50:04,1967119892956188680,False
1967119897007886404,1967119895095283714,1967119892834553922,2,47110,2025-09-04 15:44:04,1967119892956188685,2025-09-04 15:50:04,1967119892956188680,False
1967119897037246464,1967119895095283715,1967119892830359572,1,36069,2025-09-04 20:12:04,1967119892956188684,2025-09-04 20:22:04,1967119892956188682,False
1967119897037246465,1967119895095283715,1967119892830359566,1,36069,2025-09-04 20:12:04,1967119892956188684,2025-09-04 20:22:04,1967119892956188682,False
1967119897037246466,1967119895095283716,1967119892830359572,1,52149,2025-09-04 20:12:04,1967119892956188684,2025-09-04 20:22:04,1967119892956188682,False
1967119897041440768,1967119895095283717,1967119892834553889,1,376835,2025-09-04 20:12:04,1967119892956188684,2025-09-04 20:22:04,1967119892956188682,False
1967119897041440769,1967119895095283718,1967119892838748271,1,179379,2025-09-04 22:04:04,1967119892956188683,2025-09-04 22:05:04,1967119892956188679,False
1967119897041440770,1967119895095283719,1967119892838748303,2,174609,2025-09-04 22:04:04,1967119892956188683,2025-09-04 22:05:04,1967119892956188679,False
1967119897041440771,1967119895099478016,1967119892830359572,2,36069,2025-09-04 00:14:04,1967119892956188679,2025-09-04 00:23:04,1967119892956188682,False
1967119897041440772,1967119895099478017,1967119892834553889,1,64599,2025-09-04 00:14:04,1967119892956188679,2025-09-04 00:23:04,1967119892956188682,False
1967119897041440773,1967119895099478018,1967119892830359572,1,52149,2025-09-04 00:14:04,1967119892956188679,2025-09-04 00:23:04,1967119892956188682,False
1967119897041440774,1967119895099478019,1967119892830359582,1,61022,2025-09-04 00:14:04,1967119892956188679,2025-09-04 00:23:04,1967119892956188682,False
1967119897041440775,1967119895099478020,1967119892830359598,1,14367,2025-09-04 04:27:04,1967119892956188683,2025-09-04 04:41:04,1967119892956188684,False
1967119897041440776,1967119895099478021,1967119892838748168,1,174609,2025-09-04 04:27:04,1967119892956188683,2025-09-04 04:41:04,1967119892956188684,False
1967119897041440777,1967119895099478022,1967119892838748180,1,19254,2025-09-04 04:27:04,1967119892956188683,2025-09-04 04:41:04,1967119892956188684,False
1967119897041440778,1967119895099478023,1967119892830359579,1,376835,2025-09-04 04:27:04,1967119892956188683,2025-09-04 04:41:04,1967119892956188684,False
1967119897041440779,1967119895103672320,1967119892830359557,1,83586,2025-09-05 23:28:04,1967119892956188685,2025-09-05 23:31:04,1967119892956188685,False
1967119897041440780,1967119895103672321,1967119892834553894,1,64599,2025-09-05 23:28:04,1967119892956188685,2025-09-05 23:31:04,1967119892956188685,False
1967119897041440781,1967119895103672322,1967119892830359552,2,31035,2025-09-05 06:30:04,1967119892956188680,2025-09-05 06:40:04,1967119892956188684,False
1967119897041440782,1967119895107866624,1967119892830359566,1,14279,2025-09-05 20:33:04,1967119892956188684,2025-09-05 20:46:04,1967119892956188679,False
1967119897041440783,1967119895107866625,1967119892838748217,1,179379,2025-09-05 20:33:04,1967119892956188684,2025-09-05 20:46:04,1967119892956188679,False
1967119897041440784,1967119895107866626,1967119892834553925,1,1072384,2025-09-05 20:33:04,1967119892956188684,2025-09-05 20:46:04,1967119892956188679,False
1967119897041440785,1967119895107866627,1967119892830359572,2,36069,2025-09-05 20:33:04,1967119892956188684,2025-09-05 20:46:04,1967119892956188679,False
1967119897041440786,1967119895107866628,1967119892834553889,2,64599,2025-09-05 00:06:04,1967119892956188681,2025-09-05 00:13:04,1967119892956188684,False
1967119897041440787,1967119895107866628,1967119892838748311,1,64599,2025-09-05 00:06:04,1967119892956188681,2025-09-05 00:13:04,1967119892956188684,False
1967119897041440788,1967119895107866629,1967119892830359572,1,36069,2025-09-05 00:06:04,1967119892956188681,2025-09-05 00:13:04,1967119892956188684,False
1967119897041440789,1967119895107866630,1967119892838748183,1,15189,2025-09-05 00:06:04,1967119892956188681,2025-09-05 00:13:04,1967119892956188684,False
1967119897041440790,1967119895112060928,1967119892838748237,3,41747,2025-09-05 04:16:04,1967119892956188685,2025-09-05 04:25:04,1967119892956188685,False
1967119897041440791,1967119895112060929,1967119892838748169,2,24111,2025-09-05 04:16:04,1967119892956188685,2025-09-05 04:25:04,1967119892956188685,False
1967119897041440792,1967119895112060930,1967119892830359631,3,47110,2025-09-05 04:16:04,1967119892956188685,2025-09-05 04:25:04,1967119892956188685,False
1967119897041440793,1967119895112060931,1967119892838748237,1,14279,2025-09-05 04:16:04,1967119892956188685,2025-09-05 04:25:04,1967119892956188685,False
1967119897041440794,1967119895112060932,1967119892834553887,2,64599,2025-09-05 20:53:04,1967119892956188683,2025-09-05 20:55:04,1967119892956188679,False
1967119897041440795,1967119895112060933,1967119892838748160,1,25561,2025-09-05 20:53:04,1967119892956188683,2025-09-05 20:55:04,1967119892956188679,False
1967119897041440796,1967119895112060934,1967119892834553889,1,174609,2025-09-05 19:05:04,1967119892956188680,2025-09-05 19:14:04,1967119892956188684,False
1967119897041440797,1967119895116255232,1967119892838748181,2,15189,2025-09-05 21:24:04,1967119892956188684,2025-09-05 21:26:04,1967119892956188678,False
1967119897041440798,1967119895116255233,1967119892830359555,1,31320,2025-09-05 21:24:04,1967119892956188684,2025-09-05 21:26:04,1967119892956188678,False
1967119897041440799,1967119895116255234,1967119892834553879,2,43327,2025-09-05 21:24:04,1967119892956188684,2025-09-05 21:26:04,1967119892956188678,False
1967119897041440800,1967119895120449536,1967119892838748247,2,14367,2025-09-05 21:34:04,1967119892956188683,2025-09-05 21:39:04,1967119892956188680,False
1967119897041440801,1967119895120449537,1967119892830359555,1,24224,2025-09-05 21:34:04,1967119892956188683,2025-09-05 21:39:04,1967119892956188680,False
1967119897041440802,1967119895120449538,1967119892838748247,2,31035,2025-09-05 21:34:04,1967119892956188683,2025-09-05 21:39:04,1967119892956188680,False
1967119897041440803,1967119895120449538,1967119892838748261,1,31035,2025-09-05 21:34:04,1967119892956188683,2025-09-05 21:39:04,1967119892956188680,False
1967119897041440804,1967119895120449539,1967119892838748302,1,174609,2025-09-05 21:34:04,1967119892956188683,2025-09-05 21:39:04,1967119892956188680,False
1967119897041440805,1967119895120449540,1967119892838748248,1,72048,2025-09-05 21:34:04,1967119892956188683,2025-09-05 21:39:04,1967119892956188680,False
1967119897041440806,1967119895124643840,1967119892830359606,1,164486,2025-09-05 20:18:04,1967119892956188685,2025-09-05 20:29:04,1967119892956188679,False
1967119897041440807,1967119895124643841,1967119892838748235,1,26443,2025-09-05 20:18:04,1967119892956188685,2025-09-05 20:29:04,1967119892956188679,False
1967119897041440808,1967119895124643841,1967119892838748273,1,26443,2025-09-05 20:18:04,1967119892956188685,2025-09-05 20:29:04,1967119892956188679,False
1967119897041440809,1967119895124643842,1967119892834553887,2,174609,2025-09-05 20:18:04,1967119892956188685,2025-09-05 20:29:04,1967119892956188679,False
1967119897041440810,1967119895124643843,1967119892838748200,1,1631430,2025-09-05 10:01:04,1967119892956188680,2025-09-05 10:12:04,1967119892956188685,False
1967119897041440811,1967119895124643844,1967119892830359606,3,376835,2025-09-05 10:01:04,1967119892956188680,2025-09-05 10:12:04,1967119892956188685,False
1967119897041440812,1967119895124643845,1967119892838748235,1,26443,2025-09-05 10:01:04,1967119892956188680,2025-09-05 10:12:04,1967119892956188685,False
1967119897041440813,1967119895124643846,1967119892834553887,2,421451,2025-09-05 01:13:04,1967119892956188684,2025-09-05 01:20:04,1967119892956188682,False
1967119897041440814,1967119895124643847,1967119892838748294,1,94845,2025-09-05 01:13:04,1967119892956188684,2025-09-05 01:20:04,1967119892956188682,False
1967119897041440815,1967119895124643848,1967119892834553909,4,15189,2025-09-05 01:13:04,1967119892956188684,2025-09-05 01:20:04,1967119892956188682,False
1967119897041440816,1967119895128838144,1967119892838748304,2,43327,2025-09-05 14:50:04,1967119892956188683,2025-09-05 14:55:04,1967119892956188678,False
1967119897041440817,1967119895128838145,1967119892838748164,1,313913,2025-09-05 14:50:04,1967119892956188683,2025-09-05 14:55:04,1967119892956188678,False
1967119897041440818,1967119895128838146,1967119892834553911,1,31320,2025-09-05 14:50:04,1967119892956188683,2025-09-05 14:55:04,1967119892956188678,False
1967119897041440819,1967119895128838146,1967119892838748161,1,31320,2025-09-05 14:50:04,1967119892956188683,2025-09-05 14:55:04,1967119892956188678,False
1967119897041440820,1967119895128838146,1967119892838748280,1,31320,2025-09-05 14:50:04,1967119892956188683,2025-09-05 14:55:04,1967119892956188678,False
1967119897041440821,1967119895128838147,1967119892830359629,2,20336,2025-09-05 14:50:04,1967119892956188683,2025-09-05 14:55:04,1967119892956188678,False
1967119897041440822,1967119895128838148,1967119892838748217,1,179379,2025-09-05 05:24:04,1967119892956188682,2025-09-05 05:35:04,1967119892956188685,False
1967119897041440823,1967119895128838149,1967119892838748183,1,15189,2025-09-05 05:24:04,1967119892956188682,2025-09-05 05:35:04,1967119892956188685,False
1967119897041440824,1967119895128838150,1967119892830359572,1,52149,2025-09-05 05:24:04,1967119892956188682,2025-09-05 05:35:04,1967119892956188685,False
1967119897041440825,1967119895128838150,1967119892838748213,1,52149,2025-09-05 05:24:04,1967119892956188682,2025-09-05 05:35:04,1967119892956188685,False
1967119897041440826,1967119895128838150,1967119892838748282,1,52149,2025-09-05 05:24:04,1967119892956188682,2025-09-05 05:35:04,1967119892956188685,False
1967119897041440827,1967119895128838151,1967119892830359572,2,36003,2025-09-05 05:24:04,1967119892956188682,2025-09-05 05:35:04,1967119892956188685,False
1967119897041440828,1967119895128838152,1967119892830359636,2,38407,2025-09-05 05:24:04,1967119892956188682,2025-09-05 05:35:04,1967119892956188685,False
1967119897041440829,1967119895128838152,1967119892838748217,2,38407,2025-09-05 05:24:04,1967119892956188682,2025-09-05 05:35:04,1967119892956188685,False
1967119897041440830,1967119895128838153,1967119892838748273,1,50952,2025-09-05 03:40:04,1967119892956188681,2025-09-05 03:44:04,1967119892956188681,False
1967119897041440831,1967119895128838154,1967119892830359606,1,200012,2025-09-05 03:40:04,1967119892956188681,2025-09-05 03:44:04,1967119892956188681,False
1967119897041440832,1967119895128838155,1967119892834553887,1,421451,2025-09-05 03:40:04,1967119892956188681,2025-09-05 03:44:04,1967119892956188681,False
1967119897041440833,1967119895133032448,1967119892830359630,1,20336,2025-09-05 10:36:04,1967119892956188683,2025-09-05 10:45:04,1967119892956188685,False
1967119897041440834,1967119895133032449,1967119892830359572,1,36069,2025-09-05 10:36:04,1967119892956188683,2025-09-05 10:45:04,1967119892956188685,False
1967119897041440835,1967119895133032449,1967119892830359566,1,36069,2025-09-05 10:36:04,1967119892956188683,2025-09-05 10:45:04,1967119892956188685,False
1967119897041440836,1967119895133032450,1967119892838748221,1,579715,2025-09-05 20:56:04,1967119892956188681,2025-09-05 20:58:04,1967119892956188681,False
1967119897041440837,1967119895133032451,1967119892834553889,3,64599,2025-09-05 20:56:04,1967119892956188681,2025-09-05 20:58:04,1967119892956188681,False
1967119897074995200,1967119895137226752,1967119892834553889,3,421451,2025-09-05 20:31:04,1967119892956188685,2025-09-05 20:41:04,1967119892956188682,False
1967119897074995201,1967119895137226753,1967119892838748187,1,13923,2025-09-05 20:31:04,1967119892956188685,2025-09-05 20:41:04,1967119892956188682,False
1967119897074995202,1967119895137226754,1967119892830359557,3,83586,2025-09-05 15:02:04,1967119892956188682,2025-09-05 15:11:04,1967119892956188678,False
1967119897074995203,1967119895137226755,1967119892838748168,1,174609,2025-09-05 15:02:04,1967119892956188682,2025-09-05 15:11:04,1967119892956188678,False
1967119897074995204,1967119895141421056,1967119892830359572,1,52149,2025-09-05 08:30:04,1967119892956188679,2025-09-05 08:42:04,1967119892956188678,False
1967119897074995205,1967119895141421056,1967119892838748213,2,52149,2025-09-05 08:30:04,1967119892956188679,2025-09-05 08:42:04,1967119892956188678,False
1967119897074995206,1967119895141421057,1967119892838748183,1,19254,2025-09-05 08:11:04,1967119892956188684,2025-09-05 08:13:04,1967119892956188683,False
1967119897074995207,1967119895141421057,1967119892834553916,1,19254,2025-09-05 08:11:04,1967119892956188684,2025-09-05 08:13:04,1967119892956188683,False
1967119897074995208,1967119895141421058,1967119892838748194,1,46936,2025-09-05 08:11:04,1967119892956188684,2025-09-05 08:13:04,1967119892956188683,False
1967119897074995209,1967119895141421059,1967119892838748226,1,26443,2025-09-05 19:07:04,1967119892956188682,2025-09-05 19:13:04,1967119892956188682,False
1967119897074995210,1967119895141421060,1967119892834553931,1,179379,2025-09-05 19:07:04,1967119892956188682,2025-09-05 19:13:04,1967119892956188682,False
1967119897074995211,1967119895145615360,1967119892838748252,1,51934,2025-09-05 15:27:04,1967119892956188680,2025-09-05 15:38:04,1967119892956188682,False
1967119897074995212,1967119895145615361,1967119892838748295,1,13923,2025-09-05 15:27:04,1967119892956188680,2025-09-05 15:38:04,1967119892956188682,False
1967119897074995213,1967119895145615362,1967119892830359572,1,52149,2025-09-05 14:34:04,1967119892956188679,2025-09-05 14:36:04,1967119892956188682,False
1967119897074995214,1967119895149809664,1967119892838748183,1,31320,2025-09-05 12:43:04,1967119892956188680,2025-09-05 12:46:04,1967119892956188685,False
1967119897074995215,1967119895149809665,1967119892834553889,1,421451,2025-09-05 12:43:04,1967119892956188680,2025-09-05 12:46:04,1967119892956188685,False
1967119897074995216,1967119895149809665,1967119892834553900,2,421451,2025-09-05 12:43:04,1967119892956188680,2025-09-05 12:46:04,1967119892956188685,False
1967119897074995217,1967119895149809666,1967119892834553889,2,64599,2025-09-05 12:43:04,1967119892956188680,2025-09-05 12:46:04,1967119892956188685,False
1967119897074995218,1967119895149809667,1967119892830359572,1,41747,2025-09-05 20:31:04,1967119892956188678,2025-09-05 20:44:04,1967119892956188685,False
1967119897074995219,1967119895149809668,1967119892834553889,1,64599,2025-09-05 20:31:04,1967119892956188678,2025-09-05 20:44:04,1967119892956188685,False
1967119897074995220,1967119895149809668,1967119892838748311,1,64599,2025-09-05 20:31:04,1967119892956188678,2025-09-05 20:44:04,1967119892956188685,False
1967119897074995221,1967119895149809669,1967119892830359636,1,512311,2025-09-05 20:31:04,1967119892956188678,2025-09-05 20:44:04,1967119892956188685,False
1967119897074995222,1967119895154003968,1967119892838748275,1,63701,2025-09-05 07:03:04,1967119892956188679,2025-09-05 07:05:04,1967119892956188683,False
1967119897074995223,1967119895154003968,1967119892838748231,1,63701,2025-09-05 07:03:04,1967119892956188679,2025-09-05 07:05:04,1967119892956188683,False
1967119897074995224,1967119895154003969,1967119892838748165,2,190755,2025-09-05 07:03:04,1967119892956188679,2025-09-05 07:05:04,1967119892956188683,False
1967119897074995225,1967119895158198272,1967119892838748273,1,50952,2025-09-05 20:37:04,1967119892956188679,2025-09-05 20:50:04,1967119892956188678,False
1967119897074995226,1967119895158198273,1967119892830359591,1,49375,2025-09-05 20:37:04,1967119892956188679,2025-09-05 20:50:04,1967119892956188678,False
1967119897074995227,1967119895158198273,1967119892838748224,1,49375,2025-09-05 20:37:04,1967119892956188679,2025-09-05 20:50:04,1967119892956188678,False
1967119897074995228,1967119895158198274,1967119892834553905,1,36069,2025-09-06 08:48:04,1967119892956188682,2025-09-06 08:51:04,1967119892956188685,False
1967119897074995229,1967119895158198275,1967119892838748186,1,24224,2025-09-06 05:43:04,1967119892956188685,2025-09-06 05:46:04,1967119892956188679,False
1967119897074995230,1967119895158198275,1967119892838748296,1,24224,2025-09-06 05:43:04,1967119892956188685,2025-09-06 05:46:04,1967119892956188679,False
1967119897074995231,1967119895158198276,1967119892838748288,1,31459,2025-09-06 05:43:04,1967119892956188685,2025-09-06 05:46:04,1967119892956188679,False
1967119897074995232,1967119895162392576,1967119892838748224,1,36003,2025-09-06 23:24:04,1967119892956188679,2025-09-06 23:25:04,1967119892956188678,False
1967119897074995233,1967119895162392577,1967119892830359591,1,20336,2025-09-06 23:24:04,1967119892956188679,2025-09-06 23:25:04,1967119892956188678,False
1967119897074995234,1967119895162392578,1967119892830359579,2,376835,2025-09-06 20:50:04,1967119892956188682,2025-09-06 21:05:04,1967119892956188682,False
1967119897074995235,1967119895162392578,1967119892834553919,1,376835,2025-09-06 20:50:04,1967119892956188682,2025-09-06 21:05:04,1967119892956188682,False
1967119897074995236,1967119895162392579,1967119892838748257,2,67077,2025-09-06 20:50:04,1967119892956188682,2025-09-06 21:05:04,1967119892956188682,False
1967119897074995237,1967119895162392580,1967119892838748285,1,31459,2025-09-06 13:58:04,1967119892956188680,2025-09-06 14:05:04,1967119892956188683,False
1967119897074995238,1967119895166586880,1967119892834553926,1,72048,2025-09-06 08:03:04,1967119892956188681,2025-09-06 08:16:04,1967119892956188679,False
1967119897074995239,1967119895166586881,1967119892830359553,2,52149,2025-09-06 12:31:04,1967119892956188682,2025-09-06 12:38:04,1967119892956188680,False
1967119897074995240,1967119895166586882,1967119892830359553,1,31035,2025-09-06 12:31:04,1967119892956188682,2025-09-06 12:38:04,1967119892956188680,False
1967119897074995241,1967119895166586882,1967119892830359564,1,31035,2025-09-06 12:31:04,1967119892956188682,2025-09-06 12:38:04,1967119892956188680,False
1967119897074995242,1967119895170781184,1967119892830359591,4,36069,2025-09-06 14:20:04,1967119892956188680,2025-09-06 14:21:04,1967119892956188685,False
1967119897074995243,1967119895170781184,1967119892834553903,1,36069,2025-09-06 14:20:04,1967119892956188680,2025-09-06 14:21:04,1967119892956188685,False
1967119897074995244,1967119895170781185,1967119892830359553,1,31035,2025-09-06 14:20:04,1967119892956188680,2025-09-06 14:21:04,1967119892956188685,False
1967119897074995245,1967119895170781186,1967119892838748162,2,313913,2025-09-06 14:20:04,1967119892956188680,2025-09-06 14:21:04,1967119892956188685,False
1967119897074995246,1967119895170781187,1967119892834553903,1,14367,2025-09-06 14:20:04,1967119892956188680,2025-09-06 14:21:04,1967119892956188685,False
1967119897074995247,1967119895170781187,1967119892838748290,1,14367,2025-09-06 14:20:04,1967119892956188680,2025-09-06 14:21:04,1967119892956188685,False
1967119897074995248,1967119895170781188,1967119892830359636,1,74235,2025-09-06 05:47:04,1967119892956188679,2025-09-06 05:52:04,1967119892956188682,False
1967119897074995249,1967119895174975488,1967119892838748264,1,20336,2025-09-06 13:42:04,1967119892956188683,2025-09-06 13:57:04,1967119892956188681,False
1967119897074995250,1967119895174975489,1967119892838748267,2,46936,2025-09-06 13:42:04,1967119892956188683,2025-09-06 13:57:04,1967119892956188681,False
1967119897074995251,1967119895174975490,1967119892830359582,1,61022,2025-09-06 09:13:04,1967119892956188682,2025-09-06 09:18:04,1967119892956188684,False
1967119897074995252,1967119895174975491,1967119892830359572,4,41747,2025-09-06 09:13:04,1967119892956188682,2025-09-06 09:18:04,1967119892956188684,False
1967119897074995253,1967119895174975491,1967119892838748266,1,41747,2025-09-06 09:13:04,1967119892956188682,2025-09-06 09:18:04,1967119892956188684,False
1967119897074995254,1967119895179169792,1967119892834553927,1,72048,2025-09-06 13:17:04,1967119892956188681,2025-09-06 13:18:04,1967119892956188679,False
1967119897074995255,1967119895179169793,1967119892838748281,1,421451,2025-09-06 07:53:04,1967119892956188682,2025-09-06 07:54:04,1967119892956188682,False
1967119897074995256,1967119895179169794,1967119892838748261,1,36069,2025-09-06 07:53:04,1967119892956188682,2025-09-06 07:54:04,1967119892956188682,False
1967119897074995257,1967119895179169795,1967119892830359623,2,61022,2025-09-06 02:10:04,1967119892956188682,2025-09-06 02:11:04,1967119892956188680,False
1967119897074995258,1967119895179169796,1967119892838748185,1,24224,2025-09-06 02:10:04,1967119892956188682,2025-09-06 02:11:04,1967119892956188680,False
1967119897074995259,1967119895183364096,1967119892838748255,1,83586,2025-09-06 20:31:04,1967119892956188678,2025-09-06 20:44:04,1967119892956188683,False
1967119897074995260,1967119895183364097,1967119892834553874,2,93868,2025-09-06 20:31:04,1967119892956188678,2025-09-06 20:44:04,1967119892956188683,False
1967119897074995261,1967119895187558400,1967119892834553889,1,421451,2025-09-06 20:56:04,1967119892956188681,2025-09-06 20:57:04,1967119892956188681,False
1967119897074995262,1967119895187558400,1967119892834553900,1,421451,2025-09-06 20:56:04,1967119892956188681,2025-09-06 20:57:04,1967119892956188681,False
1967119897074995263,1967119895187558401,1967119892834553922,2,47110,2025-09-06 02:01:04,1967119892956188684,2025-09-06 02:08:04,1967119892956188682,False
1967119897074995264,1967119895187558402,1967119892830359566,3,14279,2025-09-06 02:01:04,1967119892956188684,2025-09-06 02:08:04,1967119892956188682,False
1967119897074995265,1967119895187558403,1967119892830359630,1,20336,2025-09-06 02:01:04,1967119892956188684,2025-09-06 02:08:04,1967119892956188682,False
1967119897074995266,1967119895187558404,1967119892838748194,1,14367,2025-09-06 02:01:04,1967119892956188684,2025-09-06 02:08:04,1967119892956188682,False
1967119897074995267,1967119895187558405,1967119892834553889,1,174609,2025-09-06 02:01:04,1967119892956188684,2025-09-06 02:08:04,1967119892956188682,False
1967119897074995268,1967119895191752704,1967119892830359598,1,14367,2025-09-06 13:10:04,1967119892956188680,2025-09-06 13:24:04,1967119892956188680,False
1967119897074995269,1967119895191752704,1967119892834553904,1,14367,2025-09-06 13:10:04,1967119892956188680,2025-09-06 13:24:04,1967119892956188680,False
1967119897074995270,1967119895191752705,1967119892834553924,1,1784410,2025-09-06 13:10:04,1967119892956188680,2025-09-06 13:24:04,1967119892956188680,False
1967119897074995271,1967119895191752706,1967119892830359570,1,52149,2025-09-06 13:48:04,1967119892956188679,2025-09-06 13:53:04,1967119892956188679,False
1967119897074995272,1967119895191752706,1967119892830359552,2,52149,2025-09-06 13:48:04,1967119892956188679,2025-09-06 13:53:04,1967119892956188679,False
1967119897074995273,1967119895191752707,1967119892830359607,1,14367,2025-09-06 13:48:04,1967119892956188679,2025-09-06 13:53:04,1967119892956188679,False
1967119897074995274,1967119895191752708,1967119892834553886,1,15189,2025-09-06 13:48:04,1967119892956188679,2025-09-06 13:53:04,1967119892956188679,False
1967119897074995275,1967119895191752708,1967119892834553882,1,15189,2025-09-06 13:48:04,1967119892956188679,2025-09-06 13:53:04,1967119892956188679,False
1967119897074995276,1967119895195947008,1967119892838748235,4,26443,2025-09-06 21:10:04,1967119892956188680,2025-09-06 21:13:04,1967119892956188681,False
1967119897074995277,1967119895195947008,1967119892838748273,1,26443,2025-09-06 21:10:04,1967119892956188680,2025-09-06 21:13:04,1967119892956188681,False
1967119897074995278,1967119895195947009,1967119892830359572,1,36069,2025-09-06 08:21:04,1967119892956188683,2025-09-06 08:26:04,1967119892956188683,False
1967119897074995279,1967119895195947009,1967119892830359566,1,36069,2025-09-06 08:21:04,1967119892956188683,2025-09-06 08:26:04,1967119892956188683,False
1967119897074995280,1967119895195947010,1967119892830359566,2,14279,2025-09-06 05:39:04,1967119892956188684,2025-09-06 05:43:04,1967119892956188684,False
1967119897074995281,1967119895200141312,1967119892838748183,1,19254,2025-09-07 13:52:04,1967119892956188681,2025-09-07 13:55:04,1967119892956188681,False
1967119897074995282,1967119895200141312,1967119892834553916,2,19254,2025-09-07 13:52:04,1967119892956188681,2025-09-07 13:55:04,1967119892956188681,False
1967119897108549632,1967119895200141313,1967119892834553922,1,47110,2025-09-07 13:52:04,1967119892956188681,2025-09-07 13:55:04,1967119892956188681,False
1967119897108549633,1967119895200141314,1967119892830359572,1,41747,2025-09-07 08:35:04,1967119892956188685,2025-09-07 08:44:04,1967119892956188683,False
1967119897108549634,1967119895200141314,1967119892838748266,1,41747,2025-09-07 08:35:04,1967119892956188685,2025-09-07 08:44:04,1967119892956188683,False
1967119897108549635,1967119895200141315,1967119892838748285,1,31459,2025-09-07 08:35:04,1967119892956188685,2025-09-07 08:44:04,1967119892956188683,False
1967119897108549636,1967119895200141316,1967119892834553922,1,47110,2025-09-07 08:35:04,1967119892956188685,2025-09-07 08:44:04,1967119892956188683,False
1967119897108549637,1967119895200141317,1967119892830359636,2,512311,2025-09-07 08:35:04,1967119892956188685,2025-09-07 08:44:04,1967119892956188683,False
1967119897108549638,1967119895204335616,1967119892834553894,1,64599,2025-09-07 05:53:04,1967119892956188678,2025-09-07 06:07:04,1967119892956188685,False
1967119897108549639,1967119895204335616,1967119892838748312,1,64599,2025-09-07 05:53:04,1967119892956188678,2025-09-07 06:07:04,1967119892956188685,False
1967119897108549640,1967119895204335617,1967119892838748180,1,31320,2025-09-07 05:53:04,1967119892956188678,2025-09-07 06:07:04,1967119892956188685,False
1967119897108549641,1967119895204335618,1967119892838748180,1,19254,2025-09-07 05:53:04,1967119892956188678,2025-09-07 06:07:04,1967119892956188685,False
1967119897108549642,1967119895204335619,1967119892838748168,1,174609,2025-09-07 05:53:04,1967119892956188678,2025-09-07 06:07:04,1967119892956188685,False
1967119897108549643,1967119895204335620,1967119892834553904,1,36069,2025-09-07 00:16:04,1967119892956188682,2025-09-07 00:27:04,1967119892956188679,False
1967119897108549644,1967119895204335621,1967119892830359557,1,83586,2025-09-07 00:16:04,1967119892956188682,2025-09-07 00:27:04,1967119892956188679,False
1967119897108549645,1967119895204335621,1967119892834553891,2,83586,2025-09-07 00:16:04,1967119892956188682,2025-09-07 00:27:04,1967119892956188679,False
1967119897108549646,1967119895204335622,1967119892838748180,1,19254,2025-09-07 00:16:04,1967119892956188682,2025-09-07 00:27:04,1967119892956188679,False
1967119897108549647,1967119895204335623,1967119892830359597,1,1339857,2025-09-07 00:16:04,1967119892956188682,2025-09-07 00:27:04,1967119892956188679,False
1967119897108549648,1967119895204335624,1967119892838748261,1,46936,2025-09-07 05:49:04,1967119892956188685,2025-09-07 06:01:04,1967119892956188679,False
1967119897108549649,1967119895208529920,1967119892838748247,2,14367,2025-09-07 05:49:04,1967119892956188685,2025-09-07 06:01:04,1967119892956188679,False
1967119897108549650,1967119895208529921,1967119892838748247,3,31035,2025-09-07 05:49:04,1967119892956188685,2025-09-07 06:01:04,1967119892956188679,False
1967119897108549651,1967119895208529922,1967119892834553905,1,36069,2025-09-07 12:03:04,1967119892956188678,2025-09-07 12:06:04,1967119892956188680,False
1967119897108549652,1967119895208529923,1967119892834553905,1,14279,2025-09-07 12:03:04,1967119892956188678,2025-09-07 12:06:04,1967119892956188680,False
1967119897108549653,1967119895208529923,1967119892838748236,1,14279,2025-09-07 12:03:04,1967119892956188678,2025-09-07 12:06:04,1967119892956188680,False
1967119897108549654,1967119895212724224,1967119892838748160,2,19254,2025-09-07 04:24:04,1967119892956188684,2025-09-07 04:27:04,1967119892956188678,False
1967119897108549655,1967119895212724225,1967119892830359564,3,14279,2025-09-07 04:24:04,1967119892956188684,2025-09-07 04:27:04,1967119892956188678,False
1967119897108549656,1967119895212724225,1967119892834553903,2,14279,2025-09-07 04:24:04,1967119892956188684,2025-09-07 04:27:04,1967119892956188678,False
1967119897108549657,1967119895212724226,1967119892834553887,1,174609,2025-09-07 04:24:04,1967119892956188684,2025-09-07 04:27:04,1967119892956188678,False
1967119897108549658,1967119895212724227,1967119892830359606,2,376835,2025-09-07 04:24:04,1967119892956188684,2025-09-07 04:27:04,1967119892956188678,False
1967119897108549659,1967119895212724228,1967119892838748165,3,190755,2025-09-07 09:47:04,1967119892956188684,2025-09-07 09:50:04,1967119892956188679,False
1967119897108549660,1967119895212724229,1967119892838748281,1,421451,2025-09-07 09:47:04,1967119892956188684,2025-09-07 09:50:04,1967119892956188679,False
1967119897108549661,1967119895212724230,1967119892838748181,1,15189,2025-09-07 09:47:04,1967119892956188684,2025-09-07 09:50:04,1967119892956188679,False
1967119897108549662,1967119895212724231,1967119892838748291,1,74235,2025-09-07 20:43:04,1967119892956188684,2025-09-07 20:46:04,1967119892956188682,False
1967119897108549663,1967119895216918528,1967119892834553924,1,1784410,2025-09-07 07:07:04,1967119892956188682,2025-09-07 07:15:04,1967119892956188685,False
1967119897108549664,1967119895216918529,1967119892834553898,1,94845,2025-09-07 06:38:04,1967119892956188680,2025-09-07 06:48:04,1967119892956188685,False
1967119897108549665,1967119895216918530,1967119892838748295,2,13923,2025-09-07 06:38:04,1967119892956188680,2025-09-07 06:48:04,1967119892956188685,False
1967119897108549666,1967119895216918531,1967119892838748247,1,31035,2025-09-07 06:38:04,1967119892956188680,2025-09-07 06:48:04,1967119892956188685,False
1967119897108549667,1967119895216918532,1967119892838748302,1,174609,2025-09-07 06:38:04,1967119892956188680,2025-09-07 06:48:04,1967119892956188685,False
1967119897108549668,1967119895216918533,1967119892838748261,1,46936,2025-09-07 06:38:04,1967119892956188680,2025-09-07 06:48:04,1967119892956188685,False
1967119897108549669,1967119895221112832,1967119892838748201,1,164486,2025-09-07 13:16:04,1967119892956188681,2025-09-07 13:29:04,1967119892956188682,False
1967119897108549670,1967119895221112832,1967119892838748256,1,164486,2025-09-07 13:16:04,1967119892956188681,2025-09-07 13:29:04,1967119892956188682,False
1967119897108549671,1967119895221112833,1967119892834553927,1,72048,2025-09-07 13:16:04,1967119892956188681,2025-09-07 13:29:04,1967119892956188682,False
1967119897108549672,1967119895221112834,1967119892830359564,1,46936,2025-09-07 09:24:04,1967119892956188682,2025-09-07 09:28:04,1967119892956188680,False
1967119897108549673,1967119895221112834,1967119892838748259,1,46936,2025-09-07 09:24:04,1967119892956188682,2025-09-07 09:28:04,1967119892956188680,False
1967119897108549674,1967119895221112835,1967119892834553909,1,15189,2025-09-07 09:24:04,1967119892956188682,2025-09-07 09:28:04,1967119892956188680,False
1967119897108549675,1967119895221112836,1967119892834553909,1,31320,2025-09-07 09:24:04,1967119892956188682,2025-09-07 09:28:04,1967119892956188680,False
1967119897108549676,1967119895221112836,1967119892838748160,1,31320,2025-09-07 09:24:04,1967119892956188682,2025-09-07 09:28:04,1967119892956188680,False
1967119897108549677,1967119895221112837,1967119892830359591,1,49375,2025-09-07 09:24:04,1967119892956188682,2025-09-07 09:28:04,1967119892956188680,False
1967119897108549678,1967119895225307136,1967119892830359606,1,376835,2025-09-07 21:40:04,1967119892956188680,2025-09-07 21:52:04,1967119892956188679,False
1967119897108549679,1967119895225307137,1967119892834553881,1,15189,2025-09-07 03:42:04,1967119892956188681,2025-09-07 03:47:04,1967119892956188683,False
1967119897108549680,1967119895225307138,1967119892834553905,3,36069,2025-09-07 03:42:04,1967119892956188681,2025-09-07 03:47:04,1967119892956188683,False
1967119897108549681,1967119895225307139,1967119892838748185,2,13923,2025-09-07 03:42:04,1967119892956188681,2025-09-07 03:47:04,1967119892956188683,False
1967119897108549682,1967119895225307140,1967119892838748184,2,31320,2025-09-07 03:42:04,1967119892956188681,2025-09-07 03:47:04,1967119892956188683,False
1967119897108549683,1967119895225307141,1967119892838748236,1,41747,2025-09-07 03:42:04,1967119892956188681,2025-09-07 03:47:04,1967119892956188683,False
1967119897108549684,1967119895225307141,1967119892838748267,1,41747,2025-09-07 03:42:04,1967119892956188681,2025-09-07 03:47:04,1967119892956188683,False
1967119897108549685,1967119895229501440,1967119892830359582,1,61022,2025-09-08 16:22:04,1967119892956188681,2025-09-08 16:28:04,1967119892956188680,False
1967119897108549686,1967119895229501441,1967119892830359630,1,52401,2025-09-08 16:22:04,1967119892956188681,2025-09-08 16:28:04,1967119892956188680,False
1967119897108549687,1967119895229501442,1967119892838748257,2,67077,2025-09-08 09:27:04,1967119892956188684,2025-09-08 09:36:04,1967119892956188681,False
1967119897108549688,1967119895229501443,1967119892834553931,1,179379,2025-09-08 09:27:04,1967119892956188684,2025-09-08 09:36:04,1967119892956188681,False
1967119897108549689,1967119895229501444,1967119892834553891,1,47110,2025-09-08 09:27:04,1967119892956188684,2025-09-08 09:36:04,1967119892956188681,False
1967119897108549690,1967119895229501445,1967119892838748186,1,13923,2025-09-08 08:17:04,1967119892956188682,2025-09-08 08:28:04,1967119892956188681,False
1967119897108549691,1967119895229501445,1967119892838748190,1,13923,2025-09-08 08:17:04,1967119892956188682,2025-09-08 08:28:04,1967119892956188681,False
1967119897108549692,1967119895233695744,1967119892838748183,1,31320,2025-09-08 04:18:04,1967119892956188681,2025-09-08 04:26:04,1967119892956188681,False
1967119897108549693,1967119895233695745,1967119892834553889,1,421451,2025-09-08 04:18:04,1967119892956188681,2025-09-08 04:26:04,1967119892956188681,False
1967119897108549694,1967119895233695746,1967119892838748217,3,179379,2025-09-08 04:18:04,1967119892956188681,2025-09-08 04:26:04,1967119892956188681,False
1967119897108549695,1967119895233695747,1967119892830359572,1,36003,2025-09-08 22:16:04,1967119892956188682,2025-09-08 22:29:04,1967119892956188682,False
1967119897108549696,1967119895233695748,1967119892834553889,1,64599,2025-09-08 22:16:04,1967119892956188682,2025-09-08 22:29:04,1967119892956188682,False
1967119897108549697,1967119895233695748,1967119892838748311,1,64599,2025-09-08 22:16:04,1967119892956188682,2025-09-08 22:29:04,1967119892956188682,False
1967119897108549698,1967119895233695749,1967119892830359630,1,52401,2025-09-08 22:16:04,1967119892956188682,2025-09-08 22:29:04,1967119892956188682,False
1967119897108549699,1967119895233695750,1967119892830359630,2,20336,2025-09-08 22:16:04,1967119892956188682,2025-09-08 22:29:04,1967119892956188682,False
1967119897108549700,1967119895237890048,1967119892834553926,1,72048,2025-09-08 22:04:04,1967119892956188685,2025-09-08 22:18:04,1967119892956188685,False
1967119897108549701,1967119895237890049,1967119892830359636,2,38407,2025-09-08 20:41:04,1967119892956188683,2025-09-08 20:42:04,1967119892956188684,False
1967119897108549702,1967119895237890049,1967119892838748217,1,38407,2025-09-08 20:41:04,1967119892956188683,2025-09-08 20:42:04,1967119892956188684,False
1967119897108549703,1967119895237890050,1967119892834553889,1,376835,2025-09-08 20:41:04,1967119892956188683,2025-09-08 20:42:04,1967119892956188684,False
1967119897108549704,1967119895237890051,1967119892838748221,1,579715,2025-09-08 20:41:04,1967119892956188683,2025-09-08 20:42:04,1967119892956188684,False
1967119897108549705,1967119895242084352,1967119892830359592,2,49375,2025-09-08 07:19:04,1967119892956188681,2025-09-08 07:27:04,1967119892956188681,False
1967119897108549706,1967119895242084353,1967119892838748289,1,46936,2025-09-08 07:19:04,1967119892956188681,2025-09-08 07:27:04,1967119892956188681,False
1967119897108549707,1967119895242084354,1967119892834553866,2,579715,2025-09-08 07:19:04,1967119892956188681,2025-09-08 07:27:04,1967119892956188681,False
1967119897142104064,1967119895242084355,1967119892838748177,1,164486,2025-09-08 00:05:04,1967119892956188683,2025-09-08 00:14:04,1967119892956188681,False
1967119897146298368,1967119895242084356,1967119892830359597,1,1209511,2025-09-08 00:05:04,1967119892956188683,2025-09-08 00:14:04,1967119892956188681,False
1967119897146298369,1967119895242084357,1967119892838748229,1,93868,2025-09-08 00:05:04,1967119892956188683,2025-09-08 00:14:04,1967119892956188681,False
1967119897146298370,1967119895242084358,1967119892838748180,1,19254,2025-09-08 00:05:04,1967119892956188683,2025-09-08 00:14:04,1967119892956188681,False
1967119897146298371,1967119895242084359,1967119892830359557,1,421451,2025-09-08 00:05:04,1967119892956188683,2025-09-08 00:14:04,1967119892956188681,False
1967119897146298372,1967119895242084360,1967119892830359554,4,31035,2025-09-08 05:15:04,1967119892956188681,2025-09-08 05:26:04,1967119892956188680,False
1967119897146298373,1967119895242084361,1967119892834553905,1,14279,2025-09-08 05:15:04,1967119892956188681,2025-09-08 05:26:04,1967119892956188680,False
1967119897146298374,1967119895242084362,1967119892838748264,1,49375,2025-09-08 05:15:04,1967119892956188681,2025-09-08 05:26:04,1967119892956188680,False
1967119897146298375,1967119895246278656,1967119892838748183,1,15189,2025-09-08 15:44:04,1967119892956188680,2025-09-08 15:59:04,1967119892956188682,False
1967119897146298376,1967119895246278657,1967119892830359572,2,41747,2025-09-08 15:44:04,1967119892956188680,2025-09-08 15:59:04,1967119892956188682,False
1967119897146298377,1967119895246278658,1967119892834553889,1,64599,2025-09-08 16:53:04,1967119892956188685,2025-09-08 17:00:04,1967119892956188682,False
1967119897146298378,1967119895246278659,1967119892834553889,1,421451,2025-09-08 16:53:04,1967119892956188685,2025-09-08 17:00:04,1967119892956188682,False
1967119897146298379,1967119895250472960,1967119892830359630,2,52401,2025-09-09 03:31:04,1967119892956188680,2025-09-09 03:39:04,1967119892956188680,False
1967119897146298380,1967119895250472961,1967119892830359572,1,36003,2025-09-09 03:31:04,1967119892956188680,2025-09-09 03:39:04,1967119892956188680,False
1967119897146298381,1967119895250472962,1967119892838748194,1,14367,2025-09-09 03:31:04,1967119892956188680,2025-09-09 03:39:04,1967119892956188680,False
1967119897146298382,1967119895250472962,1967119892838748282,2,14367,2025-09-09 03:31:04,1967119892956188680,2025-09-09 03:39:04,1967119892956188680,False
1967119897146298383,1967119895250472963,1967119892830359629,2,20336,2025-09-09 20:17:04,1967119892956188682,2025-09-09 20:23:04,1967119892956188685,False
1967119897146298384,1967119895250472963,1967119892838748262,1,20336,2025-09-09 20:17:04,1967119892956188682,2025-09-09 20:23:04,1967119892956188685,False
1967119897146298385,1967119895254667264,1967119892838748164,1,313913,2025-09-09 19:46:04,1967119892956188682,2025-09-09 19:51:04,1967119892956188680,False
1967119897146298386,1967119895254667265,1967119892838748187,1,13923,2025-09-09 05:43:04,1967119892956188685,2025-09-09 05:48:04,1967119892956188683,False
1967119897146298387,1967119895254667266,1967119892838748194,1,46936,2025-09-09 05:43:04,1967119892956188685,2025-09-09 05:48:04,1967119892956188683,False
1967119897146298388,1967119895254667267,1967119892838748221,1,579715,2025-09-09 05:43:04,1967119892956188685,2025-09-09 05:48:04,1967119892956188683,False
1967119897146298389,1967119895254667268,1967119892834553922,3,47110,2025-09-09 05:43:04,1967119892956188685,2025-09-09 05:48:04,1967119892956188683,False
1967119897146298390,1967119895258861568,1967119892838748168,2,174609,2025-09-09 11:40:04,1967119892956188683,2025-09-09 11:42:04,1967119892956188679,False
1967119897146298391,1967119895258861569,1967119892830359557,1,421451,2025-09-09 11:40:04,1967119892956188683,2025-09-09 11:42:04,1967119892956188679,False
1967119897146298392,1967119895258861570,1967119892834553889,1,64599,2025-09-09 08:29:04,1967119892956188678,2025-09-09 08:41:04,1967119892956188679,False
1967119897146298393,1967119895258861570,1967119892838748311,1,64599,2025-09-09 08:29:04,1967119892956188678,2025-09-09 08:41:04,1967119892956188679,False
1967119897146298394,1967119895263055872,1967119892830359564,3,14279,2025-09-09 20:45:04,1967119892956188684,2025-09-09 20:56:04,1967119892956188681,False
1967119897146298395,1967119895263055873,1967119892834553889,1,421451,2025-09-09 08:26:04,1967119892956188681,2025-09-09 08:32:04,1967119892956188681,False
1967119897146298396,1967119895263055873,1967119892834553900,1,421451,2025-09-09 08:26:04,1967119892956188681,2025-09-09 08:32:04,1967119892956188681,False
1967119897146298397,1967119895263055874,1967119892838748184,2,31320,2025-09-09 03:06:04,1967119892956188681,2025-09-09 03:18:04,1967119892956188685,False
1967119897146298398,1967119895263055875,1967119892838748264,2,49375,2025-09-09 03:06:04,1967119892956188681,2025-09-09 03:18:04,1967119892956188685,False
1967119897146298399,1967119895267250176,1967119892838748225,1,67077,2025-09-10 20:37:04,1967119892956188679,2025-09-10 20:40:04,1967119892956188683,False
1967119897146298400,1967119895267250177,1967119892834553887,1,174609,2025-09-10 20:37:04,1967119892956188679,2025-09-10 20:40:04,1967119892956188683,False
1967119897146298401,1967119895267250178,1967119892830359591,1,36069,2025-09-10 20:37:04,1967119892956188679,2025-09-10 20:40:04,1967119892956188683,False
1967119897146298402,1967119895267250179,1967119892830359553,3,52149,2025-09-10 20:37:04,1967119892956188679,2025-09-10 20:40:04,1967119892956188683,False
1967119897146298403,1967119895267250180,1967119892838748273,1,63701,2025-09-10 20:37:04,1967119892956188679,2025-09-10 20:40:04,1967119892956188683,False
1967119897146298404,1967119895267250180,1967119892838748235,1,63701,2025-09-10 20:37:04,1967119892956188679,2025-09-10 20:40:04,1967119892956188683,False
1967119897146298405,1967119895267250181,1967119892838748261,2,46936,2025-09-10 16:51:04,1967119892956188682,2025-09-10 16:54:04,1967119892956188683,False
1967119897146298406,1967119895267250182,1967119892838748261,1,36069,2025-09-10 16:51:04,1967119892956188682,2025-09-10 16:54:04,1967119892956188683,False
1967119897146298407,1967119895271444480,1967119892838748302,1,174609,2025-09-10 15:35:04,1967119892956188680,2025-09-10 15:40:04,1967119892956188680,False
1967119897146298408,1967119895271444481,1967119892834553889,1,421451,2025-09-10 05:30:04,1967119892956188682,2025-09-10 05:45:04,1967119892956188684,False
1967119897146298409,1967119895271444481,1967119892834553900,1,421451,2025-09-10 05:30:04,1967119892956188682,2025-09-10 05:45:04,1967119892956188684,False
1967119897146298410,1967119895275638784,1967119892830359629,1,52401,2025-09-10 08:48:04,1967119892956188678,2025-09-10 08:51:04,1967119892956188680,False
1967119897146298411,1967119895275638785,1967119892838748180,4,19254,2025-09-11 21:20:04,1967119892956188683,2025-09-11 21:28:04,1967119892956188682,False
1967119897146298412,1967119895279833088,1967119892830359608,2,14367,2025-09-11 14:17:04,1967119892956188681,2025-09-11 14:30:04,1967119892956188683,False
1967119897146298413,1967119895279833089,1967119892830359567,1,14279,2025-09-11 14:17:04,1967119892956188681,2025-09-11 14:30:04,1967119892956188683,False
1967119897146298414,1967119895279833090,1967119892830359614,1,79693,2025-09-11 18:02:04,1967119892956188684,2025-09-11 18:09:04,1967119892956188682,False
1967119897146298415,1967119895279833091,1967119892834553905,1,14367,2025-09-11 18:02:04,1967119892956188684,2025-09-11 18:09:04,1967119892956188682,False
1967119897146298416,1967119895279833091,1967119892834553884,2,14367,2025-09-11 18:02:04,1967119892956188684,2025-09-11 18:09:04,1967119892956188682,False
1967119897146298417,1967119895284027392,1967119892838748221,2,579715,2025-09-11 12:58:04,1967119892956188685,2025-09-11 13:01:04,1967119892956188681,False
1967119897146298418,1967119895284027393,1967119892834553926,2,93868,2025-09-11 12:58:04,1967119892956188685,2025-09-11 13:01:04,1967119892956188681,False
1967119897146298419,1967119895284027394,1967119892830359630,2,20336,2025-09-11 04:54:04,1967119892956188682,2025-09-11 04:55:04,1967119892956188682,False
1967119897146298420,1967119895284027395,1967119892830359642,2,24224,2025-09-11 04:54:04,1967119892956188682,2025-09-11 04:55:04,1967119892956188682,False
1967119897146298421,1967119895284027395,1967119892838748187,1,24224,2025-09-11 04:54:04,1967119892956188682,2025-09-11 04:55:04,1967119892956188682,False
1967119897146298422,1967119895288221696,1967119892830359572,1,41747,2025-09-11 07:26:04,1967119892956188679,2025-09-11 07:40:04,1967119892956188681,False
1967119897146298423,1967119895288221697,1967119892834553922,2,47110,2025-09-11 07:26:04,1967119892956188679,2025-09-11 07:40:04,1967119892956188681,False
1967119897146298424,1967119895288221698,1967119892834553887,1,421451,2025-09-11 01:23:04,1967119892956188680,2025-09-11 01:38:04,1967119892956188684,False
1967119897146298425,1967119895292416000,1967119892838748202,1,164486,2025-09-11 08:39:04,1967119892956188679,2025-09-11 08:53:04,1967119892956188681,False
1967119897146298426,1967119895292416001,1967119892830359555,1,31320,2025-09-11 08:39:04,1967119892956188679,2025-09-11 08:53:04,1967119892956188681,False
1967119897146298427,1967119895292416002,1967119892838748202,3,164486,2025-09-11 06:29:04,1967119892956188680,2025-09-11 06:37:04,1967119892956188679,False
1967119897146298428,1967119895292416003,1967119892834553879,2,43327,2025-09-11 06:29:04,1967119892956188680,2025-09-11 06:37:04,1967119892956188679,False
1967119897146298429,1967119895292416003,1967119892838748255,1,43327,2025-09-11 06:29:04,1967119892956188680,2025-09-11 06:37:04,1967119892956188679,False
1967119897146298430,1967119895296610304,1967119892838748169,1,24111,2025-09-11 20:46:04,1967119892956188682,2025-09-11 20:58:04,1967119892956188682,False
1967119897146298431,1967119895296610305,1967119892838748292,1,38407,2025-09-11 20:46:04,1967119892956188682,2025-09-11 20:58:04,1967119892956188682,False
1967119897146298432,1967119895296610306,1967119892838748167,1,174609,2025-09-11 20:46:04,1967119892956188682,2025-09-11 20:58:04,1967119892956188682,False
1967119897146298433,1967119895296610307,1967119892838748209,1,1244169,2025-09-11 20:46:04,1967119892956188682,2025-09-11 20:58:04,1967119892956188682,False
1967119897146298434,1967119895296610308,1967119892838748256,1,83586,2025-09-11 20:32:04,1967119892956188685,2025-09-11 20:42:04,1967119892956188684,False
1967119897146298435,1967119895296610309,1967119892830359631,2,313913,2025-09-11 20:32:04,1967119892956188685,2025-09-11 20:42:04,1967119892956188684,False
1967119897146298436,1967119895296610310,1967119892834553887,1,421451,2025-09-12 06:22:04,1967119892956188682,2025-09-12 06:23:04,1967119892956188679,False
1967119897146298437,1967119895296610311,1967119892838748160,1,25561,2025-09-12 06:22:04,1967119892956188682,2025-09-12 06:23:04,1967119892956188679,False
1967119897146298438,1967119895296610312,1967119892838748294,1,93868,2025-09-12 06:22:04,1967119892956188682,2025-09-12 06:23:04,1967119892956188679,False
1967119897146298439,1967119895296610313,1967119892830359606,1,376835,2025-09-12 06:22:04,1967119892956188682,2025-09-12 06:23:04,1967119892956188679,False
1967119897179852800,1967119895296610314,1967119892830359557,1,421451,2025-09-12 04:21:04,1967119892956188680,2025-09-12 04:28:04,1967119892956188685,False
1967119897179852801,1967119895296610315,1967119892834553891,3,47110,2025-09-12 04:21:04,1967119892956188680,2025-09-12 04:28:04,1967119892956188685,False
1967119897179852802,1967119895296610316,1967119892838748180,2,19254,2025-09-12 04:21:04,1967119892956188680,2025-09-12 04:28:04,1967119892956188685,False
1967119897179852803,1967119895296610317,1967119892838748189,1,31320,2025-09-12 12:34:04,1967119892956188681,2025-09-12 12:41:04,1967119892956188679,False
1967119897179852804,1967119895296610318,1967119892830359631,2,313913,2025-09-12 12:34:04,1967119892956188681,2025-09-12 12:41:04,1967119892956188679,False
1967119897179852805,1967119895296610319,1967119892838748209,1,1072384,2025-09-12 12:34:04,1967119892956188681,2025-09-12 12:41:04,1967119892956188679,False
1967119897179852806,1967119895296610320,1967119892838748169,1,15189,2025-09-12 12:34:04,1967119892956188681,2025-09-12 12:41:04,1967119892956188679,False
1967119897179852807,1967119895296610321,1967119892838748189,1,13923,2025-09-12 12:34:04,1967119892956188681,2025-09-12 12:41:04,1967119892956188679,False
1967119897179852808,1967119895296610322,1967119892838748292,1,38407,2025-09-12 12:34:04,1967119892956188681,2025-09-12 12:41:04,1967119892956188679,False
1967119897179852809,1967119895304998912,1967119892838748186,3,24224,2025-09-12 21:38:04,1967119892956188683,2025-09-12 21:45:04,1967119892956188684,False
1967119897179852810,1967119895304998913,1967119892834553879,3,43327,2025-09-12 06:06:04,1967119892956188683,2025-09-12 06:14:04,1967119892956188680,False
1967119897179852811,1967119895304998914,1967119892838748247,1,14367,2025-09-12 06:06:04,1967119892956188683,2025-09-12 06:14:04,1967119892956188680,False
1967119897179852812,1967119895304998915,1967119892834553919,1,313913,2025-09-12 14:43:04,1967119892956188685,2025-09-12 14:44:04,1967119892956188683,False
1967119897179852813,1967119895304998916,1967119892838748264,1,20336,2025-09-12 03:57:04,1967119892956188685,2025-09-12 04:02:04,1967119892956188683,False
1967119897179852814,1967119895304998917,1967119892838748293,2,26443,2025-09-12 03:57:04,1967119892956188685,2025-09-12 04:02:04,1967119892956188683,False
1967119897179852815,1967119895309193216,1967119892838748237,2,14279,2025-09-12 10:17:04,1967119892956188679,2025-09-12 10:30:04,1967119892956188685,False
1967119897179852816,1967119895309193217,1967119892830359631,1,79693,2025-09-12 10:17:04,1967119892956188679,2025-09-12 10:30:04,1967119892956188685,False
1967119897179852817,1967119895309193218,1967119892838748167,2,174609,2025-09-12 10:17:04,1967119892956188679,2025-09-12 10:30:04,1967119892956188685,False
1967119897179852818,1967119895309193219,1967119892830359591,1,49375,2025-09-12 09:50:04,1967119892956188684,2025-09-12 09:56:04,1967119892956188678,False
1967119897179852819,1967119895309193220,1967119892838748294,1,93868,2025-09-12 09:50:04,1967119892956188684,2025-09-12 09:56:04,1967119892956188678,False
1967119897179852820,1967119895313387520,1967119892830359572,1,52149,2025-09-12 14:19:04,1967119892956188679,2025-09-12 14:21:04,1967119892956188681,False
1967119897192435712,1967119895313387521,1967119892830359566,1,14279,2025-09-12 14:19:04,1967119892956188679,2025-09-12 14:21:04,1967119892956188681,False
1967119897192435713,1967119895313387522,1967119892834553905,2,36069,2025-09-12 19:40:04,1967119892956188681,2025-09-12 19:45:04,1967119892956188681,False
1967119897192435714,1967119895313387523,1967119892838748236,1,41747,2025-09-12 19:40:04,1967119892956188681,2025-09-12 19:45:04,1967119892956188681,False
1967119897192435715,1967119895313387523,1967119892838748267,1,41747,2025-09-12 19:40:04,1967119892956188681,2025-09-12 19:45:04,1967119892956188681,False
1967119897192435716,1967119895317581824,1967119892834553904,1,36069,2025-09-12 14:15:04,1967119892956188685,2025-09-12 14:20:04,1967119892956188685,False
1967119897192435717,1967119895317581825,1967119892838748186,1,24224,2025-09-12 14:15:04,1967119892956188685,2025-09-12 14:20:04,1967119892956188685,False
1967119897192435718,1967119895317581826,1967119892834553919,2,313913,2025-09-12 14:15:04,1967119892956188685,2025-09-12 14:20:04,1967119892956188685,False
1967119897192435719,1967119895317581826,1967119892838748168,1,313913,2025-09-12 14:15:04,1967119892956188685,2025-09-12 14:20:04,1967119892956188685,False
1967119897192435720,1967119895317581827,1967119892838748168,1,174609,2025-09-12 14:15:04,1967119892956188685,2025-09-12 14:20:04,1967119892956188685,False
1967119897192435721,1967119895317581828,1967119892830359555,1,31320,2025-09-12 20:48:04,1967119892956188685,2025-09-12 21:00:04,1967119892956188683,False
1967119897192435722,1967119895317581828,1967119892838748181,1,31320,2025-09-12 20:48:04,1967119892956188685,2025-09-12 21:00:04,1967119892956188683,False
1967119897192435723,1967119895317581829,1967119892834553930,2,179379,2025-09-12 20:48:04,1967119892956188685,2025-09-12 21:00:04,1967119892956188683,False
1967119897192435724,1967119895317581829,1967119892838748269,2,179379,2025-09-12 20:48:04,1967119892956188685,2025-09-12 21:00:04,1967119892956188683,False
1967119897192435725,1967119895321776128,1967119892830359591,1,49375,2025-09-12 08:30:04,1967119892956188683,2025-09-12 08:36:04,1967119892956188680,False
1967119897192435726,1967119895321776129,1967119892830359591,1,20336,2025-09-12 08:30:04,1967119892956188683,2025-09-12 08:36:04,1967119892956188680,False
1967119897192435727,1967119895321776129,1967119892838748265,1,20336,2025-09-12 08:30:04,1967119892956188683,2025-09-12 08:36:04,1967119892956188680,False
1967119897192435728,1967119895321776130,1967119892838748160,1,25561,2025-09-12 08:30:04,1967119892956188683,2025-09-12 08:36:04,1967119892956188680,False
1967119897192435729,1967119895321776131,1967119892838748281,1,421451,2025-09-12 04:17:04,1967119892956188679,2025-09-12 04:26:04,1967119892956188681,False
1967119897192435730,1967119895321776132,1967119892838748231,1,86881,2025-09-12 04:17:04,1967119892956188679,2025-09-12 04:26:04,1967119892956188681,False
1967119897192435731,1967119895325970432,1967119892834553891,1,47110,2025-09-12 20:19:04,1967119892956188684,2025-09-12 20:26:04,1967119892956188681,False
1967119897192435732,1967119895325970433,1967119892838748276,2,512311,2025-09-12 05:59:04,1967119892956188685,2025-09-12 06:06:04,1967119892956188681,False
1967119897192435733,1967119895325970434,1967119892838748271,1,179379,2025-09-12 05:59:04,1967119892956188685,2025-09-12 06:06:04,1967119892956188681,False
1967119897192435734,1967119895325970435,1967119892838748267,1,46936,2025-09-12 05:59:04,1967119892956188685,2025-09-12 06:06:04,1967119892956188681,False
1967119897192435735,1967119895330164736,1967119892834553905,1,14367,2025-09-12 17:36:04,1967119892956188682,2025-09-12 17:44:04,1967119892956188680,False
1967119897192435736,1967119895330164736,1967119892834553884,3,14367,2025-09-12 17:36:04,1967119892956188682,2025-09-12 17:44:04,1967119892956188680,False
1967119897192435737,1967119895330164737,1967119892834553905,1,14279,2025-09-12 17:36:04,1967119892956188682,2025-09-12 17:44:04,1967119892956188680,False
1967119897192435738,1967119895330164738,1967119892838748226,1,26443,2025-09-12 08:51:04,1967119892956188680,2025-09-12 08:58:04,1967119892956188685,False
1967119897192435739,1967119895334359040,1967119892838748186,3,13923,2025-09-12 12:35:04,1967119892956188679,2025-09-12 12:47:04,1967119892956188678,False
1967119897192435740,1967119895334359040,1967119892838748190,1,13923,2025-09-12 12:35:04,1967119892956188679,2025-09-12 12:47:04,1967119892956188678,False
1967119897192435741,1967119895334359041,1967119892834553904,1,14279,2025-09-12 12:35:04,1967119892956188679,2025-09-12 12:47:04,1967119892956188678,False
1967119897192435742,1967119895334359042,1967119892838748229,1,93868,2025-09-12 12:35:04,1967119892956188679,2025-09-12 12:47:04,1967119892956188678,False
1967119897192435743,1967119895334359043,1967119892838748162,1,190755,2025-09-12 07:55:04,1967119892956188678,2025-09-12 07:56:04,1967119892956188685,False
1967119897192435744,1967119895334359044,1967119892834553887,1,64599,2025-09-12 07:55:04,1967119892956188678,2025-09-12 07:56:04,1967119892956188685,False
1967119897192435745,1967119895338553344,1967119892838748180,1,15189,2025-09-13 19:36:04,1967119892956188679,2025-09-13 19:46:04,1967119892956188684,False
1967119897192435746,1967119895338553345,1967119892838748294,2,93868,2025-09-13 03:56:04,1967119892956188685,2025-09-13 04:07:04,1967119892956188681,False
1967119897192435747,1967119895338553346,1967119892830359606,1,200012,2025-09-13 03:56:04,1967119892956188685,2025-09-13 04:07:04,1967119892956188681,False
1967119897192435748,1967119895338553347,1967119892838748160,2,25561,2025-09-13 03:56:04,1967119892956188685,2025-09-13 04:07:04,1967119892956188681,False
1967119897192435749,1967119895338553348,1967119892830359630,1,20336,2025-09-13 20:06:04,1967119892956188679,2025-09-13 20:08:04,1967119892956188678,False
1967119897192435750,1967119895338553349,1967119892834553889,3,174609,2025-09-13 20:06:04,1967119892956188679,2025-09-13 20:08:04,1967119892956188678,False
1967119897192435751,1967119895338553350,1967119892830359630,1,52401,2025-09-13 20:06:04,1967119892956188679,2025-09-13 20:08:04,1967119892956188678,False
1967119897192435752,1967119895338553351,1967119892830359572,2,36069,2025-09-13 20:06:04,1967119892956188679,2025-09-13 20:08:04,1967119892956188678,False
1967119897192435753,1967119895342747648,1967119892834553931,2,179379,2025-09-13 09:47:04,1967119892956188678,2025-09-13 09:52:04,1967119892956188678,False
1967119897192435754,1967119895342747648,1967119892838748223,1,179379,2025-09-13 09:47:04,1967119892956188678,2025-09-13 09:52:04,1967119892956188678,False
1967119897192435755,1967119895342747649,1967119892830359557,1,421451,2025-09-13 09:47:04,1967119892956188678,2025-09-13 09:52:04,1967119892956188678,False
1967119897192435756,1967119895342747650,1967119892830359636,1,74235,2025-09-13 20:27:04,1967119892956188684,2025-09-13 20:36:04,1967119892956188679,False
1967119897192435757,1967119895342747651,1967119892838748183,2,15189,2025-09-13 20:27:04,1967119892956188684,2025-09-13 20:36:04,1967119892956188679,False
1967119897192435758,1967119895342747652,1967119892830359630,1,20336,2025-09-13 20:27:04,1967119892956188684,2025-09-13 20:36:04,1967119892956188679,False
1967119897192435759,1967119895342747653,1967119892838748194,2,46936,2025-09-13 20:27:04,1967119892956188684,2025-09-13 20:36:04,1967119892956188679,False
1967119897192435760,1967119895342747653,1967119892838748266,1,46936,2025-09-13 20:27:04,1967119892956188684,2025-09-13 20:36:04,1967119892956188679,False
1967119897192435761,1967119895342747654,1967119892838748237,1,41747,2025-09-13 11:02:04,1967119892956188684,2025-09-13 11:11:04,1967119892956188678,False
1967119897192435762,1967119895346941952,1967119892838748283,1,36003,2025-09-13 11:01:04,1967119892956188681,2025-09-13 11:09:04,1967119892956188681,False
1967119897213407232,1967119895346941953,1967119892838748236,2,41747,2025-09-13 11:01:04,1967119892956188681,2025-09-13 11:09:04,1967119892956188681,False
1967119897213407233,1967119895346941954,1967119892838748303,1,43327,2025-09-13 11:01:04,1967119892956188681,2025-09-13 11:09:04,1967119892956188681,False
1967119897213407234,1967119895346941955,1967119892830359554,1,52149,2025-09-13 11:01:04,1967119892956188681,2025-09-13 11:09:04,1967119892956188681,False
1967119897213407235,1967119895346941956,1967119892834553904,2,14279,2025-09-13 02:09:04,1967119892956188683,2025-09-13 02:14:04,1967119892956188678,False
1967119897213407236,1967119895346941957,1967119892834553894,1,64599,2025-09-13 02:09:04,1967119892956188683,2025-09-13 02:14:04,1967119892956188678,False
1967119897217601536,1967119895351136256,1967119892830359595,1,1209511,2025-09-13 00:53:04,1967119892956188682,2025-09-13 01:00:04,1967119892956188680,False
1967119897217601537,1967119895351136257,1967119892838748303,1,43327,2025-09-13 00:53:04,1967119892956188682,2025-09-13 01:00:04,1967119892956188680,False
1967119897217601538,1967119895351136258,1967119892830359554,1,52149,2025-09-13 12:50:04,1967119892956188680,2025-09-13 12:53:04,1967119892956188683,False
1967119897217601539,1967119895351136258,1967119892838748283,1,52149,2025-09-13 12:50:04,1967119892956188680,2025-09-13 12:53:04,1967119892956188683,False
1967119897217601540,1967119895355330560,1967119892834553904,2,14279,2025-09-13 03:25:04,1967119892956188680,2025-09-13 03:29:04,1967119892956188679,False
1967119897217601541,1967119895355330561,1967119892830359598,4,14367,2025-09-13 05:38:04,1967119892956188680,2025-09-13 05:43:04,1967119892956188684,False
1967119897217601542,1967119895355330561,1967119892834553904,1,14367,2025-09-13 05:38:04,1967119892956188680,2025-09-13 05:43:04,1967119892956188684,False
1967119897217601543,1967119895355330562,1967119892830359557,3,83586,2025-09-13 05:38:04,1967119892956188680,2025-09-13 05:43:04,1967119892956188684,False
1967119897217601544,1967119895355330563,1967119892830359579,2,376835,2025-09-13 05:38:04,1967119892956188680,2025-09-13 05:43:04,1967119892956188684,False
1967119897217601545,1967119895355330563,1967119892834553919,1,376835,2025-09-13 05:38:04,1967119892956188680,2025-09-13 05:43:04,1967119892956188684,False
1967119897217601546,1967119895355330564,1967119892830359636,1,38407,2025-09-13 08:21:04,1967119892956188681,2025-09-13 08:36:04,1967119892956188683,False
1967119897217601547,1967119895355330565,1967119892838748221,1,579715,2025-09-13 08:21:04,1967119892956188681,2025-09-13 08:36:04,1967119892956188683,False
1967119897217601548,1967119895355330566,1967119892834553925,1,1784410,2025-09-13 08:21:04,1967119892956188681,2025-09-13 08:36:04,1967119892956188683,False
1967119897217601549,1967119895355330567,1967119892834553889,2,421451,2025-09-13 08:21:04,1967119892956188681,2025-09-13 08:36:04,1967119892956188683,False
1967119897217601550,1967119895355330567,1967119892834553900,1,421451,2025-09-13 08:21:04,1967119892956188681,2025-09-13 08:36:04,1967119892956188683,False
1967119897217601551,1967119895359524864,1967119892834553868,1,74235,2025-09-13 03:05:04,1967119892956188685,2025-09-13 03:20:04,1967119892956188679,False
1967119897217601552,1967119895359524865,1967119892834553926,1,93868,2025-09-13 14:27:04,1967119892956188678,2025-09-13 14:29:04,1967119892956188682,False
1967119897217601553,1967119895359524866,1967119892830359572,1,36003,2025-09-13 14:27:04,1967119892956188678,2025-09-13 14:29:04,1967119892956188682,False
1967119897217601554,1967119895359524867,1967119892838748219,1,1244169,2025-09-13 14:27:04,1967119892956188678,2025-09-13 14:29:04,1967119892956188682,False
1967119897217601555,1967119895359524868,1967119892830359582,1,61022,2025-09-13 14:27:04,1967119892956188678,2025-09-13 14:29:04,1967119892956188682,False
1967119897217601556,1967119895359524869,1967119892834553889,1,421451,2025-09-13 14:27:04,1967119892956188678,2025-09-13 14:29:04,1967119892956188682,False
1967119897217601557,1967119895359524869,1967119892834553900,1,421451,2025-09-13 14:27:04,1967119892956188678,2025-09-13 14:29:04,1967119892956188682,False
1967119897217601558,1967119895363719168,1967119892838748180,3,19254,2025-09-13 19:21:04,1967119892956188682,2025-09-13 19:32:04,1967119892956188682,False
1967119897217601559,1967119895363719169,1967119892838748186,2,13923,2025-09-13 19:21:04,1967119892956188682,2025-09-13 19:32:04,1967119892956188682,False
1967119897217601560,1967119895367913472,1967119892838748288,2,31459,2025-09-13 05:42:04,1967119892956188679,2025-09-13 05:56:04,1967119892956188679,False
1967119897217601561,1967119895367913473,1967119892838748177,2,164486,2025-09-13 05:42:04,1967119892956188679,2025-09-13 05:56:04,1967119892956188679,False
1967119897217601562,1967119895367913474,1967119892834553868,1,579715,2025-09-13 03:36:04,1967119892956188679,2025-09-13 03:48:04,1967119892956188680,False
1967119897217601563,1967119895367913475,1967119892838748160,1,25561,2025-09-13 03:36:04,1967119892956188679,2025-09-13 03:48:04,1967119892956188680,False
1967119897217601564,1967119895367913476,1967119892834553887,1,421451,2025-09-13 03:36:04,1967119892956188679,2025-09-13 03:48:04,1967119892956188680,False
1967119897217601565,1967119895367913477,1967119892838748225,1,86881,2025-09-13 03:36:04,1967119892956188679,2025-09-13 03:48:04,1967119892956188680,False
1967119897217601566,1967119895367913478,1967119892830359570,1,52149,2025-09-13 14:12:04,1967119892956188683,2025-09-13 14:22:04,1967119892956188684,False
1967119897217601567,1967119895367913479,1967119892834553921,1,24224,2025-09-13 14:12:04,1967119892956188683,2025-09-13 14:22:04,1967119892956188684,False
1967119897217601568,1967119895372107776,1967119892838748288,1,31459,2025-09-13 11:19:04,1967119892956188678,2025-09-13 11:21:04,1967119892956188679,False
1967119897217601569,1967119895372107777,1967119892834553904,1,36069,2025-09-13 04:06:04,1967119892956188685,2025-09-13 04:16:04,1967119892956188685,False
1967119897217601570,1967119895372107777,1967119892838748176,3,36069,2025-09-13 04:06:04,1967119892956188685,2025-09-13 04:16:04,1967119892956188685,False
1967119897217601571,1967119895372107778,1967119892834553919,1,313913,2025-09-13 04:06:04,1967119892956188685,2025-09-13 04:16:04,1967119892956188685,False
1967119897217601572,1967119895372107779,1967119892834553931,2,74235,2025-09-13 04:06:04,1967119892956188685,2025-09-13 04:16:04,1967119892956188685,False
1967119897217601573,1967119895372107780,1967119892834553904,1,14279,2025-09-13 04:06:04,1967119892956188685,2025-09-13 04:16:04,1967119892956188685,False
1967119897217601574,1967119895372107781,1967119892838748236,1,41747,2025-09-13 13:02:04,1967119892956188681,2025-09-13 13:10:04,1967119892956188679,False
1967119897217601575,1967119895372107782,1967119892838748267,1,46936,2025-09-13 13:02:04,1967119892956188681,2025-09-13 13:10:04,1967119892956188679,False
1967119897217601576,1967119895372107783,1967119892838748240,1,1244169,2025-09-13 13:02:04,1967119892956188681,2025-09-13 13:10:04,1967119892956188679,False
1967119897217601577,1967119895376302080,1967119892838748202,2,164486,2025-09-13 13:25:04,1967119892956188685,2025-09-13 13:31:04,1967119892956188685,False
1967119897217601578,1967119895376302081,1967119892834553930,2,179379,2025-09-13 13:25:04,1967119892956188685,2025-09-13 13:31:04,1967119892956188685,False
1967119897217601579,1967119895376302082,1967119892834553879,1,47110,2025-09-13 13:25:04,1967119892956188685,2025-09-13 13:31:04,1967119892956188685,False
1967119897217601580,1967119895376302082,1967119892838748255,2,47110,2025-09-13 13:25:04,1967119892956188685,2025-09-13 13:31:04,1967119892956188685,False
1967119897217601581,1967119895380496384,1967119892830359637,2,74235,2025-09-13 07:37:04,1967119892956188683,2025-09-13 07:51:04,1967119892956188682,False
1967119897217601582,1967119895380496385,1967119892834553921,1,24224,2025-09-13 07:37:04,1967119892956188683,2025-09-13 07:51:04,1967119892956188682,False
1967119897217601583,1967119895380496386,1967119892834553909,1,15189,2025-09-13 08:25:04,1967119892956188679,2025-09-13 08:29:04,1967119892956188685,False
1967119897217601584,1967119895380496386,1967119892838748207,1,15189,2025-09-13 08:25:04,1967119892956188679,2025-09-13 08:29:04,1967119892956188685,False
1967119897217601585,1967119895380496387,1967119892830359553,1,31035,2025-09-13 08:25:04,1967119892956188679,2025-09-13 08:29:04,1967119892956188685,False
1967119897217601586,1967119895380496387,1967119892830359564,2,31035,2025-09-13 08:25:04,1967119892956188679,2025-09-13 08:29:04,1967119892956188685,False
1967119897217601587,1967119895380496387,1967119892838748259,1,31035,2025-09-13 08:25:04,1967119892956188679,2025-09-13 08:29:04,1967119892956188685,False
1967119897217601588,1967119895380496388,1967119892838748162,1,190755,2025-09-13 14:10:04,1967119892956188685,2025-09-13 14:18:04,1967119892956188678,False
1967119897217601589,1967119895380496389,1967119892834553868,3,579715,2025-09-13 14:10:04,1967119892956188685,2025-09-13 14:18:04,1967119892956188678,False
1967119897217601590,1967119895384690688,1967119892830359566,1,14279,2025-09-13 17:23:04,1967119892956188683,2025-09-13 17:34:04,1967119892956188681,False
1967119897217601591,1967119895384690689,1967119892838748281,3,421451,2025-09-13 00:50:04,1967119892956188683,2025-09-13 00:53:04,1967119892956188679,False
1967119897217601592,1967119895384690690,1967119892830359555,1,24224,2025-09-13 00:50:04,1967119892956188683,2025-09-13 00:53:04,1967119892956188679,False
1967119897217601593,1967119895388884992,1967119892834553922,1,47110,2025-09-14 14:40:04,1967119892956188685,2025-09-14 14:49:04,1967119892956188685,False
1967119897217601594,1967119895388884993,1967119892830359630,2,20336,2025-09-14 14:40:04,1967119892956188685,2025-09-14 14:49:04,1967119892956188685,False
1967119897217601595,1967119895388884994,1967119892830359572,1,52149,2025-09-14 14:40:04,1967119892956188685,2025-09-14 14:49:04,1967119892956188685,False
1967119897217601596,1967119895388884994,1967119892838748213,2,52149,2025-09-14 14:40:04,1967119892956188685,2025-09-14 14:49:04,1967119892956188685,False
1967119897217601597,1967119895388884995,1967119892830359630,1,52401,2025-09-14 14:40:04,1967119892956188685,2025-09-14 14:49:04,1967119892956188685,False
1967119897217601598,1967119895388884996,1967119892834553889,2,64599,2025-09-14 14:40:04,1967119892956188685,2025-09-14 14:49:04,1967119892956188685,False
1967119897217601599,1967119895388884997,1967119892834553889,1,376835,2025-09-14 14:40:04,1967119892956188685,2025-09-14 14:49:04,1967119892956188685,False
1967119897217601600,1967119895388884998,1967119892838748199,1,1784410,2025-09-14 04:31:04,1967119892956188681,2025-09-14 04:38:04,1967119892956188684,False
1967119897217601601,1967119895388884999,1967119892830359570,2,41747,2025-09-14 04:31:04,1967119892956188681,2025-09-14 04:38:04,1967119892956188684,False
1967119897217601602,1967119895393079296,1967119892838748177,2,164486,2025-09-14 06:26:04,1967119892956188685,2025-09-14 06:34:04,1967119892956188684,False
1967119897246961664,1967119895393079297,1967119892838748186,1,13923,2025-09-14 06:26:04,1967119892956188685,2025-09-14 06:34:04,1967119892956188684,False
1967119897246961665,1967119895393079298,1967119892834553887,2,64599,2025-09-14 05:21:04,1967119892956188678,2025-09-14 05:26:04,1967119892956188683,False
1967119897246961666,1967119895393079299,1967119892838748224,3,36003,2025-09-14 05:21:04,1967119892956188678,2025-09-14 05:26:04,1967119892956188683,False
1967119897251155968,1967119895393079300,1967119892830359591,1,20336,2025-09-14 05:21:04,1967119892956188678,2025-09-14 05:26:04,1967119892956188683,False
1967119897251155969,1967119895393079300,1967119892838748265,1,20336,2025-09-14 05:21:04,1967119892956188678,2025-09-14 05:26:04,1967119892956188683,False
1967119897251155970,1967119895393079301,1967119892834553868,1,579715,2025-09-14 05:21:04,1967119892956188678,2025-09-14 05:26:04,1967119892956188683,False
1967119897251155971,1967119895397273600,1967119892838748180,1,31320,2025-09-14 05:22:04,1967119892956188680,2025-09-14 05:31:04,1967119892956188680,False
1967119897251155972,1967119895397273601,1967119892838748229,1,63701,2025-09-14 05:22:04,1967119892956188680,2025-09-14 05:31:04,1967119892956188680,False
1967119897251155973,1967119895397273602,1967119892834553891,1,200012,2025-09-14 05:22:04,1967119892956188680,2025-09-14 05:31:04,1967119892956188680,False
1967119897251155974,1967119895397273603,1967119892834553889,2,174609,2025-09-14 17:11:04,1967119892956188681,2025-09-14 17:23:04,1967119892956188684,False
1967119897251155975,1967119895397273604,1967119892838748187,1,13923,2025-09-14 17:11:04,1967119892956188681,2025-09-14 17:23:04,1967119892956188684,False
1967119897251155976,1967119895401467904,1967119892834553904,1,36069,2025-09-14 00:57:04,1967119892956188678,2025-09-14 01:11:04,1967119892956188679,False
1967119897251155977,1967119895401467905,1967119892830359642,1,24224,2025-09-14 19:47:04,1967119892956188685,2025-09-14 19:57:04,1967119892956188683,False
1967119897251155978,1967119895401467906,1967119892838748217,2,179379,2025-09-14 19:47:04,1967119892956188685,2025-09-14 19:57:04,1967119892956188683,False
1967119897251155979,1967119895401467907,1967119892830359564,2,46936,2025-09-14 21:21:04,1967119892956188680,2025-09-14 21:30:04,1967119892956188679,False
1967119897251155980,1967119895401467908,1967119892838748162,1,190755,2025-09-14 21:21:04,1967119892956188680,2025-09-14 21:30:04,1967119892956188679,False
1967119897251155981,1967119895405662208,1967119892830359572,1,36003,2025-09-14 16:54:04,1967119892956188684,2025-09-14 17:04:04,1967119892956188685,False
1967119897251155982,1967119895405662208,1967119892838748282,1,36003,2025-09-14 16:54:04,1967119892956188684,2025-09-14 17:04:04,1967119892956188685,False
1967119897251155983,1967119895405662209,1967119892834553922,1,47110,2025-09-14 16:54:04,1967119892956188684,2025-09-14 17:04:04,1967119892956188685,False
1967119897251155984,1967119895405662210,1967119892838748169,1,15189,2025-09-14 08:13:04,1967119892956188681,2025-09-14 08:25:04,1967119892956188681,False
1967119897251155985,1967119895405662211,1967119892838748167,1,200012,2025-09-14 08:13:04,1967119892956188681,2025-09-14 08:25:04,1967119892956188681,False
1967119897251155986,1967119895405662212,1967119892838748189,1,13923,2025-09-14 08:13:04,1967119892956188681,2025-09-14 08:25:04,1967119892956188681,False
1967119897251155987,1967119895405662213,1967119892830359631,3,313913,2025-09-14 08:13:04,1967119892956188681,2025-09-14 08:25:04,1967119892956188681,False
1967119897251155988,1967119895405662214,1967119892838748167,1,174609,2025-09-14 08:13:04,1967119892956188681,2025-09-14 08:25:04,1967119892956188681,False
1967119897251155989,1967119895405662215,1967119892838748256,2,43327,2025-09-14 08:13:04,1967119892956188681,2025-09-14 08:25:04,1967119892956188681,False
1967119897251155990,1967119895409856512,1967119892834553904,2,14279,2025-09-14 01:51:04,1967119892956188681,2025-09-14 02:02:04,1967119892956188683,False
1967119897251155991,1967119895409856513,1967119892838748250,1,72048,2025-09-14 01:51:04,1967119892956188681,2025-09-14 02:02:04,1967119892956188683,False
1967119897251155992,1967119895409856513,1967119892838748257,1,72048,2025-09-14 01:51:04,1967119892956188681,2025-09-14 02:02:04,1967119892956188683,False
1967119897251155993,1967119895409856514,1967119892834553904,1,36069,2025-09-14 01:51:04,1967119892956188681,2025-09-14 02:02:04,1967119892956188683,False
1967119897251155994,1967119895409856515,1967119892830359597,1,1209511,2025-09-14 01:51:04,1967119892956188681,2025-09-14 02:02:04,1967119892956188683,False
1967119897251155995,1967119895409856516,1967119892838748255,1,83586,2025-09-14 05:06:04,1967119892956188678,2025-09-14 05:13:04,1967119892956188685,False
1967119897251155996,1967119895409856517,1967119892838748181,5,15189,2025-09-14 05:06:04,1967119892956188678,2025-09-14 05:13:04,1967119892956188685,False
1967119897251155997,1967119895409856518,1967119892838748165,2,313913,2025-09-14 05:06:04,1967119892956188678,2025-09-14 05:13:04,1967119892956188685,False
1967119897251155998,1967119895409856519,1967119892838748181,1,19254,2025-09-14 05:06:04,1967119892956188678,2025-09-14 05:13:04,1967119892956188685,False
1967119897251155999,1967119895414050816,1967119892830359557,2,83586,2025-09-14 07:17:04,1967119892956188678,2025-09-14 07:20:04,1967119892956188679,False
1967119897251156000,1967119895414050817,1967119892834553931,1,179379,2025-09-14 07:17:04,1967119892956188678,2025-09-14 07:20:04,1967119892956188679,False
1967119897251156001,1967119895414050818,1967119892838748190,1,24111,2025-09-14 07:17:04,1967119892956188678,2025-09-14 07:20:04,1967119892956188679,False
1967119897251156002,1967119895414050819,1967119892838748292,1,74235,2025-09-14 04:48:04,1967119892956188684,2025-09-14 04:54:04,1967119892956188681,False
1967119897251156003,1967119895414050820,1967119892838748256,1,43327,2025-09-14 04:48:04,1967119892956188684,2025-09-14 04:54:04,1967119892956188681,False
1967119897251156004,1967119895414050821,1967119892838748237,4,41747,2025-09-14 04:48:04,1967119892956188684,2025-09-14 04:54:04,1967119892956188681,False
1967119897251156005,1967119895414050822,1967119892838748177,1,164486,2025-09-14 08:33:04,1967119892956188679,2025-09-14 08:39:04,1967119892956188679,False
1967119897251156006,1967119895414050823,1967119892834553904,1,36069,2025-09-14 08:33:04,1967119892956188679,2025-09-14 08:39:04,1967119892956188679,False
1967119897251156007,1967119895414050823,1967119892838748176,1,36069,2025-09-14 08:33:04,1967119892956188679,2025-09-14 08:39:04,1967119892956188679,False
1967119897251156008,1967119895418245120,1967119892838748183,1,31320,2025-09-14 20:28:04,1967119892956188685,2025-09-14 20:32:04,1967119892956188679,False
1967119897251156009,1967119895418245120,1967119892838748285,2,31320,2025-09-14 20:28:04,1967119892956188685,2025-09-14 20:32:04,1967119892956188679,False
1967119897251156010,1967119895418245121,1967119892830359566,1,14279,2025-09-14 20:28:04,1967119892956188685,2025-09-14 20:32:04,1967119892956188679,False
1967119897251156011,1967119895418245122,1967119892838748285,1,31459,2025-09-14 20:28:04,1967119892956188685,2025-09-14 20:32:04,1967119892956188679,False
1967119897251156012,1967119895418245123,1967119892838748272,1,801117,2025-09-15 21:39:04,1967119892956188678,2025-09-15 21:46:04,1967119892956188681,False
1967119897251156013,1967119895418245124,1967119892830359585,1,24111,2025-09-15 21:39:04,1967119892956188678,2025-09-15 21:46:04,1967119892956188681,False
1967119897251156014,1967119895422439424,1967119892830359623,1,61022,2025-09-15 06:03:04,1967119892956188681,2025-09-15 06:10:04,1967119892956188682,False
1967119897251156015,1967119895422439425,1967119892838748264,1,20336,2025-09-15 06:03:04,1967119892956188681,2025-09-15 06:10:04,1967119892956188682,False
1967119897251156016,1967119895422439426,1967119892834553881,1,15189,2025-09-15 06:03:04,1967119892956188681,2025-09-15 06:10:04,1967119892956188682,False
1967119897251156017,1967119895422439427,1967119892834553905,1,14367,2025-09-15 06:03:04,1967119892956188681,2025-09-15 06:10:04,1967119892956188682,False
1967119897251156018,1967119895422439428,1967119892834553891,2,190755,2025-09-15 19:14:04,1967119892956188680,2025-09-15 19:29:04,1967119892956188684,False
1967119897251156019,1967119895426633728,1967119892838748190,2,24111,2025-09-15 00:37:04,1967119892956188683,2025-09-15 00:44:04,1967119892956188682,False
1967119897251156020,1967119895426633729,1967119892838748186,3,13923,2025-09-15 00:37:04,1967119892956188683,2025-09-15 00:44:04,1967119892956188682,False
1967119897251156021,1967119895426633729,1967119892838748190,1,13923,2025-09-15 00:37:04,1967119892956188683,2025-09-15 00:44:04,1967119892956188682,False
1967119897251156022,1967119895426633730,1967119892834553924,1,1321538,2025-09-15 00:37:04,1967119892956188683,2025-09-15 00:44:04,1967119892956188682,False
1967119897251156023,1967119895426633731,1967119892838748186,1,13923,2025-09-15 20:15:04,1967119892956188680,2025-09-15 20:18:04,1967119892956188685,False
1967119897251156024,1967119895426633732,1967119892830359579,2,376835,2025-09-15 20:15:04,1967119892956188680,2025-09-15 20:18:04,1967119892956188685,False
1967119897251156025,1967119895426633732,1967119892834553919,1,376835,2025-09-15 20:15:04,1967119892956188680,2025-09-15 20:18:04,1967119892956188685,False
1967119897251156026,1967119895430828032,1967119892834553904,1,36069,2025-09-15 04:59:04,1967119892956188682,2025-09-15 05:03:04,1967119892956188682,False
1967119897251156027,1967119895430828033,1967119892834553889,1,376835,2025-09-15 05:26:04,1967119892956188679,2025-09-15 05:38:04,1967119892956188678,False
1967119897251156028,1967119895435022336,1967119892830359607,1,14367,2025-09-15 03:23:04,1967119892956188678,2025-09-15 03:38:04,1967119892956188682,False
1967119897251156029,1967119895435022336,1967119892838748289,1,14367,2025-09-15 03:23:04,1967119892956188678,2025-09-15 03:38:04,1967119892956188682,False
1967119897251156030,1967119895435022337,1967119892838748281,1,421451,2025-09-15 10:49:04,1967119892956188680,2025-09-15 10:56:04,1967119892956188680,False
1967119897251156031,1967119895435022338,1967119892830359572,1,36003,2025-09-15 20:01:04,1967119892956188679,2025-09-15 20:02:04,1967119892956188678,False
1967119897251156032,1967119895435022338,1967119892838748282,1,36003,2025-09-15 20:01:04,1967119892956188679,2025-09-15 20:02:04,1967119892956188678,False
1967119897251156033,1967119895435022339,1967119892838748194,5,46936,2025-09-15 20:01:04,1967119892956188679,2025-09-15 20:02:04,1967119892956188678,False
1967119897251156034,1967119895435022340,1967119892834553889,1,376835,2025-09-15 20:01:04,1967119892956188679,2025-09-15 20:02:04,1967119892956188678,False
1967119897251156035,1967119895439216640,1967119892830359614,1,79693,2025-09-16 19:21:04,1967119892956188684,2025-09-16 19:22:04,1967119892956188682,False
1967119897251156036,1967119895439216641,1967119892838748165,1,190755,2025-09-16 15:42:04,1967119892956188680,2025-09-16 15:56:04,1967119892956188681,False
1967119897251156037,1967119895439216642,1967119892838748302,1,174609,2025-09-16 15:42:04,1967119892956188680,2025-09-16 15:56:04,1967119892956188681,False
1967119897251156038,1967119895439216643,1967119892830359596,1,1209511,2025-09-16 15:42:04,1967119892956188680,2025-09-16 15:56:04,1967119892956188681,False
1967119897284710400,1967119895439216644,1967119892838748248,3,72048,2025-09-16 15:42:04,1967119892956188680,2025-09-16 15:56:04,1967119892956188681,False
1967119897284710401,1967119895443410944,1967119892834553924,1,1321538,2025-09-16 09:08:04,1967119892956188679,2025-09-16 09:19:04,1967119892956188683,False
1967119897284710402,1967119895443410945,1967119892830359557,1,83586,2025-09-16 09:08:04,1967119892956188679,2025-09-16 09:19:04,1967119892956188683,False
1967119897284710403,1967119895443410946,1967119892830359606,1,376835,2025-09-16 20:51:04,1967119892956188680,2025-09-16 20:54:04,1967119892956188685,False
1967119897284710404,1967119895443410946,1967119892834553887,1,376835,2025-09-16 20:51:04,1967119892956188680,2025-09-16 20:54:04,1967119892956188685,False
1967119897284710405,1967119895447605248,1967119892830359582,1,61022,2025-09-16 19:26:04,1967119892956188684,2025-09-16 19:32:04,1967119892956188685,False
1967119897284710406,1967119895447605249,1967119892830359630,1,20336,2025-09-16 19:26:04,1967119892956188684,2025-09-16 19:32:04,1967119892956188685,False
1967119897284710407,1967119895447605250,1967119892838748194,1,46936,2025-09-16 02:17:04,1967119892956188680,2025-09-16 02:28:04,1967119892956188682,False
1967119897284710408,1967119895447605250,1967119892838748266,2,46936,2025-09-16 02:17:04,1967119892956188680,2025-09-16 02:28:04,1967119892956188682,False
1967119897284710409,1967119895447605251,1967119892830359572,1,36069,2025-09-16 02:17:04,1967119892956188680,2025-09-16 02:28:04,1967119892956188682,False
1967119897284710410,1967119895447605251,1967119892830359566,1,36069,2025-09-16 02:17:04,1967119892956188680,2025-09-16 02:28:04,1967119892956188682,False
1967119897284710411,1967119895447605251,1967119892830359630,1,36069,2025-09-16 02:17:04,1967119892956188680,2025-09-16 02:28:04,1967119892956188682,False
1967119897284710412,1967119895451799552,1967119892830359554,4,52149,2025-09-16 03:04:04,1967119892956188680,2025-09-16 03:18:04,1967119892956188679,False
1967119897284710413,1967119895451799553,1967119892838748291,1,74235,2025-09-16 03:04:04,1967119892956188680,2025-09-16 03:18:04,1967119892956188679,False
1967119897284710414,1967119895451799554,1967119892830359595,1,1209511,2025-09-16 03:04:04,1967119892956188680,2025-09-16 03:18:04,1967119892956188679,False
1967119897284710415,1967119895451799555,1967119892830359558,2,86881,2025-09-16 03:04:04,1967119892956188680,2025-09-16 03:18:04,1967119892956188679,False
1967119897284710416,1967119895451799556,1967119892830359558,2,50952,2025-09-16 03:04:04,1967119892956188680,2025-09-16 03:18:04,1967119892956188679,False
1967119897284710417,1967119895451799557,1967119892834553881,1,15189,2025-09-16 03:04:04,1967119892956188680,2025-09-16 03:18:04,1967119892956188679,False
1967119897284710418,1967119895451799558,1967119892838748190,1,24111,2025-09-17 20:10:04,1967119892956188684,2025-09-17 20:25:04,1967119892956188678,False
1967119897284710419,1967119895451799559,1967119892838748180,2,15189,2025-09-17 20:10:04,1967119892956188684,2025-09-17 20:25:04,1967119892956188678,False
1967119897284710420,1967119895451799560,1967119892830359598,3,14367,2025-09-17 20:10:04,1967119892956188684,2025-09-17 20:25:04,1967119892956188678,False
1967119897284710421,1967119895451799561,1967119892834553891,1,47110,2025-09-17 20:10:04,1967119892956188684,2025-09-17 20:25:04,1967119892956188678,False
1967119897284710422,1967119895455993856,1967119892838748248,1,72048,2025-09-17 21:56:04,1967119892956188683,2025-09-17 22:08:04,1967119892956188681,False
1967119897284710423,1967119895455993857,1967119892830359555,1,31320,2025-09-17 21:56:04,1967119892956188683,2025-09-17 22:08:04,1967119892956188681,False
1967119897284710424,1967119895455993858,1967119892838748180,1,15189,2025-09-17 07:39:04,1967119892956188682,2025-09-17 07:52:04,1967119892956188678,False
1967119897284710425,1967119895455993859,1967119892838748283,1,36003,2025-09-17 06:10:04,1967119892956188685,2025-09-17 06:15:04,1967119892956188682,False
1967119897284710426,1967119895455993860,1967119892838748184,1,19254,2025-09-17 06:10:04,1967119892956188685,2025-09-17 06:15:04,1967119892956188682,False
1967119897284710427,1967119895455993860,1967119892834553915,1,19254,2025-09-17 06:10:04,1967119892956188685,2025-09-17 06:15:04,1967119892956188682,False
1967119897284710428,1967119895460188160,1967119892830359553,2,31035,2025-09-17 07:34:04,1967119892956188683,2025-09-17 07:36:04,1967119892956188685,False
1967119897284710429,1967119895460188161,1967119892838748162,2,190755,2025-09-17 07:34:04,1967119892956188683,2025-09-17 07:36:04,1967119892956188685,False
1967119897284710430,1967119895460188162,1967119892830359606,2,200012,2025-09-17 07:34:04,1967119892956188683,2025-09-17 07:36:04,1967119892956188685,False
1967119897284710431,1967119895460188163,1967119892838748189,1,13923,2025-09-17 04:04:04,1967119892956188679,2025-09-17 04:13:04,1967119892956188683,False
1967119897284710432,1967119895460188164,1967119892838748292,2,579715,2025-09-17 04:04:04,1967119892956188679,2025-09-17 04:13:04,1967119892956188683,False
1967119897284710433,1967119895460188165,1967119892838748169,1,24111,2025-09-17 04:04:04,1967119892956188679,2025-09-17 04:13:04,1967119892956188683,False
1967119897284710434,1967119895460188165,1967119892838748189,1,24111,2025-09-17 04:04:04,1967119892956188679,2025-09-17 04:13:04,1967119892956188683,False
1967119897284710435,1967119895464382464,1967119892838748221,1,579715,2025-09-17 02:00:04,1967119892956188681,2025-09-17 02:15:04,1967119892956188682,False
1967119897284710436,1967119895464382465,1967119892838748183,1,19254,2025-09-17 02:00:04,1967119892956188681,2025-09-17 02:15:04,1967119892956188682,False
1967119897284710437,1967119895464382466,1967119892838748194,1,46936,2025-09-17 02:00:04,1967119892956188681,2025-09-17 02:15:04,1967119892956188682,False
1967119897284710438,1967119895464382467,1967119892834553889,1,64599,2025-09-17 02:00:04,1967119892956188681,2025-09-17 02:15:04,1967119892956188682,False
1967119897284710439,1967119895464382467,1967119892838748311,1,64599,2025-09-17 02:00:04,1967119892956188681,2025-09-17 02:15:04,1967119892956188682,False
1967119897284710440,1967119895464382468,1967119892830359636,1,512311,2025-09-17 02:00:04,1967119892956188681,2025-09-17 02:15:04,1967119892956188682,False
1967119897284710441,1967119895464382469,1967119892838748164,3,190755,2025-09-17 07:57:04,1967119892956188683,2025-09-17 08:12:04,1967119892956188681,False
1967119897284710442,1967119895468576768,1967119892830359572,1,41747,2025-09-17 00:52:04,1967119892956188682,2025-09-17 00:56:04,1967119892956188680,False
1967119897284710443,1967119895468576768,1967119892838748266,1,41747,2025-09-17 00:52:04,1967119892956188682,2025-09-17 00:56:04,1967119892956188680,False
1967119897284710444,1967119895468576769,1967119892830359636,2,74235,2025-09-17 00:52:04,1967119892956188682,2025-09-17 00:56:04,1967119892956188680,False
1967119897284710445,1967119895468576770,1967119892838748190,1,24111,2025-09-17 12:13:04,1967119892956188678,2025-09-17 12:15:04,1967119892956188681,False
1967119897284710446,1967119895468576771,1967119892834553891,3,190755,2025-09-17 12:13:04,1967119892956188678,2025-09-17 12:15:04,1967119892956188681,False
1967119897284710447,1967119895472771072,1967119892838748183,2,31320,2025-09-18 08:12:04,1967119892956188683,2025-09-18 08:18:04,1967119892956188684,False
1967119897284710448,1967119895472771072,1967119892838748285,1,31320,2025-09-18 08:12:04,1967119892956188683,2025-09-18 08:18:04,1967119892956188684,False
1967119897284710449,1967119895472771073,1967119892834553889,1,174609,2025-09-18 08:12:04,1967119892956188683,2025-09-18 08:18:04,1967119892956188684,False
1967119897284710450,1967119895472771074,1967119892830359572,1,41747,2025-09-18 08:12:04,1967119892956188683,2025-09-18 08:18:04,1967119892956188684,False
1967119897284710451,1967119895472771074,1967119892838748266,1,41747,2025-09-18 08:12:04,1967119892956188683,2025-09-18 08:18:04,1967119892956188684,False
1967119897284710452,1967119895472771075,1967119892834553926,1,93868,2025-09-18 08:12:04,1967119892956188683,2025-09-18 08:18:04,1967119892956188684,False
1967119897284710453,1967119895472771076,1967119892830359630,1,20336,2025-09-18 08:12:04,1967119892956188683,2025-09-18 08:18:04,1967119892956188684,False
1967119897284710454,1967119895472771077,1967119892830359572,1,36003,2025-09-18 08:12:04,1967119892956188683,2025-09-18 08:18:04,1967119892956188684,False
1967119897284710455,1967119895472771077,1967119892838748282,2,36003,2025-09-18 08:12:04,1967119892956188683,2025-09-18 08:18:04,1967119892956188684,False
1967119897284710456,1967119895472771078,1967119892838748183,2,15189,2025-09-18 08:03:04,1967119892956188678,2025-09-18 08:08:04,1967119892956188683,False
1967119897284710457,1967119895472771079,1967119892830359636,1,74235,2025-09-18 08:03:04,1967119892956188678,2025-09-18 08:08:04,1967119892956188683,False
1967119897284710458,1967119895476965376,1967119892830359581,1,200012,2025-09-18 21:21:04,1967119892956188678,2025-09-18 21:27:04,1967119892956188680,False
1967119897284710459,1967119895476965377,1967119892830359630,1,52401,2025-09-18 21:21:04,1967119892956188678,2025-09-18 21:27:04,1967119892956188680,False
1967119897284710460,1967119895476965378,1967119892830359572,1,52149,2025-09-18 21:21:04,1967119892956188678,2025-09-18 21:27:04,1967119892956188680,False
1967119897284710461,1967119895476965378,1967119892838748213,1,52149,2025-09-18 21:21:04,1967119892956188678,2025-09-18 21:27:04,1967119892956188680,False
1967119897284710462,1967119895476965379,1967119892834553889,1,174609,2025-09-18 04:01:04,1967119892956188681,2025-09-18 04:07:04,1967119892956188684,False
1967119897284710463,1967119895476965380,1967119892834553889,1,64599,2025-09-18 04:01:04,1967119892956188681,2025-09-18 04:07:04,1967119892956188684,False
1967119897284710464,1967119895476965380,1967119892838748311,1,64599,2025-09-18 04:01:04,1967119892956188681,2025-09-18 04:07:04,1967119892956188684,False
1967119897284710465,1967119895476965381,1967119892830359630,1,52401,2025-09-18 04:01:04,1967119892956188681,2025-09-18 04:07:04,1967119892956188684,False
1967119897284710466,1967119895476965382,1967119892834553891,2,200012,2025-09-18 06:29:04,1967119892956188682,2025-09-18 06:36:04,1967119892956188679,False
1967119897284710467,1967119895476965383,1967119892838748190,2,24111,2025-09-18 06:29:04,1967119892956188682,2025-09-18 06:36:04,1967119892956188679,False
1967119897284710468,1967119895485353984,1967119892830359555,1,31320,2025-09-18 10:20:04,1967119892956188679,2025-09-18 10:30:04,1967119892956188684,False
1967119897284710469,1967119895485353985,1967119892838748187,1,13923,2025-09-18 19:31:04,1967119892956188682,2025-09-18 19:43:04,1967119892956188678,False
1967119897284710470,1967119895485353986,1967119892830359572,1,36069,2025-09-18 19:31:04,1967119892956188682,2025-09-18 19:43:04,1967119892956188678,False
1967119897284710471,1967119895489548288,1967119892830359572,2,41747,2025-09-18 04:03:04,1967119892956188679,2025-09-18 04:05:04,1967119892956188683,False
1967119897284710472,1967119895489548288,1967119892838748266,1,41747,2025-09-18 04:03:04,1967119892956188679,2025-09-18 04:05:04,1967119892956188683,False
1967119897284710473,1967119895489548289,1967119892838748219,1,1244169,2025-09-18 04:03:04,1967119892956188679,2025-09-18 04:05:04,1967119892956188683,False
1967119897284710474,1967119895489548290,1967119892830359642,1,24224,2025-09-18 04:03:04,1967119892956188679,2025-09-18 04:05:04,1967119892956188683,False
1967119897284710475,1967119895489548291,1967119892830359572,1,36069,2025-09-18 04:03:04,1967119892956188679,2025-09-18 04:05:04,1967119892956188683,False
1967119897284710476,1967119895489548292,1967119892830359634,1,1631430,2025-09-18 15:00:04,1967119892956188681,2025-09-18 15:05:04,1967119892956188678,False
1967119897284710477,1967119895489548293,1967119892838748271,1,801117,2025-09-18 15:00:04,1967119892956188681,2025-09-18 15:05:04,1967119892956188678,False
1967119897284710478,1967119895489548294,1967119892834553905,2,14279,2025-09-18 15:00:04,1967119892956188681,2025-09-18 15:05:04,1967119892956188678,False
1967119897318264832,1967119895489548295,1967119892830359630,1,20336,2025-09-18 15:24:04,1967119892956188685,2025-09-18 15:39:04,1967119892956188685,False
1967119897318264833,1967119895493742592,1967119892834553868,1,579715,2025-09-19 15:38:04,1967119892956188678,2025-09-19 15:46:04,1967119892956188685,False
1967119897318264834,1967119895493742593,1967119892830359591,1,20336,2025-09-19 15:38:04,1967119892956188678,2025-09-19 15:46:04,1967119892956188685,False
1967119897318264835,1967119895493742593,1967119892838748265,1,20336,2025-09-19 15:38:04,1967119892956188678,2025-09-19 15:46:04,1967119892956188685,False
1967119897318264836,1967119895493742594,1967119892830359591,1,49375,2025-09-19 15:38:04,1967119892956188678,2025-09-19 15:46:04,1967119892956188685,False
1967119897318264837,1967119895493742595,1967119892838748160,1,25561,2025-09-19 15:38:04,1967119892956188678,2025-09-19 15:46:04,1967119892956188685,False
1967119897318264838,1967119895493742596,1967119892834553889,3,421451,2025-09-19 08:44:04,1967119892956188682,2025-09-19 08:58:04,1967119892956188680,False
1967119897318264839,1967119895493742597,1967119892830359572,1,36069,2025-09-19 08:44:04,1967119892956188682,2025-09-19 08:58:04,1967119892956188680,False
1967119897318264840,1967119895493742598,1967119892834553889,3,174609,2025-09-19 08:44:04,1967119892956188682,2025-09-19 08:58:04,1967119892956188680,False
1967119897318264841,1967119895497936896,1967119892838748183,1,19254,2025-09-19 12:56:04,1967119892956188682,2025-09-19 13:05:04,1967119892956188678,False
1967119897318264842,1967119895497936896,1967119892834553916,1,19254,2025-09-19 12:56:04,1967119892956188682,2025-09-19 13:05:04,1967119892956188678,False
1967119897318264843,1967119895497936897,1967119892830359636,2,38407,2025-09-19 12:56:04,1967119892956188682,2025-09-19 13:05:04,1967119892956188678,False
1967119897318264844,1967119895497936898,1967119892830359636,1,512311,2025-09-19 12:56:04,1967119892956188682,2025-09-19 13:05:04,1967119892956188678,False
1967119897318264845,1967119895497936899,1967119892834553889,2,421451,2025-09-19 12:56:04,1967119892956188682,2025-09-19 13:05:04,1967119892956188678,False
1967119897318264846,1967119895497936900,1967119892830359631,2,47110,2025-09-19 19:58:04,1967119892956188684,2025-09-19 20:10:04,1967119892956188680,False
1967119897318264847,1967119895497936900,1967119892834553908,1,47110,2025-09-19 19:58:04,1967119892956188684,2025-09-19 20:10:04,1967119892956188680,False
1967119897318264848,1967119895497936901,1967119892838748169,2,15189,2025-09-19 19:58:04,1967119892956188684,2025-09-19 20:10:04,1967119892956188680,False
1967119897318264849,1967119895497936902,1967119892838748237,2,14279,2025-09-19 19:58:04,1967119892956188684,2025-09-19 20:10:04,1967119892956188680,False
1967119897318264850,1967119895497936903,1967119892838748167,2,200012,2025-09-19 19:58:04,1967119892956188684,2025-09-19 20:10:04,1967119892956188680,False
1967119897318264851,1967119895497936904,1967119892838748189,2,31320,2025-09-19 19:58:04,1967119892956188684,2025-09-19 20:10:04,1967119892956188680,False
1967119897318264852,1967119895497936905,1967119892838748201,1,164486,2025-09-19 19:58:04,1967119892956188684,2025-09-19 20:10:04,1967119892956188680,False
1967119897318264853,1967119895497936906,1967119892830359572,2,36069,2025-09-19 07:37:04,1967119892956188680,2025-09-19 07:42:04,1967119892956188683,False
1967119897318264854,1967119895497936906,1967119892830359566,1,36069,2025-09-19 07:37:04,1967119892956188680,2025-09-19 07:42:04,1967119892956188683,False
1967119897318264855,1967119895497936907,1967119892838748285,1,31459,2025-09-19 07:37:04,1967119892956188680,2025-09-19 07:42:04,1967119892956188683,False
1967119897318264856,1967119895497936908,1967119892834553889,1,376835,2025-09-19 07:37:04,1967119892956188680,2025-09-19 07:42:04,1967119892956188683,False
1967119897318264857,1967119895502131200,1967119892838748264,2,20336,2025-09-19 08:17:04,1967119892956188679,2025-09-19 08:30:04,1967119892956188682,False
1967119897318264858,1967119895502131201,1967119892830359614,1,79693,2025-09-19 08:17:04,1967119892956188679,2025-09-19 08:30:04,1967119892956188682,False
1967119897318264859,1967119895502131202,1967119892838748271,1,179379,2025-09-19 08:17:04,1967119892956188679,2025-09-19 08:30:04,1967119892956188682,False
1967119897318264860,1967119895502131203,1967119892830359558,1,86881,2025-09-19 08:17:04,1967119892956188679,2025-09-19 08:30:04,1967119892956188682,False
1967119897318264861,1967119895502131204,1967119892830359623,1,61022,2025-09-19 08:17:04,1967119892956188679,2025-09-19 08:30:04,1967119892956188682,False
1967119897318264862,1967119895502131205,1967119892838748283,1,36003,2025-09-19 08:17:04,1967119892956188679,2025-09-19 08:30:04,1967119892956188682,False
1967119897318264863,1967119895506325504,1967119892838748209,1,1072384,2025-09-19 14:26:04,1967119892956188682,2025-09-19 14:41:04,1967119892956188680,False
1967119897318264864,1967119895506325505,1967119892838748167,1,190755,2025-09-19 14:26:04,1967119892956188682,2025-09-19 14:41:04,1967119892956188680,False
1967119897318264865,1967119895506325506,1967119892830359574,1,94845,2025-09-19 14:26:04,1967119892956188682,2025-09-19 14:41:04,1967119892956188680,False
1967119897318264866,1967119895506325507,1967119892838748184,1,31320,2025-09-19 03:25:04,1967119892956188684,2025-09-19 03:32:04,1967119892956188681,False
1967119897318264867,1967119895506325508,1967119892838748291,1,74235,2025-09-19 03:25:04,1967119892956188684,2025-09-19 03:32:04,1967119892956188681,False
1967119897318264868,1967119895506325509,1967119892838748271,3,801117,2025-09-19 03:25:04,1967119892956188684,2025-09-19 03:32:04,1967119892956188681,False
1967119897318264869,1967119895506325510,1967119892834553889,3,376835,2025-09-19 01:25:04,1967119892956188685,2025-09-19 01:35:04,1967119892956188680,False
1967119897318264870,1967119895506325511,1967119892838748187,1,13923,2025-09-19 01:25:04,1967119892956188685,2025-09-19 01:35:04,1967119892956188680,False
1967119897318264871,1967119895506325512,1967119892834553889,2,421451,2025-09-19 01:25:04,1967119892956188685,2025-09-19 01:35:04,1967119892956188680,False
1967119897318264872,1967119895506325512,1967119892834553900,1,421451,2025-09-19 01:25:04,1967119892956188685,2025-09-19 01:35:04,1967119892956188680,False
1967119897318264873,1967119895506325513,1967119892830359572,1,36069,2025-09-19 01:25:04,1967119892956188685,2025-09-19 01:35:04,1967119892956188680,False
1967119897318264874,1967119895506325513,1967119892830359566,1,36069,2025-09-19 01:25:04,1967119892956188685,2025-09-19 01:35:04,1967119892956188680,False
1967119897318264875,1967119895506325513,1967119892830359630,1,36069,2025-09-19 01:25:04,1967119892956188685,2025-09-19 01:35:04,1967119892956188680,False
1967119897318264876,1967119895506325514,1967119892838748262,2,49375,2025-09-19 20:21:04,1967119892956188680,2025-09-19 20:30:04,1967119892956188680,False
1967119897318264877,1967119895506325515,1967119892830359626,1,179379,2025-09-19 20:21:04,1967119892956188680,2025-09-19 20:30:04,1967119892956188680,False
1967119897318264878,1967119895506325515,1967119892834553932,1,179379,2025-09-19 20:21:04,1967119892956188680,2025-09-19 20:30:04,1967119892956188680,False
1967119897318264879,1967119895506325515,1967119892838748272,2,179379,2025-09-19 20:21:04,1967119892956188680,2025-09-19 20:30:04,1967119892956188680,False
1967119897318264880,1967119895510519808,1967119892838748180,1,15189,2025-09-19 13:40:04,1967119892956188680,2025-09-19 13:51:04,1967119892956188682,False
1967119897318264881,1967119895510519809,1967119892834553904,1,14279,2025-09-19 13:40:04,1967119892956188680,2025-09-19 13:51:04,1967119892956188682,False
1967119897318264882,1967119895510519810,1967119892834553891,1,200012,2025-09-19 13:40:04,1967119892956188680,2025-09-19 13:51:04,1967119892956188682,False
1967119897318264883,1967119895514714112,1967119892834553894,3,64599,2025-09-19 09:13:04,1967119892956188681,2025-09-19 09:22:04,1967119892956188685,False
1967119897318264884,1967119895514714113,1967119892838748177,3,164486,2025-09-19 09:13:04,1967119892956188681,2025-09-19 09:22:04,1967119892956188685,False
1967119897318264885,1967119895514714114,1967119892834553904,1,36069,2025-09-19 09:13:04,1967119892956188681,2025-09-19 09:22:04,1967119892956188685,False
1967119897318264886,1967119895514714114,1967119892838748176,1,36069,2025-09-19 09:13:04,1967119892956188681,2025-09-19 09:22:04,1967119892956188685,False
1967119897318264887,1967119895514714115,1967119892830359597,1,1244169,2025-09-19 00:43:04,1967119892956188678,2025-09-19 00:50:04,1967119892956188680,False
1967119897318264888,1967119895514714116,1967119892838748288,1,31459,2025-09-19 00:43:04,1967119892956188678,2025-09-19 00:50:04,1967119892956188680,False
1967119897318264889,1967119895514714117,1967119892834553919,1,313913,2025-09-19 00:43:04,1967119892956188678,2025-09-19 00:50:04,1967119892956188680,False
1967119897318264890,1967119895518908416,1967119892830359557,1,421451,2025-09-19 23:56:04,1967119892956188684,2025-09-20 00:09:04,1967119892956188681,False
1967119897318264891,1967119895518908416,1967119892834553902,2,421451,2025-09-19 23:56:04,1967119892956188684,2025-09-20 00:09:04,1967119892956188681,False
1967119897318264892,1967119895518908417,1967119892838748180,2,15189,2025-09-19 23:56:04,1967119892956188684,2025-09-20 00:09:04,1967119892956188681,False
1967119897318264893,1967119895518908418,1967119892830359557,1,83586,2025-09-19 23:56:04,1967119892956188684,2025-09-20 00:09:04,1967119892956188681,False
1967119897318264894,1967119895518908419,1967119892838748180,3,31320,2025-09-19 23:56:04,1967119892956188684,2025-09-20 00:09:04,1967119892956188681,False
1967119897318264895,1967119895518908420,1967119892834553894,3,64599,2025-09-19 23:56:04,1967119892956188684,2025-09-20 00:09:04,1967119892956188681,False
1967119897318264896,1967119895518908421,1967119892838748180,1,19254,2025-09-19 11:15:04,1967119892956188681,2025-09-19 11:23:04,1967119892956188682,False
1967119897318264897,1967119895523102720,1967119892834553874,3,93868,2025-09-19 20:34:04,1967119892956188680,2025-09-19 20:43:04,1967119892956188683,False
1967119897318264898,1967119895523102721,1967119892838748281,1,421451,2025-09-19 20:34:04,1967119892956188680,2025-09-19 20:43:04,1967119892956188683,False
1967119897318264899,1967119895523102722,1967119892838748261,1,46936,2025-09-19 12:14:04,1967119892956188680,2025-09-19 12:29:04,1967119892956188678,False
1967119897318264900,1967119895527297024,1967119892830359573,1,94845,2025-09-19 22:54:04,1967119892956188681,2025-09-19 23:09:04,1967119892956188679,False
1967119897318264901,1967119895527297024,1967119892834553897,1,94845,2025-09-19 22:54:04,1967119892956188681,2025-09-19 23:09:04,1967119892956188679,False
1967119897318264902,1967119895527297024,1967119892838748293,1,94845,2025-09-19 22:54:04,1967119892956188681,2025-09-19 23:09:04,1967119892956188679,False
1967119897318264903,1967119895527297025,1967119892830359558,1,63701,2025-09-19 08:32:04,1967119892956188680,2025-09-19 08:39:04,1967119892956188683,False
1967119897318264904,1967119895527297026,1967119892830359614,1,79693,2025-09-19 08:32:04,1967119892956188680,2025-09-19 08:39:04,1967119892956188683,False
1967119897318264905,1967119895527297027,1967119892838748291,2,38407,2025-09-19 02:56:04,1967119892956188679,2025-09-19 03:06:04,1967119892956188681,False
1967119897351819264,1967119895531491328,1967119892830359582,1,61022,2025-09-19 20:23:04,1967119892956188678,2025-09-19 20:38:04,1967119892956188681,False
1967119897351819265,1967119895531491329,1967119892838748194,1,14367,2025-09-19 20:23:04,1967119892956188678,2025-09-19 20:38:04,1967119892956188681,False
1967119897351819266,1967119895531491330,1967119892830359572,1,36003,2025-09-19 20:23:04,1967119892956188678,2025-09-19 20:38:04,1967119892956188681,False
1967119897356013568,1967119895531491331,1967119892838748194,1,46936,2025-09-19 03:13:04,1967119892956188682,2025-09-19 03:21:04,1967119892956188678,False
1967119897356013569,1967119895531491332,1967119892834553926,1,72048,2025-09-19 03:13:04,1967119892956188682,2025-09-19 03:21:04,1967119892956188678,False
1967119897356013570,1967119895535685632,1967119892834553919,2,313913,2025-09-19 03:35:04,1967119892956188681,2025-09-19 03:44:04,1967119892956188678,False
1967119897356013571,1967119895535685633,1967119892834553904,1,36069,2025-09-19 03:35:04,1967119892956188681,2025-09-19 03:44:04,1967119892956188678,False
1967119897356013572,1967119895535685634,1967119892838748190,1,24111,2025-09-19 03:35:04,1967119892956188681,2025-09-19 03:44:04,1967119892956188678,False
1967119897356013573,1967119895539879936,1967119892838748177,1,164486,2025-09-19 13:32:04,1967119892956188683,2025-09-19 13:36:04,1967119892956188685,False
1967119897356013574,1967119895539879937,1967119892830359558,5,63701,2025-09-20 17:47:04,1967119892956188682,2025-09-20 17:57:04,1967119892956188685,False
1967119897356013575,1967119895544074240,1967119892834553894,1,64599,2025-09-20 08:21:04,1967119892956188681,2025-09-20 08:32:04,1967119892956188685,False
1967119897356013576,1967119895544074241,1967119892838748180,2,31320,2025-09-20 08:21:04,1967119892956188681,2025-09-20 08:32:04,1967119892956188685,False
1967119897356013577,1967119895544074242,1967119892838748190,3,24111,2025-09-20 08:21:04,1967119892956188681,2025-09-20 08:32:04,1967119892956188685,False
1967119897356013578,1967119895544074243,1967119892838748264,2,20336,2025-09-20 05:49:04,1967119892956188683,2025-09-20 05:56:04,1967119892956188682,False
1967119897356013579,1967119895544074244,1967119892838748236,1,41747,2025-09-20 05:49:04,1967119892956188683,2025-09-20 05:56:04,1967119892956188682,False
1967119897356013580,1967119895544074244,1967119892838748267,1,41747,2025-09-20 05:49:04,1967119892956188683,2025-09-20 05:56:04,1967119892956188682,False
1967119897356013581,1967119895544074245,1967119892838748293,4,26443,2025-09-20 19:52:04,1967119892956188678,2025-09-20 20:03:04,1967119892956188684,False
1967119897356013582,1967119895548268544,1967119892838748187,1,13923,2025-09-20 09:58:04,1967119892956188685,2025-09-20 10:06:04,1967119892956188682,False
1967119897356013583,1967119895548268545,1967119892838748183,2,19254,2025-09-20 09:58:04,1967119892956188685,2025-09-20 10:06:04,1967119892956188682,False
1967119897356013584,1967119895548268546,1967119892834553889,1,376835,2025-09-20 09:58:04,1967119892956188685,2025-09-20 10:06:04,1967119892956188682,False
1967119897356013585,1967119895552462848,1967119892838748185,2,24224,2025-09-20 15:48:04,1967119892956188678,2025-09-20 16:01:04,1967119892956188682,False
1967119897356013586,1967119895552462849,1967119892838748184,1,31320,2025-09-20 15:48:04,1967119892956188678,2025-09-20 16:01:04,1967119892956188682,False
1967119897356013587,1967119895552462849,1967119892838748301,1,31320,2025-09-20 15:48:04,1967119892956188678,2025-09-20 16:01:04,1967119892956188682,False
1967119897356013588,1967119895552462850,1967119892838748271,1,801117,2025-09-20 00:38:04,1967119892956188685,2025-09-20 00:52:04,1967119892956188685,False
1967119897356013589,1967119895552462851,1967119892838748289,2,46936,2025-09-20 03:16:04,1967119892956188682,2025-09-20 03:22:04,1967119892956188684,False
1967119897356013590,1967119895552462852,1967119892830359570,2,52149,2025-09-20 03:16:04,1967119892956188682,2025-09-20 03:22:04,1967119892956188684,False
1967119897356013591,1967119895552462852,1967119892830359552,1,52149,2025-09-20 03:16:04,1967119892956188682,2025-09-20 03:22:04,1967119892956188684,False
1967119897356013592,1967119895552462853,1967119892834553909,2,15189,2025-09-20 17:48:04,1967119892956188680,2025-09-20 18:00:04,1967119892956188680,False
1967119897356013593,1967119895552462853,1967119892838748207,1,15189,2025-09-20 17:48:04,1967119892956188680,2025-09-20 18:00:04,1967119892956188680,False
1967119897356013594,1967119895552462854,1967119892830359591,1,20336,2025-09-20 17:48:04,1967119892956188680,2025-09-20 18:00:04,1967119892956188680,False
1967119897356013595,1967119895552462855,1967119892830359642,1,24224,2025-09-20 03:39:04,1967119892956188683,2025-09-20 03:40:04,1967119892956188684,False
1967119897356013596,1967119895552462856,1967119892830359598,1,14367,2025-09-20 05:48:04,1967119892956188684,2025-09-20 06:02:04,1967119892956188683,False
1967119897356013597,1967119895552462857,1967119892838748180,1,19254,2025-09-20 08:46:04,1967119892956188681,2025-09-20 09:01:04,1967119892956188683,False
1967119897356013598,1967119895552462858,1967119892834553904,1,36069,2025-09-20 08:46:04,1967119892956188681,2025-09-20 09:01:04,1967119892956188683,False
1967119897356013599,1967119895552462858,1967119892838748176,1,36069,2025-09-20 08:46:04,1967119892956188681,2025-09-20 09:01:04,1967119892956188683,False
1967119897356013600,1967119895552462859,1967119892830359598,1,14367,2025-09-20 08:46:04,1967119892956188681,2025-09-20 09:01:04,1967119892956188683,False
1967119897356013601,1967119895552462860,1967119892830359591,1,20336,2025-09-20 12:26:04,1967119892956188680,2025-09-20 12:35:04,1967119892956188682,False
1967119897356013602,1967119895552462861,1967119892834553909,2,31320,2025-09-20 12:26:04,1967119892956188680,2025-09-20 12:35:04,1967119892956188682,False
1967119897356013603,1967119895552462862,1967119892834553903,1,14367,2025-09-20 12:26:04,1967119892956188680,2025-09-20 12:35:04,1967119892956188682,False
1967119897356013604,1967119895552462862,1967119892838748290,1,14367,2025-09-20 12:26:04,1967119892956188680,2025-09-20 12:35:04,1967119892956188682,False
1967119897356013605,1967119895552462863,1967119892830359554,1,52149,2025-09-20 08:39:04,1967119892956188682,2025-09-20 08:46:04,1967119892956188683,False
1967119897356013606,1967119895552462864,1967119892838748271,1,801117,2025-09-20 03:46:04,1967119892956188683,2025-09-20 04:00:04,1967119892956188679,False
1967119897356013607,1967119895552462865,1967119892834553881,1,15189,2025-09-20 03:46:04,1967119892956188683,2025-09-20 04:00:04,1967119892956188679,False
1967119897356013608,1967119895552462865,1967119892838748184,2,15189,2025-09-20 03:46:04,1967119892956188683,2025-09-20 04:00:04,1967119892956188679,False
1967119897356013609,1967119895552462866,1967119892830359634,1,1631430,2025-09-20 03:46:04,1967119892956188683,2025-09-20 04:00:04,1967119892956188679,False
1967119897356013610,1967119895552462867,1967119892838748184,1,31320,2025-09-20 03:46:04,1967119892956188683,2025-09-20 04:00:04,1967119892956188679,False
1967119897356013611,1967119895552462868,1967119892830359554,1,52149,2025-09-20 03:46:04,1967119892956188683,2025-09-20 04:00:04,1967119892956188679,False
1967119897356013612,1967119895552462869,1967119892838748294,4,94845,2025-09-20 14:10:04,1967119892956188685,2025-09-20 14:25:04,1967119892956188683,False
1967119897356013613,1967119895552462870,1967119892830359564,2,14279,2025-09-20 14:10:04,1967119892956188685,2025-09-20 14:25:04,1967119892956188683,False
1967119897356013614,1967119895552462870,1967119892834553903,1,14279,2025-09-20 14:10:04,1967119892956188685,2025-09-20 14:25:04,1967119892956188683,False
1967119897356013615,1967119895552462871,1967119892830359606,1,376835,2025-09-20 14:10:04,1967119892956188685,2025-09-20 14:25:04,1967119892956188683,False
1967119897356013616,1967119895552462872,1967119892838748160,1,25561,2025-09-20 14:10:04,1967119892956188685,2025-09-20 14:25:04,1967119892956188683,False
1967119897356013617,1967119895552462873,1967119892838748264,2,49375,2025-09-20 20:28:04,1967119892956188680,2025-09-20 20:38:04,1967119892956188680,False
1967119897356013618,1967119895552462874,1967119892838748184,1,19254,2025-09-20 20:28:04,1967119892956188680,2025-09-20 20:38:04,1967119892956188680,False
1967119897356013619,1967119895552462875,1967119892830359614,1,79693,2025-09-20 20:28:04,1967119892956188680,2025-09-20 20:38:04,1967119892956188680,False
1967119897356013620,1967119895552462876,1967119892834553905,2,36069,2025-09-20 20:28:04,1967119892956188680,2025-09-20 20:38:04,1967119892956188680,False
1967119897356013621,1967119895573434368,1967119892838748264,1,49375,2025-09-20 19:52:04,1967119892956188679,2025-09-20 20:00:04,1967119892956188680,False
