id,store_id,customer_id,voucher_id,final_price,note,payment_id,created_at,created_by,updated_at,updated_by,deleted
SO20250629000000,1967119892788416528,,,4065824,,1,2025-06-29 09:12:04,1967119892956188682,2025-06-29 09:18:04,1967119892956188680,False
SO20250629000001,1967119892788416527,1967119892838748365,,831312,,3,2025-06-29 07:10:04,1967119892956188685,2025-06-29 07:25:04,1967119892956188679,False
SO20250629000002,1967119892788416529,1967119892893274127,,346157,,1,2025-06-29 08:24:04,1967119892956188682,2025-06-29 08:32:04,1967119892956188679,False
SO20250629000003,1967119892788416522,1967119892947800084,,596880,,1,2025-06-29 08:45:04,1967119892956188684,2025-06-29 08:58:04,1967119892956188685,False
SO20250629000004,1967119892788416529,1967119892897468423,,225314,,2,2025-06-29 10:20:04,1967119892956188678,2025-06-29 10:35:04,1967119892956188678,False
SO20250629000005,1967119892788416524,1967119892939411471,,19157,,5,2025-06-29 16:32:04,1967119892956188681,2025-06-29 16:35:04,1967119892956188683,False
SO20250629000006,1967119892788416524,1967119892947800070,,1612639,,1,2025-06-29 04:25:04,1967119892956188679,2025-06-29 04:39:04,1967119892956188679,False
SO20250629000007,1967119892788416522,1967119892838748370,,1019156,Là mà đúng. Sẽ như với.,2,2025-06-29 03:38:04,1967119892956188685,2025-06-29 03:41:04,1967119892956188682,False
SO20250629000008,1967119892788416529,1967119892918439948,,79387,,3,2025-06-29 16:03:04,1967119892956188678,2025-06-29 16:06:04,1967119892956188684,False
SO20250629000009,1967119892788416522,1967119892947800085,,228154,,1,2025-06-29 04:17:04,1967119892956188683,2025-06-29 04:24:04,1967119892956188683,False
SO20250629000010,1967119892788416524,1967119892884885508,,110913,,3,2025-06-29 11:22:04,1967119892956188680,2025-06-29 11:28:04,1967119892956188678,False
SO20250629000011,1967119892788416522,1967119892872302602,,2364974,,2,2025-06-29 12:35:04,1967119892956188678,2025-06-29 12:45:04,1967119892956188681,False
SO20250629000012,1967119892788416526,1967119892901662734,,301487,,2,2025-06-29 08:06:04,1967119892956188681,2025-06-29 08:17:04,1967119892956188685,False
SO20250629000013,1967119892788416524,1967119892855525398,,131668,,1,2025-06-29 20:16:04,1967119892956188685,2025-06-29 20:27:04,1967119892956188678,False
SO20250629000014,1967119892788416526,1967119892893274125,,592451,,1,2025-06-29 20:37:04,1967119892956188679,2025-06-29 20:51:04,1967119892956188678,False
SO20250629000015,1967119892788416528,1967119892889079819,,320852,,1,2025-06-29 09:56:04,1967119892956188678,2025-06-29 10:02:04,1967119892956188685,False
SO20250630000016,1967119892788416529,1967119892851331073,,581321,,1,2025-06-30 16:41:04,1967119892956188683,2025-06-30 16:55:04,1967119892956188682,False
SO20250630000017,1967119892788416526,1967119892884885507,,490410,,2,2025-06-30 05:02:04,1967119892956188682,2025-06-30 05:17:04,1967119892956188681,False
SO20250630000018,1967119892788416524,1967119892901662726,,54230,,1,2025-06-30 12:02:04,1967119892956188683,2025-06-30 12:16:04,1967119892956188684,False
SO20250630000019,1967119892788416524,1967119892910051354,,19157,,1,2025-06-30 07:25:04,1967119892956188681,2025-06-30 07:32:04,1967119892956188685,False
SO20250630000020,1967119892788416527,,1967119892951994387,2133095,,1,2025-06-30 20:28:04,1967119892956188680,2025-06-30 20:42:04,1967119892956188684,False
SO20250701000021,1967119892788416525,1967119892838748331,,432536,,3,2025-07-01 11:22:04,1967119892956188678,2025-07-01 11:33:04,1967119892956188678,False
SO20250701000022,1967119892788416524,1967119892838748329,,1315257,,1,2025-07-01 20:29:04,1967119892956188685,2025-07-01 20:39:04,1967119892956188685,False
SO20250701000023,1967119892788416526,1967119892863913987,1967119892956188674,246831,,1,2025-07-01 01:47:04,1967119892956188683,2025-07-01 01:52:04,1967119892956188683,False
SO20250701000024,1967119892788416526,1967119892939411458,,275969,,4,2025-07-01 23:00:04,1967119892956188681,2025-07-01 23:08:04,1967119892956188679,False
SO20250701000025,1967119892788416525,,,101948,,2,2025-07-01 13:41:04,1967119892956188681,2025-07-01 13:53:04,1967119892956188679,False
SO20250701000026,1967119892788416523,,,991650,,2,2025-07-01 15:35:04,1967119892956188683,2025-07-01 15:49:04,1967119892956188679,False
SO20250701000027,1967119892788416529,1967119892838748333,,1379768,,2,2025-07-01 09:35:04,1967119892956188682,2025-07-01 09:43:04,1967119892956188679,False
SO20250701000028,1967119892788416522,1967119892838748361,,464757,Đang tại từng để cái có. Cái một trong vẫn cho.,1,2025-07-01 07:10:04,1967119892956188684,2025-07-01 07:19:04,1967119892956188681,False
SO20250701000029,1967119892788416522,1967119892838748358,,264231,,3,2025-07-01 07:13:04,1967119892956188682,2025-07-01 07:21:04,1967119892956188680,False
SO20250701000030,1967119892788416523,1967119892838748366,,304417,,4,2025-07-01 04:25:04,1967119892956188680,2025-07-01 04:40:04,1967119892956188680,False
SO20250702000031,1967119892788416525,1967119892947800073,,2015853,,1,2025-07-02 16:18:04,1967119892956188685,2025-07-02 16:30:04,1967119892956188681,False
SO20250702000032,1967119892788416522,1967119892838748336,,829057,,3,2025-07-02 20:21:04,1967119892956188682,2025-07-02 20:22:04,1967119892956188681,False
SO20250702000033,1967119892788416522,1967119892905857027,,400637,,2,2025-07-02 10:50:04,1967119892956188680,2025-07-02 10:56:04,1967119892956188681,False
SO20250702000034,1967119892788416529,1967119892943605776,,267131,,1,2025-07-02 11:54:04,1967119892956188684,2025-07-02 11:55:04,1967119892956188679,False
SO20250702000035,1967119892788416525,1967119892922634244,,44744,,2,2025-07-02 08:32:04,1967119892956188682,2025-07-02 08:40:04,1967119892956188682,False
SO20250702000036,1967119892788416523,1967119892838748368,,520816,,3,2025-07-02 13:46:04,1967119892956188680,2025-07-02 13:51:04,1967119892956188685,False
SO20250702000037,1967119892788416524,1967119892855525379,,1036592,,2,2025-07-02 06:01:04,1967119892956188684,2025-07-02 06:12:04,1967119892956188685,False
SO20250702000038,1967119892788416523,1967119892872302592,,3965667,,2,2025-07-02 15:45:04,1967119892956188678,2025-07-02 15:50:04,1967119892956188683,False
SO20250702000039,1967119892788416524,1967119892947800080,,208599,,2,2025-07-02 10:04:04,1967119892956188685,2025-07-02 10:11:04,1967119892956188679,False
SO20250702000040,1967119892788416524,1967119892922634240,1967119892956188674,1585425,,4,2025-07-02 13:49:04,1967119892956188679,2025-07-02 13:51:04,1967119892956188681,False
SO20250703000041,1967119892788416529,1967119892918439936,,738620,Tự mà hơn. Với mỗi chỉ đúng khiến.,3,2025-07-03 17:46:04,1967119892956188684,2025-07-03 17:55:04,1967119892956188678,False
SO20250703000042,1967119892788416522,1967119892947800085,,166989,,4,2025-07-03 21:24:04,1967119892956188682,2025-07-03 21:27:04,1967119892956188682,False
SO20250703000043,1967119892788416524,1967119892910051331,,2760430,,3,2025-07-03 12:04:04,1967119892956188685,2025-07-03 12:18:04,1967119892956188678,False
SO20250703000044,1967119892788416524,1967119892851331080,,186968,,1,2025-07-03 15:08:04,1967119892956188679,2025-07-03 15:19:04,1967119892956188679,False
SO20250703000045,1967119892788416529,1967119892943605783,,152922,,4,2025-07-03 05:00:04,1967119892956188685,2025-07-03 05:15:04,1967119892956188685,False
SO20250703000046,1967119892788416522,1967119892943605785,,2328591,,1,2025-07-03 21:02:04,1967119892956188678,2025-07-03 21:15:04,1967119892956188681,False
SO20250703000047,1967119892788416522,1967119892901662742,,1742839,,3,2025-07-03 03:14:04,1967119892956188685,2025-07-03 03:23:04,1967119892956188678,False
SO20250703000048,1967119892788416523,1967119892880691217,,1444176,,2,2025-07-03 07:21:04,1967119892956188682,2025-07-03 07:22:04,1967119892956188684,False
SO20250703000049,1967119892788416522,1967119892939411465,,75999,,1,2025-07-03 07:15:04,1967119892956188680,2025-07-03 07:21:04,1967119892956188680,False
SO20250703000050,1967119892788416527,1967119892838748362,,873048,,2,2025-07-03 13:02:04,1967119892956188678,2025-07-03 13:05:04,1967119892956188681,False
SO20250703000051,1967119892788416522,1967119892918439950,,1056778,,2,2025-07-03 15:28:04,1967119892956188679,2025-07-03 15:33:04,1967119892956188685,False
SO20250703000052,1967119892788416522,1967119892838748342,,1636892,,5,2025-07-03 05:03:04,1967119892956188678,2025-07-03 05:16:04,1967119892956188685,False
SO20250704000053,1967119892788416522,1967119892838748339,,124957,,5,2025-07-04 16:50:04,1967119892956188685,2025-07-04 17:04:04,1967119892956188684,False
SO20250704000054,1967119892788416523,,,224418,,2,2025-07-04 05:58:04,1967119892956188682,2025-07-04 06:12:04,1967119892956188678,False
SO20250704000055,1967119892788416527,1967119892897468419,,48004,,1,2025-07-04 19:09:04,1967119892956188679,2025-07-04 19:17:04,1967119892956188680,False
SO20250704000056,1967119892788416525,1967119892905857035,,429264,Cho có chỉ vì với của. Hơn các có.,1,2025-07-04 04:05:04,1967119892956188682,2025-07-04 04:10:04,1967119892956188683,False
SO20250704000057,1967119892788416529,1967119892838748363,,883118,,2,2025-07-04 03:29:04,1967119892956188682,2025-07-04 03:39:04,1967119892956188682,False
SO20250704000058,1967119892788416524,,1967119892951994382,1230008,,1,2025-07-04 05:43:04,1967119892956188683,2025-07-04 05:49:04,1967119892956188684,False
SO20250704000059,1967119892788416523,1967119892943605784,,2476706,,3,2025-07-04 21:58:04,1967119892956188684,2025-07-04 22:06:04,1967119892956188681,False
SO20250704000060,1967119892788416522,1967119892910051328,,1200249,Để và và để của như nào. Vì dưới của cách không.,1,2025-07-04 20:04:04,1967119892956188681,2025-07-04 20:05:04,1967119892956188685,False
SO20250704000061,1967119892788416526,1967119892838748328,,448480,,2,2025-07-04 15:13:04,1967119892956188678,2025-07-04 15:27:04,1967119892956188685,False
SO20250704000062,1967119892788416523,,,226568,,1,2025-07-04 19:40:04,1967119892956188685,2025-07-04 19:54:04,1967119892956188679,False
SO20250704000063,1967119892788416523,,,72523,,1,2025-07-04 14:21:04,1967119892956188681,2025-07-04 14:33:04,1967119892956188678,False
SO20250704000064,1967119892788416523,1967119892935217161,1967119892951994382,528854,,1,2025-07-04 12:09:04,1967119892956188679,2025-07-04 12:17:04,1967119892956188680,False
SO20250704000065,1967119892788416524,1967119892838748361,1967119892951994382,3674923,,1,2025-07-04 14:52:04,1967119892956188682,2025-07-04 15:01:04,1967119892956188680,False
SO20250704000066,1967119892788416522,1967119892893274125,,240465,,3,2025-07-04 13:45:04,1967119892956188684,2025-07-04 13:51:04,1967119892956188680,False
SO20250704000067,1967119892788416522,1967119892943605780,,118178,,1,2025-07-04 13:49:04,1967119892956188683,2025-07-04 14:04:04,1967119892956188684,False
SO20250704000068,1967119892788416523,1967119892872302597,,89884,Hơn này cũng cái để sau. Đi mỗi trong giống.,1,2025-07-04 14:33:04,1967119892956188681,2025-07-04 14:47:04,1967119892956188679,False
SO20250704000069,1967119892788416523,1967119892863913984,,2073616,,2,2025-07-04 12:39:04,1967119892956188679,2025-07-04 12:52:04,1967119892956188684,False
SO20250704000070,1967119892788416525,1967119892910051340,,59673,Từ vậy vậy hơn. Bên các này từng bạn chỉ.,1,2025-07-04 09:28:04,1967119892956188681,2025-07-04 09:37:04,1967119892956188684,False
SO20250704000071,1967119892788416522,1967119892922634240,,139066,,3,2025-07-04 20:00:04,1967119892956188684,2025-07-04 20:01:04,1967119892956188682,False
SO20250704000072,1967119892788416524,1967119892935217155,,82760,,4,2025-07-04 06:33:04,1967119892956188684,2025-07-04 06:37:04,1967119892956188680,False
SO20250704000073,1967119892788416529,1967119892880691203,,872916,Khiến đã để mỗi nào.,1,2025-07-04 21:57:04,1967119892956188684,2025-07-04 22:06:04,1967119892956188680,False
SO20250704000074,1967119892788416522,1967119892838748345,1967119892951994385,1842262,,1,2025-07-04 22:09:04,1967119892956188680,2025-07-04 22:24:04,1967119892956188684,False
SO20250704000075,1967119892788416525,1967119892838748340,,702088,,1,2025-07-04 04:56:04,1967119892956188684,2025-07-04 05:04:04,1967119892956188683,False
SO20250704000076,1967119892788416522,1967119892918439954,,295008,,2,2025-07-04 12:01:04,1967119892956188682,2025-07-04 12:05:04,1967119892956188679,False
SO20250704000077,1967119892788416528,1967119892880691202,,1487475,,2,2025-07-04 03:02:04,1967119892956188683,2025-07-04 03:13:04,1967119892956188685,False
SO20250704000078,1967119892788416524,,,69533,,2,2025-07-04 13:25:04,1967119892956188680,2025-07-04 13:27:04,1967119892956188684,False
SO20250705000079,1967119892788416525,1967119892868108303,,281579,,1,2025-07-05 02:28:04,1967119892956188683,2025-07-05 02:42:04,1967119892956188684,False
SO20250705000080,1967119892788416522,1967119892889079820,,235805,,2,2025-07-05 03:53:04,1967119892956188678,2025-07-05 04:03:04,1967119892956188679,False
SO20250705000081,1967119892788416524,1967119892838748343,1967119892951994382,492144,,5,2025-07-05 15:21:04,1967119892956188682,2025-07-05 15:35:04,1967119892956188684,False
SO20250705000082,1967119892788416527,1967119892901662727,,144279,,1,2025-07-05 04:53:04,1967119892956188683,2025-07-05 05:00:04,1967119892956188679,False
SO20250705000083,1967119892788416524,1967119892918439937,1967119892956188677,1090690,,1,2025-07-05 22:55:04,1967119892956188681,2025-07-05 22:56:04,1967119892956188678,False
SO20250705000084,1967119892788416522,1967119892943605785,,204163,,1,2025-07-05 23:54:04,1967119892956188678,2025-07-05 23:56:04,1967119892956188678,False
SO20250705000085,1967119892788416523,1967119892893274128,,1266555,,5,2025-07-05 16:04:04,1967119892956188684,2025-07-05 16:18:04,1967119892956188684,False
SO20250705000086,1967119892788416525,1967119892889079821,,171473,,2,2025-07-05 20:24:04,1967119892956188684,2025-07-05 20:25:04,1967119892956188682,False
SO20250705000087,1967119892788416522,1967119892855525397,,3498206,,2,2025-07-05 02:44:04,1967119892956188684,2025-07-05 02:53:04,1967119892956188684,False
SO20250705000088,1967119892788416522,1967119892872302604,1967119892956188677,366882,,1,2025-07-05 14:03:04,1967119892956188679,2025-07-05 14:05:04,1967119892956188679,False
SO20250705000089,1967119892788416522,1967119892922634240,,362385,,3,2025-07-05 03:33:04,1967119892956188683,2025-07-05 03:41:04,1967119892956188678,False
SO20250705000090,1967119892788416522,1967119892884885513,,291780,Nhiều dưới đang đó đúng gần với.,5,2025-07-05 14:41:04,1967119892956188680,2025-07-05 14:56:04,1967119892956188684,False
SO20250705000091,1967119892788416525,,,3152688,,1,2025-07-05 04:55:04,1967119892956188684,2025-07-05 05:01:04,1967119892956188685,False
SO20250705000092,1967119892788416523,1967119892935217153,,546617,,1,2025-07-05 19:37:04,1967119892956188684,2025-07-05 19:39:04,1967119892956188679,False
SO20250705000093,1967119892788416523,,,234670,,3,2025-07-05 09:43:04,1967119892956188679,2025-07-05 09:58:04,1967119892956188683,False
SO20250705000094,1967119892788416522,1967119892914245638,,235411,,1,2025-07-05 14:12:04,1967119892956188682,2025-07-05 14:25:04,1967119892956188678,False
SO20250705000095,1967119892788416523,1967119892914245637,,1920476,,1,2025-07-05 20:50:04,1967119892956188685,2025-07-05 20:58:04,1967119892956188680,False
SO20250705000096,1967119892788416525,1967119892868108300,,711409,,3,2025-07-05 21:28:04,1967119892956188685,2025-07-05 21:36:04,1967119892956188682,False
SO20250705000097,1967119892788416524,1967119892838748368,1967119892951994385,967970,,1,2025-07-05 16:35:04,1967119892956188685,2025-07-05 16:36:04,1967119892956188681,False
SO20250705000098,1967119892788416525,1967119892943605789,1967119892951994385,104300,,3,2025-07-05 20:10:04,1967119892956188678,2025-07-05 20:19:04,1967119892956188684,False
SO20250705000099,1967119892788416524,,,59777,Người không làm vài tôi.,1,2025-07-05 09:15:04,1967119892956188679,2025-07-05 09:22:04,1967119892956188685,False
SO20250706000100,1967119892788416525,1967119892893274114,,1063373,,1,2025-07-06 06:36:04,1967119892956188684,2025-07-06 06:37:04,1967119892956188679,False
SO20250706000101,1967119892788416523,1967119892893274132,,1855977,,2,2025-07-06 03:37:04,1967119892956188682,2025-07-06 03:40:04,1967119892956188678,False
SO20250706000102,1967119892788416522,1967119892951994369,,19891,,1,2025-07-06 02:09:04,1967119892956188685,2025-07-06 02:18:04,1967119892956188680,False
SO20250706000103,1967119892788416523,1967119892880691210,,1085767,,1,2025-07-06 02:25:04,1967119892956188678,2025-07-06 02:38:04,1967119892956188684,False
SO20250706000104,1967119892788416525,1967119892838748361,1967119892956188677,454709,,2,2025-07-06 15:53:04,1967119892956188678,2025-07-06 16:04:04,1967119892956188678,False
SO20250706000105,1967119892788416522,,,90061,,2,2025-07-06 05:45:04,1967119892956188681,2025-07-06 05:59:04,1967119892956188685,False
SO20250706000106,1967119892788416522,1967119892838748347,,123514,,5,2025-07-06 00:03:04,1967119892956188678,2025-07-06 00:13:04,1967119892956188682,False
SO20250706000107,1967119892788416526,1967119892910051336,,3082976,Như về với như. Bên bên tại của vài giữa theo.,4,2025-07-06 02:09:04,1967119892956188683,2025-07-06 02:13:04,1967119892956188680,False
SO20250706000108,1967119892788416523,1967119892868108304,1967119892951994383,564742,,3,2025-07-06 08:05:04,1967119892956188680,2025-07-06 08:11:04,1967119892956188685,False
SO20250706000109,1967119892788416525,1967119892880691213,,19039,,4,2025-07-06 08:43:04,1967119892956188680,2025-07-06 08:46:04,1967119892956188680,False
SO20250706000110,1967119892788416528,1967119892910051348,,3746066,Đi để như làm giữa. Mà này làm thay.,1,2025-07-06 04:53:04,1967119892956188685,2025-07-06 05:06:04,1967119892956188681,False
SO20250707000111,1967119892788416525,1967119892855525387,,66108,,4,2025-07-07 14:20:04,1967119892956188678,2025-07-07 14:23:04,1967119892956188681,False
SO20250707000112,1967119892788416523,1967119892910051350,,177900,,4,2025-07-07 11:00:04,1967119892956188679,2025-07-07 11:01:04,1967119892956188678,False
SO20250707000113,1967119892788416525,1967119892914245634,,308439,Từ vài có số. Khi thế cũng cách.,5,2025-07-07 10:42:04,1967119892956188678,2025-07-07 10:44:04,1967119892956188679,False
SO20250707000114,1967119892788416524,1967119892838748333,1967119892951994383,178492,,3,2025-07-07 14:44:04,1967119892956188681,2025-07-07 14:50:04,1967119892956188682,False
SO20250707000115,1967119892788416525,1967119892851331072,1967119892951994383,439894,Người vì đến theo tại mà trong. Các người đang.,4,2025-07-07 10:09:04,1967119892956188685,2025-07-07 10:23:04,1967119892956188685,False
SO20250707000116,1967119892788416522,1967119892893274116,,34607,,1,2025-07-07 09:44:04,1967119892956188682,2025-07-07 09:59:04,1967119892956188685,False
SO20250707000117,1967119892788416524,1967119892943605770,,167694,,1,2025-07-07 15:29:04,1967119892956188681,2025-07-07 15:42:04,1967119892956188679,False
SO20250708000118,1967119892788416522,,1967119892951994387,639684,,1,2025-07-08 03:42:04,1967119892956188683,2025-07-08 03:51:04,1967119892956188685,False
SO20250708000119,1967119892788416524,1967119892859719696,,465431,,1,2025-07-08 06:04:04,1967119892956188682,2025-07-08 06:18:04,1967119892956188683,False
SO20250708000120,1967119892788416524,,,139066,,2,2025-07-08 08:04:04,1967119892956188679,2025-07-08 08:13:04,1967119892956188682,False
SO20250708000121,1967119892788416526,1967119892880691203,,52945,,1,2025-07-08 13:53:04,1967119892956188679,2025-07-08 14:07:04,1967119892956188683,False
SO20250708000122,1967119892788416526,1967119892838748368,1967119892951994385,215362,Sẽ từng của theo như từ của.,1,2025-07-08 13:04:04,1967119892956188682,2025-07-08 13:14:04,1967119892956188678,False
SO20250708000123,1967119892788416526,1967119892901662742,,566672,Tôi bên này tự. Đang như thế.,3,2025-07-08 15:22:04,1967119892956188680,2025-07-08 15:33:04,1967119892956188683,False
SO20250708000124,1967119892788416528,1967119892851331076,,324600,,2,2025-07-08 10:02:04,1967119892956188685,2025-07-08 10:04:04,1967119892956188685,False
SO20250708000125,1967119892788416523,1967119892947800081,1967119892951994385,1644062,Như tại trong chỉ theo. Vài một để có của.,5,2025-07-08 08:02:04,1967119892956188681,2025-07-08 08:04:04,1967119892956188683,False
SO20250708000126,1967119892788416529,1967119892872302600,,664321,,2,2025-07-08 15:22:04,1967119892956188683,2025-07-08 15:36:04,1967119892956188681,False
SO20250708000127,1967119892788416522,1967119892922634241,,242789,,1,2025-07-08 12:45:04,1967119892956188683,2025-07-08 12:47:04,1967119892956188681,False
SO20250708000128,1967119892788416526,1967119892859719698,,214201,,2,2025-07-08 14:05:04,1967119892956188684,2025-07-08 14:19:04,1967119892956188678,False
SO20250709000129,1967119892788416522,1967119892935217158,,3562282,,4,2025-07-09 03:01:04,1967119892956188678,2025-07-09 03:04:04,1967119892956188682,False
SO20250709000130,1967119892788416528,,,76278,,1,2025-07-09 22:04:04,1967119892956188683,2025-07-09 22:09:04,1967119892956188683,False
SO20250709000131,1967119892788416525,1967119892939411458,,413646,Từ hoặc nào tại vẫn đã. Sau cũng rất và các nào.,4,2025-07-09 09:21:04,1967119892956188679,2025-07-09 09:23:04,1967119892956188683,False
SO20250709000132,1967119892788416525,1967119892889079808,,343853,,2,2025-07-09 04:24:04,1967119892956188683,2025-07-09 04:28:04,1967119892956188681,False
SO20250709000133,1967119892788416525,1967119892880691211,,1169200,,2,2025-07-09 04:45:04,1967119892956188683,2025-07-09 04:55:04,1967119892956188679,False
SO20250709000134,1967119892788416524,1967119892889079808,,113838,,3,2025-07-09 00:04:04,1967119892956188683,2025-07-09 00:12:04,1967119892956188685,False
SO20250710000135,1967119892788416524,1967119892838748333,,2431959,,4,2025-07-10 03:56:04,1967119892956188679,2025-07-10 04:00:04,1967119892956188682,False
SO20250710000136,1967119892788416527,1967119892851331077,,330902,,3,2025-07-10 06:46:04,1967119892956188679,2025-07-10 06:56:04,1967119892956188680,False
SO20250710000137,1967119892788416523,1967119892880691207,,1963310,Như này giống nơi. Để các mỗi.,3,2025-07-10 04:10:04,1967119892956188679,2025-07-10 04:20:04,1967119892956188679,False
SO20250710000138,1967119892788416529,1967119892872302595,,706330,,1,2025-07-10 09:14:04,1967119892956188683,2025-07-10 09:21:04,1967119892956188685,False
SO20250710000139,1967119892788416523,1967119892851331084,1967119892951994385,39709,,5,2025-07-10 10:30:04,1967119892956188683,2025-07-10 10:38:04,1967119892956188681,False
SO20250710000140,1967119892788416522,1967119892939411470,,1420069,,4,2025-07-10 04:12:04,1967119892956188681,2025-07-10 04:19:04,1967119892956188682,False
SO20250710000141,1967119892788416524,1967119892868108291,,2127846,,1,2025-07-10 21:17:04,1967119892956188685,2025-07-10 21:22:04,1967119892956188681,False
SO20250710000142,1967119892788416523,1967119892889079821,,1648845,,5,2025-07-10 03:21:04,1967119892956188678,2025-07-10 03:22:04,1967119892956188680,False
SO20250710000143,1967119892788416525,1967119892905857042,,191073,,1,2025-07-10 20:14:04,1967119892956188680,2025-07-10 20:22:04,1967119892956188684,False
SO20250710000144,1967119892788416523,1967119892910051328,,136502,,2,2025-07-10 09:50:04,1967119892956188678,2025-07-10 09:58:04,1967119892956188679,False
SO20250710000145,1967119892788416522,1967119892859719693,,658364,,1,2025-07-10 04:51:04,1967119892956188684,2025-07-10 04:55:04,1967119892956188678,False
SO20250710000146,1967119892788416524,1967119892935217163,,2419768,,1,2025-07-10 13:10:04,1967119892956188682,2025-07-10 13:12:04,1967119892956188679,False
SO20250711000147,1967119892788416527,1967119892901662734,1967119892951994385,747794,,1,2025-07-11 02:07:04,1967119892956188682,2025-07-11 02:15:04,1967119892956188683,False
SO20250711000148,1967119892788416529,1967119892838748359,,179992,,2,2025-07-11 06:22:04,1967119892956188681,2025-07-11 06:33:04,1967119892956188678,False
SO20250711000149,1967119892788416522,1967119892905857040,,409036,,1,2025-07-11 03:52:04,1967119892956188682,2025-07-11 04:04:04,1967119892956188678,False
SO20250711000150,1967119892788416524,1967119892838748360,,1541050,,2,2025-07-11 02:35:04,1967119892956188684,2025-07-11 02:47:04,1967119892956188682,False
SO20250711000151,1967119892788416526,1967119892893274130,,1638348,,2,2025-07-11 05:25:04,1967119892956188685,2025-07-11 05:27:04,1967119892956188684,False
SO20250711000152,1967119892788416529,1967119892868108299,,1354041,,1,2025-07-11 03:34:04,1967119892956188679,2025-07-11 03:41:04,1967119892956188683,False
SO20250711000153,1967119892788416524,1967119892926828545,,139066,,2,2025-07-11 19:30:04,1967119892956188684,2025-07-11 19:33:04,1967119892956188681,False
SO20250711000154,1967119892788416524,1967119892901662728,,441784,,1,2025-07-11 13:07:04,1967119892956188683,2025-07-11 13:12:04,1967119892956188680,False
SO20250711000155,1967119892788416526,,,756338,,1,2025-07-11 23:59:04,1967119892956188685,2025-07-12 00:14:04,1967119892956188683,False
SO20250711000156,1967119892788416524,1967119892851331078,,282674,,3,2025-07-11 22:17:04,1967119892956188682,2025-07-11 22:31:04,1967119892956188680,False
SO20250711000157,1967119892788416525,,,715324,,2,2025-07-11 14:05:04,1967119892956188679,2025-07-11 14:12:04,1967119892956188682,False
SO20250711000158,1967119892788416529,,,338644,,3,2025-07-11 15:03:04,1967119892956188685,2025-07-11 15:09:04,1967119892956188684,False
SO20250711000159,1967119892788416525,,,1783740,,1,2025-07-11 20:32:04,1967119892956188681,2025-07-11 20:40:04,1967119892956188678,False
SO20250711000160,1967119892788416525,1967119892901662737,,1532767,,1,2025-07-11 06:47:04,1967119892956188681,2025-07-11 06:49:04,1967119892956188683,False
SO20250711000161,1967119892788416529,1967119892910051341,,824900,,5,2025-07-11 14:39:04,1967119892956188678,2025-07-11 14:52:04,1967119892956188682,False
SO20250711000162,1967119892788416529,1967119892897468423,,111326,,4,2025-07-11 20:41:04,1967119892956188678,2025-07-11 20:42:04,1967119892956188683,False
SO20250711000163,1967119892788416524,1967119892897468426,,1992358,,2,2025-07-11 12:16:04,1967119892956188683,2025-07-11 12:28:04,1967119892956188684,False
SO20250711000164,1967119892788416523,1967119892859719685,,193514,,2,2025-07-11 19:07:04,1967119892956188680,2025-07-11 19:08:04,1967119892956188678,False
SO20250711000165,1967119892788416525,1967119892922634245,,210113,,4,2025-07-11 21:27:04,1967119892956188685,2025-07-11 21:29:04,1967119892956188683,False
SO20250712000166,1967119892788416525,,,21699,,1,2025-07-12 14:42:04,1967119892956188682,2025-07-12 14:54:04,1967119892956188685,False
SO20250712000167,1967119892788416523,1967119892838748366,,1998458,,1,2025-07-12 19:26:04,1967119892956188685,2025-07-12 19:36:04,1967119892956188680,False
SO20250712000168,1967119892788416522,1967119892889079811,,1664577,,3,2025-07-12 23:33:04,1967119892956188680,2025-07-12 23:34:04,1967119892956188685,False
SO20250712000169,1967119892788416522,1967119892880691205,,69868,,4,2025-07-12 05:09:04,1967119892956188681,2025-07-12 05:15:04,1967119892956188678,False
SO20250712000170,1967119892788416524,1967119892855525383,,1183929,,4,2025-07-12 14:18:04,1967119892956188685,2025-07-12 14:25:04,1967119892956188680,False
SO20250712000171,1967119892788416522,,,27115,,1,2025-07-12 20:26:04,1967119892956188683,2025-07-12 20:41:04,1967119892956188683,False
SO20250712000172,1967119892788416527,1967119892859719691,1967119892951994385,177836,,1,2025-07-12 10:16:04,1967119892956188682,2025-07-12 10:23:04,1967119892956188684,False
SO20250712000173,1967119892788416522,,1967119892951994387,52401,,2,2025-07-12 19:58:04,1967119892956188679,2025-07-12 20:05:04,1967119892956188680,False
SO20250712000174,1967119892788416529,1967119892905857036,,505063,Chỉ và và giống khi các với. Nơi cũng một như.,4,2025-07-12 21:25:04,1967119892956188684,2025-07-12 21:40:04,1967119892956188682,False
SO20250712000175,1967119892788416525,1967119892914245644,,163301,,2,2025-07-12 18:21:04,1967119892956188680,2025-07-12 18:33:04,1967119892956188684,False
SO20250712000176,1967119892788416528,1967119892922634242,,454426,,1,2025-07-12 03:56:04,1967119892956188679,2025-07-12 04:09:04,1967119892956188683,False
SO20250712000177,1967119892788416523,1967119892838748331,,1824143,,1,2025-07-12 21:56:04,1967119892956188680,2025-07-12 22:02:04,1967119892956188684,False
SO20250712000178,1967119892788416523,1967119892918439940,,55012,,1,2025-07-12 08:45:04,1967119892956188680,2025-07-12 08:46:04,1967119892956188680,False
SO20250712000179,1967119892788416523,1967119892897468431,,120521,,5,2025-07-12 09:16:04,1967119892956188681,2025-07-12 09:17:04,1967119892956188683,False
SO20250712000180,1967119892788416526,1967119892910051336,,491039,,3,2025-07-12 03:13:04,1967119892956188680,2025-07-12 03:22:04,1967119892956188679,False
SO20250712000181,1967119892788416524,,,1251942,,1,2025-07-12 00:57:04,1967119892956188680,2025-07-12 01:11:04,1967119892956188684,False
SO20250712000182,1967119892788416524,,,957704,,2,2025-07-12 01:36:04,1967119892956188685,2025-07-12 01:37:04,1967119892956188679,False
SO20250712000183,1967119892788416529,1967119892838748350,,1331749,,4,2025-07-12 07:25:04,1967119892956188680,2025-07-12 07:28:04,1967119892956188682,False
SO20250712000184,1967119892788416523,1967119892910051347,,442184,,2,2025-07-12 05:12:04,1967119892956188681,2025-07-12 05:26:04,1967119892956188683,False
SO20250712000185,1967119892788416523,,,1389681,,1,2025-07-12 02:38:04,1967119892956188685,2025-07-12 02:39:04,1967119892956188679,False
SO20250712000186,1967119892788416522,1967119892859719687,,1462268,,2,2025-07-12 12:34:04,1967119892956188678,2025-07-12 12:35:04,1967119892956188679,False
SO20250712000187,1967119892788416522,1967119892901662742,,3547903,,3,2025-07-12 20:39:04,1967119892956188681,2025-07-12 20:50:04,1967119892956188678,False
SO20250712000188,1967119892788416523,1967119892838748356,,851578,,2,2025-07-12 21:35:04,1967119892956188685,2025-07-12 21:41:04,1967119892956188683,False
SO20250713000189,1967119892788416525,1967119892838748344,1967119892951994386,596213,,2,2025-07-13 03:41:04,1967119892956188681,2025-07-13 03:42:04,1967119892956188685,False
SO20250713000190,1967119892788416523,1967119892859719688,,497110,Lớn này có sẽ để có tại. Và thì người.,1,2025-07-13 19:02:04,1967119892956188685,2025-07-13 19:05:04,1967119892956188679,False
SO20250713000191,1967119892788416524,1967119892910051344,1967119892951994387,71397,,1,2025-07-13 14:00:04,1967119892956188679,2025-07-13 14:02:04,1967119892956188684,False
SO20250713000192,1967119892788416527,1967119892859719689,,2399972,,4,2025-07-13 12:23:04,1967119892956188680,2025-07-13 12:29:04,1967119892956188682,False
SO20250713000193,1967119892788416525,1967119892947800085,,144190,,2,2025-07-13 14:51:04,1967119892956188683,2025-07-13 14:59:04,1967119892956188678,False
SO20250713000194,1967119892788416526,1967119892893274114,,314009,,1,2025-07-13 21:06:04,1967119892956188679,2025-07-13 21:13:04,1967119892956188681,False
SO20250713000195,1967119892788416525,,,249108,,1,2025-07-13 07:04:04,1967119892956188678,2025-07-13 07:14:04,1967119892956188683,False
SO20250713000196,1967119892788416529,1967119892918439954,,1087575,,1,2025-07-13 19:37:04,1967119892956188683,2025-07-13 19:40:04,1967119892956188684,False
SO20250713000197,1967119892788416522,1967119892855525391,,134826,,1,2025-07-13 13:47:04,1967119892956188680,2025-07-13 13:56:04,1967119892956188683,False
SO20250713000198,1967119892788416528,1967119892838748343,1967119892951994385,2433334,,2,2025-07-13 08:09:04,1967119892956188680,2025-07-13 08:23:04,1967119892956188679,False
SO20250713000199,1967119892788416522,1967119892914245637,1967119892951994386,955904,,1,2025-07-13 09:38:04,1967119892956188678,2025-07-13 09:46:04,1967119892956188680,False
SO20250713000200,1967119892788416526,,,55012,,1,2025-07-13 02:37:04,1967119892956188685,2025-07-13 02:44:04,1967119892956188682,False
SO20250713000201,1967119892788416527,,,269360,,1,2025-07-13 08:02:04,1967119892956188683,2025-07-13 08:05:04,1967119892956188682,False
SO20250713000202,1967119892788416527,1967119892910051330,,281271,,2,2025-07-13 14:12:04,1967119892956188682,2025-07-13 14:21:04,1967119892956188679,False
SO20250714000203,1967119892788416524,1967119892838748340,,3673539,,1,2025-07-14 14:21:04,1967119892956188679,2025-07-14 14:33:04,1967119892956188679,False
SO20250714000204,1967119892788416524,1967119892876496899,,821138,,1,2025-07-14 03:21:04,1967119892956188682,2025-07-14 03:34:04,1967119892956188682,False
SO20250714000205,1967119892788416523,1967119892918439940,,103335,,3,2025-07-14 19:51:04,1967119892956188685,2025-07-14 20:03:04,1967119892956188680,False
SO20250714000206,1967119892788416524,1967119892905857035,,207337,,1,2025-07-14 10:35:04,1967119892956188678,2025-07-14 10:39:04,1967119892956188679,False
SO20250714000207,1967119892788416522,1967119892863913986,,2271173,,1,2025-07-14 05:24:04,1967119892956188683,2025-07-14 05:26:04,1967119892956188680,False
SO20250714000208,1967119892788416522,1967119892918439948,,1074350,,1,2025-07-14 08:36:04,1967119892956188684,2025-07-14 08:49:04,1967119892956188684,False
SO20250714000209,1967119892788416522,1967119892838748333,,2510714,,1,2025-07-14 11:59:04,1967119892956188682,2025-07-14 12:10:04,1967119892956188684,False
SO20250714000210,1967119892788416527,1967119892838748345,,788609,,1,2025-07-14 14:33:04,1967119892956188679,2025-07-14 14:43:04,1967119892956188681,False
SO20250715000211,1967119892788416523,1967119892838748329,,451584,,2,2025-07-15 19:30:04,1967119892956188682,2025-07-15 19:36:04,1967119892956188679,False
SO20250715000212,1967119892788416524,,,192372,,4,2025-07-15 10:39:04,1967119892956188681,2025-07-15 10:44:04,1967119892956188681,False
SO20250715000213,1967119892788416525,1967119892851331084,,547171,,3,2025-07-15 14:54:04,1967119892956188684,2025-07-15 15:00:04,1967119892956188683,False
SO20250715000214,1967119892788416522,1967119892910051340,,1050739,,1,2025-07-15 09:08:04,1967119892956188681,2025-07-15 09:18:04,1967119892956188684,False
SO20250715000215,1967119892788416523,1967119892901662734,,302116,,2,2025-07-15 09:58:04,1967119892956188685,2025-07-15 10:12:04,1967119892956188684,False
SO20250715000216,1967119892788416524,1967119892838748331,,2960628,,2,2025-07-15 13:38:04,1967119892956188678,2025-07-15 13:50:04,1967119892956188680,False
SO20250715000217,1967119892788416526,1967119892859719693,,446701,Một như cái rất. Điều như và từ như.,1,2025-07-15 22:35:04,1967119892956188680,2025-07-15 22:39:04,1967119892956188685,False
SO20250715000218,1967119892788416522,,,481414,,1,2025-07-15 06:20:04,1967119892956188684,2025-07-15 06:24:04,1967119892956188685,False
SO20250715000219,1967119892788416526,1967119892868108301,,44744,,2,2025-07-15 04:58:04,1967119892956188679,2025-07-15 05:09:04,1967119892956188678,False
SO20250715000220,1967119892788416529,1967119892863913995,,1518776,,3,2025-07-15 05:38:04,1967119892956188680,2025-07-15 05:46:04,1967119892956188681,False
SO20250715000221,1967119892788416523,1967119892893274119,,352644,,2,2025-07-15 04:35:04,1967119892956188683,2025-07-15 04:37:04,1967119892956188681,False
SO20250715000222,1967119892788416522,1967119892851331078,,2128628,,4,2025-07-15 21:14:04,1967119892956188684,2025-07-15 21:27:04,1967119892956188678,False
SO20250716000223,1967119892788416529,1967119892880691207,1967119892951994386,810909,,1,2025-07-16 07:20:04,1967119892956188683,2025-07-16 07:35:04,1967119892956188683,False
SO20250716000224,1967119892788416524,1967119892922634247,,685802,,1,2025-07-16 03:46:04,1967119892956188685,2025-07-16 03:50:04,1967119892956188679,False
SO20250716000225,1967119892788416525,1967119892855525396,,213810,,1,2025-07-16 19:07:04,1967119892956188682,2025-07-16 19:15:04,1967119892956188685,False
SO20250716000226,1967119892788416523,1967119892851331089,1967119892951994386,583380,,1,2025-07-16 20:22:04,1967119892956188681,2025-07-16 20:29:04,1967119892956188680,False
SO20250716000227,1967119892788416525,1967119892905857044,,1164855,,1,2025-07-16 08:46:04,1967119892956188679,2025-07-16 08:59:04,1967119892956188680,False
SO20250716000228,1967119892788416525,,,1596235,Mà giữa cho vậy. Được làm nhưng để đúng.,1,2025-07-16 03:30:04,1967119892956188680,2025-07-16 03:34:04,1967119892956188678,False
SO20250716000229,1967119892788416524,1967119892838748361,,828584,,2,2025-07-16 12:16:04,1967119892956188683,2025-07-16 12:17:04,1967119892956188684,False
SO20250716000230,1967119892788416527,1967119892859719700,,135048,,3,2025-07-16 00:07:04,1967119892956188682,2025-07-16 00:11:04,1967119892956188684,False
SO20250716000231,1967119892788416524,1967119892872302600,,218153,,1,2025-07-16 04:11:04,1967119892956188681,2025-07-16 04:15:04,1967119892956188684,False
SO20250716000232,1967119892788416522,1967119892880691215,,1842489,Tại có mỗi từng đã gần. Có người các có thì.,1,2025-07-16 08:40:04,1967119892956188681,2025-07-16 08:55:04,1967119892956188681,False
SO20250717000233,1967119892788416525,,,387028,,2,2025-07-17 02:20:04,1967119892956188680,2025-07-17 02:33:04,1967119892956188679,False
SO20250717000234,1967119892788416524,1967119892897468430,1967119892951994385,54188,,4,2025-07-17 20:40:04,1967119892956188684,2025-07-17 20:54:04,1967119892956188685,False
SO20250717000235,1967119892788416522,,,240465,,1,2025-07-17 03:24:04,1967119892956188683,2025-07-17 03:25:04,1967119892956188681,False
SO20250717000236,1967119892788416525,1967119892910051344,,679704,,2,2025-07-17 03:55:04,1967119892956188684,2025-07-17 04:05:04,1967119892956188680,False
SO20250717000237,1967119892788416524,1967119892868108292,,48004,,3,2025-07-17 09:13:04,1967119892956188679,2025-07-17 09:16:04,1967119892956188680,False
SO20250717000238,1967119892788416526,1967119892897468434,,214369,,1,2025-07-17 09:22:04,1967119892956188683,2025-07-17 09:30:04,1967119892956188679,False
SO20250717000239,1967119892788416522,,,135575,,1,2025-07-17 02:43:04,1967119892956188678,2025-07-17 02:46:04,1967119892956188679,False
SO20250717000240,1967119892788416529,1967119892893274131,1967119892951994387,369340,,1,2025-07-17 02:46:04,1967119892956188685,2025-07-17 03:00:04,1967119892956188685,False
SO20250717000241,1967119892788416522,1967119892889079809,,19157,,2,2025-07-17 23:24:04,1967119892956188683,2025-07-17 23:31:04,1967119892956188680,False
SO20250717000242,1967119892788416528,,,763315,,1,2025-07-17 16:30:04,1967119892956188680,2025-07-17 16:34:04,1967119892956188680,False
SO20250717000243,1967119892788416527,1967119892943605772,,1348534,,3,2025-07-17 13:13:04,1967119892956188679,2025-07-17 13:23:04,1967119892956188685,False
SO20250717000244,1967119892788416526,,,152922,,1,2025-07-17 06:49:04,1967119892956188685,2025-07-17 06:59:04,1967119892956188685,False
SO20250717000245,1967119892788416522,,,568500,,1,2025-07-17 21:25:04,1967119892956188683,2025-07-17 21:33:04,1967119892956188681,False
SO20250717000246,1967119892788416523,1967119892868108290,,271816,,1,2025-07-17 06:51:04,1967119892956188681,2025-07-17 06:58:04,1967119892956188681,False
SO20250718000247,1967119892788416525,1967119892838748337,,1560368,,4,2025-07-18 00:30:04,1967119892956188684,2025-07-18 00:31:04,1967119892956188683,False
SO20250718000248,1967119892788416528,1967119892901662726,,1137754,,2,2025-07-18 21:36:04,1967119892956188685,2025-07-18 21:39:04,1967119892956188681,False
SO20250718000249,1967119892788416522,1967119892851331078,,379083,,1,2025-07-18 23:40:04,1967119892956188681,2025-07-18 23:43:04,1967119892956188682,False
SO20250718000250,1967119892788416522,1967119892851331086,,2313890,Đó như với nào. Vậy không giữa khi có như mỗi.,1,2025-07-18 07:17:04,1967119892956188683,2025-07-18 07:23:04,1967119892956188680,False
SO20250718000251,1967119892788416522,1967119892910051337,,151825,,3,2025-07-18 13:05:04,1967119892956188679,2025-07-18 13:10:04,1967119892956188679,False
SO20250718000252,1967119892788416524,1967119892905857025,1967119892951994385,674462,,4,2025-07-18 12:47:04,1967119892956188684,2025-07-18 13:02:04,1967119892956188685,False
SO20250718000253,1967119892788416527,,,34607,,1,2025-07-18 09:19:04,1967119892956188683,2025-07-18 09:25:04,1967119892956188684,False
SO20250718000254,1967119892788416526,,,448836,,1,2025-07-18 15:40:04,1967119892956188681,2025-07-18 15:43:04,1967119892956188682,False
SO20250718000255,1967119892788416522,1967119892872302598,,207114,,2,2025-07-18 07:47:04,1967119892956188678,2025-07-18 07:58:04,1967119892956188679,False
SO20250718000256,1967119892788416523,1967119892914245648,,1135436,,1,2025-07-18 16:30:04,1967119892956188685,2025-07-18 16:31:04,1967119892956188683,False
SO20250718000257,1967119892788416522,1967119892897468416,,290830,,1,2025-07-18 21:21:04,1967119892956188683,2025-07-18 21:30:04,1967119892956188678,False
SO20250718000258,1967119892788416522,1967119892851331088,,1701839,,1,2025-07-18 06:03:04,1967119892956188678,2025-07-18 06:06:04,1967119892956188684,False
SO20250718000259,1967119892788416523,,,180062,Cũng cũng hoặc số khiến đã.,1,2025-07-18 04:33:04,1967119892956188681,2025-07-18 04:47:04,1967119892956188680,False
SO20250718000260,1967119892788416526,1967119892897468424,,580542,,1,2025-07-18 04:45:04,1967119892956188683,2025-07-18 04:56:04,1967119892956188680,False
SO20250718000261,1967119892788416529,1967119892922634243,1967119892951994385,25834,,4,2025-07-18 19:08:04,1967119892956188685,2025-07-18 19:19:04,1967119892956188685,False
SO20250718000262,1967119892788416522,1967119892901662740,,705927,,2,2025-07-18 21:44:04,1967119892956188682,2025-07-18 21:50:04,1967119892956188679,False
SO20250718000263,1967119892788416522,1967119892947800092,,27506,,5,2025-07-18 14:13:04,1967119892956188685,2025-07-18 14:24:04,1967119892956188682,False
SO20250718000264,1967119892788416526,1967119892863913987,,823327,,1,2025-07-18 14:58:04,1967119892956188685,2025-07-18 15:13:04,1967119892956188679,False
SO20250718000265,1967119892788416525,1967119892884885513,,19891,,5,2025-07-18 20:00:04,1967119892956188680,2025-07-18 20:09:04,1967119892956188679,False
SO20250719000266,1967119892788416524,1967119892910051337,,351528,,3,2025-07-19 17:45:04,1967119892956188684,2025-07-19 17:47:04,1967119892956188683,False
SO20250719000267,1967119892788416523,1967119892851331085,,3543815,,4,2025-07-19 06:20:04,1967119892956188678,2025-07-19 06:30:04,1967119892956188682,False
SO20250719000268,1967119892788416523,1967119892872302597,,1921737,,4,2025-07-19 04:40:04,1967119892956188681,2025-07-19 04:54:04,1967119892956188682,False
SO20250719000269,1967119892788416526,,,295011,,1,2025-07-19 00:17:04,1967119892956188681,2025-07-19 00:23:04,1967119892956188678,False
SO20250719000270,1967119892788416525,1967119892935217155,,3780033,,1,2025-07-19 13:32:04,1967119892956188678,2025-07-19 13:38:04,1967119892956188684,False
SO20250719000271,1967119892788416523,1967119892859719682,,2354562,,2,2025-07-19 05:37:04,1967119892956188680,2025-07-19 05:50:04,1967119892956188678,False
SO20250719000272,1967119892788416525,1967119892838748342,,625286,,4,2025-07-19 03:09:04,1967119892956188684,2025-07-19 03:21:04,1967119892956188683,False
SO20250719000273,1967119892788416522,1967119892851331092,,443336,,2,2025-07-19 20:58:04,1967119892956188682,2025-07-19 21:09:04,1967119892956188685,False
SO20250719000274,1967119892788416529,1967119892935217162,,34445,,1,2025-07-19 14:03:04,1967119892956188680,2025-07-19 14:04:04,1967119892956188681,False
SO20250719000275,1967119892788416523,1967119892901662734,,314168,,1,2025-07-19 08:01:04,1967119892956188684,2025-07-19 08:10:04,1967119892956188682,False
SO20250719000276,1967119892788416523,1967119892838748349,,2801320,,3,2025-07-19 08:27:04,1967119892956188682,2025-07-19 08:35:04,1967119892956188680,False
SO20250719000277,1967119892788416523,1967119892935217156,,1247869,,2,2025-07-19 11:21:04,1967119892956188683,2025-07-19 11:34:04,1967119892956188683,False
SO20250719000278,1967119892788416527,1967119892855525380,,709609,,3,2025-07-19 03:01:04,1967119892956188679,2025-07-19 03:03:04,1967119892956188679,False
SO20250719000279,1967119892788416523,,,1274202,,2,2025-07-19 09:21:04,1967119892956188682,2025-07-19 09:22:04,1967119892956188684,False
SO20250719000280,1967119892788416525,1967119892838748365,,828730,,2,2025-07-19 20:56:04,1967119892956188683,2025-07-19 20:57:04,1967119892956188680,False
SO20250719000281,1967119892788416523,1967119892880691203,,1783793,,3,2025-07-19 20:35:04,1967119892956188681,2025-07-19 20:44:04,1967119892956188681,False
SO20250719000282,1967119892788416527,1967119892918439946,,43398,,3,2025-07-19 19:00:04,1967119892956188685,2025-07-19 19:06:04,1967119892956188684,False
SO20250719000283,1967119892788416525,1967119892901662729,,595627,Số sau nhưng thay nơi. Để nếu như mà.,3,2025-07-19 11:03:04,1967119892956188684,2025-07-19 11:08:04,1967119892956188685,False
SO20250719000284,1967119892788416524,1967119892872302605,1967119892956188677,146117,,2,2025-07-19 10:03:04,1967119892956188678,2025-07-19 10:16:04,1967119892956188680,False
SO20250719000285,1967119892788416523,,,224418,,1,2025-07-19 18:08:04,1967119892956188684,2025-07-19 18:21:04,1967119892956188680,False
SO20250719000286,1967119892788416522,1967119892884885508,,616269,,4,2025-07-19 05:10:04,1967119892956188681,2025-07-19 05:24:04,1967119892956188678,False
SO20250720000287,1967119892788416523,1967119892838748360,,765413,,3,2025-07-20 00:05:04,1967119892956188681,2025-07-20 00:17:04,1967119892956188679,False
SO20250720000288,1967119892788416524,1967119892935217165,,1066344,,1,2025-07-20 08:09:04,1967119892956188679,2025-07-20 08:13:04,1967119892956188679,False
SO20250720000289,1967119892788416529,1967119892872302607,,402699,,2,2025-07-20 05:04:04,1967119892956188684,2025-07-20 05:05:04,1967119892956188683,False
SO20250720000290,1967119892788416524,1967119892838748351,1967119892951994383,2572671,,2,2025-07-20 04:59:04,1967119892956188681,2025-07-20 05:00:04,1967119892956188678,False
SO20250720000291,1967119892788416522,1967119892851331074,1967119892951994387,412401,,1,2025-07-20 19:40:04,1967119892956188679,2025-07-20 19:50:04,1967119892956188685,False
SO20250720000292,1967119892788416525,1967119892838748336,1967119892956188677,1841815,,1,2025-07-20 08:34:04,1967119892956188681,2025-07-20 08:48:04,1967119892956188684,False
SO20250720000293,1967119892788416525,,1967119892956188677,18557,,2,2025-07-20 14:57:04,1967119892956188680,2025-07-20 15:10:04,1967119892956188681,False
SO20250720000294,1967119892788416523,1967119892880691213,,265243,,1,2025-07-20 09:19:04,1967119892956188684,2025-07-20 09:34:04,1967119892956188680,False
SO20250720000295,1967119892788416522,1967119892859719699,,2670412,,1,2025-07-20 06:22:04,1967119892956188681,2025-07-20 06:35:04,1967119892956188683,False
SO20250720000296,1967119892788416527,1967119892943605771,,65834,,1,2025-07-20 13:19:04,1967119892956188682,2025-07-20 13:25:04,1967119892956188681,False
SO20250720000297,1967119892788416525,,,406435,,2,2025-07-20 22:16:04,1967119892956188680,2025-07-20 22:20:04,1967119892956188680,False
SO20250721000298,1967119892788416525,1967119892880691206,,88572,,1,2025-07-21 02:52:04,1967119892956188682,2025-07-21 03:04:04,1967119892956188683,False
SO20250721000299,1967119892788416522,,,168439,,1,2025-07-21 19:36:04,1967119892956188685,2025-07-21 19:37:04,1967119892956188681,False
SO20250721000300,1967119892788416524,1967119892880691206,,1010689,,1,2025-07-21 07:32:04,1967119892956188684,2025-07-21 07:43:04,1967119892956188684,False
SO20250721000301,1967119892788416526,1967119892901662734,,159254,,5,2025-07-21 14:37:04,1967119892956188679,2025-07-21 14:40:04,1967119892956188681,False
SO20250721000302,1967119892788416522,1967119892851331078,,186028,,2,2025-07-21 03:03:04,1967119892956188679,2025-07-21 03:08:04,1967119892956188681,False
SO20250722000303,1967119892788416524,1967119892905857028,,117921,,1,2025-07-22 14:12:04,1967119892956188680,2025-07-22 14:20:04,1967119892956188681,False
SO20250722000304,1967119892788416524,,,410846,,3,2025-07-22 03:13:04,1967119892956188683,2025-07-22 03:26:04,1967119892956188683,False
SO20250722000305,1967119892788416523,1967119892914245633,,1304624,,1,2025-07-22 03:28:04,1967119892956188678,2025-07-22 03:32:04,1967119892956188680,False
SO20250722000306,1967119892788416524,1967119892876496898,,1467996,,5,2025-07-22 14:17:04,1967119892956188685,2025-07-22 14:19:04,1967119892956188683,False
SO20250722000307,1967119892788416528,,,369310,,1,2025-07-22 20:52:04,1967119892956188682,2025-07-22 21:02:04,1967119892956188683,False
SO20250722000308,1967119892788416524,,,57471,,1,2025-07-22 04:27:04,1967119892956188682,2025-07-22 04:34:04,1967119892956188679,False
SO20250722000309,1967119892788416525,,,101799,,2,2025-07-22 02:00:04,1967119892956188680,2025-07-22 02:01:04,1967119892956188680,False
SO20250723000310,1967119892788416523,1967119892838748345,1967119892951994387,1533878,,5,2025-07-23 14:10:04,1967119892956188681,2025-07-23 14:11:04,1967119892956188678,False
SO20250723000311,1967119892788416526,1967119892943605773,,1593773,,1,2025-07-23 21:43:04,1967119892956188681,2025-07-23 21:44:04,1967119892956188678,False
SO20250723000312,1967119892788416526,1967119892868108293,,472643,,2,2025-07-23 04:34:04,1967119892956188685,2025-07-23 04:36:04,1967119892956188678,False
SO20250723000313,1967119892788416522,1967119892838748370,1967119892951994386,1607351,,2,2025-07-23 18:14:04,1967119892956188684,2025-07-23 18:26:04,1967119892956188685,False
SO20250723000314,1967119892788416522,1967119892897468430,,1626541,Cũng hoặc như tại. Với trong hoặc đúng như.,1,2025-07-23 15:07:04,1967119892956188682,2025-07-23 15:12:04,1967119892956188685,False
SO20250723000315,1967119892788416522,1967119892859719698,,48093,,2,2025-07-23 14:44:04,1967119892956188683,2025-07-23 14:57:04,1967119892956188685,False
SO20250724000316,1967119892788416523,1967119892880691200,,98298,,2,2025-07-24 14:44:04,1967119892956188683,2025-07-24 14:57:04,1967119892956188684,False
SO20250724000317,1967119892788416522,1967119892851331091,,781697,,3,2025-07-24 02:18:04,1967119892956188684,2025-07-24 02:19:04,1967119892956188680,False
SO20250724000318,1967119892788416524,1967119892943605775,1967119892951994386,47769,,1,2025-07-24 03:19:04,1967119892956188681,2025-07-24 03:34:04,1967119892956188680,False
SO20250724000319,1967119892788416522,1967119892838748369,,39048,,4,2025-07-24 05:52:04,1967119892956188683,2025-07-24 06:04:04,1967119892956188682,False
SO20250724000320,1967119892788416522,1967119892935217158,,157899,,4,2025-07-24 05:20:04,1967119892956188684,2025-07-24 05:28:04,1967119892956188679,False
SO20250724000321,1967119892788416526,1967119892943605760,,44744,,4,2025-07-24 02:26:04,1967119892956188682,2025-07-24 02:38:04,1967119892956188681,False
SO20250724000322,1967119892788416523,1967119892880691207,,612819,,3,2025-07-24 20:23:04,1967119892956188685,2025-07-24 20:35:04,1967119892956188680,False
SO20250724000323,1967119892788416525,,,415696,,1,2025-07-24 07:04:04,1967119892956188685,2025-07-24 07:15:04,1967119892956188681,False
SO20250725000324,1967119892788416523,1967119892905857044,,359786,,3,2025-07-25 12:57:04,1967119892956188680,2025-07-25 13:01:04,1967119892956188680,False
SO20250725000325,1967119892788416529,1967119892901662732,,705927,,1,2025-07-25 10:05:04,1967119892956188681,2025-07-25 10:15:04,1967119892956188685,False
SO20250725000326,1967119892788416522,1967119892884885505,,59673,Hơn cho đã đang. Tại sẽ đúng giữa sẽ làm có.,2,2025-07-25 19:13:04,1967119892956188678,2025-07-25 19:22:04,1967119892956188678,False
SO20250725000327,1967119892788416522,1967119892868108300,,518711,,1,2025-07-25 20:31:04,1967119892956188678,2025-07-25 20:33:04,1967119892956188679,False
SO20250725000328,1967119892788416524,1967119892947800064,,96186,,1,2025-07-25 16:30:04,1967119892956188680,2025-07-25 16:35:04,1967119892956188678,False
SO20250725000329,1967119892788416527,1967119892838748348,1967119892956188677,3174616,,2,2025-07-25 06:01:04,1967119892956188684,2025-07-25 06:14:04,1967119892956188685,False
SO20250725000330,1967119892788416522,,,886672,,1,2025-07-25 07:13:04,1967119892956188680,2025-07-25 07:15:04,1967119892956188685,False
SO20250725000331,1967119892788416526,,1967119892951994385,324143,,2,2025-07-25 14:08:04,1967119892956188682,2025-07-25 14:11:04,1967119892956188682,False
SO20250725000332,1967119892788416523,1967119892838748326,,125101,,1,2025-07-25 20:40:04,1967119892956188682,2025-07-25 20:54:04,1967119892956188685,False
SO20250725000333,1967119892788416525,,,48093,,1,2025-07-25 02:54:04,1967119892956188685,2025-07-25 02:59:04,1967119892956188679,False
SO20250725000334,1967119892788416528,1967119892859719681,1967119892951994381,1606464,,4,2025-07-25 13:26:04,1967119892956188682,2025-07-25 13:30:04,1967119892956188679,False
SO20250725000335,1967119892788416525,1967119892922634244,,59673,Nơi như đến để lớn giống thì từ.,1,2025-07-25 21:26:04,1967119892956188678,2025-07-25 21:35:04,1967119892956188685,False
SO20250725000336,1967119892788416524,1967119892926828546,,347032,,3,2025-07-25 21:36:04,1967119892956188680,2025-07-25 21:37:04,1967119892956188680,False
SO20250725000337,1967119892788416523,1967119892914245642,,171889,,1,2025-07-25 10:37:04,1967119892956188682,2025-07-25 10:48:04,1967119892956188685,False
SO20250725000338,1967119892788416526,1967119892905857024,,970795,,3,2025-07-25 08:05:04,1967119892956188678,2025-07-25 08:17:04,1967119892956188683,False
SO20250725000339,1967119892788416527,1967119892855525389,,1333797,,2,2025-07-25 05:42:04,1967119892956188681,2025-07-25 05:45:04,1967119892956188678,False
SO20250725000340,1967119892788416526,1967119892855525386,,1156882,,3,2025-07-25 21:19:04,1967119892956188683,2025-07-25 21:21:04,1967119892956188684,False
SO20250725000341,1967119892788416525,1967119892943605782,,65584,,3,2025-07-25 06:04:04,1967119892956188683,2025-07-25 06:07:04,1967119892956188684,False
SO20250725000342,1967119892788416522,1967119892855525398,,1491670,,2,2025-07-25 15:27:04,1967119892956188684,2025-07-25 15:35:04,1967119892956188679,False
SO20250726000343,1967119892788416524,1967119892910051358,,311308,Đang với chỉ từ khiến đi.,1,2025-07-26 06:29:04,1967119892956188683,2025-07-26 06:36:04,1967119892956188680,False
SO20250726000344,1967119892788416522,1967119892893274116,,374375,,3,2025-07-26 21:03:04,1967119892956188682,2025-07-26 21:05:04,1967119892956188679,False
SO20250726000345,1967119892788416522,1967119892943605781,,891870,Nếu gần tôi sau làm một đến.,1,2025-07-26 22:09:04,1967119892956188682,2025-07-26 22:18:04,1967119892956188685,False
SO20250726000346,1967119892788416525,1967119892838748362,1967119892951994385,2195980,Cái đi có cũng. Mỗi như chưa các sẽ một của.,2,2025-07-26 07:01:04,1967119892956188678,2025-07-26 07:09:04,1967119892956188678,False
SO20250726000347,1967119892788416526,1967119892943605770,,3554559,,4,2025-07-26 10:00:04,1967119892956188679,2025-07-26 10:08:04,1967119892956188680,False
SO20250726000348,1967119892788416523,1967119892838748335,,2274230,,3,2025-07-26 20:57:04,1967119892956188680,2025-07-26 21:06:04,1967119892956188680,False
SO20250726000349,1967119892788416524,1967119892855525384,,670499,,1,2025-07-26 04:33:04,1967119892956188680,2025-07-26 04:36:04,1967119892956188685,False
SO20250726000350,1967119892788416524,1967119892905857036,,2439434,Như rất để với của sau hơn từng.,1,2025-07-26 14:27:04,1967119892956188684,2025-07-26 14:42:04,1967119892956188678,False
SO20250726000351,1967119892788416527,1967119892905857036,,580542,,1,2025-07-26 13:28:04,1967119892956188680,2025-07-26 13:34:04,1967119892956188682,False
SO20250726000352,1967119892788416525,1967119892863913989,,284296,,1,2025-07-26 14:10:04,1967119892956188681,2025-07-26 14:11:04,1967119892956188680,False
SO20250726000353,1967119892788416522,1967119892905857033,,232688,,3,2025-07-26 20:04:04,1967119892956188685,2025-07-26 20:18:04,1967119892956188681,False
SO20250726000354,1967119892788416524,,,151998,,2,2025-07-26 02:13:04,1967119892956188684,2025-07-26 02:28:04,1967119892956188683,False
SO20250726000355,1967119892788416522,1967119892859719684,1967119892951994384,280736,Trong cũng hơn các về thì trong.,1,2025-07-26 21:34:04,1967119892956188685,2025-07-26 21:38:04,1967119892956188681,False
SO20250726000356,1967119892788416522,1967119892951994368,,227997,,2,2025-07-26 12:50:04,1967119892956188681,2025-07-26 12:55:04,1967119892956188679,False
SO20250726000357,1967119892788416522,1967119892868108294,,1666405,,3,2025-07-26 12:54:04,1967119892956188685,2025-07-26 12:55:04,1967119892956188679,False
SO20250726000358,1967119892788416525,,,101948,,1,2025-07-26 23:40:04,1967119892956188682,2025-07-26 23:53:04,1967119892956188680,False
SO20250726000359,1967119892788416523,1967119892905857026,,1301207,,1,2025-07-26 21:24:04,1967119892956188683,2025-07-26 21:38:04,1967119892956188683,False
SO20250726000360,1967119892788416522,1967119892838748329,,315167,,3,2025-07-26 05:30:04,1967119892956188679,2025-07-26 05:34:04,1967119892956188682,False
SO20250726000361,1967119892788416529,1967119892901662723,,3096702,Trong lớn đi này. Vậy người có.,2,2025-07-26 04:45:04,1967119892956188678,2025-07-26 05:00:04,1967119892956188684,False
SO20250726000362,1967119892788416526,1967119892914245647,,184677,,3,2025-07-26 14:00:04,1967119892956188681,2025-07-26 14:02:04,1967119892956188680,False
SO20250726000363,1967119892788416523,,,165428,,1,2025-07-26 01:14:04,1967119892956188678,2025-07-26 01:21:04,1967119892956188681,False
SO20250726000364,1967119892788416523,1967119892905857024,,1288883,,1,2025-07-26 21:50:04,1967119892956188685,2025-07-26 21:58:04,1967119892956188679,False
SO20250727000365,1967119892788416523,1967119892859719692,,1571322,,1,2025-07-27 04:57:04,1967119892956188682,2025-07-27 04:58:04,1967119892956188683,False
SO20250727000366,1967119892788416526,1967119892859719684,,763532,,2,2025-07-27 14:23:04,1967119892956188685,2025-07-27 14:26:04,1967119892956188683,False
SO20250727000367,1967119892788416524,1967119892901662729,,930345,,2,2025-07-27 14:00:04,1967119892956188679,2025-07-27 14:07:04,1967119892956188684,False
SO20250727000368,1967119892788416522,1967119892939411468,,152670,,1,2025-07-27 03:30:04,1967119892956188681,2025-07-27 03:44:04,1967119892956188683,False
SO20250727000369,1967119892788416522,1967119892855525399,,779227,,1,2025-07-27 10:57:04,1967119892956188681,2025-07-27 11:01:04,1967119892956188678,False
SO20250727000370,1967119892788416522,1967119892851331075,,653136,,1,2025-07-27 19:36:04,1967119892956188679,2025-07-27 19:44:04,1967119892956188683,False
SO20250727000371,1967119892788416525,1967119892910051333,,285138,,2,2025-07-27 03:13:04,1967119892956188684,2025-07-27 03:17:04,1967119892956188681,False
SO20250727000372,1967119892788416525,1967119892863913995,,482866,,1,2025-07-27 05:58:04,1967119892956188684,2025-07-27 06:09:04,1967119892956188684,False
SO20250727000373,1967119892788416526,1967119892838748368,,2861145,,2,2025-07-27 16:12:04,1967119892956188683,2025-07-27 16:17:04,1967119892956188684,False
SO20250727000374,1967119892788416522,1967119892893274127,,378682,,1,2025-07-27 15:47:04,1967119892956188681,2025-07-27 15:55:04,1967119892956188683,False
SO20250727000375,1967119892788416522,1967119892901662728,,510400,,2,2025-07-27 12:40:04,1967119892956188681,2025-07-27 12:41:04,1967119892956188680,False
SO20250728000376,1967119892788416524,1967119892901662737,,118211,,3,2025-07-28 14:34:04,1967119892956188683,2025-07-28 14:44:04,1967119892956188678,False
SO20250728000377,1967119892788416523,1967119892855525395,,290282,,1,2025-07-28 01:53:04,1967119892956188684,2025-07-28 01:55:04,1967119892956188678,False
SO20250728000378,1967119892788416527,1967119892943605786,,193514,,1,2025-07-28 07:10:04,1967119892956188684,2025-07-28 07:12:04,1967119892956188680,False
SO20250728000379,1967119892788416524,1967119892905857025,,1062366,,2,2025-07-28 03:09:04,1967119892956188682,2025-07-28 03:17:04,1967119892956188684,False
SO20250728000380,1967119892788416524,,,923189,,1,2025-07-28 15:13:04,1967119892956188679,2025-07-28 15:25:04,1967119892956188685,False
SO20250729000381,1967119892788416523,1967119892838748356,,570980,,2,2025-07-29 08:51:04,1967119892956188680,2025-07-29 08:54:04,1967119892956188678,False
SO20250729000382,1967119892788416522,1967119892838748365,,1204792,,3,2025-07-29 19:14:04,1967119892956188683,2025-07-29 19:27:04,1967119892956188685,False
SO20250729000383,1967119892788416522,1967119892905857043,,62582,,3,2025-07-29 03:48:04,1967119892956188684,2025-07-29 04:02:04,1967119892956188683,False
SO20250729000384,1967119892788416525,1967119892910051330,,250328,,1,2025-07-29 09:39:04,1967119892956188685,2025-07-29 09:50:04,1967119892956188683,False
SO20250729000385,1967119892788416522,1967119892880691215,,214365,,3,2025-07-29 12:46:04,1967119892956188684,2025-07-29 12:58:04,1967119892956188682,False
SO20250729000386,1967119892788416524,1967119892838748358,,318069,,4,2025-07-29 08:45:04,1967119892956188680,2025-07-29 08:48:04,1967119892956188680,False
SO20250729000387,1967119892788416526,,,62582,,1,2025-07-29 04:47:04,1967119892956188678,2025-07-29 04:48:04,1967119892956188684,False
SO20250730000388,1967119892788416527,1967119892943605779,,232380,,1,2025-07-30 20:04:04,1967119892956188685,2025-07-30 20:10:04,1967119892956188683,False
SO20250730000389,1967119892788416526,1967119892838748352,1967119892951994385,831489,,4,2025-07-30 08:41:04,1967119892956188681,2025-07-30 08:47:04,1967119892956188680,False
SO20250730000390,1967119892788416527,1967119892918439955,1967119892951994384,183068,,1,2025-07-30 15:41:04,1967119892956188678,2025-07-30 15:46:04,1967119892956188682,False
SO20250730000391,1967119892788416523,1967119892905857041,,990269,,3,2025-07-30 20:38:04,1967119892956188684,2025-07-30 20:41:04,1967119892956188684,False
SO20250730000392,1967119892788416523,1967119892855525390,,1225265,,4,2025-07-30 05:12:04,1967119892956188685,2025-07-30 05:25:04,1967119892956188682,False
SO20250731000393,1967119892788416522,1967119892939411461,,310515,,1,2025-07-31 07:16:04,1967119892956188682,2025-07-31 07:21:04,1967119892956188685,False
SO20250731000394,1967119892788416528,1967119892872302601,,2177267,,2,2025-07-31 14:54:04,1967119892956188682,2025-07-31 15:03:04,1967119892956188680,False
SO20250731000395,1967119892788416522,1967119892872302595,,71859,,1,2025-07-31 04:54:04,1967119892956188680,2025-07-31 05:00:04,1967119892956188678,False
SO20250731000396,1967119892788416522,1967119892863913991,,511634,,1,2025-07-31 14:48:04,1967119892956188681,2025-07-31 14:49:04,1967119892956188679,False
SO20250731000397,1967119892788416528,1967119892893274115,,41380,,2,2025-07-31 08:28:04,1967119892956188682,2025-07-31 08:35:04,1967119892956188678,False
SO20250731000398,1967119892788416526,1967119892889079817,,519877,,1,2025-07-31 21:44:04,1967119892956188678,2025-07-31 21:56:04,1967119892956188685,False
SO20250731000399,1967119892788416527,1967119892838748354,1967119892951994384,373331,Nhưng dưới người sẽ. Của về có đến giống một của.,3,2025-07-31 15:05:04,1967119892956188683,2025-07-31 15:20:04,1967119892956188678,False
SO20250731000400,1967119892788416525,,,319632,,2,2025-07-31 14:09:04,1967119892956188679,2025-07-31 14:18:04,1967119892956188681,False
SO20250731000401,1967119892788416524,1967119892855525393,,410690,,4,2025-07-31 05:43:04,1967119892956188680,2025-07-31 05:54:04,1967119892956188685,False
SO20250731000402,1967119892788416522,1967119892838748368,,5539900,,1,2025-07-31 08:43:04,1967119892956188685,2025-07-31 08:53:04,1967119892956188683,False
SO20250731000403,1967119892788416524,1967119892893274112,,1883820,,1,2025-07-31 16:36:04,1967119892956188685,2025-07-31 16:37:04,1967119892956188680,False
SO20250731000404,1967119892788416525,1967119892935217160,,65834,,1,2025-07-31 00:59:04,1967119892956188680,2025-07-31 01:00:04,1967119892956188678,False
SO20250801000405,1967119892788416522,,,177144,,2,2025-08-01 11:34:04,1967119892956188684,2025-08-01 11:46:04,1967119892956188683,False
SO20250801000406,1967119892788416528,,,238456,,1,2025-08-01 12:28:04,1967119892956188683,2025-08-01 12:37:04,1967119892956188684,False
SO20250801000407,1967119892788416525,1967119892859719696,,596447,,2,2025-08-01 18:50:04,1967119892956188680,2025-08-01 18:54:04,1967119892956188685,False
SO20250801000408,1967119892788416522,1967119892863913996,,116346,,2,2025-08-01 15:13:04,1967119892956188680,2025-08-01 15:26:04,1967119892956188685,False
SO20250801000409,1967119892788416522,1967119892918439960,,141324,,1,2025-08-01 21:10:04,1967119892956188679,2025-08-01 21:16:04,1967119892956188680,False
SO20250801000410,1967119892788416524,1967119892901662739,,1639473,,3,2025-08-01 08:35:04,1967119892956188680,2025-08-01 08:50:04,1967119892956188681,False
SO20250801000411,1967119892788416522,1967119892855525395,1967119892956188677,1396494,,3,2025-08-01 09:38:04,1967119892956188685,2025-08-01 09:40:04,1967119892956188685,False
SO20250801000412,1967119892788416525,1967119892905857033,,515003,,1,2025-08-01 04:24:04,1967119892956188683,2025-08-01 04:34:04,1967119892956188683,False
SO20250801000413,1967119892788416524,1967119892838748349,,747407,,4,2025-08-01 04:59:04,1967119892956188684,2025-08-01 05:03:04,1967119892956188685,False
SO20250801000414,1967119892788416522,1967119892918439957,,2073616,,5,2025-08-01 21:14:04,1967119892956188681,2025-08-01 21:27:04,1967119892956188682,False
SO20250801000415,1967119892788416523,,,55012,Cũng hoặc có.,5,2025-08-01 23:19:04,1967119892956188682,2025-08-01 23:33:04,1967119892956188681,False
SO20250801000416,1967119892788416524,1967119892838748347,,1843842,,1,2025-08-01 13:44:04,1967119892956188685,2025-08-01 13:55:04,1967119892956188681,False
SO20250801000417,1967119892788416528,1967119892947800071,,517928,,3,2025-08-01 20:00:04,1967119892956188682,2025-08-01 20:05:04,1967119892956188681,False
SO20250801000418,1967119892788416523,1967119892905857026,,890618,,1,2025-08-01 07:24:04,1967119892956188684,2025-08-01 07:25:04,1967119892956188681,False
SO20250801000419,1967119892788416524,1967119892901662722,1967119892956188673,1568550,,1,2025-08-01 16:16:04,1967119892956188684,2025-08-01 16:24:04,1967119892956188683,False
SO20250801000420,1967119892788416528,1967119892914245635,,6447526,,1,2025-08-01 03:58:04,1967119892956188684,2025-08-01 04:11:04,1967119892956188681,False
SO20250801000421,1967119892788416526,1967119892905857041,,284819,,3,2025-08-01 08:33:04,1967119892956188683,2025-08-01 08:35:04,1967119892956188682,False
SO20250801000422,1967119892788416522,1967119892939411471,,1042183,,2,2025-08-01 08:56:04,1967119892956188681,2025-08-01 09:10:04,1967119892956188679,False
SO20250801000423,1967119892788416522,1967119892943605779,,137492,,3,2025-08-01 08:07:04,1967119892956188682,2025-08-01 08:15:04,1967119892956188683,False
SO20250801000424,1967119892788416525,1967119892889079820,,55663,,1,2025-08-01 00:33:04,1967119892956188678,2025-08-01 00:36:04,1967119892956188679,False
SO20250801000425,1967119892788416526,,,1487475,,1,2025-08-01 09:04:04,1967119892956188680,2025-08-01 09:07:04,1967119892956188683,False
SO20250801000426,1967119892788416525,1967119892918439966,,48093,,4,2025-08-01 13:38:04,1967119892956188681,2025-08-01 13:46:04,1967119892956188681,False
SO20250801000427,1967119892788416523,,,192372,,1,2025-08-01 17:17:04,1967119892956188679,2025-08-01 17:27:04,1967119892956188679,False
SO20250801000428,1967119892788416526,1967119892859719685,,704850,,1,2025-08-01 21:26:04,1967119892956188683,2025-08-01 21:41:04,1967119892956188680,False
SO20250801000429,1967119892788416524,1967119892897468429,,2627533,,1,2025-08-01 01:27:04,1967119892956188685,2025-08-01 01:38:04,1967119892956188678,False
SO20250801000430,1967119892788416523,1967119892905857036,,1074188,,1,2025-08-01 12:00:04,1967119892956188683,2025-08-01 12:02:04,1967119892956188685,False
SO20250801000431,1967119892788416523,1967119892880691216,,387729,,1,2025-08-01 10:11:04,1967119892956188685,2025-08-01 10:20:04,1967119892956188682,False
SO20250801000432,1967119892788416524,1967119892914245633,,96186,,1,2025-08-01 11:23:04,1967119892956188678,2025-08-01 11:29:04,1967119892956188678,False
SO20250801000433,1967119892788416523,1967119892859719696,,108602,Chưa mỗi như trong bên tôi trong.,1,2025-08-01 19:54:04,1967119892956188681,2025-08-01 19:59:04,1967119892956188678,False
SO20250802000434,1967119892788416527,1967119892838748357,,1688841,,2,2025-08-02 09:14:04,1967119892956188685,2025-08-02 09:18:04,1967119892956188678,False
SO20250802000435,1967119892788416526,,,21699,,1,2025-08-02 10:20:04,1967119892956188678,2025-08-02 10:32:04,1967119892956188685,False
SO20250802000436,1967119892788416525,1967119892910051340,,575415,,1,2025-08-02 10:36:04,1967119892956188684,2025-08-02 10:49:04,1967119892956188679,False
SO20250802000437,1967119892788416522,1967119892910051330,1967119892951994384,1078225,,3,2025-08-02 04:01:04,1967119892956188681,2025-08-02 04:08:04,1967119892956188684,False
SO20250802000438,1967119892788416523,1967119892838748347,,1996908,,3,2025-08-02 05:21:04,1967119892956188679,2025-08-02 05:34:04,1967119892956188680,False
SO20250802000439,1967119892788416528,1967119892893274129,,103105,,1,2025-08-02 07:52:04,1967119892956188678,2025-08-02 07:54:04,1967119892956188680,False
SO20250802000440,1967119892788416524,1967119892901662735,,124569,,1,2025-08-02 06:06:04,1967119892956188678,2025-08-02 06:18:04,1967119892956188685,False
SO20250802000441,1967119892788416523,1967119892935217160,,387028,,1,2025-08-02 07:56:04,1967119892956188678,2025-08-02 08:06:04,1967119892956188684,False
SO20250802000442,1967119892788416528,1967119892838748339,,992007,,3,2025-08-02 08:27:04,1967119892956188685,2025-08-02 08:36:04,1967119892956188683,False
SO20250802000443,1967119892788416525,1967119892918439949,,19891,,4,2025-08-02 19:16:04,1967119892956188679,2025-08-02 19:17:04,1967119892956188685,False
SO20250802000444,1967119892788416527,1967119892914245636,,470618,,1,2025-08-02 03:32:04,1967119892956188681,2025-08-02 03:34:04,1967119892956188679,False
SO20250802000445,1967119892788416529,1967119892851331073,,177267,,3,2025-08-02 07:11:04,1967119892956188680,2025-08-02 07:17:04,1967119892956188685,False
SO20250802000446,1967119892788416529,1967119892943605779,,43398,,1,2025-08-02 10:48:04,1967119892956188681,2025-08-02 10:50:04,1967119892956188681,False
SO20250802000447,1967119892788416529,1967119892838748363,1967119892951994384,2842358,,2,2025-08-02 18:03:04,1967119892956188680,2025-08-02 18:11:04,1967119892956188678,False
SO20250802000448,1967119892788416522,1967119892947800082,,275969,,1,2025-08-02 06:14:04,1967119892956188679,2025-08-02 06:22:04,1967119892956188683,False
SO20250802000449,1967119892788416529,1967119892901662742,,295011,,2,2025-08-02 05:54:04,1967119892956188684,2025-08-02 05:59:04,1967119892956188683,False
SO20250802000450,1967119892788416525,1967119892838748363,,2883294,,2,2025-08-02 01:34:04,1967119892956188681,2025-08-02 01:35:04,1967119892956188679,False
SO20250803000451,1967119892788416528,1967119892838748357,,581928,,1,2025-08-03 19:02:04,1967119892956188683,2025-08-03 19:15:04,1967119892956188683,False
SO20250803000452,1967119892788416524,1967119892951994370,,119327,,1,2025-08-03 20:31:04,1967119892956188681,2025-08-03 20:35:04,1967119892956188678,False
SO20250803000453,1967119892788416525,1967119892939411468,,331673,,4,2025-08-03 16:02:04,1967119892956188680,2025-08-03 16:13:04,1967119892956188681,False
SO20250803000454,1967119892788416525,1967119892943605775,,154497,,1,2025-08-03 09:58:04,1967119892956188678,2025-08-03 10:04:04,1967119892956188679,False
SO20250803000455,1967119892788416524,1967119892939411458,,121038,,4,2025-08-03 20:56:04,1967119892956188679,2025-08-03 21:09:04,1967119892956188679,False
SO20250803000456,1967119892788416525,1967119892910051357,,2767143,,1,2025-08-03 19:32:04,1967119892956188683,2025-08-03 19:44:04,1967119892956188682,False
SO20250803000457,1967119892788416522,,,62582,,1,2025-08-03 10:06:04,1967119892956188684,2025-08-03 10:08:04,1967119892956188678,False
SO20250803000458,1967119892788416527,1967119892855525378,,391532,,2,2025-08-03 05:50:04,1967119892956188682,2025-08-03 06:01:04,1967119892956188680,False
SO20250804000459,1967119892788416524,,1967119892956188673,59498,,2,2025-08-04 13:38:04,1967119892956188678,2025-08-04 13:40:04,1967119892956188678,False
SO20250804000460,1967119892788416522,1967119892910051335,,518015,,4,2025-08-04 08:57:04,1967119892956188679,2025-08-04 09:04:04,1967119892956188678,False
SO20250804000461,1967119892788416527,1967119892859719695,,3451222,Điều giữa như có đến với.,3,2025-08-04 23:16:04,1967119892956188678,2025-08-04 23:26:04,1967119892956188679,False
SO20250804000462,1967119892788416524,1967119892872302607,,2250657,,2,2025-08-04 03:04:04,1967119892956188685,2025-08-04 03:10:04,1967119892956188681,False
SO20250804000463,1967119892788416523,1967119892910051333,,944043,,5,2025-08-04 20:51:04,1967119892956188685,2025-08-04 20:57:04,1967119892956188684,False
SO20250804000464,1967119892788416525,1967119892859719682,,296640,,2,2025-08-04 16:51:04,1967119892956188683,2025-08-04 17:06:04,1967119892956188683,False
SO20250805000465,1967119892788416524,1967119892868108301,,173533,,1,2025-08-05 13:42:04,1967119892956188685,2025-08-05 13:52:04,1967119892956188681,False
SO20250805000466,1967119892788416524,1967119892918439938,,1043278,,1,2025-08-05 10:46:04,1967119892956188679,2025-08-05 10:50:04,1967119892956188683,False
SO20250805000467,1967119892788416525,1967119892914245643,,93614,Như đó theo về tại cho.,3,2025-08-05 20:49:04,1967119892956188682,2025-08-05 20:52:04,1967119892956188683,False
SO20250805000468,1967119892788416523,1967119892910051358,,887935,,1,2025-08-05 06:01:04,1967119892956188685,2025-08-05 06:16:04,1967119892956188678,False
SO20250805000469,1967119892788416523,1967119892910051329,1967119892956188673,195484,,1,2025-08-05 08:45:04,1967119892956188679,2025-08-05 08:46:04,1967119892956188684,False
SO20250805000470,1967119892788416522,,,886672,,3,2025-08-05 14:29:04,1967119892956188679,2025-08-05 14:31:04,1967119892956188681,False
SO20250805000471,1967119892788416522,1967119892838748344,1967119892956188673,3611776,,2,2025-08-05 21:55:04,1967119892956188683,2025-08-05 21:58:04,1967119892956188678,False
SO20250805000472,1967119892788416524,,,2974017,Vẫn tự không về như. Cái nơi với khiến thì.,1,2025-08-05 10:33:04,1967119892956188682,2025-08-05 10:35:04,1967119892956188679,False
SO20250805000473,1967119892788416526,1967119892947800071,,663539,,4,2025-08-05 07:21:04,1967119892956188678,2025-08-05 07:33:04,1967119892956188678,False
SO20250805000474,1967119892788416523,,,738620,,1,2025-08-05 08:32:04,1967119892956188678,2025-08-05 08:45:04,1967119892956188684,False
SO20250805000475,1967119892788416524,1967119892855525390,,192016,,1,2025-08-05 08:59:04,1967119892956188680,2025-08-05 09:02:04,1967119892956188685,False
SO20250805000476,1967119892788416522,1967119892838748326,1967119892951994381,656683,,1,2025-08-05 11:55:04,1967119892956188679,2025-08-05 12:08:04,1967119892956188681,False
SO20250806000477,1967119892788416524,1967119892918439947,,1727940,,2,2025-08-06 07:11:04,1967119892956188682,2025-08-06 07:24:04,1967119892956188685,False
SO20250806000478,1967119892788416522,1967119892918439944,,132547,,4,2025-08-06 09:32:04,1967119892956188680,2025-08-06 09:36:04,1967119892956188684,False
SO20250806000479,1967119892788416528,1967119892838748345,,2070595,,1,2025-08-06 04:31:04,1967119892956188684,2025-08-06 04:45:04,1967119892956188678,False
SO20250806000480,1967119892788416525,1967119892939411472,,117058,,4,2025-08-06 04:19:04,1967119892956188685,2025-08-06 04:21:04,1967119892956188685,False
SO20250806000481,1967119892788416522,1967119892918439962,,1697577,,3,2025-08-06 07:14:04,1967119892956188683,2025-08-06 07:24:04,1967119892956188685,False
SO20250806000482,1967119892788416526,,,110848,,4,2025-08-06 03:17:04,1967119892956188679,2025-08-06 03:31:04,1967119892956188684,False
SO20250806000483,1967119892788416522,1967119892893274121,,1866986,,1,2025-08-06 21:53:04,1967119892956188680,2025-08-06 22:02:04,1967119892956188685,False
SO20250806000484,1967119892788416526,1967119892897468427,,352768,,2,2025-08-06 17:46:04,1967119892956188682,2025-08-06 17:57:04,1967119892956188680,False
SO20250807000485,1967119892788416526,1967119892884885505,,478449,,1,2025-08-07 11:56:04,1967119892956188678,2025-08-07 11:59:04,1967119892956188682,False
SO20250807000486,1967119892788416525,1967119892880691218,,526094,,4,2025-08-07 08:12:04,1967119892956188681,2025-08-07 08:26:04,1967119892956188683,False
SO20250807000487,1967119892788416522,1967119892918439959,,27115,,1,2025-08-07 21:11:04,1967119892956188683,2025-08-07 21:12:04,1967119892956188678,False
SO20250807000488,1967119892788416522,1967119892905857040,1967119892951994381,880424,,1,2025-08-07 16:56:04,1967119892956188679,2025-08-07 17:02:04,1967119892956188683,False
SO20250807000489,1967119892788416522,1967119892851331075,,1535431,,1,2025-08-07 17:04:04,1967119892956188681,2025-08-07 17:14:04,1967119892956188685,False
SO20250807000490,1967119892788416523,1967119892838748350,,2298296,,3,2025-08-07 04:38:04,1967119892956188682,2025-08-07 04:45:04,1967119892956188684,False
SO20250807000491,1967119892788416522,1967119892905857035,,55424,,3,2025-08-07 19:39:04,1967119892956188684,2025-08-07 19:47:04,1967119892956188680,False
SO20250807000492,1967119892788416523,1967119892884885505,,498180,,1,2025-08-07 21:32:04,1967119892956188680,2025-08-07 21:45:04,1967119892956188685,False
SO20250807000493,1967119892788416526,1967119892914245645,,454948,,1,2025-08-07 02:42:04,1967119892956188680,2025-08-07 02:47:04,1967119892956188681,False
SO20250807000494,1967119892788416525,1967119892947800089,,177210,Trong như đến không theo từ.,1,2025-08-07 06:34:04,1967119892956188681,2025-08-07 06:48:04,1967119892956188682,False
SO20250808000495,1967119892788416523,1967119892863913994,,837137,,1,2025-08-08 15:13:04,1967119892956188685,2025-08-08 15:15:04,1967119892956188684,False
SO20250808000496,1967119892788416527,1967119892838748334,,1825867,Khiến để có giữa vậy. Đã trong để.,2,2025-08-08 14:20:04,1967119892956188678,2025-08-08 14:28:04,1967119892956188684,False
SO20250808000497,1967119892788416523,,,1389681,,1,2025-08-08 04:06:04,1967119892956188683,2025-08-08 04:16:04,1967119892956188679,False
SO20250808000498,1967119892788416523,1967119892838748367,1967119892951994381,663849,,2,2025-08-08 15:59:04,1967119892956188684,2025-08-08 16:01:04,1967119892956188678,False
SO20250808000499,1967119892788416522,1967119892838748340,1967119892951994381,600518,Về như điều trong như. Tự các từ bên.,2,2025-08-08 14:17:04,1967119892956188685,2025-08-08 14:32:04,1967119892956188680,False
SO20250808000500,1967119892788416529,1967119892947800071,,155158,,4,2025-08-08 09:44:04,1967119892956188685,2025-08-08 09:58:04,1967119892956188681,False
SO20250808000501,1967119892788416523,1967119892880691205,,470618,,5,2025-08-08 08:28:04,1967119892956188683,2025-08-08 08:43:04,1967119892956188681,False
SO20250808000502,1967119892788416523,1967119892893274130,,78005,,4,2025-08-08 02:54:04,1967119892956188685,2025-08-08 02:56:04,1967119892956188685,False
SO20250808000503,1967119892788416524,1967119892872302599,,316792,,1,2025-08-08 02:57:04,1967119892956188681,2025-08-08 03:01:04,1967119892956188683,False
SO20250808000504,1967119892788416528,1967119892939411459,,152556,,1,2025-08-08 14:49:04,1967119892956188684,2025-08-08 14:53:04,1967119892956188684,False
SO20250808000505,1967119892788416524,1967119892943605786,,146068,,3,2025-08-08 13:41:04,1967119892956188680,2025-08-08 13:55:04,1967119892956188680,False
SO20250808000506,1967119892788416523,1967119892947800089,,205423,,1,2025-08-08 00:59:04,1967119892956188678,2025-08-08 01:05:04,1967119892956188682,False
SO20250808000507,1967119892788416522,1967119892943605789,,800937,,1,2025-08-08 20:51:04,1967119892956188684,2025-08-08 21:06:04,1967119892956188679,False
SO20250808000508,1967119892788416529,,,387028,,1,2025-08-08 09:16:04,1967119892956188685,2025-08-08 09:30:04,1967119892956188679,False
SO20250808000509,1967119892788416523,,,295011,,1,2025-08-08 13:17:04,1967119892956188680,2025-08-08 13:18:04,1967119892956188683,False
SO20250808000510,1967119892788416522,1967119892947800069,,991650,,3,2025-08-08 08:39:04,1967119892956188679,2025-08-08 08:44:04,1967119892956188678,False
SO20250808000511,1967119892788416522,1967119892872302608,,1125575,,2,2025-08-08 19:34:04,1967119892956188681,2025-08-08 19:35:04,1967119892956188685,False
SO20250808000512,1967119892788416526,1967119892947800081,,3297635,,1,2025-08-08 15:11:04,1967119892956188682,2025-08-08 15:15:04,1967119892956188680,False
SO20250808000513,1967119892788416523,1967119892939411463,,139690,,3,2025-08-08 14:43:04,1967119892956188682,2025-08-08 14:48:04,1967119892956188681,False
SO20250808000514,1967119892788416523,1967119892910051348,1967119892951994384,251240,,1,2025-08-08 13:13:04,1967119892956188681,2025-08-08 13:19:04,1967119892956188679,False
SO20250808000515,1967119892788416527,1967119892901662733,1967119892951994381,55959,,2,2025-08-08 05:50:04,1967119892956188681,2025-08-08 05:58:04,1967119892956188679,False
SO20250808000516,1967119892788416526,1967119892943605786,1967119892951994384,103869,,2,2025-08-08 08:50:04,1967119892956188683,2025-08-08 09:03:04,1967119892956188678,False
SO20250808000517,1967119892788416523,1967119892855525377,,2290566,,1,2025-08-08 20:51:04,1967119892956188682,2025-08-08 21:05:04,1967119892956188681,False
SO20250808000518,1967119892788416529,1967119892855525378,1967119892951994384,3710923,,1,2025-08-08 05:05:04,1967119892956188682,2025-08-08 05:14:04,1967119892956188683,False
SO20250809000519,1967119892788416522,1967119892947800073,,39782,Này đó của chưa đến.,5,2025-08-09 09:58:04,1967119892956188683,2025-08-09 10:09:04,1967119892956188684,False
SO20250809000520,1967119892788416523,,,196674,,4,2025-08-09 22:01:04,1967119892956188680,2025-08-09 22:10:04,1967119892956188685,False
SO20250809000521,1967119892788416523,,,275969,Bạn người sau với để hơn. Như chưa của các đi đi.,1,2025-08-09 16:35:04,1967119892956188681,2025-08-09 16:36:04,1967119892956188683,False
SO20250809000522,1967119892788416524,1967119892880691201,,112931,Bạn cái điều sau nhiều tự. Rất thế cũng đúng của.,3,2025-08-09 01:22:04,1967119892956188678,2025-08-09 01:32:04,1967119892956188682,False
SO20250809000523,1967119892788416523,1967119892838748348,,2911965,,3,2025-08-09 17:33:04,1967119892956188681,2025-08-09 17:47:04,1967119892956188679,False
SO20250809000524,1967119892788416523,1967119892905857039,,429243,,4,2025-08-09 20:14:04,1967119892956188685,2025-08-09 20:19:04,1967119892956188680,False
SO20250809000525,1967119892788416522,1967119892880691215,,487133,,1,2025-08-09 02:52:04,1967119892956188683,2025-08-09 03:03:04,1967119892956188679,False
SO20250809000526,1967119892788416529,,,346436,,1,2025-08-09 09:08:04,1967119892956188683,2025-08-09 09:16:04,1967119892956188678,False
SO20250809000527,1967119892788416523,1967119892838748335,,2250217,,5,2025-08-09 16:31:04,1967119892956188680,2025-08-09 16:44:04,1967119892956188683,False
SO20250809000528,1967119892788416523,,,103821,,1,2025-08-09 21:45:04,1967119892956188680,2025-08-09 21:54:04,1967119892956188679,False
SO20250809000529,1967119892788416526,1967119892914245648,,2233095,Hơn cái như chỉ của. Của trong hơn về.,2,2025-08-09 04:53:04,1967119892956188684,2025-08-09 04:55:04,1967119892956188681,False
SO20250809000530,1967119892788416526,1967119892838748345,1967119892951994381,3469746,,1,2025-08-09 21:59:04,1967119892956188682,2025-08-09 22:14:04,1967119892956188678,False
SO20250809000531,1967119892788416523,1967119892939411469,1967119892951994384,15232,,1,2025-08-09 14:38:04,1967119892956188678,2025-08-09 14:47:04,1967119892956188685,False
SO20250809000532,1967119892788416528,1967119892897468428,,288497,Nơi trong trong từ giữa của cũng thế.,1,2025-08-09 22:57:04,1967119892956188679,2025-08-09 23:10:04,1967119892956188685,False
SO20250809000533,1967119892788416522,1967119892893274127,,2384407,,5,2025-08-09 09:52:04,1967119892956188681,2025-08-09 09:57:04,1967119892956188685,False
SO20250810000534,1967119892788416522,1967119892889079811,,401524,,2,2025-08-10 15:18:04,1967119892956188679,2025-08-10 15:23:04,1967119892956188683,False
SO20250810000535,1967119892788416526,1967119892876496899,,193026,,4,2025-08-10 20:07:04,1967119892956188682,2025-08-10 20:10:04,1967119892956188682,False
SO20250810000536,1967119892788416522,,1967119892951994384,232088,,1,2025-08-10 20:08:04,1967119892956188684,2025-08-10 20:09:04,1967119892956188678,False
SO20250810000537,1967119892788416523,1967119892855525395,,989348,,4,2025-08-10 15:11:04,1967119892956188682,2025-08-10 15:17:04,1967119892956188682,False
SO20250810000538,1967119892788416522,1967119892918439962,,21699,,2,2025-08-10 14:51:04,1967119892956188683,2025-08-10 15:05:04,1967119892956188680,False
SO20250810000539,1967119892788416523,1967119892918439957,,27506,,1,2025-08-10 08:44:04,1967119892956188683,2025-08-10 08:58:04,1967119892956188678,False
SO20250810000540,1967119892788416522,1967119892897468426,,192543,,3,2025-08-10 04:53:04,1967119892956188678,2025-08-10 04:54:04,1967119892956188679,False
SO20250810000541,1967119892788416525,1967119892838748343,,236938,Vẫn được cũng. Vài của tự đã vẫn vì.,1,2025-08-10 21:36:04,1967119892956188680,2025-08-10 21:38:04,1967119892956188679,False
SO20250810000542,1967119892788416522,1967119892855525383,,375486,,4,2025-08-10 11:42:04,1967119892956188681,2025-08-10 11:49:04,1967119892956188685,False
SO20250810000543,1967119892788416524,1967119892872302598,,445356,,1,2025-08-10 23:54:04,1967119892956188685,2025-08-11 00:07:04,1967119892956188682,False
SO20250810000544,1967119892788416522,,,1811653,,1,2025-08-10 04:38:04,1967119892956188683,2025-08-10 04:42:04,1967119892956188680,False
SO20250810000545,1967119892788416523,,,369310,,1,2025-08-10 21:02:04,1967119892956188685,2025-08-10 21:10:04,1967119892956188683,False
SO20250810000546,1967119892788416526,1967119892910051350,,1014589,,5,2025-08-10 08:07:04,1967119892956188682,2025-08-10 08:09:04,1967119892956188684,False
SO20250810000547,1967119892788416522,1967119892922634244,,410846,,1,2025-08-10 14:09:04,1967119892956188680,2025-08-10 14:24:04,1967119892956188685,False
SO20250810000548,1967119892788416522,1967119892855525385,1967119892951994384,1197400,Cái bạn khiến nào. Để tại thế của như thế.,3,2025-08-10 09:26:04,1967119892956188684,2025-08-10 09:36:04,1967119892956188685,False
SO20250811000549,1967119892788416522,1967119892838748327,1967119892951994384,1806790,,5,2025-08-11 21:52:04,1967119892956188685,2025-08-11 21:58:04,1967119892956188678,False
SO20250811000550,1967119892788416525,1967119892838748344,1967119892951994381,1064523,,1,2025-08-11 13:29:04,1967119892956188680,2025-08-11 13:43:04,1967119892956188685,False
SO20250811000551,1967119892788416527,,,1828687,,3,2025-08-11 16:14:04,1967119892956188683,2025-08-11 16:25:04,1967119892956188682,False
SO20250811000552,1967119892788416522,1967119892914245637,1967119892951994384,91123,,2,2025-08-11 03:41:04,1967119892956188684,2025-08-11 03:47:04,1967119892956188683,False
SO20250811000553,1967119892788416525,1967119892868108295,,1474233,Nơi giống với các cho hơn của. Dưới được vài với.,2,2025-08-11 13:26:04,1967119892956188679,2025-08-11 13:29:04,1967119892956188683,False
SO20250812000554,1967119892788416529,1967119892943605779,,471094,Của đó làm chưa tại đó này. Tôi đến gần.,1,2025-08-12 09:03:04,1967119892956188680,2025-08-12 09:05:04,1967119892956188678,False
SO20250812000555,1967119892788416524,,,117626,,1,2025-08-12 15:18:04,1967119892956188679,2025-08-12 15:32:04,1967119892956188682,False
SO20250812000556,1967119892788416523,1967119892939411472,,634736,,1,2025-08-12 18:30:04,1967119892956188682,2025-08-12 18:43:04,1967119892956188680,False
SO20250812000557,1967119892788416522,1967119892872302595,,322131,,1,2025-08-12 12:17:04,1967119892956188682,2025-08-12 12:25:04,1967119892956188682,False
SO20250812000558,1967119892788416526,,,41380,,1,2025-08-12 09:52:04,1967119892956188684,2025-08-12 09:54:04,1967119892956188681,False
SO20250812000559,1967119892788416525,1967119892859719686,,76278,Trong hơn hoặc chỉ hơn cũng đang.,1,2025-08-12 10:43:04,1967119892956188682,2025-08-12 10:54:04,1967119892956188683,False
SO20250812000560,1967119892788416522,1967119892910051358,,1956985,Giữa gần để có có. Như rất và nơi gần nơi như về.,3,2025-08-12 20:59:04,1967119892956188682,2025-08-12 21:00:04,1967119892956188685,False
SO20250812000561,1967119892788416524,1967119892876496897,,632592,,1,2025-08-12 16:05:04,1967119892956188684,2025-08-12 16:06:04,1967119892956188685,False
SO20250812000562,1967119892788416524,1967119892851331083,,2846054,,1,2025-08-12 16:07:04,1967119892956188680,2025-08-12 16:15:04,1967119892956188683,False
SO20250812000563,1967119892788416523,1967119892838748344,,739569,,1,2025-08-12 15:01:04,1967119892956188681,2025-08-12 15:07:04,1967119892956188685,False
SO20250813000564,1967119892788416524,1967119892884885509,,1242399,,4,2025-08-13 21:15:04,1967119892956188683,2025-08-13 21:16:04,1967119892956188682,False
SO20250813000565,1967119892788416522,1967119892859719693,,1107426,Chỉ cũng trong từ bạn thay.,1,2025-08-13 07:50:04,1967119892956188679,2025-08-13 08:00:04,1967119892956188685,False
SO20250813000566,1967119892788416522,,,386817,,1,2025-08-13 11:59:04,1967119892956188678,2025-08-13 12:03:04,1967119892956188683,False
SO20250813000567,1967119892788416525,,,108602,,1,2025-08-13 06:16:04,1967119892956188679,2025-08-13 06:28:04,1967119892956188682,False
SO20250813000568,1967119892788416522,1967119892918439966,,715841,,1,2025-08-13 14:49:04,1967119892956188683,2025-08-13 15:01:04,1967119892956188678,False
SO20250813000569,1967119892788416523,1967119892918439950,,1720145,,1,2025-08-13 20:40:04,1967119892956188684,2025-08-13 20:48:04,1967119892956188682,False
SO20250813000570,1967119892788416524,1967119892863913985,1967119892951994381,1923940,,4,2025-08-13 05:04:04,1967119892956188680,2025-08-13 05:11:04,1967119892956188684,False
SO20250813000571,1967119892788416523,1967119892838748353,,892758,,2,2025-08-13 11:05:04,1967119892956188684,2025-08-13 11:06:04,1967119892956188679,False
SO20250813000572,1967119892788416522,1967119892914245641,,319861,Cũng trong như cho mỗi giống dưới.,1,2025-08-13 13:16:04,1967119892956188685,2025-08-13 13:24:04,1967119892956188684,False
SO20250813000573,1967119892788416526,1967119892872302596,,269443,,3,2025-08-13 04:35:04,1967119892956188679,2025-08-13 04:47:04,1967119892956188680,False
SO20250814000574,1967119892788416523,1967119892838748327,,2275497,,2,2025-08-14 19:32:04,1967119892956188685,2025-08-14 19:42:04,1967119892956188684,False
SO20250814000575,1967119892788416523,1967119892901662730,,790981,,3,2025-08-14 21:06:04,1967119892956188684,2025-08-14 21:15:04,1967119892956188679,False
SO20250814000576,1967119892788416527,1967119892859719680,,2299203,,1,2025-08-14 21:04:04,1967119892956188682,2025-08-14 21:08:04,1967119892956188681,False
SO20250814000577,1967119892788416524,1967119892897468431,,340790,,1,2025-08-14 23:51:04,1967119892956188685,2025-08-15 00:00:04,1967119892956188678,False
SO20250814000578,1967119892788416526,1967119892872302607,,904140,,3,2025-08-14 15:20:04,1967119892956188679,2025-08-14 15:35:04,1967119892956188681,False
SO20250814000579,1967119892788416525,1967119892838748336,1967119892951994388,360529,,1,2025-08-14 08:11:04,1967119892956188678,2025-08-14 08:18:04,1967119892956188680,False
SO20250814000580,1967119892788416523,1967119892880691219,,554382,,2,2025-08-14 21:19:04,1967119892956188681,2025-08-14 21:34:04,1967119892956188683,False
SO20250814000581,1967119892788416525,1967119892922634240,,295126,,3,2025-08-14 02:48:04,1967119892956188685,2025-08-14 03:01:04,1967119892956188683,False
SO20250814000582,1967119892788416522,1967119892943605775,,235309,,1,2025-08-14 16:52:04,1967119892956188682,2025-08-14 16:56:04,1967119892956188685,False
SO20250814000583,1967119892788416526,1967119892951994378,,417403,,4,2025-08-14 03:45:04,1967119892956188678,2025-08-14 03:52:04,1967119892956188681,False
SO20250815000584,1967119892788416522,1967119892905857028,,173602,,1,2025-08-15 15:06:04,1967119892956188680,2025-08-15 15:17:04,1967119892956188678,False
SO20250815000585,1967119892788416525,1967119892901662737,,19891,,1,2025-08-15 14:47:04,1967119892956188684,2025-08-15 14:55:04,1967119892956188680,False
SO20250815000586,1967119892788416525,1967119892947800064,,96008,,3,2025-08-15 09:08:04,1967119892956188683,2025-08-15 09:21:04,1967119892956188680,False
SO20250815000587,1967119892788416522,1967119892859719685,,232929,,2,2025-08-15 16:00:04,1967119892956188684,2025-08-15 16:14:04,1967119892956188679,False
SO20250815000588,1967119892788416524,1967119892859719688,,495825,,5,2025-08-15 15:58:04,1967119892956188681,2025-08-15 16:02:04,1967119892956188685,False
SO20250815000589,1967119892788416523,1967119892884885513,,1093414,,1,2025-08-15 05:04:04,1967119892956188685,2025-08-15 05:10:04,1967119892956188680,False
SO20250815000590,1967119892788416525,1967119892914245635,,138428,,3,2025-08-15 15:11:04,1967119892956188678,2025-08-15 15:18:04,1967119892956188683,False
SO20250815000591,1967119892788416522,,,788172,,1,2025-08-15 20:46:04,1967119892956188678,2025-08-15 21:01:04,1967119892956188680,False
SO20250815000592,1967119892788416523,1967119892872302602,,719305,,1,2025-08-15 09:04:04,1967119892956188681,2025-08-15 09:11:04,1967119892956188678,False
SO20250815000593,1967119892788416525,1967119892838748364,,389248,,1,2025-08-15 20:26:04,1967119892956188679,2025-08-15 20:39:04,1967119892956188679,False
SO20250815000594,1967119892788416523,,,63691,,4,2025-08-15 01:19:04,1967119892956188685,2025-08-15 01:21:04,1967119892956188682,False
SO20250815000595,1967119892788416524,,,144012,,1,2025-08-15 01:56:04,1967119892956188682,2025-08-15 02:07:04,1967119892956188685,False
SO20250815000596,1967119892788416525,1967119892838748339,1967119892951994384,156564,,2,2025-08-15 16:16:04,1967119892956188682,2025-08-15 16:30:04,1967119892956188683,False
SO20250815000597,1967119892788416524,1967119892918439941,,1349047,,5,2025-08-15 06:37:04,1967119892956188682,2025-08-15 06:41:04,1967119892956188681,False
SO20250815000598,1967119892788416529,,,180122,,1,2025-08-15 03:40:04,1967119892956188684,2025-08-15 03:43:04,1967119892956188678,False
SO20250815000599,1967119892788416525,,,76278,,1,2025-08-15 12:03:04,1967119892956188684,2025-08-15 12:08:04,1967119892956188685,False
SO20250815000600,1967119892788416522,1967119892868108299,,2037474,Giữa tự khiến cách như vì cách.,4,2025-08-15 08:12:04,1967119892956188678,2025-08-15 08:17:04,1967119892956188679,False
SO20250815000601,1967119892788416526,1967119892910051335,,3808315,Đó để mỗi đã. Đi với mà làm từ người.,4,2025-08-15 06:19:04,1967119892956188680,2025-08-15 06:24:04,1967119892956188683,False
SO20250815000602,1967119892788416527,1967119892868108302,1967119892956188676,461418,,3,2025-08-15 15:40:04,1967119892956188685,2025-08-15 15:52:04,1967119892956188685,False
SO20250815000603,1967119892788416523,1967119892884885509,,1450844,,1,2025-08-15 21:13:04,1967119892956188678,2025-08-15 21:28:04,1967119892956188684,False
SO20250815000604,1967119892788416526,1967119892855525378,,5171374,,5,2025-08-15 16:40:04,1967119892956188678,2025-08-15 16:55:04,1967119892956188683,False
SO20250815000605,1967119892788416525,1967119892838748371,1967119892951994384,555296,,2,2025-08-15 02:53:04,1967119892956188679,2025-08-15 02:54:04,1967119892956188678,False
SO20250815000606,1967119892788416524,1967119892868108299,,2059641,,1,2025-08-15 19:39:04,1967119892956188679,2025-08-15 19:44:04,1967119892956188680,False
SO20250815000607,1967119892788416529,1967119892838748336,1967119892956188676,561812,,2,2025-08-15 03:55:04,1967119892956188684,2025-08-15 04:10:04,1967119892956188680,False
SO20250815000608,1967119892788416522,1967119892838748347,1967119892951994384,1201805,,2,2025-08-15 20:37:04,1967119892956188685,2025-08-15 20:45:04,1967119892956188683,False
SO20250816000609,1967119892788416522,1967119892910051343,,317492,,3,2025-08-16 04:24:04,1967119892956188680,2025-08-16 04:35:04,1967119892956188682,False
SO20250816000610,1967119892788416525,,,551938,,1,2025-08-16 13:37:04,1967119892956188682,2025-08-16 13:52:04,1967119892956188682,False
SO20250816000611,1967119892788416527,1967119892838748341,,420207,,2,2025-08-16 03:39:04,1967119892956188679,2025-08-16 03:41:04,1967119892956188684,False
SO20250816000612,1967119892788416524,1967119892889079821,,745970,,3,2025-08-16 21:06:04,1967119892956188682,2025-08-16 21:16:04,1967119892956188678,False
SO20250816000613,1967119892788416522,1967119892889079816,,2942106,,2,2025-08-16 07:18:04,1967119892956188684,2025-08-16 07:27:04,1967119892956188679,False
SO20250816000614,1967119892788416522,1967119892951994374,,1514981,,1,2025-08-16 08:58:04,1967119892956188679,2025-08-16 09:07:04,1967119892956188683,False
SO20250816000615,1967119892788416522,1967119892838748351,,1413194,,3,2025-08-16 19:27:04,1967119892956188685,2025-08-16 19:32:04,1967119892956188684,False
SO20250816000616,1967119892788416523,,,98337,,1,2025-08-16 02:54:04,1967119892956188679,2025-08-16 03:06:04,1967119892956188679,False
SO20250816000617,1967119892788416527,1967119892838748371,,647674,,1,2025-08-16 15:37:04,1967119892956188685,2025-08-16 15:41:04,1967119892956188679,False
SO20250816000618,1967119892788416527,1967119892893274112,,624871,Của được vài rất. Theo lớn thế khi.,1,2025-08-16 07:15:04,1967119892956188684,2025-08-16 07:28:04,1967119892956188683,False
SO20250816000619,1967119892788416528,1967119892918439964,,64918,,1,2025-08-16 07:23:04,1967119892956188685,2025-08-16 07:31:04,1967119892956188679,False
SO20250816000620,1967119892788416525,1967119892918439967,,2364516,,3,2025-08-16 05:40:04,1967119892956188684,2025-08-16 05:55:04,1967119892956188680,False
SO20250816000621,1967119892788416522,1967119892947800080,,1603850,,4,2025-08-16 00:55:04,1967119892956188685,2025-08-16 00:59:04,1967119892956188680,False
SO20250816000622,1967119892788416526,1967119892838748358,1967119892956188676,1095429,,4,2025-08-16 20:16:04,1967119892956188679,2025-08-16 20:27:04,1967119892956188680,False
SO20250816000623,1967119892788416522,1967119892918439956,,917395,,2,2025-08-16 16:59:04,1967119892956188682,2025-08-16 17:08:04,1967119892956188679,False
SO20250816000624,1967119892788416528,1967119892868108301,,82518,Gần một sẽ sẽ tại bên từ có.,3,2025-08-16 14:02:04,1967119892956188678,2025-08-16 14:14:04,1967119892956188684,False
SO20250816000625,1967119892788416523,1967119892897468432,,438271,,2,2025-08-16 06:24:04,1967119892956188678,2025-08-16 06:32:04,1967119892956188678,False
SO20250816000626,1967119892788416527,1967119892851331078,,312910,,1,2025-08-16 12:39:04,1967119892956188680,2025-08-16 12:49:04,1967119892956188685,False
SO20250816000627,1967119892788416522,1967119892859719697,,170828,,5,2025-08-16 15:24:04,1967119892956188684,2025-08-16 15:30:04,1967119892956188680,False
SO20250816000628,1967119892788416526,1967119892838748371,,2578014,,3,2025-08-16 07:47:04,1967119892956188683,2025-08-16 07:58:04,1967119892956188683,False
SO20250816000629,1967119892788416522,1967119892910051350,,128303,,4,2025-08-16 04:06:04,1967119892956188685,2025-08-16 04:11:04,1967119892956188678,False
SO20250816000630,1967119892788416523,1967119892838748323,1967119892951994381,1208449,,1,2025-08-16 21:39:04,1967119892956188684,2025-08-16 21:51:04,1967119892956188680,False
SO20250816000631,1967119892788416524,1967119892905857042,,634891,,1,2025-08-16 13:20:04,1967119892956188681,2025-08-16 13:32:04,1967119892956188682,False
SO20250816000632,1967119892788416527,1967119892939411472,,343074,,1,2025-08-16 20:47:04,1967119892956188681,2025-08-16 20:50:04,1967119892956188681,False
SO20250816000633,1967119892788416525,1967119892851331073,,522745,,1,2025-08-16 10:00:04,1967119892956188678,2025-08-16 10:10:04,1967119892956188678,False
SO20250816000634,1967119892788416523,1967119892943605777,,1119899,,2,2025-08-16 04:05:04,1967119892956188684,2025-08-16 04:17:04,1967119892956188678,False
SO20250816000635,1967119892788416529,,1967119892956188676,119633,Đến đang chỉ với để.,1,2025-08-16 13:18:04,1967119892956188679,2025-08-16 13:22:04,1967119892956188680,False
SO20250816000636,1967119892788416524,1967119892851331087,,276274,,2,2025-08-16 08:41:04,1967119892956188682,2025-08-16 08:43:04,1967119892956188681,False
SO20250816000637,1967119892788416522,1967119892859719686,,711083,,2,2025-08-16 18:54:04,1967119892956188681,2025-08-16 19:03:04,1967119892956188683,False
SO20250816000638,1967119892788416523,1967119892863913991,,908083,,1,2025-08-16 03:39:04,1967119892956188681,2025-08-16 03:49:04,1967119892956188679,False
SO20250817000639,1967119892788416525,1967119892910051330,,597766,,2,2025-08-17 04:33:04,1967119892956188682,2025-08-17 04:39:04,1967119892956188681,False
SO20250817000640,1967119892788416527,1967119892935217154,,209185,,2,2025-08-17 19:19:04,1967119892956188681,2025-08-17 19:33:04,1967119892956188684,False
SO20250817000641,1967119892788416528,1967119892884885507,,95785,,2,2025-08-17 06:52:04,1967119892956188684,2025-08-17 06:58:04,1967119892956188679,False
SO20250817000642,1967119892788416522,1967119892939411458,,1883315,Nơi để khi nhiều. Khi đến vậy vẫn đúng khi.,1,2025-08-17 14:14:04,1967119892956188683,2025-08-17 14:16:04,1967119892956188682,False
SO20250817000643,1967119892788416525,1967119892922634246,,788172,,1,2025-08-17 14:49:04,1967119892956188679,2025-08-17 14:51:04,1967119892956188684,False
SO20250817000644,1967119892788416523,,,128139,,1,2025-08-17 13:30:04,1967119892956188682,2025-08-17 13:36:04,1967119892956188681,False
SO20250817000645,1967119892788416529,1967119892880691217,,235309,,2,2025-08-17 08:09:04,1967119892956188682,2025-08-17 08:16:04,1967119892956188678,False
SO20250817000646,1967119892788416522,1967119892918439966,,2878600,,2,2025-08-17 12:08:04,1967119892956188685,2025-08-17 12:18:04,1967119892956188685,False
SO20250817000647,1967119892788416522,1967119892880691208,,1839403,,4,2025-08-17 18:23:04,1967119892956188685,2025-08-17 18:32:04,1967119892956188684,False
SO20250817000648,1967119892788416524,1967119892943605770,,223568,,1,2025-08-17 03:05:04,1967119892956188684,2025-08-17 03:09:04,1967119892956188682,False
SO20250817000649,1967119892788416523,1967119892918439944,,134826,,1,2025-08-17 06:13:04,1967119892956188679,2025-08-17 06:27:04,1967119892956188678,False
SO20250817000650,1967119892788416526,,1967119892951994384,233968,Cho của vậy cũng cho đúng các.,2,2025-08-17 18:20:04,1967119892956188685,2025-08-17 18:35:04,1967119892956188685,False
SO20250817000651,1967119892788416524,1967119892943605774,,66108,,1,2025-08-17 05:41:04,1967119892956188681,2025-08-17 05:52:04,1967119892956188682,False
SO20250817000652,1967119892788416522,1967119892838748366,,3029680,,3,2025-08-17 13:34:04,1967119892956188685,2025-08-17 13:39:04,1967119892956188678,False
SO20250817000653,1967119892788416523,1967119892901662726,,143117,Trong khi đến của vậy lớn có.,1,2025-08-17 02:19:04,1967119892956188683,2025-08-17 02:30:04,1967119892956188683,False
SO20250817000654,1967119892788416525,1967119892851331078,,192454,,4,2025-08-17 23:59:04,1967119892956188681,2025-08-18 00:04:04,1967119892956188678,False
SO20250817000655,1967119892788416525,1967119892939411471,,131942,Tự cũng cũng nhiều. Để khiến cũng này hơn cho.,3,2025-08-17 11:54:04,1967119892956188683,2025-08-17 12:01:04,1967119892956188679,False
SO20250818000656,1967119892788416525,1967119892951994371,,54230,Có không đúng từng đến nhưng đã dưới.,1,2025-08-18 16:39:04,1967119892956188679,2025-08-18 16:51:04,1967119892956188678,False
SO20250818000657,1967119892788416522,1967119892851331074,,231798,,1,2025-08-18 13:48:04,1967119892956188683,2025-08-18 14:01:04,1967119892956188684,False
SO20250818000658,1967119892788416525,1967119892926828544,,62582,,2,2025-08-18 09:52:04,1967119892956188679,2025-08-18 10:06:04,1967119892956188683,False
SO20250818000659,1967119892788416522,1967119892859719699,,1563753,,4,2025-08-18 09:21:04,1967119892956188685,2025-08-18 09:25:04,1967119892956188678,False
SO20250818000660,1967119892788416523,1967119892851331077,,256333,,2,2025-08-18 07:53:04,1967119892956188678,2025-08-18 08:08:04,1967119892956188682,False
SO20250818000661,1967119892788416522,,,886672,,1,2025-08-18 08:39:04,1967119892956188683,2025-08-18 08:52:04,1967119892956188678,False
SO20250818000662,1967119892788416523,1967119892855525376,,612619,,1,2025-08-18 19:09:04,1967119892956188678,2025-08-18 19:11:04,1967119892956188683,False
SO20250818000663,1967119892788416522,1967119892868108290,,342627,Theo tại vài thế. Với mà đi vẫn vậy.,2,2025-08-18 13:23:04,1967119892956188681,2025-08-18 13:35:04,1967119892956188680,False
SO20250818000664,1967119892788416524,1967119892943605788,,336027,Đã này này. Đã bạn làm đó về.,2,2025-08-18 21:24:04,1967119892956188679,2025-08-18 21:31:04,1967119892956188685,False
SO20250818000665,1967119892788416525,1967119892918439952,,55663,,1,2025-08-18 19:56:04,1967119892956188679,2025-08-18 20:06:04,1967119892956188684,False
SO20250819000666,1967119892788416524,1967119892897468430,,724737,,2,2025-08-19 17:06:04,1967119892956188678,2025-08-19 17:13:04,1967119892956188680,False
SO20250819000667,1967119892788416522,,,114209,,1,2025-08-19 07:24:04,1967119892956188682,2025-08-19 07:30:04,1967119892956188681,False
SO20250819000668,1967119892788416524,1967119892838748354,,465496,,2,2025-08-19 23:48:04,1967119892956188680,2025-08-20 00:03:04,1967119892956188683,False
SO20250819000669,1967119892788416529,,,580542,,3,2025-08-19 02:08:04,1967119892956188680,2025-08-19 02:14:04,1967119892956188685,False
SO20250819000670,1967119892788416525,,,330587,,3,2025-08-19 14:05:04,1967119892956188685,2025-08-19 14:09:04,1967119892956188680,False
SO20250819000671,1967119892788416523,1967119892838748354,,2389866,,1,2025-08-19 07:19:04,1967119892956188683,2025-08-19 07:33:04,1967119892956188685,False
SO20250819000672,1967119892788416522,1967119892943605769,,3532572,,1,2025-08-19 09:06:04,1967119892956188683,2025-08-19 09:20:04,1967119892956188685,False
SO20250819000673,1967119892788416523,1967119892838748365,,2353302,,4,2025-08-19 07:50:04,1967119892956188683,2025-08-19 07:59:04,1967119892956188682,False
SO20250819000674,1967119892788416523,1967119892893274122,,120365,Chỉ hoặc trong vẫn số. Về trong để.,1,2025-08-19 15:46:04,1967119892956188680,2025-08-19 16:00:04,1967119892956188684,False
SO20250819000675,1967119892788416525,1967119892947800079,,127252,,1,2025-08-19 14:47:04,1967119892956188685,2025-08-19 14:58:04,1967119892956188684,False
SO20250819000676,1967119892788416525,1967119892868108301,1967119892951994384,3417480,Hoặc nào mà mỗi gần. Vài hoặc từ.,2,2025-08-19 20:12:04,1967119892956188682,2025-08-19 20:24:04,1967119892956188683,False
SO20250819000677,1967119892788416522,1967119892914245632,,616269,,2,2025-08-19 05:53:04,1967119892956188680,2025-08-19 05:57:04,1967119892956188678,False
SO20250820000678,1967119892788416523,1967119892918439940,,1182893,,1,2025-08-20 13:55:04,1967119892956188680,2025-08-20 14:06:04,1967119892956188682,False
SO20250820000679,1967119892788416525,1967119892838748335,,585674,,5,2025-08-20 00:28:04,1967119892956188680,2025-08-20 00:29:04,1967119892956188684,False
SO20250820000680,1967119892788416523,1967119892838748355,,514199,,1,2025-08-20 10:04:04,1967119892956188678,2025-08-20 10:09:04,1967119892956188685,False
SO20250820000681,1967119892788416523,1967119892897468421,,110848,Giữa vài cũng số các tự. Mỗi hơn các số để thế.,3,2025-08-20 23:35:04,1967119892956188680,2025-08-20 23:38:04,1967119892956188683,False
SO20250820000682,1967119892788416527,1967119892868108303,,273623,,5,2025-08-20 05:07:04,1967119892956188679,2025-08-20 05:19:04,1967119892956188679,False
SO20250820000683,1967119892788416527,1967119892893274112,1967119892951994384,76807,,3,2025-08-20 05:00:04,1967119892956188682,2025-08-20 05:15:04,1967119892956188684,False
SO20250820000684,1967119892788416522,1967119892884885505,,151209,,2,2025-08-20 11:38:04,1967119892956188682,2025-08-20 11:47:04,1967119892956188681,False
SO20250820000685,1967119892788416523,1967119892838748357,,2125967,,3,2025-08-20 03:00:04,1967119892956188680,2025-08-20 03:07:04,1967119892956188683,False
SO20250820000686,1967119892788416523,1967119892838748370,,590905,,2,2025-08-20 14:07:04,1967119892956188685,2025-08-20 14:09:04,1967119892956188684,False
SO20250821000687,1967119892788416525,,,1987190,,1,2025-08-21 20:45:04,1967119892956188683,2025-08-21 20:55:04,1967119892956188683,False
SO20250821000688,1967119892788416523,1967119892859719690,,227997,,1,2025-08-21 00:52:04,1967119892956188684,2025-08-21 01:07:04,1967119892956188683,False
SO20250821000689,1967119892788416522,1967119892868108292,,322808,,1,2025-08-21 17:16:04,1967119892956188681,2025-08-21 17:27:04,1967119892956188683,False
SO20250821000690,1967119892788416526,1967119892897468421,,39782,Dưới như một cũng vài.,3,2025-08-21 08:02:04,1967119892956188682,2025-08-21 08:06:04,1967119892956188681,False
SO20250821000691,1967119892788416522,,,199675,,1,2025-08-21 07:50:04,1967119892956188683,2025-08-21 07:53:04,1967119892956188683,False
SO20250821000692,1967119892788416524,1967119892918439952,,2073616,,2,2025-08-21 01:39:04,1967119892956188681,2025-08-21 01:46:04,1967119892956188681,False
SO20250821000693,1967119892788416526,1967119892838748338,,1564847,,2,2025-08-21 14:10:04,1967119892956188684,2025-08-21 14:13:04,1967119892956188681,False
SO20250821000694,1967119892788416522,1967119892838748341,,1807199,,3,2025-08-21 13:47:04,1967119892956188679,2025-08-21 13:55:04,1967119892956188681,False
SO20250821000695,1967119892788416522,1967119892872302597,,1740854,,2,2025-08-21 06:50:04,1967119892956188684,2025-08-21 07:05:04,1967119892956188679,False
SO20250821000696,1967119892788416522,,,115225,,5,2025-08-21 11:35:04,1967119892956188681,2025-08-21 11:43:04,1967119892956188680,False
SO20250821000697,1967119892788416522,1967119892918439962,,19039,,1,2025-08-21 20:23:04,1967119892956188684,2025-08-21 20:38:04,1967119892956188681,False
SO20250821000698,1967119892788416522,1967119892880691213,,276867,,1,2025-08-21 20:55:04,1967119892956188678,2025-08-21 21:10:04,1967119892956188681,False
SO20250821000699,1967119892788416522,,,1065648,,1,2025-08-21 08:07:04,1967119892956188685,2025-08-21 08:16:04,1967119892956188683,False
SO20250821000700,1967119892788416525,1967119892838748331,1967119892956188676,19703,Gần đúng sau để nào mỗi.,2,2025-08-21 18:30:04,1967119892956188682,2025-08-21 18:39:04,1967119892956188678,False
SO20250821000701,1967119892788416522,1967119892918439936,,326550,,1,2025-08-21 14:59:04,1967119892956188684,2025-08-21 15:12:04,1967119892956188681,False
SO20250821000702,1967119892788416523,1967119892838748338,,2577844,,3,2025-08-21 03:30:04,1967119892956188679,2025-08-21 03:41:04,1967119892956188680,False
SO20250821000703,1967119892788416523,1967119892910051329,,249306,,1,2025-08-21 13:45:04,1967119892956188683,2025-08-21 13:52:04,1967119892956188681,False
SO20250821000704,1967119892788416524,1967119892838748337,,2371173,,2,2025-08-21 20:10:04,1967119892956188679,2025-08-21 20:15:04,1967119892956188679,False
SO20250822000705,1967119892788416523,1967119892868108302,,3099982,,3,2025-08-22 10:56:04,1967119892956188682,2025-08-22 11:11:04,1967119892956188684,False
SO20250822000706,1967119892788416525,1967119892855525387,,76278,Cách vậy sẽ vài từ nhiều số.,2,2025-08-22 08:21:04,1967119892956188679,2025-08-22 08:35:04,1967119892956188680,False
SO20250822000707,1967119892788416525,1967119892872302601,,152922,,2,2025-08-22 11:40:04,1967119892956188681,2025-08-22 11:54:04,1967119892956188678,False
SO20250822000708,1967119892788416526,1967119892901662735,,962526,,2,2025-08-22 08:51:04,1967119892956188681,2025-08-22 08:53:04,1967119892956188684,False
SO20250822000709,1967119892788416523,1967119892838748352,,895023,,2,2025-08-22 19:45:04,1967119892956188680,2025-08-22 19:53:04,1967119892956188680,False
SO20250822000710,1967119892788416522,1967119892884885508,,885024,,1,2025-08-22 21:27:04,1967119892956188683,2025-08-22 21:40:04,1967119892956188679,False
SO20250822000711,1967119892788416525,1967119892880691214,,877606,Đang có không là từ hoặc. Của hoặc sẽ đang.,4,2025-08-22 08:23:04,1967119892956188683,2025-08-22 08:31:04,1967119892956188678,False
SO20250822000712,1967119892788416525,1967119892880691202,,974145,,2,2025-08-22 12:37:04,1967119892956188679,2025-08-22 12:50:04,1967119892956188682,False
SO20250822000713,1967119892788416522,1967119892914245635,,3751745,,1,2025-08-22 02:22:04,1967119892956188684,2025-08-22 02:36:04,1967119892956188685,False
SO20250822000714,1967119892788416522,1967119892872302594,1967119892951994381,630219,,1,2025-08-22 19:03:04,1967119892956188682,2025-08-22 19:13:04,1967119892956188680,False
SO20250822000715,1967119892788416524,1967119892838748343,,659641,,2,2025-08-22 02:56:04,1967119892956188682,2025-08-22 03:09:04,1967119892956188678,False
SO20250822000716,1967119892788416529,1967119892901662733,,2665606,Đã đến tại lớn đi thay. Như lớn đến.,1,2025-08-22 10:02:04,1967119892956188678,2025-08-22 10:03:04,1967119892956188681,False
SO20250822000717,1967119892788416524,1967119892914245638,,208618,,3,2025-08-22 16:52:04,1967119892956188683,2025-08-22 17:01:04,1967119892956188682,False
SO20250822000718,1967119892788416522,1967119892838748366,,402034,,4,2025-08-22 02:25:04,1967119892956188682,2025-08-22 02:26:04,1967119892956188679,False
SO20250822000719,1967119892788416524,1967119892855525393,,200296,,1,2025-08-22 04:41:04,1967119892956188685,2025-08-22 04:56:04,1967119892956188683,False
SO20250822000720,1967119892788416526,1967119892851331094,,991650,,1,2025-08-22 14:54:04,1967119892956188681,2025-08-22 15:07:04,1967119892956188683,False
SO20250822000721,1967119892788416524,1967119892905857030,1967119892951994384,1049432,,3,2025-08-22 18:32:04,1967119892956188679,2025-08-22 18:42:04,1967119892956188685,False
SO20250823000722,1967119892788416524,1967119892868108301,,696225,,3,2025-08-23 17:28:04,1967119892956188683,2025-08-23 17:37:04,1967119892956188678,False
SO20250823000723,1967119892788416526,,,400415,Nếu nhưng dưới cũng. Chỉ là hoặc từng vẫn vì.,2,2025-08-23 08:36:04,1967119892956188679,2025-08-23 08:47:04,1967119892956188685,False
SO20250823000724,1967119892788416529,1967119892889079818,,519044,,3,2025-08-23 22:42:04,1967119892956188681,2025-08-23 22:50:04,1967119892956188683,False
SO20250823000725,1967119892788416523,1967119892872302607,,495825,Hoặc số cũng tại. Nhiều không để của để nơi hơn.,3,2025-08-23 07:30:04,1967119892956188679,2025-08-23 07:33:04,1967119892956188683,False
SO20250823000726,1967119892788416522,1967119892884885504,,235486,,4,2025-08-23 21:41:04,1967119892956188683,2025-08-23 21:45:04,1967119892956188680,False
SO20250823000727,1967119892788416528,1967119892863913988,,387028,,1,2025-08-23 05:37:04,1967119892956188685,2025-08-23 05:46:04,1967119892956188682,False
SO20250823000728,1967119892788416525,1967119892880691206,,88690,,5,2025-08-23 08:54:04,1967119892956188680,2025-08-23 09:02:04,1967119892956188683,False
SO20250823000729,1967119892788416526,1967119892868108290,,33054,,1,2025-08-23 19:47:04,1967119892956188684,2025-08-23 19:50:04,1967119892956188685,False
SO20250823000730,1967119892788416525,,,252410,Được nào đến mỗi tại.,4,2025-08-23 20:52:04,1967119892956188678,2025-08-23 20:59:04,1967119892956188684,False
SO20250823000731,1967119892788416525,1967119892851331084,1967119892956188676,234072,,2,2025-08-23 12:52:04,1967119892956188685,2025-08-23 12:53:04,1967119892956188685,False
SO20250823000732,1967119892788416522,,,109952,,1,2025-08-23 05:29:04,1967119892956188683,2025-08-23 05:39:04,1967119892956188682,False
SO20250823000733,1967119892788416525,1967119892947800085,,111326,,2,2025-08-23 05:23:04,1967119892956188682,2025-08-23 05:32:04,1967119892956188680,False
SO20250823000734,1967119892788416525,1967119892863913988,,21699,,3,2025-08-23 10:47:04,1967119892956188685,2025-08-23 10:48:04,1967119892956188685,False
SO20250823000735,1967119892788416523,1967119892851331072,,1944102,,4,2025-08-23 09:02:04,1967119892956188678,2025-08-23 09:03:04,1967119892956188684,False
SO20250823000736,1967119892788416526,,,2974017,,1,2025-08-23 20:45:04,1967119892956188679,2025-08-23 21:00:04,1967119892956188682,False
SO20250823000737,1967119892788416524,1967119892943605775,,872670,,4,2025-08-23 07:39:04,1967119892956188680,2025-08-23 07:47:04,1967119892956188678,False
SO20250823000738,1967119892788416529,1967119892918439946,,295011,Tại của là được. Từ trong tôi với.,1,2025-08-23 04:37:04,1967119892956188678,2025-08-23 04:46:04,1967119892956188685,False
SO20250823000739,1967119892788416522,1967119892897468421,,3884926,,1,2025-08-23 19:32:04,1967119892956188685,2025-08-23 19:33:04,1967119892956188679,False
SO20250823000740,1967119892788416522,1967119892838748349,1967119892951994381,3088886,Với dưới tôi mỗi với và hơn đã.,2,2025-08-23 21:52:04,1967119892956188684,2025-08-23 22:01:04,1967119892956188683,False
SO20250824000741,1967119892788416522,1967119892863913986,,671281,,1,2025-08-24 00:47:04,1967119892956188683,2025-08-24 00:58:04,1967119892956188683,False
SO20250824000742,1967119892788416527,1967119892863913995,,1287783,,1,2025-08-24 22:30:04,1967119892956188680,2025-08-24 22:33:04,1967119892956188680,False
SO20250824000743,1967119892788416525,1967119892838748337,,3156983,,5,2025-08-24 12:43:04,1967119892956188678,2025-08-24 12:51:04,1967119892956188684,False
SO20250824000744,1967119892788416522,1967119892838748362,1967119892951994388,3988987,,3,2025-08-24 04:09:04,1967119892956188680,2025-08-24 04:16:04,1967119892956188678,False
SO20250824000745,1967119892788416522,,,227997,,1,2025-08-24 10:22:04,1967119892956188681,2025-08-24 10:24:04,1967119892956188685,False
SO20250824000746,1967119892788416523,1967119892838748351,1967119892951994388,571782,,3,2025-08-24 19:08:04,1967119892956188681,2025-08-24 19:18:04,1967119892956188684,False
SO20250824000747,1967119892788416523,1967119892943605774,,124095,,1,2025-08-24 05:43:04,1967119892956188684,2025-08-24 05:58:04,1967119892956188685,False
SO20250824000748,1967119892788416526,,,410846,,3,2025-08-24 03:13:04,1967119892956188682,2025-08-24 03:23:04,1967119892956188682,False
SO20250824000749,1967119892788416525,1967119892939411472,,456836,,1,2025-08-24 00:50:04,1967119892956188680,2025-08-24 00:59:04,1967119892956188679,False
SO20250824000750,1967119892788416522,1967119892901662736,,3868577,,1,2025-08-24 09:14:04,1967119892956188679,2025-08-24 09:29:04,1967119892956188678,False
SO20250824000751,1967119892788416526,1967119892880691215,,2394982,,1,2025-08-24 07:43:04,1967119892956188684,2025-08-24 07:49:04,1967119892956188680,False
SO20250824000752,1967119892788416522,1967119892838748360,,1597441,,3,2025-08-24 19:30:04,1967119892956188678,2025-08-24 19:43:04,1967119892956188680,False
SO20250825000753,1967119892788416523,1967119892838748347,1967119892956188676,2713386,,2,2025-08-25 04:59:04,1967119892956188680,2025-08-25 05:03:04,1967119892956188680,False
SO20250825000754,1967119892788416526,1967119892910051346,,1787307,,2,2025-08-25 07:45:04,1967119892956188679,2025-08-25 07:51:04,1967119892956188678,False
SO20250825000755,1967119892788416523,1967119892897468430,,796341,,3,2025-08-25 05:33:04,1967119892956188678,2025-08-25 05:41:04,1967119892956188685,False
SO20250825000756,1967119892788416525,1967119892851331077,,113838,,1,2025-08-25 14:21:04,1967119892956188681,2025-08-25 14:36:04,1967119892956188685,False
SO20250825000757,1967119892788416522,1967119892905857025,,3210159,,1,2025-08-25 04:53:04,1967119892956188678,2025-08-25 05:01:04,1967119892956188681,False
SO20250825000758,1967119892788416529,1967119892872302593,,851649,,2,2025-08-25 20:35:04,1967119892956188682,2025-08-25 20:46:04,1967119892956188685,False
SO20250825000759,1967119892788416522,1967119892935217164,,117872,,2,2025-08-25 15:50:04,1967119892956188679,2025-08-25 15:56:04,1967119892956188685,False
SO20250825000760,1967119892788416525,1967119892880691202,,550530,,3,2025-08-25 14:49:04,1967119892956188685,2025-08-25 14:52:04,1967119892956188679,False
SO20250825000761,1967119892788416522,1967119892905857029,,1219647,,1,2025-08-25 04:00:04,1967119892956188682,2025-08-25 04:09:04,1967119892956188681,False
SO20250825000762,1967119892788416524,1967119892855525395,,79627,Chỉ về gần trong giống của.,3,2025-08-25 04:51:04,1967119892956188683,2025-08-25 04:58:04,1967119892956188685,False
SO20250826000763,1967119892788416526,1967119892943605784,,890848,,2,2025-08-26 17:32:04,1967119892956188684,2025-08-26 17:37:04,1967119892956188681,False
SO20250826000764,1967119892788416523,1967119892863913988,,613596,,4,2025-08-26 10:29:04,1967119892956188678,2025-08-26 10:33:04,1967119892956188678,False
SO20250826000765,1967119892788416528,1967119892855525377,,295686,,4,2025-08-26 12:13:04,1967119892956188683,2025-08-26 12:15:04,1967119892956188681,False
SO20250826000766,1967119892788416526,1967119892851331083,,2760430,,2,2025-08-26 12:13:04,1967119892956188680,2025-08-26 12:15:04,1967119892956188680,False
SO20250826000767,1967119892788416523,1967119892939411462,,83847,,1,2025-08-26 08:39:04,1967119892956188685,2025-08-26 08:42:04,1967119892956188679,False
SO20250826000768,1967119892788416524,,,419235,,2,2025-08-26 15:35:04,1967119892956188685,2025-08-26 15:44:04,1967119892956188679,False
SO20250826000769,1967119892788416528,1967119892838748363,,216628,,3,2025-08-26 06:43:04,1967119892956188681,2025-08-26 06:51:04,1967119892956188680,False
SO20250826000770,1967119892788416524,1967119892893274118,,452226,,4,2025-08-26 15:26:04,1967119892956188682,2025-08-26 15:40:04,1967119892956188679,False
SO20250826000771,1967119892788416528,1967119892943605762,,501237,,1,2025-08-26 01:09:04,1967119892956188682,2025-08-26 01:17:04,1967119892956188685,False
SO20250827000772,1967119892788416523,1967119892889079808,,432545,,3,2025-08-27 09:24:04,1967119892956188678,2025-08-27 09:25:04,1967119892956188684,False
SO20250827000773,1967119892788416526,1967119892910051354,,280304,,3,2025-08-27 01:34:04,1967119892956188679,2025-08-27 01:48:04,1967119892956188681,False
SO20250827000774,1967119892788416525,,,373704,,1,2025-08-27 12:28:04,1967119892956188680,2025-08-27 12:32:04,1967119892956188681,False
SO20250827000775,1967119892788416522,1967119892851331093,,1487475,,2,2025-08-27 09:51:04,1967119892956188684,2025-08-27 09:54:04,1967119892956188681,False
SO20250827000776,1967119892788416525,1967119892855525398,,516110,,5,2025-08-27 18:48:04,1967119892956188685,2025-08-27 19:03:04,1967119892956188685,False
SO20250827000777,1967119892788416524,1967119892838748330,1967119892951994393,145251,,2,2025-08-27 20:39:04,1967119892956188683,2025-08-27 20:43:04,1967119892956188683,False
SO20250827000778,1967119892788416522,1967119892910051355,,882561,,3,2025-08-27 15:49:04,1967119892956188680,2025-08-27 15:52:04,1967119892956188678,False
SO20250828000779,1967119892788416522,1967119892880691213,,111326,,1,2025-08-28 05:37:04,1967119892956188678,2025-08-28 05:44:04,1967119892956188680,False
SO20250828000780,1967119892788416522,1967119892943605777,,179557,,1,2025-08-28 12:34:04,1967119892956188679,2025-08-28 12:44:04,1967119892956188681,False
SO20250828000781,1967119892788416522,1967119892872302595,,2834913,,4,2025-08-28 03:19:04,1967119892956188684,2025-08-28 03:29:04,1967119892956188678,False
SO20250828000782,1967119892788416522,1967119892855525381,,654583,,5,2025-08-28 06:31:04,1967119892956188682,2025-08-28 06:37:04,1967119892956188679,False
SO20250828000783,1967119892788416523,,,65097,,2,2025-08-28 08:24:04,1967119892956188683,2025-08-28 08:36:04,1967119892956188684,False
SO20250828000784,1967119892788416523,,,27506,,1,2025-08-28 07:58:04,1967119892956188678,2025-08-28 08:04:04,1967119892956188683,False
SO20250828000785,1967119892788416526,,,1107930,,3,2025-08-28 04:50:04,1967119892956188685,2025-08-28 04:57:04,1967119892956188681,False
SO20250828000786,1967119892788416529,1967119892838748355,,298585,,2,2025-08-28 15:03:04,1967119892956188683,2025-08-28 15:15:04,1967119892956188681,False
SO20250829000787,1967119892788416523,1967119892935217153,,114209,,1,2025-08-29 20:18:04,1967119892956188685,2025-08-29 20:27:04,1967119892956188681,False
SO20250829000788,1967119892788416526,,,50974,,2,2025-08-29 15:12:04,1967119892956188679,2025-08-29 15:17:04,1967119892956188685,False
SO20250829000789,1967119892788416523,,,134628,,1,2025-08-29 08:33:04,1967119892956188682,2025-08-29 08:35:04,1967119892956188679,False
SO20250829000790,1967119892788416522,1967119892872302600,1967119892951994384,60480,Này thay thì hoặc sẽ. Của và các hơn.,5,2025-08-29 20:04:04,1967119892956188679,2025-08-29 20:11:04,1967119892956188678,False
SO20250829000791,1967119892788416525,,,27115,Rất hoặc dưới tôi như. Với giống và thế.,1,2025-08-29 22:43:04,1967119892956188679,2025-08-29 22:54:04,1967119892956188685,False
SO20250829000792,1967119892788416523,1967119892910051331,,130681,,2,2025-08-29 21:34:04,1967119892956188678,2025-08-29 21:43:04,1967119892956188681,False
SO20250829000793,1967119892788416522,1967119892893274112,,319447,,2,2025-08-29 13:12:04,1967119892956188678,2025-08-29 13:16:04,1967119892956188684,False
SO20250829000794,1967119892788416527,,,295011,,3,2025-08-29 20:54:04,1967119892956188683,2025-08-29 20:57:04,1967119892956188682,False
SO20250829000795,1967119892788416524,1967119892872302605,,1252034,Từ khi giữa không đến. Như sẽ nào lớn tự hơn.,1,2025-08-29 19:00:04,1967119892956188680,2025-08-29 19:10:04,1967119892956188683,False
SO20250829000796,1967119892788416524,1967119892943605773,,96008,,1,2025-08-29 04:58:04,1967119892956188681,2025-08-29 05:03:04,1967119892956188680,False
SO20250829000797,1967119892788416523,1967119892868108302,,89884,,2,2025-08-29 13:41:04,1967119892956188680,2025-08-29 13:46:04,1967119892956188684,False
SO20250829000798,1967119892788416522,1967119892918439961,,136374,,1,2025-08-29 15:53:04,1967119892956188685,2025-08-29 15:58:04,1967119892956188682,False
SO20250829000799,1967119892788416523,1967119892914245635,1967119892951994384,199757,,3,2025-08-29 05:33:04,1967119892956188685,2025-08-29 05:40:04,1967119892956188685,False
SO20250829000800,1967119892788416523,1967119892863913989,,675220,,3,2025-08-29 08:07:04,1967119892956188683,2025-08-29 08:10:04,1967119892956188681,False
SO20250829000801,1967119892788416523,1967119892939411457,,2426699,,1,2025-08-29 08:10:04,1967119892956188680,2025-08-29 08:23:04,1967119892956188682,False
SO20250829000802,1967119892788416526,1967119892838748328,,558844,,2,2025-08-29 20:12:04,1967119892956188678,2025-08-29 20:23:04,1967119892956188681,False
SO20250830000803,1967119892788416523,1967119892859719685,,825098,,3,2025-08-30 09:01:04,1967119892956188685,2025-08-30 09:16:04,1967119892956188681,False
SO20250830000804,1967119892788416529,1967119892893274115,,304052,,1,2025-08-30 10:41:04,1967119892956188685,2025-08-30 10:52:04,1967119892956188680,False
SO20250830000805,1967119892788416522,1967119892893274118,,4403694,,1,2025-08-30 20:42:04,1967119892956188678,2025-08-30 20:52:04,1967119892956188685,False
SO20250830000806,1967119892788416525,1967119892838748336,1967119892956188676,2376406,,4,2025-08-30 04:07:04,1967119892956188682,2025-08-30 04:20:04,1967119892956188682,False
SO20250830000807,1967119892788416526,1967119892914245634,,152922,,1,2025-08-30 19:19:04,1967119892956188680,2025-08-30 19:31:04,1967119892956188678,False
SO20250830000808,1967119892788416524,,,146068,,2,2025-08-30 02:50:04,1967119892956188678,2025-08-30 02:56:04,1967119892956188684,False
SO20250830000809,1967119892788416524,1967119892889079818,,938765,,2,2025-08-30 08:29:04,1967119892956188682,2025-08-30 08:42:04,1967119892956188685,False
SO20250830000810,1967119892788416526,1967119892872302608,,127500,,4,2025-08-30 20:58:04,1967119892956188682,2025-08-30 21:08:04,1967119892956188685,False
SO20250830000811,1967119892788416523,,,815951,,1,2025-08-30 09:10:04,1967119892956188681,2025-08-30 09:25:04,1967119892956188685,False
SO20250830000812,1967119892788416522,1967119892838748330,,859278,,3,2025-08-30 23:15:04,1967119892956188685,2025-08-30 23:16:04,1967119892956188679,False
SO20250830000813,1967119892788416528,1967119892922634247,,55663,Làm vì chưa cách vài. Thế các từ đã mà chỉ.,2,2025-08-30 04:47:04,1967119892956188678,2025-08-30 04:56:04,1967119892956188682,False
SO20250830000814,1967119892788416523,1967119892897468429,,500689,,5,2025-08-30 03:35:04,1967119892956188684,2025-08-30 03:42:04,1967119892956188681,False
SO20250830000815,1967119892788416525,1967119892855525384,,2073616,,2,2025-08-30 07:48:04,1967119892956188683,2025-08-30 08:01:04,1967119892956188680,False
SO20250830000816,1967119892788416522,1967119892918439967,,62582,,1,2025-08-30 23:31:04,1967119892956188682,2025-08-30 23:37:04,1967119892956188680,False
SO20250830000817,1967119892788416524,1967119892905857033,,4976510,,2,2025-08-30 08:08:04,1967119892956188685,2025-08-30 08:17:04,1967119892956188678,False
SO20250830000818,1967119892788416524,1967119892910051340,,1119125,,4,2025-08-30 01:09:04,1967119892956188679,2025-08-30 01:17:04,1967119892956188681,False
SO20250830000819,1967119892788416523,1967119892922634245,1967119892951994381,265790,,3,2025-08-30 14:23:04,1967119892956188680,2025-08-30 14:30:04,1967119892956188682,False
SO20250830000820,1967119892788416525,,,1576344,,1,2025-08-30 01:35:04,1967119892956188684,2025-08-30 01:45:04,1967119892956188681,False
SO20250831000821,1967119892788416527,1967119892901662739,1967119892951994384,295448,,1,2025-08-31 06:04:04,1967119892956188682,2025-08-31 06:10:04,1967119892956188683,False
SO20250831000822,1967119892788416525,,,231075,,1,2025-08-31 15:01:04,1967119892956188682,2025-08-31 15:02:04,1967119892956188684,False
SO20250831000823,1967119892788416525,,,602912,,1,2025-08-31 21:56:04,1967119892956188685,2025-08-31 22:04:04,1967119892956188680,False
SO20250831000824,1967119892788416522,1967119892918439958,,357456,,2,2025-08-31 10:13:04,1967119892956188681,2025-08-31 10:19:04,1967119892956188681,False
SO20250831000825,1967119892788416525,1967119892838748338,,1965028,,4,2025-08-31 14:49:04,1967119892956188684,2025-08-31 14:52:04,1967119892956188683,False
SO20250831000826,1967119892788416525,1967119892910051342,,119409,,2,2025-08-31 20:14:04,1967119892956188684,2025-08-31 20:18:04,1967119892956188684,False
SO20250831000827,1967119892788416529,1967119892910051348,,525147,,1,2025-08-31 06:53:04,1967119892956188679,2025-08-31 07:07:04,1967119892956188680,False
SO20250831000828,1967119892788416529,1967119892943605788,,763138,,3,2025-08-31 08:35:04,1967119892956188684,2025-08-31 08:50:04,1967119892956188683,False
SO20250831000829,1967119892788416524,1967119892893274112,,615630,,4,2025-08-31 09:15:04,1967119892956188681,2025-08-31 09:22:04,1967119892956188678,False
SO20250831000830,1967119892788416522,1967119892851331076,,267688,,2,2025-08-31 18:16:04,1967119892956188680,2025-08-31 18:26:04,1967119892956188680,False
SO20250831000831,1967119892788416522,,,90061,,2,2025-08-31 13:29:04,1967119892956188681,2025-08-31 13:37:04,1967119892956188683,False
SO20250831000832,1967119892788416525,1967119892893274131,,890489,,4,2025-08-31 06:34:04,1967119892956188680,2025-08-31 06:35:04,1967119892956188684,False
SO20250831000833,1967119892788416522,,,19157,,1,2025-08-31 04:18:04,1967119892956188679,2025-08-31 04:23:04,1967119892956188685,False
SO20250831000834,1967119892788416525,,,19157,,1,2025-08-31 09:19:04,1967119892956188681,2025-08-31 09:20:04,1967119892956188685,False
SO20250831000835,1967119892788416523,1967119892855525381,,470618,Hơn lớn để của. Như cũng từ như như có.,2,2025-08-31 07:19:04,1967119892956188684,2025-08-31 07:24:04,1967119892956188681,False
SO20250831000836,1967119892788416524,1967119892838748323,1967119892956188676,1506628,,5,2025-08-31 21:29:04,1967119892956188678,2025-08-31 21:40:04,1967119892956188683,False
SO20250831000837,1967119892788416525,,,155931,,3,2025-08-31 09:48:04,1967119892956188679,2025-08-31 09:53:04,1967119892956188685,False
SO20250831000838,1967119892788416529,1967119892893274126,,410846,Đi theo sẽ nhiều người từ. Khi mỗi hơn.,1,2025-08-31 16:52:04,1967119892956188678,2025-08-31 17:02:04,1967119892956188678,False
SO20250901000839,1967119892788416522,1967119892859719695,1967119892956188676,775873,,4,2025-09-01 13:53:04,1967119892956188679,2025-09-01 13:54:04,1967119892956188682,False
SO20250901000840,1967119892788416525,,,93757,,1,2025-09-01 08:00:04,1967119892956188678,2025-09-01 08:01:04,1967119892956188684,False
SO20250901000841,1967119892788416522,1967119892939411472,,67043,,1,2025-09-01 13:10:04,1967119892956188679,2025-09-01 13:21:04,1967119892956188680,False
SO20250901000842,1967119892788416522,,,177267,,2,2025-09-01 04:10:04,1967119892956188684,2025-09-01 04:15:04,1967119892956188678,False
SO20250901000843,1967119892788416525,1967119892868108299,,906557,,1,2025-09-01 14:17:04,1967119892956188685,2025-09-01 14:26:04,1967119892956188678,False
SO20250901000844,1967119892788416523,1967119892901662738,,822813,,4,2025-09-01 04:11:04,1967119892956188682,2025-09-01 04:15:04,1967119892956188680,False
SO20250901000845,1967119892788416525,,,214415,,3,2025-09-01 14:10:04,1967119892956188685,2025-09-01 14:22:04,1967119892956188678,False
SO20250902000846,1967119892788416523,1967119892947800071,,55424,,4,2025-09-02 13:22:04,1967119892956188680,2025-09-02 13:26:04,1967119892956188682,False
SO20250902000847,1967119892788416522,1967119892914245646,,2129100,,3,2025-09-02 20:16:04,1967119892956188682,2025-09-02 20:29:04,1967119892956188683,False
SO20250902000848,1967119892788416526,1967119892889079817,,62582,,2,2025-09-02 04:06:04,1967119892956188683,2025-09-02 04:17:04,1967119892956188679,False
SO20250902000849,1967119892788416525,1967119892851331077,,245618,,2,2025-09-02 23:00:04,1967119892956188681,2025-09-02 23:05:04,1967119892956188680,False
SO20250902000850,1967119892788416529,,,1033631,,1,2025-09-02 20:40:04,1967119892956188685,2025-09-02 20:50:04,1967119892956188682,False
SO20250902000851,1967119892788416523,1967119892918439948,,570980,,2,2025-09-02 13:16:04,1967119892956188684,2025-09-02 13:22:04,1967119892956188685,False
SO20250902000852,1967119892788416524,1967119892914245643,,177144,Đang của lớn từ dưới tự. Tại cũng cách.,4,2025-09-02 04:33:04,1967119892956188683,2025-09-02 04:45:04,1967119892956188678,False
SO20250902000853,1967119892788416523,1967119892905857040,1967119892956188676,523637,,1,2025-09-02 14:15:04,1967119892956188682,2025-09-02 14:24:04,1967119892956188685,False
SO20250902000854,1967119892788416522,1967119892901662733,,2220479,,2,2025-09-02 21:01:04,1967119892956188679,2025-09-02 21:04:04,1967119892956188683,False
SO20250902000855,1967119892788416523,1967119892889079808,,1207385,Tự không được. Để sẽ trong này đi vậy cách.,1,2025-09-02 12:43:04,1967119892956188681,2025-09-02 12:56:04,1967119892956188684,False
SO20250903000856,1967119892788416522,1967119892901662732,,1770205,,3,2025-09-03 08:54:04,1967119892956188685,2025-09-03 09:09:04,1967119892956188681,False
SO20250903000857,1967119892788416526,1967119892851331075,,354449,,2,2025-09-03 14:13:04,1967119892956188679,2025-09-03 14:14:04,1967119892956188683,False
SO20250903000858,1967119892788416522,1967119892918439952,,129206,,2,2025-09-03 11:01:04,1967119892956188678,2025-09-03 11:13:04,1967119892956188683,False
SO20250903000859,1967119892788416522,1967119892910051353,,280251,,3,2025-09-03 08:29:04,1967119892956188684,2025-09-03 08:32:04,1967119892956188682,False
SO20250903000860,1967119892788416526,,,121120,,1,2025-09-03 09:03:04,1967119892956188681,2025-09-03 09:18:04,1967119892956188684,False
SO20250903000861,1967119892788416527,1967119892838748356,,673491,,3,2025-09-03 22:19:04,1967119892956188680,2025-09-03 22:31:04,1967119892956188681,False
SO20250903000862,1967119892788416525,1967119892926828547,,2906209,,3,2025-09-03 13:36:04,1967119892956188680,2025-09-03 13:47:04,1967119892956188682,False
SO20250903000863,1967119892788416523,1967119892939411465,,89488,,1,2025-09-03 19:20:04,1967119892956188679,2025-09-03 19:34:04,1967119892956188679,False
SO20250903000864,1967119892788416525,1967119892939411467,,158105,,1,2025-09-03 08:03:04,1967119892956188681,2025-09-03 08:14:04,1967119892956188682,False
SO20250903000865,1967119892788416528,1967119892872302606,,400617,,3,2025-09-03 01:14:04,1967119892956188680,2025-09-03 01:17:04,1967119892956188681,False
SO20250903000866,1967119892788416522,1967119892914245638,,96008,,2,2025-09-03 12:32:04,1967119892956188680,2025-09-03 12:34:04,1967119892956188684,False
SO20250903000867,1967119892788416529,,,235309,,5,2025-09-03 02:26:04,1967119892956188684,2025-09-03 02:29:04,1967119892956188679,False
SO20250904000868,1967119892788416522,1967119892893274119,,482248,,1,2025-09-04 07:30:04,1967119892956188679,2025-09-04 07:32:04,1967119892956188683,False
SO20250904000869,1967119892788416525,,1967119892951994384,681570,,1,2025-09-04 08:15:04,1967119892956188678,2025-09-04 08:30:04,1967119892956188683,False
SO20250904000870,1967119892788416525,1967119892893274122,1967119892951994384,130620,,4,2025-09-04 07:38:04,1967119892956188683,2025-09-04 07:50:04,1967119892956188685,False
SO20250904000871,1967119892788416522,1967119892897468418,,406887,,2,2025-09-04 03:47:04,1967119892956188680,2025-09-04 03:57:04,1967119892956188682,False
SO20250904000872,1967119892788416522,1967119892943605785,,331393,Để không giống sẽ vì. Dưới vài có hoặc.,4,2025-09-04 02:23:04,1967119892956188682,2025-09-04 02:27:04,1967119892956188681,False
SO20250904000873,1967119892788416522,,,101557,,2,2025-09-04 17:48:04,1967119892956188684,2025-09-04 17:52:04,1967119892956188685,False
SO20250904000874,1967119892788416523,1967119892905857040,,470618,,2,2025-09-04 21:11:04,1967119892956188683,2025-09-04 21:21:04,1967119892956188685,False
SO20250904000875,1967119892788416522,,,91232,,1,2025-09-04 13:23:04,1967119892956188679,2025-09-04 13:26:04,1967119892956188678,False
SO20250904000876,1967119892788416522,,,125531,,1,2025-09-04 12:37:04,1967119892956188680,2025-09-04 12:42:04,1967119892956188684,False
SO20250904000877,1967119892788416522,1967119892943605773,,775795,,2,2025-09-04 21:48:04,1967119892956188680,2025-09-04 21:55:04,1967119892956188683,False
SO20250904000878,1967119892788416526,1967119892859719697,,2282208,,3,2025-09-04 15:47:04,1967119892956188682,2025-09-04 15:59:04,1967119892956188678,False
SO20250904000879,1967119892788416522,1967119892943605760,,1948818,,1,2025-09-04 15:44:04,1967119892956188685,2025-09-04 15:50:04,1967119892956188680,False
SO20250904000880,1967119892788416522,1967119892859719698,,609055,,4,2025-09-04 20:12:04,1967119892956188684,2025-09-04 20:22:04,1967119892956188682,False
SO20250904000881,1967119892788416525,,,892238,,3,2025-09-04 22:04:04,1967119892956188683,2025-09-04 22:05:04,1967119892956188679,False
SO20250904000882,1967119892788416522,1967119892889079813,,394274,,3,2025-09-04 00:14:04,1967119892956188679,2025-09-04 00:23:04,1967119892956188682,False
SO20250904000883,1967119892788416523,1967119892859719696,1967119892951994384,956268,,1,2025-09-04 04:27:04,1967119892956188683,2025-09-04 04:41:04,1967119892956188684,False
SO20250905000884,1967119892788416523,1967119892876496901,,174336,,1,2025-09-05 23:28:04,1967119892956188685,2025-09-05 23:31:04,1967119892956188685,False
SO20250905000885,1967119892788416527,1967119892893274131,,206900,Với nào đang cho bên là.,1,2025-09-05 06:30:04,1967119892956188680,2025-09-05 06:40:04,1967119892956188684,False
SO20250905000886,1967119892788416522,1967119892905857037,,2178501,,1,2025-09-05 20:33:04,1967119892956188684,2025-09-05 20:46:04,1967119892956188679,False
SO20250905000887,1967119892788416522,1967119892943605768,,297789,,2,2025-09-05 00:06:04,1967119892956188681,2025-09-05 00:13:04,1967119892956188684,False
SO20250905000888,1967119892788416529,1967119892838748337,,421190,,3,2025-09-05 04:16:04,1967119892956188685,2025-09-05 04:25:04,1967119892956188685,False
SO20250905000889,1967119892788416524,1967119892947800082,,264514,,2,2025-09-05 20:53:04,1967119892956188683,2025-09-05 20:55:04,1967119892956188679,False
SO20250905000890,1967119892788416522,1967119892910051335,,205423,,1,2025-09-05 19:05:04,1967119892956188680,2025-09-05 19:14:04,1967119892956188684,False
SO20250905000891,1967119892788416526,1967119892868108300,1967119892956188676,140090,,1,2025-09-05 21:24:04,1967119892956188684,2025-09-05 21:26:04,1967119892956188678,False
SO20250905000892,1967119892788416526,1967119892838748335,,492545,,2,2025-09-05 21:34:04,1967119892956188683,2025-09-05 21:39:04,1967119892956188680,False
SO20250905000893,1967119892788416524,1967119892855525395,,875891,,1,2025-09-05 20:18:04,1967119892956188685,2025-09-05 20:29:04,1967119892956188679,False
SO20250905000894,1967119892788416524,1967119892855525382,,4082112,,1,2025-09-05 10:01:04,1967119892956188680,2025-09-05 10:12:04,1967119892956188685,False
SO20250905000895,1967119892788416524,1967119892901662736,1967119892951994381,1492828,,2,2025-09-05 01:13:04,1967119892956188684,2025-09-05 01:20:04,1967119892956188682,False
SO20250905000896,1967119892788416528,1967119892838748331,,659720,,3,2025-09-05 14:50:04,1967119892956188683,2025-09-05 14:55:04,1967119892956188678,False
SO20250905000897,1967119892788416522,1967119892838748343,,1184133,,3,2025-09-05 05:24:04,1967119892956188682,2025-09-05 05:35:04,1967119892956188685,False
SO20250905000898,1967119892788416524,1967119892851331093,,2021784,Của giống trong một. Thế để như sẽ nhưng.,1,2025-09-05 03:40:04,1967119892956188681,2025-09-05 03:44:04,1967119892956188681,False
SO20250905000899,1967119892788416522,1967119892922634242,,123301,,1,2025-09-05 10:36:04,1967119892956188683,2025-09-05 10:45:04,1967119892956188685,False
SO20250905000900,1967119892788416522,,,2903607,,1,2025-09-05 20:56:04,1967119892956188681,2025-09-05 20:58:04,1967119892956188681,False
SO20250905000901,1967119892788416522,1967119892893274113,,1507366,,3,2025-09-05 20:31:04,1967119892956188685,2025-09-05 20:41:04,1967119892956188682,False
SO20250905000902,1967119892788416523,1967119892918439964,,911280,,4,2025-09-05 15:02:04,1967119892956188682,2025-09-05 15:11:04,1967119892956188678,False
SO20250905000903,1967119892788416522,1967119892863913996,,208599,,5,2025-09-05 08:30:04,1967119892956188679,2025-09-05 08:42:04,1967119892956188678,False
SO20250905000904,1967119892788416522,1967119892939411469,,117594,,3,2025-09-05 08:11:04,1967119892956188684,2025-09-05 08:13:04,1967119892956188683,False
SO20250905000905,1967119892788416523,,,309023,,1,2025-09-05 19:07:04,1967119892956188682,2025-09-05 19:13:04,1967119892956188682,False
SO20250905000906,1967119892788416526,1967119892918439964,,344481,,1,2025-09-05 15:27:04,1967119892956188680,2025-09-05 15:38:04,1967119892956188682,False
SO20250905000907,1967119892788416522,1967119892855525397,,69533,,1,2025-09-05 14:34:04,1967119892956188679,2025-09-05 14:36:04,1967119892956188682,False
SO20250905000908,1967119892788416522,1967119892951994369,,1684217,,1,2025-09-05 12:43:04,1967119892956188680,2025-09-05 12:46:04,1967119892956188685,False
SO20250905000909,1967119892788416522,1967119892838748333,,995833,,2,2025-09-05 20:31:04,1967119892956188678,2025-09-05 20:44:04,1967119892956188685,False
SO20250905000910,1967119892788416526,1967119892897468418,,608090,Có mà người làm đã cái cũng. Đó tôi với cũng thế.,2,2025-09-05 07:03:04,1967119892956188679,2025-09-05 07:05:04,1967119892956188683,False
SO20250905000911,1967119892788416524,1967119892914245638,,195359,,3,2025-09-05 20:37:04,1967119892956188679,2025-09-05 20:50:04,1967119892956188678,False
SO20250906000912,1967119892788416525,,,96186,,1,2025-09-06 08:48:04,1967119892956188682,2025-09-06 08:51:04,1967119892956188685,False
SO20250906000913,1967119892788416523,1967119892859719694,,159098,,1,2025-09-06 05:43:04,1967119892956188685,2025-09-06 05:46:04,1967119892956188679,False
SO20250906000914,1967119892788416524,1967119892863913987,,75119,,2,2025-09-06 23:24:04,1967119892956188679,2025-09-06 23:25:04,1967119892956188678,False
SO20250906000915,1967119892788416523,1967119892859719699,,1497702,,1,2025-09-06 20:50:04,1967119892956188682,2025-09-06 21:05:04,1967119892956188682,False
SO20250906000916,1967119892788416522,1967119892897468424,,179768,,1,2025-09-06 13:58:04,1967119892956188680,2025-09-06 14:05:04,1967119892956188683,False
SO20250906000917,1967119892788416522,1967119892943605786,,90061,,1,2025-09-06 08:03:04,1967119892956188681,2025-09-06 08:16:04,1967119892956188679,False
SO20250906000918,1967119892788416524,1967119892910051344,,221826,,2,2025-09-06 12:31:04,1967119892956188682,2025-09-06 12:38:04,1967119892956188680,False
SO20250906000919,1967119892788416524,1967119892838748367,1967119892951994381,1228089,,3,2025-09-06 14:20:04,1967119892956188680,2025-09-06 14:21:04,1967119892956188685,False
SO20250906000920,1967119892788416522,1967119892914245643,,342627,,1,2025-09-06 05:47:04,1967119892956188679,2025-09-06 05:52:04,1967119892956188682,False
SO20250906000921,1967119892788416525,,,277443,,1,2025-09-06 13:42:04,1967119892956188683,2025-09-06 13:57:04,1967119892956188681,False
SO20250906000922,1967119892788416522,,,507149,,1,2025-09-06 09:13:04,1967119892956188682,2025-09-06 09:18:04,1967119892956188684,False
SO20250906000923,1967119892788416529,1967119892863913991,,90061,,2,2025-09-06 13:17:04,1967119892956188681,2025-09-06 13:18:04,1967119892956188679,False
SO20250906000924,1967119892788416526,1967119892905857028,,1583661,,2,2025-09-06 07:53:04,1967119892956188682,2025-09-06 07:54:04,1967119892956188682,False
SO20250906000925,1967119892788416525,1967119892910051358,,263441,,4,2025-09-06 02:10:04,1967119892956188682,2025-09-06 02:11:04,1967119892956188680,False
SO20250906000926,1967119892788416526,1967119892935217156,,529681,,1,2025-09-06 20:31:04,1967119892956188678,2025-09-06 20:44:04,1967119892956188683,False
SO20250906000927,1967119892788416522,1967119892889079821,,991650,,2,2025-09-06 20:56:04,1967119892956188681,2025-09-06 20:57:04,1967119892956188681,False
SO20250906000928,1967119892788416522,1967119892838748349,,857621,Nhưng mỗi khi bên. Cho tại cái một để này.,1,2025-09-06 02:01:04,1967119892956188684,2025-09-06 02:08:04,1967119892956188682,False
SO20250906000929,1967119892788416523,1967119892884885512,,3012331,,3,2025-09-06 13:10:04,1967119892956188680,2025-09-06 13:24:04,1967119892956188680,False
SO20250906000930,1967119892788416527,1967119892947800079,,410220,,3,2025-09-06 13:48:04,1967119892956188679,2025-09-06 13:53:04,1967119892956188679,False
SO20250906000931,1967119892788416524,1967119892935217162,1967119892951994381,140480,Là từ đến cho bạn. Lớn chỉ để đã đã đến mà.,2,2025-09-06 21:10:04,1967119892956188680,2025-09-06 21:13:04,1967119892956188681,False
SO20250906000932,1967119892788416522,1967119892918439954,1967119892951994384,76949,,2,2025-09-06 08:21:04,1967119892956188683,2025-09-06 08:26:04,1967119892956188683,False
SO20250906000933,1967119892788416522,1967119892947800066,,38078,Bạn bạn không thì số như chỉ.,2,2025-09-06 05:39:04,1967119892956188684,2025-09-06 05:43:04,1967119892956188684,False
SO20250907000934,1967119892788416522,,,248790,Để trong sẽ giữa sẽ nếu. Cũng như bạn với.,1,2025-09-07 13:52:04,1967119892956188681,2025-09-07 13:55:04,1967119892956188681,False
SO20250907000935,1967119892788416522,1967119892838748369,,1788036,,5,2025-09-07 08:35:04,1967119892956188685,2025-09-07 08:44:04,1967119892956188683,False
SO20250907000936,1967119892788416523,1967119892872302598,,429671,,1,2025-09-07 05:53:04,1967119892956188678,2025-09-07 06:07:04,1967119892956188685,False
SO20250907000937,1967119892788416523,1967119892884885510,,2603705,,5,2025-09-07 00:16:04,1967119892956188682,2025-09-07 00:27:04,1967119892956188679,False
SO20250907000938,1967119892788416526,1967119892855525388,,325932,,3,2025-09-07 05:49:04,1967119892956188685,2025-09-07 06:01:04,1967119892956188679,False
SO20250907000939,1967119892788416525,1967119892910051344,,153303,,2,2025-09-07 12:03:04,1967119892956188678,2025-09-07 12:06:04,1967119892956188680,False
SO20250907000940,1967119892788416524,1967119892884885514,,1242302,,2,2025-09-07 04:24:04,1967119892956188684,2025-09-07 04:27:04,1967119892956188678,False
SO20250907000941,1967119892788416526,1967119892893274121,1967119892956188676,1636603,,2,2025-09-07 09:47:04,1967119892956188684,2025-09-07 09:50:04,1967119892956188679,False
SO20250907000942,1967119892788416525,,,114209,,3,2025-09-07 20:43:04,1967119892956188684,2025-09-07 20:46:04,1967119892956188682,False
SO20250907000943,1967119892788416523,1967119892889079817,,2974017,,2,2025-09-07 07:07:04,1967119892956188682,2025-09-07 07:15:04,1967119892956188685,False
SO20250907000944,1967119892788416526,1967119892838748341,,586281,,5,2025-09-07 06:38:04,1967119892956188680,2025-09-07 06:48:04,1967119892956188685,False
SO20250907000945,1967119892788416529,,1967119892951994381,482078,,1,2025-09-07 13:16:04,1967119892956188681,2025-09-07 13:29:04,1967119892956188682,False
SO20250907000946,1967119892788416524,1967119892868108301,,302185,Từ một gần nếu dưới giữa được cách.,1,2025-09-07 09:24:04,1967119892956188682,2025-09-07 09:28:04,1967119892956188680,False
SO20250907000947,1967119892788416524,1967119892914245645,,443336,,1,2025-09-07 21:40:04,1967119892956188680,2025-09-07 21:52:04,1967119892956188679,False
SO20250907000948,1967119892788416525,1967119892838748359,,522651,,2,2025-09-07 03:42:04,1967119892956188681,2025-09-07 03:47:04,1967119892956188683,False
SO20250908000949,1967119892788416522,1967119892855525387,1967119892951994384,116917,,1,2025-09-08 16:22:04,1967119892956188681,2025-09-08 16:28:04,1967119892956188680,False
SO20250908000950,1967119892788416523,1967119892859719687,1967119892951994381,424224,,1,2025-09-08 09:27:04,1967119892956188684,2025-09-08 09:36:04,1967119892956188681,False
SO20250908000951,1967119892788416523,1967119892901662727,,39782,,3,2025-09-08 08:17:04,1967119892956188682,2025-09-08 08:28:04,1967119892956188681,False
SO20250908000952,1967119892788416522,1967119892855525377,,1368476,,1,2025-09-08 04:18:04,1967119892956188681,2025-09-08 04:26:04,1967119892956188681,False
SO20250908000953,1967119892788416522,1967119892889079820,,497082,,1,2025-09-08 22:16:04,1967119892956188682,2025-09-08 22:29:04,1967119892956188682,False
SO20250908000954,1967119892788416522,,,90061,,1,2025-09-08 22:04:04,1967119892956188685,2025-09-08 22:18:04,1967119892956188685,False
SO20250908000955,1967119892788416522,1967119892935217165,,2847679,,4,2025-09-08 20:41:04,1967119892956188683,2025-09-08 20:42:04,1967119892956188684,False
SO20250908000956,1967119892788416527,1967119892901662741,,1977990,,1,2025-09-08 07:19:04,1967119892956188681,2025-09-08 07:27:04,1967119892956188681,False
SO20250908000957,1967119892788416523,1967119892838748338,1967119892951994384,3128217,,3,2025-09-08 00:05:04,1967119892956188683,2025-09-08 00:14:04,1967119892956188681,False
SO20250908000958,1967119892788416525,1967119892863913991,,250393,,3,2025-09-08 05:15:04,1967119892956188681,2025-09-08 05:26:04,1967119892956188680,False
SO20250908000959,1967119892788416522,,,133025,,1,2025-09-08 15:44:04,1967119892956188680,2025-09-08 15:59:04,1967119892956188682,False
SO20250908000960,1967119892788416522,,,571824,,1,2025-09-08 16:53:04,1967119892956188685,2025-09-08 17:00:04,1967119892956188682,False
SO20250909000961,1967119892788416522,1967119892897468427,,245211,,2,2025-09-09 03:31:04,1967119892956188680,2025-09-09 03:39:04,1967119892956188680,False
SO20250909000962,1967119892788416528,1967119892901662729,,81345,,2,2025-09-09 20:17:04,1967119892956188682,2025-09-09 20:23:04,1967119892956188685,False
SO20250909000963,1967119892788416528,1967119892943605768,1967119892951994384,957930,,5,2025-09-09 19:46:04,1967119892956188682,2025-09-09 19:51:04,1967119892956188680,False
SO20250909000964,1967119892788416522,1967119892851331087,,1160506,,1,2025-09-09 05:43:04,1967119892956188685,2025-09-09 05:48:04,1967119892956188683,False
SO20250909000965,1967119892788416523,1967119892838748370,,906671,,1,2025-09-09 11:40:04,1967119892956188683,2025-09-09 11:42:04,1967119892956188679,False
SO20250909000966,1967119892788416522,,,151998,Giống sau là. Chỉ với như trong để giống.,3,2025-09-09 08:29:04,1967119892956188678,2025-09-09 08:41:04,1967119892956188679,False
SO20250909000967,1967119892788416524,1967119892859719697,,57117,,1,2025-09-09 20:45:04,1967119892956188684,2025-09-09 20:56:04,1967119892956188681,False
SO20250909000968,1967119892788416522,1967119892880691201,,991650,,3,2025-09-09 08:26:04,1967119892956188681,2025-09-09 08:32:04,1967119892956188681,False
SO20250909000969,1967119892788416525,1967119892863913987,,221156,,3,2025-09-09 03:06:04,1967119892956188681,2025-09-09 03:18:04,1967119892956188685,False
SO20250910000970,1967119892788416524,1967119892838748371,,990266,,1,2025-09-10 20:37:04,1967119892956188679,2025-09-10 20:40:04,1967119892956188683,False
SO20250910000971,1967119892788416526,1967119892901662721,,173257,,2,2025-09-10 16:51:04,1967119892956188682,2025-09-10 16:54:04,1967119892956188683,False
SO20250910000972,1967119892788416526,,,205423,,1,2025-09-10 15:35:04,1967119892956188680,2025-09-10 15:40:04,1967119892956188680,False
SO20250910000973,1967119892788416522,1967119892910051336,,991650,,2,2025-09-10 05:30:04,1967119892956188682,2025-09-10 05:45:04,1967119892956188684,False
SO20250910000974,1967119892788416528,1967119892910051345,,69868,,3,2025-09-10 08:48:04,1967119892956188678,2025-09-10 08:51:04,1967119892956188680,False
SO20250911000975,1967119892788416523,1967119892939411472,,137530,,1,2025-09-11 21:20:04,1967119892956188683,2025-09-11 21:28:04,1967119892956188682,False
SO20250911000976,1967119892788416528,1967119892918439946,,57353,Trong cho trong giống gần như thay. Số thế người.,4,2025-09-11 14:17:04,1967119892956188681,2025-09-11 14:30:04,1967119892956188683,False
SO20250911000977,1967119892788416525,1967119892838748332,,151228,,4,2025-09-11 18:02:04,1967119892956188684,2025-09-11 18:09:04,1967119892956188682,False
SO20250911000978,1967119892788416522,1967119892910051345,,3802150,,4,2025-09-11 12:58:04,1967119892956188685,2025-09-11 13:01:04,1967119892956188681,False
SO20250911000979,1967119892788416522,1967119892918439942,,185166,,5,2025-09-11 04:54:04,1967119892956188682,2025-09-11 04:55:04,1967119892956188682,False
SO20250911000980,1967119892788416522,1967119892910051334,,166511,,2,2025-09-11 07:26:04,1967119892956188679,2025-09-11 07:40:04,1967119892956188681,False
SO20250911000981,1967119892788416524,1967119892951994370,,495825,,2,2025-09-11 01:23:04,1967119892956188680,2025-09-11 01:38:04,1967119892956188684,False
SO20250911000982,1967119892788416526,1967119892897468421,,238258,,1,2025-09-11 08:39:04,1967119892956188679,2025-09-11 08:53:04,1967119892956188681,False
SO20250911000983,1967119892788416526,1967119892914245647,,733464,Của giữa vẫn đi làm.,1,2025-09-11 06:29:04,1967119892956188680,2025-09-11 06:37:04,1967119892956188679,False
SO20250911000984,1967119892788416529,1967119892855525383,,2372573,,3,2025-09-11 20:46:04,1967119892956188682,2025-09-11 20:58:04,1967119892956188682,False
SO20250911000985,1967119892788416529,1967119892855525378,,836957,,4,2025-09-11 20:32:04,1967119892956188685,2025-09-11 20:42:04,1967119892956188684,False
SO20250912000986,1967119892788416524,1967119892838748360,,1588838,,4,2025-09-12 06:22:04,1967119892956188682,2025-09-12 06:23:04,1967119892956188679,False
SO20250912000987,1967119892788416523,1967119892868108304,,744615,,3,2025-09-12 04:21:04,1967119892956188680,2025-09-12 04:28:04,1967119892956188685,False
SO20250912000988,1967119892788416529,1967119892838748329,,2671350,,3,2025-09-12 12:34:04,1967119892956188681,2025-09-12 12:41:04,1967119892956188679,False
SO20250912000989,1967119892788416523,1967119892901662722,,103821,,1,2025-09-12 21:38:04,1967119892956188683,2025-09-12 21:45:04,1967119892956188684,False
SO20250912000990,1967119892788416526,1967119892901662737,,191236,,1,2025-09-12 06:06:04,1967119892956188683,2025-09-12 06:14:04,1967119892956188680,False
SO20250912000991,1967119892788416523,,,369310,Như như một vẫn thì trong bạn. Hoặc cho tại như.,1,2025-09-12 14:43:04,1967119892956188685,2025-09-12 14:44:04,1967119892956188683,False
SO20250912000992,1967119892788416525,1967119892884885509,,126277,,5,2025-09-12 03:57:04,1967119892956188685,2025-09-12 04:02:04,1967119892956188683,False
SO20250912000993,1967119892788416529,1967119892897468433,,748104,,3,2025-09-12 10:17:04,1967119892956188679,2025-09-12 10:30:04,1967119892956188685,False
SO20250912000994,1967119892788416524,,,183169,Hơn sau vì có. Nào như tại như trong tại từ.,1,2025-09-12 09:50:04,1967119892956188684,2025-09-12 09:56:04,1967119892956188678,False
SO20250912000995,1967119892788416522,1967119892897468425,,88572,,2,2025-09-12 14:19:04,1967119892956188679,2025-09-12 14:21:04,1967119892956188681,False
SO20250912000996,1967119892788416525,1967119892863913984,,207512,,1,2025-09-12 19:40:04,1967119892956188681,2025-09-12 19:45:04,1967119892956188681,False
SO20250912000997,1967119892788416523,1967119892901662735,,1396053,,3,2025-09-12 14:15:04,1967119892956188685,2025-09-12 14:20:04,1967119892956188685,False
SO20250912000998,1967119892788416526,1967119892910051338,,1193364,,2,2025-09-12 20:48:04,1967119892956188685,2025-09-12 21:00:04,1967119892956188683,False
SO20250912000999,1967119892788416524,1967119892880691200,,156581,,3,2025-09-12 08:30:04,1967119892956188683,2025-09-12 08:36:04,1967119892956188680,False
SO20250912001000,1967119892788416526,1967119892838748339,1967119892951994381,935215,,1,2025-09-12 04:17:04,1967119892956188679,2025-09-12 04:26:04,1967119892956188681,False
SO20250912001001,1967119892788416523,,,55424,,1,2025-09-12 20:19:04,1967119892956188684,2025-09-12 20:26:04,1967119892956188681,False
SO20250912001002,1967119892788416525,1967119892859719695,,1977477,,3,2025-09-12 05:59:04,1967119892956188685,2025-09-12 06:06:04,1967119892956188681,False
SO20250912001003,1967119892788416525,1967119892880691200,,95667,,1,2025-09-12 17:36:04,1967119892956188682,2025-09-12 17:44:04,1967119892956188680,False
SO20250912001004,1967119892788416523,1967119892859719696,,66108,,2,2025-09-12 08:51:04,1967119892956188680,2025-09-12 08:58:04,1967119892956188685,False
SO20250912001005,1967119892788416523,1967119892876496901,,215938,,3,2025-09-12 12:35:04,1967119892956188679,2025-09-12 12:47:04,1967119892956188678,False
SO20250912001006,1967119892788416524,,,524835,,2,2025-09-12 07:55:04,1967119892956188678,2025-09-12 07:56:04,1967119892956188685,False
SO20250913001007,1967119892788416523,1967119892901662739,,21699,,1,2025-09-13 19:36:04,1967119892956188679,2025-09-13 19:46:04,1967119892956188684,False
SO20250913001008,1967119892788416524,1967119892872302602,,1012992,,2,2025-09-13 03:56:04,1967119892956188685,2025-09-13 04:07:04,1967119892956188681,False
SO20250913001009,1967119892788416522,1967119892905857043,,809438,,1,2025-09-13 20:06:04,1967119892956188679,2025-09-13 20:08:04,1967119892956188678,False
SO20250913001010,1967119892788416523,1967119892918439946,1967119892951994381,1125173,,3,2025-09-13 09:47:04,1967119892956188678,2025-09-13 09:52:04,1967119892956188678,False
SO20250913001011,1967119892788416522,1967119892838748346,1967119892951994381,316598,,2,2025-09-13 20:27:04,1967119892956188684,2025-09-13 20:36:04,1967119892956188679,False
SO20250913001012,1967119892788416529,,,55663,,1,2025-09-13 11:02:04,1967119892956188684,2025-09-13 11:11:04,1967119892956188678,False
SO20250913001013,1967119892788416525,1967119892838748339,,330811,,3,2025-09-13 11:01:04,1967119892956188681,2025-09-13 11:09:04,1967119892956188681,False
SO20250913001014,1967119892788416523,1967119892901662729,,114077,,3,2025-09-13 02:09:04,1967119892956188683,2025-09-13 02:14:04,1967119892956188678,False
SO20250913001015,1967119892788416525,1967119892910051338,,2168775,,1,2025-09-13 00:53:04,1967119892956188682,2025-09-13 01:00:04,1967119892956188680,False
SO20250913001016,1967119892788416525,1967119892868108298,,208599,,1,2025-09-13 12:50:04,1967119892956188680,2025-09-13 12:53:04,1967119892956188683,False
SO20250913001017,1967119892788416523,1967119892947800076,,38078,,1,2025-09-13 03:25:04,1967119892956188680,2025-09-13 03:29:04,1967119892956188679,False
SO20250913001018,1967119892788416523,1967119892876496897,,1720804,,3,2025-09-13 05:38:04,1967119892956188680,2025-09-13 05:43:04,1967119892956188684,False
SO20250913001019,1967119892788416522,1967119892838748370,1967119892951994381,5212451,,4,2025-09-13 08:21:04,1967119892956188681,2025-09-13 08:36:04,1967119892956188683,False
SO20250913001020,1967119892788416524,1967119892947800089,,114209,,2,2025-09-13 03:05:04,1967119892956188685,2025-09-13 03:20:04,1967119892956188679,False
SO20250913001021,1967119892788416522,1967119892838748338,1967119892951994388,3041553,,2,2025-09-13 14:27:04,1967119892956188678,2025-09-13 14:29:04,1967119892956188682,False
SO20250913001022,1967119892788416523,,,122300,,2,2025-09-13 19:21:04,1967119892956188682,2025-09-13 19:32:04,1967119892956188682,False
SO20250913001023,1967119892788416523,1967119892905857025,,476912,,2,2025-09-13 05:42:04,1967119892956188679,2025-09-13 05:56:04,1967119892956188679,False
SO20250913001024,1967119892788416524,1967119892880691200,,2560981,,1,2025-09-13 03:36:04,1967119892956188679,2025-09-13 03:48:04,1967119892956188680,False
SO20250913001025,1967119892788416527,1967119892905857037,,207961,,1,2025-09-13 14:12:04,1967119892956188683,2025-09-13 14:22:04,1967119892956188684,False
SO20250913001026,1967119892788416523,,,44942,,1,2025-09-13 11:19:04,1967119892956188678,2025-09-13 11:21:04,1967119892956188679,False
SO20250913001027,1967119892788416523,1967119892838748341,,923348,Vẫn bạn của không chỉ gần của không.,1,2025-09-13 04:06:04,1967119892956188685,2025-09-13 04:16:04,1967119892956188685,False
SO20250913001028,1967119892788416525,1967119892872302601,,2317025,,1,2025-09-13 13:02:04,1967119892956188681,2025-09-13 13:10:04,1967119892956188679,False
SO20250913001029,1967119892788416526,1967119892880691210,,1105238,,3,2025-09-13 13:25:04,1967119892956188685,2025-09-13 13:31:04,1967119892956188685,False
SO20250913001030,1967119892788416527,1967119892914245632,,263025,,3,2025-09-13 07:37:04,1967119892956188683,2025-09-13 07:51:04,1967119892956188682,False
SO20250913001031,1967119892788416524,,,208918,,1,2025-09-13 08:25:04,1967119892956188679,2025-09-13 08:29:04,1967119892956188685,False
SO20250913001032,1967119892788416524,1967119892880691206,,2900028,,3,2025-09-13 14:10:04,1967119892956188685,2025-09-13 14:18:04,1967119892956188678,False
SO20250913001033,1967119892788416522,,,19039,,2,2025-09-13 17:23:04,1967119892956188683,2025-09-13 17:34:04,1967119892956188681,False
SO20250913001034,1967119892788416526,1967119892910051340,,1522082,Dưới rất gần vẫn. Thay với trong tại đó bạn từng.,5,2025-09-13 00:50:04,1967119892956188683,2025-09-13 00:53:04,1967119892956188679,False
SO20250914001035,1967119892788416522,1967119892838748365,,1094303,,2,2025-09-14 14:40:04,1967119892956188685,2025-09-14 14:49:04,1967119892956188685,False
SO20250914001036,1967119892788416527,1967119892897468432,,3085343,,1,2025-09-14 04:31:04,1967119892956188681,2025-09-14 04:38:04,1967119892956188684,False
SO20250914001037,1967119892788416523,,,406919,,1,2025-09-14 06:26:04,1967119892956188685,2025-09-14 06:34:04,1967119892956188684,False
SO20250914001038,1967119892788416524,1967119892897468429,,1269225,,2,2025-09-14 05:21:04,1967119892956188678,2025-09-14 05:26:04,1967119892956188683,False
SO20250914001039,1967119892788416523,1967119892914245632,,518934,,1,2025-09-14 05:22:04,1967119892956188680,2025-09-14 05:31:04,1967119892956188680,False
SO20250914001040,1967119892788416522,1967119892884885514,,430737,,5,2025-09-14 17:11:04,1967119892956188681,2025-09-14 17:23:04,1967119892956188684,False
SO20250914001041,1967119892788416523,1967119892851331080,,48093,Sau giữa như cho. Rất không từ.,3,2025-09-14 00:57:04,1967119892956188678,2025-09-14 01:11:04,1967119892956188679,False
SO20250914001042,1967119892788416522,1967119892901662721,,586545,,1,2025-09-14 19:47:04,1967119892956188685,2025-09-14 19:57:04,1967119892956188683,False
SO20250914001043,1967119892788416524,1967119892901662737,,349582,,3,2025-09-14 21:21:04,1967119892956188680,2025-09-14 21:30:04,1967119892956188679,False
SO20250914001044,1967119892788416522,1967119892838748349,,206856,,5,2025-09-14 16:54:04,1967119892956188684,2025-09-14 17:04:04,1967119892956188685,False
SO20250914001045,1967119892788416529,1967119892838748366,1967119892951994393,2364420,,3,2025-09-14 08:13:04,1967119892956188681,2025-09-14 08:25:04,1967119892956188681,False
SO20250914001046,1967119892788416523,1967119892838748345,,2301185,,2,2025-09-14 01:51:04,1967119892956188681,2025-09-14 02:02:04,1967119892956188683,False
SO20250914001047,1967119892788416526,1967119892901662731,,1342268,Cho không với khiến đang. Đúng từ bạn rất tôi.,3,2025-09-14 05:06:04,1967119892956188678,2025-09-14 05:13:04,1967119892956188685,False
SO20250914001048,1967119892788416523,1967119892889079808,,507088,,1,2025-09-14 07:17:04,1967119892956188678,2025-09-14 07:20:04,1967119892956188679,False
SO20250914001049,1967119892788416529,1967119892897468430,,494472,,5,2025-09-14 04:48:04,1967119892956188684,2025-09-14 04:54:04,1967119892956188681,False
SO20250914001050,1967119892788416523,1967119892901662725,,483214,,2,2025-09-14 08:33:04,1967119892956188679,2025-09-14 08:39:04,1967119892956188679,False
SO20250914001051,1967119892788416522,1967119892914245635,,198213,Nơi cách trong như. Như làm vì tự.,1,2025-09-14 20:28:04,1967119892956188685,2025-09-14 20:32:04,1967119892956188679,False
SO20250915001052,1967119892788416528,1967119892935217160,,1266934,,2,2025-09-15 21:39:04,1967119892956188678,2025-09-15 21:46:04,1967119892956188681,False
SO20250915001053,1967119892788416525,1967119892838748328,1967119892956188676,94249,,2,2025-09-15 06:03:04,1967119892956188681,2025-09-15 06:10:04,1967119892956188682,False
SO20250915001054,1967119892788416523,,,448836,,1,2025-09-15 19:14:04,1967119892956188680,2025-09-15 19:29:04,1967119892956188684,False
SO20250915001055,1967119892788416523,1967119892863913986,,2351018,,1,2025-09-15 00:37:04,1967119892956188683,2025-09-15 00:44:04,1967119892956188682,False
SO20250915001056,1967119892788416523,1967119892838748338,,1349899,,4,2025-09-15 20:15:04,1967119892956188680,2025-09-15 20:18:04,1967119892956188685,False
SO20250915001057,1967119892788416523,1967119892897468418,,48093,,3,2025-09-15 04:59:04,1967119892956188682,2025-09-15 05:03:04,1967119892956188682,False
SO20250915001058,1967119892788416522,1967119892872302598,,1330008,,1,2025-09-15 05:26:04,1967119892956188679,2025-09-15 05:38:04,1967119892956188678,False
SO20250915001059,1967119892788416527,,1967119892951994381,48851,,1,2025-09-15 03:23:04,1967119892956188678,2025-09-15 03:38:04,1967119892956188682,False
SO20250915001060,1967119892788416526,1967119892935217163,,991650,,5,2025-09-15 10:49:04,1967119892956188680,2025-09-15 10:56:04,1967119892956188680,False
SO20250915001061,1967119892788416522,1967119892918439951,,852254,,1,2025-09-15 20:01:04,1967119892956188679,2025-09-15 20:02:04,1967119892956188678,False
SO20250916001062,1967119892788416525,1967119892893274127,,187514,,5,2025-09-16 19:21:04,1967119892956188684,2025-09-16 19:22:04,1967119892956188682,False
SO20250916001063,1967119892788416526,1967119892880691210,,3030356,,3,2025-09-16 15:42:04,1967119892956188680,2025-09-16 15:56:04,1967119892956188681,False
SO20250916001064,1967119892788416523,1967119892872302595,,2300901,,1,2025-09-16 09:08:04,1967119892956188679,2025-09-16 09:19:04,1967119892956188683,False
SO20250916001065,1967119892788416524,1967119892893274128,,886672,,3,2025-09-16 20:51:04,1967119892956188680,2025-09-16 20:54:04,1967119892956188685,False
SO20250916001066,1967119892788416522,1967119892905857043,,130508,,2,2025-09-16 19:26:04,1967119892956188684,2025-09-16 19:32:04,1967119892956188685,False
SO20250916001067,1967119892788416522,1967119892905857037,,394607,,1,2025-09-16 02:17:04,1967119892956188680,2025-09-16 02:28:04,1967119892956188682,False
SO20250916001068,1967119892788416525,1967119892838748337,,2838170,Với dưới gần như. Như về nhiều cách và bạn.,1,2025-09-16 03:04:04,1967119892956188680,2025-09-16 03:18:04,1967119892956188679,False
SO20250917001069,1967119892788416523,1967119892838748362,1967119892951994381,256349,,1,2025-09-17 20:10:04,1967119892956188684,2025-09-17 20:25:04,1967119892956188678,False
SO20250917001070,1967119892788416526,1967119892914245634,,134805,,3,2025-09-17 21:56:04,1967119892956188683,2025-09-17 22:08:04,1967119892956188681,False
SO20250917001071,1967119892788416523,1967119892947800074,,21699,,3,2025-09-17 07:39:04,1967119892956188682,2025-09-17 07:52:04,1967119892956188678,False
SO20250917001072,1967119892788416525,1967119892851331091,,151020,,4,2025-09-17 06:10:04,1967119892956188685,2025-09-17 06:15:04,1967119892956188682,False
SO20250917001073,1967119892788416524,1967119892880691214,,1002214,,2,2025-09-17 07:34:04,1967119892956188683,2025-09-17 07:36:04,1967119892956188685,False
SO20250917001074,1967119892788416529,1967119892838748343,1967119892951994393,2464391,,2,2025-09-17 04:04:04,1967119892956188679,2025-09-17 04:13:04,1967119892956188683,False
SO20250917001075,1967119892788416522,1967119892838748336,,1922128,,2,2025-09-17 02:00:04,1967119892956188681,2025-09-17 02:15:04,1967119892956188682,False
SO20250917001076,1967119892788416528,1967119892889079817,,673254,,3,2025-09-17 07:57:04,1967119892956188683,2025-09-17 08:12:04,1967119892956188681,False
SO20250917001077,1967119892788416522,1967119892859719689,1967119892956188676,289744,,2,2025-09-17 00:52:04,1967119892956188682,2025-09-17 00:56:04,1967119892956188680,False
SO20250917001078,1967119892788416523,1967119892947800089,,742144,,2,2025-09-17 12:13:04,1967119892956188678,2025-09-17 12:15:04,1967119892956188681,False
SO20250918001079,1967119892788416522,1967119892838748365,,1502294,,4,2025-09-18 08:12:04,1967119892956188683,2025-09-18 08:18:04,1967119892956188684,False
SO20250918001080,1967119892788416522,1967119892884885505,,157607,,1,2025-09-18 08:03:04,1967119892956188678,2025-09-18 08:08:04,1967119892956188683,False
SO20250918001081,1967119892788416522,1967119892897468433,,444243,Có người sẽ theo vì đến.,1,2025-09-18 21:21:04,1967119892956188678,2025-09-18 21:27:04,1967119892956188680,False
SO20250918001082,1967119892788416522,1967119892910051339,,632712,,3,2025-09-18 04:01:04,1967119892956188681,2025-09-18 04:07:04,1967119892956188684,False
SO20250918001083,1967119892788416523,1967119892868108292,,539508,,2,2025-09-18 06:29:04,1967119892956188682,2025-09-18 06:36:04,1967119892956188679,False
SO20250918001084,1967119892788416526,1967119892918439955,,44744,,1,2025-09-18 10:20:04,1967119892956188679,2025-09-18 10:30:04,1967119892956188684,False
SO20250918001085,1967119892788416522,1967119892880691208,,107766,,4,2025-09-18 19:31:04,1967119892956188682,2025-09-18 19:43:04,1967119892956188678,False
SO20250918001086,1967119892788416522,1967119892838748331,,2323305,,1,2025-09-18 04:03:04,1967119892956188679,2025-09-18 04:05:04,1967119892956188683,False
SO20250918001087,1967119892788416525,1967119892910051336,,6454595,,3,2025-09-18 15:00:04,1967119892956188681,2025-09-18 15:05:04,1967119892956188678,False
SO20250918001088,1967119892788416522,,,54230,,1,2025-09-18 15:24:04,1967119892956188685,2025-09-18 15:39:04,1967119892956188685,False
SO20250919001089,1967119892788416524,1967119892838748358,,1048451,,4,2025-09-19 15:38:04,1967119892956188678,2025-09-19 15:46:04,1967119892956188685,False
SO20250919001090,1967119892788416522,1967119892905857043,1967119892951994381,1951837,,2,2025-09-19 08:44:04,1967119892956188682,2025-09-19 08:58:04,1967119892956188680,False
SO20250919001091,1967119892788416522,1967119892868108296,,1953012,,3,2025-09-19 12:56:04,1967119892956188682,2025-09-19 13:05:04,1967119892956188678,False
SO20250919001092,1967119892788416529,1967119892838748343,,1023067,,1,2025-09-19 19:58:04,1967119892956188684,2025-09-19 20:10:04,1967119892956188680,False
SO20250919001093,1967119892788416522,1967119892905857037,,1075893,,3,2025-09-19 07:37:04,1967119892956188680,2025-09-19 07:42:04,1967119892956188683,False
SO20250919001094,1967119892788416525,1967119892838748347,1967119892951994381,955746,,3,2025-09-19 08:17:04,1967119892956188679,2025-09-19 08:30:04,1967119892956188682,False
SO20250919001095,1967119892788416529,1967119892901662742,1967119892956188676,2080282,,2,2025-09-19 14:26:04,1967119892956188682,2025-09-19 14:41:04,1967119892956188680,False
SO20250919001096,1967119892788416525,1967119892901662729,,3856420,,2,2025-09-19 03:25:04,1967119892956188684,2025-09-19 03:32:04,1967119892956188681,False
SO20250919001097,1967119892788416522,1967119892901662734,,2981653,,3,2025-09-19 01:25:04,1967119892956188685,2025-09-19 01:35:04,1967119892956188680,False
SO20250919001098,1967119892788416528,1967119892951994374,,1235544,,1,2025-09-19 20:21:04,1967119892956188680,2025-09-19 20:30:04,1967119892956188680,False
SO20250919001099,1967119892788416523,1967119892889079818,,276047,,1,2025-09-19 13:40:04,1967119892956188680,2025-09-19 13:51:04,1967119892956188682,False
SO20250919001100,1967119892788416523,1967119892880691202,,1000911,,4,2025-09-19 09:13:04,1967119892956188681,2025-09-19 09:22:04,1967119892956188685,False
SO20250919001101,1967119892788416523,1967119892838748347,,2487868,,1,2025-09-19 00:43:04,1967119892956188678,2025-09-19 00:50:04,1967119892956188680,False
SO20250919001102,1967119892788416523,1967119892838748330,,1991439,,2,2025-09-19 23:56:04,1967119892956188684,2025-09-20 00:09:04,1967119892956188681,False
SO20250919001103,1967119892788416523,1967119892901662730,,27506,,3,2025-09-19 11:15:04,1967119892956188681,2025-09-19 11:23:04,1967119892956188682,False
SO20250919001104,1967119892788416526,1967119892859719702,,847830,,3,2025-09-19 20:34:04,1967119892956188680,2025-09-19 20:43:04,1967119892956188683,False
SO20250919001105,1967119892788416526,1967119892947800092,,62582,,1,2025-09-19 12:14:04,1967119892956188680,2025-09-19 12:29:04,1967119892956188678,False
SO20250919001106,1967119892788416525,,,355671,,1,2025-09-19 22:54:04,1967119892956188681,2025-09-19 23:09:04,1967119892956188679,False
SO20250919001107,1967119892788416525,1967119892918439944,,173384,,2,2025-09-19 08:32:04,1967119892956188680,2025-09-19 08:39:04,1967119892956188683,False
SO20250919001108,1967119892788416525,1967119892855525399,,236356,,1,2025-09-19 02:56:04,1967119892956188679,2025-09-19 03:06:04,1967119892956188681,False
SO20250919001109,1967119892788416522,1967119892851331084,,143439,,2,2025-09-19 20:23:04,1967119892956188678,2025-09-19 20:38:04,1967119892956188681,False
SO20250919001110,1967119892788416522,,,152643,,2,2025-09-19 03:13:04,1967119892956188682,2025-09-19 03:21:04,1967119892956188678,False
SO20250919001111,1967119892788416523,1967119892863913984,,821158,,2,2025-09-19 03:35:04,1967119892956188681,2025-09-19 03:44:04,1967119892956188678,False
SO20250919001112,1967119892788416523,,,193514,,3,2025-09-19 13:32:04,1967119892956188683,2025-09-19 13:36:04,1967119892956188685,False
SO20250920001113,1967119892788416525,1967119892880691204,,398135,,5,2025-09-20 17:47:04,1967119892956188682,2025-09-20 17:57:04,1967119892956188685,False
SO20250920001114,1967119892788416523,1967119892947800079,,268822,,2,2025-09-20 08:21:04,1967119892956188681,2025-09-20 08:32:04,1967119892956188685,False
SO20250920001115,1967119892788416525,1967119892939411457,,165556,,3,2025-09-20 05:49:04,1967119892956188683,2025-09-20 05:56:04,1967119892956188682,False
SO20250920001116,1967119892788416525,1967119892910051332,,132216,,1,2025-09-20 19:52:04,1967119892956188678,2025-09-20 20:03:04,1967119892956188684,False
SO20250920001117,1967119892788416522,1967119892951994372,,961575,,1,2025-09-20 09:58:04,1967119892956188685,2025-09-20 10:06:04,1967119892956188682,False
SO20250920001118,1967119892788416525,1967119892868108291,,193309,,3,2025-09-20 15:48:04,1967119892956188678,2025-09-20 16:01:04,1967119892956188682,False
SO20250920001119,1967119892788416525,1967119892943605786,,1232489,,4,2025-09-20 00:38:04,1967119892956188685,2025-09-20 00:52:04,1967119892956188685,False
SO20250920001120,1967119892788416527,1967119892893274126,,333763,,4,2025-09-20 03:16:04,1967119892956188682,2025-09-20 03:22:04,1967119892956188684,False
SO20250920001121,1967119892788416524,1967119892884885510,,92212,,3,2025-09-20 17:48:04,1967119892956188680,2025-09-20 18:00:04,1967119892956188680,False
SO20250920001122,1967119892788416522,1967119892943605767,,34607,,1,2025-09-20 03:39:04,1967119892956188683,2025-09-20 03:40:04,1967119892956188684,False
SO20250920001123,1967119892788416523,1967119892880691202,,19157,,1,2025-09-20 05:48:04,1967119892956188684,2025-09-20 06:02:04,1967119892956188683,False
SO20250920001124,1967119892788416523,1967119892901662726,,142849,,1,2025-09-20 08:46:04,1967119892956188681,2025-09-20 09:01:04,1967119892956188683,False
SO20250920001125,1967119892788416524,1967119892901662742,,154917,,2,2025-09-20 12:26:04,1967119892956188680,2025-09-20 12:35:04,1967119892956188682,False
SO20250920001126,1967119892788416525,1967119892918439958,,69533,Trong trong tôi với gần.,1,2025-09-20 08:39:04,1967119892956188682,2025-09-20 08:46:04,1967119892956188683,False
SO20250920001127,1967119892788416525,1967119892838748355,,4130913,,3,2025-09-20 03:46:04,1967119892956188683,2025-09-20 04:00:04,1967119892956188679,False
SO20250920001128,1967119892788416524,1967119892897468431,,1047715,,2,2025-09-20 14:10:04,1967119892956188685,2025-09-20 14:25:04,1967119892956188683,False
SO20250920001129,1967119892788416525,1967119892880691202,,536631,,1,2025-09-20 20:28:04,1967119892956188680,2025-09-20 20:38:04,1967119892956188680,False
SO20250920001130,1967119892788416525,,,197502,,1,2025-09-20 19:52:04,1967119892956188679,2025-09-20 20:00:04,1967119892956188680,False
