id,sale_order_id,product_id,qty_ordered,unit_price,created_at,created_by,updated_at,updated_by,deleted
1967119893111377920,SO20250629000000,1967119892788416543,3,369310,2025-06-29 09:12:04,1967119892956188682,2025-06-29 09:18:04,1967119892956188680,False
1967119893111377921,SO20250629000000,1967119892788416580,2,1478947,2025-06-29 09:12:04,1967119892956188682,2025-06-29 09:18:04,1967119892956188680,False
1967119893132349440,SO20250629000001,1967119892788416563,2,44942,2025-06-29 07:10:04,1967119892956188685,2025-06-29 07:25:04,1967119892956188679,False
1967119893132349441,SO20250629000001,1967119892788416562,3,34607,2025-06-29 07:10:04,1967119892956188685,2025-06-29 07:25:04,1967119892956188679,False
1967119893132349442,SO20250629000001,1967119892788416554,3,55663,2025-06-29 07:10:04,1967119892956188685,2025-06-29 07:25:04,1967119892956188679,False
1967119893132349443,SO20250629000001,1967119892788416542,2,235309,2025-06-29 07:10:04,1967119892956188685,2025-06-29 07:25:04,1967119892956188679,False
1967119893136543744,SO20250629000002,1967119892788416542,1,235309,2025-06-29 08:24:04,1967119892956188682,2025-06-29 08:32:04,1967119892956188679,False
1967119893136543745,SO20250629000002,1967119892788416537,2,55424,2025-06-29 08:24:04,1967119892956188682,2025-06-29 08:32:04,1967119892956188679,False
1967119893140738048,SO20250629000003,1967119892788416563,1,44942,2025-06-29 08:45:04,1967119892956188684,2025-06-29 08:58:04,1967119892956188685,False
1967119893140738049,SO20250629000003,1967119892788416581,2,275969,2025-06-29 08:45:04,1967119892956188684,2025-06-29 08:58:04,1967119892956188685,False
1967119893144932352,SO20250629000004,1967119892788416565,1,19891,2025-06-29 10:20:04,1967119892956188678,2025-06-29 10:35:04,1967119892956188678,False
1967119893144932353,SO20250629000004,1967119892788416541,1,205423,2025-06-29 10:20:04,1967119892956188678,2025-06-29 10:35:04,1967119892956188678,False
1967119893149126656,SO20250629000005,1967119892788416556,1,19157,2025-06-29 16:32:04,1967119892956188681,2025-06-29 16:35:04,1967119892956188683,False
1967119893153320960,SO20250629000006,1967119892788416551,2,62582,2025-06-29 04:25:04,1967119892956188679,2025-06-29 04:39:04,1967119892956188679,False
1967119893153320961,SO20250629000006,1967119892788416547,3,495825,2025-06-29 04:25:04,1967119892956188679,2025-06-29 04:39:04,1967119892956188679,False
1967119893153320962,SO20250629000007,1967119892788416547,2,495825,2025-06-29 03:38:04,1967119892956188685,2025-06-29 03:41:04,1967119892956188682,False
1967119893153320963,SO20250629000007,1967119892788416564,1,27506,2025-06-29 03:38:04,1967119892956188685,2025-06-29 03:41:04,1967119892956188682,False
1967119893157515264,SO20250629000008,1967119892788416563,1,44942,2025-06-29 16:03:04,1967119892956188678,2025-06-29 16:06:04,1967119892956188684,False
1967119893157515265,SO20250629000008,1967119892788416566,1,34445,2025-06-29 16:03:04,1967119892956188678,2025-06-29 16:06:04,1967119892956188684,False
1967119893157515266,SO20250629000009,1967119892788416546,2,75999,2025-06-29 04:17:04,1967119892956188683,2025-06-29 04:24:04,1967119892956188683,False
1967119893157515267,SO20250629000009,1967119892788416555,4,19039,2025-06-29 04:17:04,1967119892956188683,2025-06-29 04:24:04,1967119892956188683,False
1967119893161709568,SO20250629000010,1967119892788416553,1,41380,2025-06-29 11:22:04,1967119892956188680,2025-06-29 11:28:04,1967119892956188678,False
1967119893161709569,SO20250629000010,1967119892788416558,1,69533,2025-06-29 11:22:04,1967119892956188680,2025-06-29 11:28:04,1967119892956188678,False
1967119893161709570,SO20250629000011,1967119892788416562,2,34607,2025-06-29 12:35:04,1967119892956188678,2025-06-29 12:45:04,1967119892956188681,False
1967119893161709571,SO20250629000011,1967119892788416547,3,495825,2025-06-29 12:35:04,1967119892956188678,2025-06-29 12:45:04,1967119892956188681,False
1967119893161709572,SO20250629000011,1967119892788416550,4,48004,2025-06-29 12:35:04,1967119892956188678,2025-06-29 12:45:04,1967119892956188681,False
1967119893161709573,SO20250629000011,1967119892788416541,3,205423,2025-06-29 12:35:04,1967119892956188678,2025-06-29 12:45:04,1967119892956188681,False
1967119893165903872,SO20250629000012,1967119892788416562,3,34607,2025-06-29 08:06:04,1967119892956188681,2025-06-29 08:17:04,1967119892956188685,False
1967119893165903873,SO20250629000012,1967119892788416560,1,44744,2025-06-29 08:06:04,1967119892956188681,2025-06-29 08:17:04,1967119892956188685,False
1967119893165903874,SO20250629000012,1967119892788416540,3,50974,2025-06-29 08:06:04,1967119892956188681,2025-06-29 08:17:04,1967119892956188685,False
1967119893170098176,SO20250629000013,1967119892788416552,2,65834,2025-06-29 20:16:04,1967119892956188685,2025-06-29 20:27:04,1967119892956188678,False
1967119893174292480,SO20250629000014,1967119892788416538,2,193514,2025-06-29 20:37:04,1967119892956188679,2025-06-29 20:51:04,1967119892956188678,False
1967119893174292481,SO20250629000014,1967119892788416541,1,205423,2025-06-29 20:37:04,1967119892956188679,2025-06-29 20:51:04,1967119892956188678,False
1967119893178486784,SO20250629000015,1967119892788416567,2,36517,2025-06-29 09:56:04,1967119892956188678,2025-06-29 10:02:04,1967119892956188685,False
1967119893178486785,SO20250629000015,1967119892788416568,1,117335,2025-06-29 09:56:04,1967119892956188678,2025-06-29 10:02:04,1967119892956188685,False
1967119893178486786,SO20250629000015,1967119892788416556,1,19157,2025-06-29 09:56:04,1967119892956188678,2025-06-29 10:02:04,1967119892956188685,False
1967119893178486787,SO20250629000015,1967119892788416554,2,55663,2025-06-29 09:56:04,1967119892956188678,2025-06-29 10:02:04,1967119892956188685,False
1967119893178486788,SO20250630000016,1967119892788416543,1,369310,2025-06-30 16:41:04,1967119892956188683,2025-06-30 16:55:04,1967119892956188682,False
1967119893178486789,SO20250630000016,1967119892788416540,3,50974,2025-06-30 16:41:04,1967119892956188683,2025-06-30 16:55:04,1967119892956188682,False
1967119893178486790,SO20250630000016,1967119892788416584,1,59089,2025-06-30 16:41:04,1967119892956188683,2025-06-30 16:55:04,1967119892956188682,False
1967119893182681088,SO20250630000017,1967119892788416541,2,205423,2025-06-30 05:02:04,1967119892956188682,2025-06-30 05:17:04,1967119892956188681,False
1967119893182681089,SO20250630000017,1967119892788416565,4,19891,2025-06-30 05:02:04,1967119892956188682,2025-06-30 05:17:04,1967119892956188681,False
1967119893182681090,SO20250630000018,1967119892788416559,2,27115,2025-06-30 12:02:04,1967119892956188683,2025-06-30 12:16:04,1967119892956188684,False
1967119893186875392,SO20250630000019,1967119892788416556,1,19157,2025-06-30 07:25:04,1967119892956188681,2025-06-30 07:32:04,1967119892956188685,False
1967119893186875393,SO20250630000020,1967119892788416591,1,2233095,2025-06-30 20:28:04,1967119892956188680,2025-06-30 20:42:04,1967119892956188684,False
1967119893191069696,SO20250701000021,1967119892788416538,1,193514,2025-07-01 11:22:04,1967119892956188678,2025-07-01 11:33:04,1967119892956188678,False
1967119893191069697,SO20250701000021,1967119892788416565,1,19891,2025-07-01 11:22:04,1967119892956188678,2025-07-01 11:33:04,1967119892956188678,False
1967119893191069698,SO20250701000021,1967119892788416550,4,48004,2025-07-01 11:22:04,1967119892956188678,2025-07-01 11:33:04,1967119892956188678,False
1967119893191069699,SO20250701000021,1967119892788416559,1,27115,2025-07-01 11:22:04,1967119892956188678,2025-07-01 11:33:04,1967119892956188678,False
1967119893191069700,SO20250701000022,1967119892788416553,1,41380,2025-07-01 20:29:04,1967119892956188685,2025-07-01 20:39:04,1967119892956188685,False
1967119893191069701,SO20250701000022,1967119892788416547,2,495825,2025-07-01 20:29:04,1967119892956188685,2025-07-01 20:39:04,1967119892956188685,False
1967119893191069702,SO20250701000022,1967119892788416559,2,27115,2025-07-01 20:29:04,1967119892956188685,2025-07-01 20:39:04,1967119892956188685,False
1967119893191069703,SO20250701000022,1967119892788416546,3,75999,2025-07-01 20:29:04,1967119892956188685,2025-07-01 20:39:04,1967119892956188685,False
1967119893195264000,SO20250701000023,1967119892788416572,2,108602,2025-07-01 01:47:04,1967119892956188683,2025-07-01 01:52:04,1967119892956188683,False
1967119893195264001,SO20250701000023,1967119892788416570,1,79627,2025-07-01 01:47:04,1967119892956188683,2025-07-01 01:52:04,1967119892956188683,False
1967119893195264002,SO20250701000024,1967119892788416581,1,275969,2025-07-01 23:00:04,1967119892956188681,2025-07-01 23:08:04,1967119892956188679,False
1967119893199458304,SO20250701000025,1967119892788416540,2,50974,2025-07-01 13:41:04,1967119892956188681,2025-07-01 13:53:04,1967119892956188679,False
1967119893199458305,SO20250701000026,1967119892788416547,2,495825,2025-07-01 15:35:04,1967119892956188683,2025-07-01 15:49:04,1967119892956188679,False
1967119893199458306,SO20250701000027,1967119892788416563,3,44942,2025-07-01 09:35:04,1967119892956188682,2025-07-01 09:43:04,1967119892956188679,False
1967119893199458307,SO20250701000027,1967119892788416537,3,55424,2025-07-01 09:35:04,1967119892956188682,2025-07-01 09:43:04,1967119892956188679,False
1967119893203652608,SO20250701000027,1967119892788416578,4,114209,2025-07-01 09:35:04,1967119892956188682,2025-07-01 09:43:04,1967119892956188679,False
1967119893203652609,SO20250701000027,1967119892788416536,2,224418,2025-07-01 09:35:04,1967119892956188682,2025-07-01 09:43:04,1967119892956188679,False
1967119893203652610,SO20250701000027,1967119892788416554,1,55663,2025-07-01 09:35:04,1967119892956188682,2025-07-01 09:43:04,1967119892956188679,False
1967119893203652611,SO20250701000027,1967119892788416568,1,117335,2025-07-01 09:35:04,1967119892956188682,2025-07-01 09:43:04,1967119892956188679,False
1967119893203652612,SO20250701000028,1967119892788416573,1,90061,2025-07-01 07:10:04,1967119892956188684,2025-07-01 07:19:04,1967119892956188681,False
1967119893203652613,SO20250701000028,1967119892788416557,1,48093,2025-07-01 07:10:04,1967119892956188684,2025-07-01 07:19:04,1967119892956188681,False
1967119893203652614,SO20250701000028,1967119892788416559,1,27115,2025-07-01 07:10:04,1967119892956188684,2025-07-01 07:19:04,1967119892956188681,False
1967119893203652615,SO20250701000028,1967119892788416548,3,69868,2025-07-01 07:10:04,1967119892956188684,2025-07-01 07:19:04,1967119892956188681,False
1967119893203652616,SO20250701000028,1967119892788416563,2,44942,2025-07-01 07:10:04,1967119892956188684,2025-07-01 07:19:04,1967119892956188681,False
1967119893203652617,SO20250701000029,1967119892788416555,3,19039,2025-07-01 07:13:04,1967119892956188682,2025-07-01 07:21:04,1967119892956188680,False
1967119893203652618,SO20250701000029,1967119892788416557,1,48093,2025-07-01 07:13:04,1967119892956188682,2025-07-01 07:21:04,1967119892956188680,False
1967119893203652619,SO20250701000029,1967119892788416558,1,69533,2025-07-01 07:13:04,1967119892956188682,2025-07-01 07:21:04,1967119892956188680,False
1967119893203652620,SO20250701000029,1967119892788416560,2,44744,2025-07-01 07:13:04,1967119892956188682,2025-07-01 07:21:04,1967119892956188680,False
1967119893207846912,SO20250701000030,1967119892788416546,1,75999,2025-07-01 04:25:04,1967119892956188680,2025-07-01 04:40:04,1967119892956188680,False
1967119893207846913,SO20250701000030,1967119892788416578,2,114209,2025-07-01 04:25:04,1967119892956188680,2025-07-01 04:40:04,1967119892956188680,False
1967119893207846914,SO20250702000031,1967119892788416587,1,2015853,2025-07-02 16:18:04,1967119892956188685,2025-07-02 16:30:04,1967119892956188681,False
1967119893212041216,SO20250702000032,1967119892788416557,1,48093,2025-07-02 20:21:04,1967119892956188682,2025-07-02 20:22:04,1967119892956188681,False
1967119893212041217,SO20250702000032,1967119892788416562,1,34607,2025-07-02 20:21:04,1967119892956188682,2025-07-02 20:22:04,1967119892956188681,False
1967119893212041218,SO20250702000032,1967119892788416541,2,205423,2025-07-02 20:21:04,1967119892956188682,2025-07-02 20:22:04,1967119892956188681,False
1967119893212041219,SO20250702000032,1967119892788416550,1,48004,2025-07-02 20:21:04,1967119892956188682,2025-07-02 20:22:04,1967119892956188681,False
1967119893212041220,SO20250702000032,1967119892788416584,1,59089,2025-07-02 20:21:04,1967119892956188682,2025-07-02 20:22:04,1967119892956188681,False
1967119893212041221,SO20250702000032,1967119892788416578,2,114209,2025-07-02 20:21:04,1967119892956188682,2025-07-02 20:22:04,1967119892956188681,False
1967119893216235520,SO20250702000033,1967119892788416581,1,275969,2025-07-02 10:50:04,1967119892956188680,2025-07-02 10:56:04,1967119892956188681,False
1967119893216235521,SO20250702000033,1967119892788416562,1,34607,2025-07-02 10:50:04,1967119892956188680,2025-07-02 10:56:04,1967119892956188681,False
1967119893216235522,SO20250702000033,1967119892788416573,1,90061,2025-07-02 10:50:04,1967119892956188680,2025-07-02 10:56:04,1967119892956188681,False
1967119893220429824,SO20250702000034,1967119892788416578,1,114209,2025-07-02 11:54:04,1967119892956188684,2025-07-02 11:55:04,1967119892956188679,False
1967119893220429825,SO20250702000034,1967119892788416540,3,50974,2025-07-02 11:54:04,1967119892956188684,2025-07-02 11:55:04,1967119892956188679,False
1967119893224624128,SO20250702000035,1967119892788416560,1,44744,2025-07-02 08:32:04,1967119892956188682,2025-07-02 08:40:04,1967119892956188682,False
1967119893224624129,SO20250702000036,1967119892788416573,1,90061,2025-07-02 13:46:04,1967119892956188680,2025-07-02 13:51:04,1967119892956188685,False
1967119893224624130,SO20250702000036,1967119892788416538,1,193514,2025-07-02 13:46:04,1967119892956188680,2025-07-02 13:51:04,1967119892956188685,False
1967119893224624131,SO20250702000036,1967119892788416562,3,34607,2025-07-02 13:46:04,1967119892956188680,2025-07-02 13:51:04,1967119892956188685,False
1967119893224624132,SO20250702000036,1967119892788416569,1,33054,2025-07-02 13:46:04,1967119892956188680,2025-07-02 13:51:04,1967119892956188685,False
1967119893224624133,SO20250702000036,1967119892788416537,1,55424,2025-07-02 13:46:04,1967119892956188680,2025-07-02 13:51:04,1967119892956188685,False
1967119893224624134,SO20250702000036,1967119892788416563,1,44942,2025-07-02 13:46:04,1967119892956188680,2025-07-02 13:51:04,1967119892956188685,False
1967119893228818432,SO20250702000037,1967119892788416563,1,44942,2025-07-02 06:01:04,1967119892956188684,2025-07-02 06:12:04,1967119892956188685,False
1967119893228818433,SO20250702000037,1967119892788416547,2,495825,2025-07-02 06:01:04,1967119892956188684,2025-07-02 06:12:04,1967119892956188685,False
1967119893233012736,SO20250702000038,1967119892788416547,2,495825,2025-07-02 15:45:04,1967119892956188678,2025-07-02 15:50:04,1967119892956188683,False
1967119893233012737,SO20250702000038,1967119892788416590,1,2974017,2025-07-02 15:45:04,1967119892956188678,2025-07-02 15:50:04,1967119892956188683,False
1967119893237207040,SO20250702000039,1967119892788416558,3,69533,2025-07-02 10:04:04,1967119892956188685,2025-07-02 10:11:04,1967119892956188679,False
1967119893241401344,SO20250702000040,1967119892788416547,2,495825,2025-07-02 13:49:04,1967119892956188679,2025-07-02 13:51:04,1967119892956188681,False
1967119893241401345,SO20250702000040,1967119892788416541,3,205423,2025-07-02 13:49:04,1967119892956188679,2025-07-02 13:51:04,1967119892956188681,False
1967119893241401346,SO20250702000040,1967119892788416564,1,27506,2025-07-02 13:49:04,1967119892956188679,2025-07-02 13:51:04,1967119892956188681,False
1967119893241401347,SO20250703000041,1967119892788416543,2,369310,2025-07-03 17:46:04,1967119892956188684,2025-07-03 17:55:04,1967119892956188678,False
1967119893245595648,SO20250703000042,1967119892788416554,3,55663,2025-07-03 21:24:04,1967119892956188682,2025-07-03 21:27:04,1967119892956188682,False
1967119893249789952,SO20250703000043,1967119892788416588,1,2719050,2025-07-03 12:04:04,1967119892956188685,2025-07-03 12:18:04,1967119892956188678,False
1967119893249789953,SO20250703000043,1967119892788416553,1,41380,2025-07-03 12:04:04,1967119892956188685,2025-07-03 12:18:04,1967119892956188678,False
1967119893253984256,SO20250703000044,1967119892788416573,1,90061,2025-07-03 15:08:04,1967119892956188679,2025-07-03 15:19:04,1967119892956188679,False
1967119893253984257,SO20250703000044,1967119892788416557,1,48093,2025-07-03 15:08:04,1967119892956188679,2025-07-03 15:19:04,1967119892956188679,False
1967119893253984258,SO20250703000044,1967119892788416561,1,21699,2025-07-03 15:08:04,1967119892956188679,2025-07-03 15:19:04,1967119892956188679,False
1967119893253984259,SO20250703000044,1967119892788416559,1,27115,2025-07-03 15:08:04,1967119892956188679,2025-07-03 15:19:04,1967119892956188679,False
1967119893253984260,SO20250703000045,1967119892788416540,3,50974,2025-07-03 05:00:04,1967119892956188685,2025-07-03 05:15:04,1967119892956188685,False
1967119893258178560,SO20250703000046,1967119892788416560,4,44744,2025-07-03 21:02:04,1967119892956188678,2025-07-03 21:15:04,1967119892956188681,False
1967119893258178561,SO20250703000046,1967119892788416546,1,75999,2025-07-03 21:02:04,1967119892956188678,2025-07-03 21:15:04,1967119892956188681,False
1967119893258178562,SO20250703000046,1967119892788416585,1,2073616,2025-07-03 21:02:04,1967119892956188678,2025-07-03 21:15:04,1967119892956188681,False
1967119893262372864,SO20250703000047,1967119892788416547,3,495825,2025-07-03 03:14:04,1967119892956188685,2025-07-03 03:23:04,1967119892956188678,False
1967119893262372865,SO20250703000047,1967119892788416548,1,69868,2025-07-03 03:14:04,1967119892956188685,2025-07-03 03:23:04,1967119892956188678,False
1967119893262372866,SO20250703000047,1967119892788416560,2,44744,2025-07-03 03:14:04,1967119892956188685,2025-07-03 03:23:04,1967119892956188678,False
1967119893262372867,SO20250703000047,1967119892788416550,2,48004,2025-07-03 03:14:04,1967119892956188685,2025-07-03 03:23:04,1967119892956188678,False
1967119893266567168,SO20250703000048,1967119892788416541,3,205423,2025-07-03 07:21:04,1967119892956188682,2025-07-03 07:22:04,1967119892956188684,False
1967119893266567169,SO20250703000048,1967119892788416581,3,275969,2025-07-03 07:21:04,1967119892956188682,2025-07-03 07:22:04,1967119892956188684,False
1967119893270761472,SO20250703000049,1967119892788416546,1,75999,2025-07-03 07:15:04,1967119892956188680,2025-07-03 07:21:04,1967119892956188680,False
1967119893274955776,SO20250703000050,1967119892788416537,1,55424,2025-07-03 13:02:04,1967119892956188678,2025-07-03 13:05:04,1967119892956188681,False
1967119893274955777,SO20250703000050,1967119892788416556,4,19157,2025-07-03 13:02:04,1967119892956188678,2025-07-03 13:05:04,1967119892956188681,False
1967119893274955778,SO20250703000050,1967119892788416545,1,93757,2025-07-03 13:02:04,1967119892956188678,2025-07-03 13:05:04,1967119892956188681,False
1967119893274955779,SO20250703000050,1967119892788416553,2,41380,2025-07-03 13:02:04,1967119892956188678,2025-07-03 13:05:04,1967119892956188681,False
1967119893274955780,SO20250703000050,1967119892788416542,1,235309,2025-07-03 13:02:04,1967119892956188678,2025-07-03 13:05:04,1967119892956188681,False
1967119893274955781,SO20250703000050,1967119892788416552,5,65834,2025-07-03 13:02:04,1967119892956188678,2025-07-03 13:05:04,1967119892956188681,False
1967119893279150080,SO20250703000051,1967119892788416563,1,44942,2025-07-03 15:28:04,1967119892956188679,2025-07-03 15:33:04,1967119892956188685,False
1967119893279150081,SO20250703000051,1967119892788416551,2,62582,2025-07-03 15:28:04,1967119892956188679,2025-07-03 15:33:04,1967119892956188685,False
1967119893279150082,SO20250703000051,1967119892788416539,2,443336,2025-07-03 15:28:04,1967119892956188679,2025-07-03 15:33:04,1967119892956188685,False
1967119893279150083,SO20250703000052,1967119892788416548,1,69868,2025-07-03 05:03:04,1967119892956188678,2025-07-03 05:16:04,1967119892956188685,False
1967119893279150084,SO20250703000052,1967119892788416547,3,495825,2025-07-03 05:03:04,1967119892956188678,2025-07-03 05:16:04,1967119892956188685,False
1967119893279150085,SO20250703000052,1967119892788416562,1,34607,2025-07-03 05:03:04,1967119892956188678,2025-07-03 05:16:04,1967119892956188685,False
1967119893279150086,SO20250703000052,1967119892788416563,1,44942,2025-07-03 05:03:04,1967119892956188678,2025-07-03 05:16:04,1967119892956188685,False
1967119893283344384,SO20250704000053,1967119892788416558,1,69533,2025-07-04 16:50:04,1967119892956188685,2025-07-04 17:04:04,1967119892956188684,False
1967119893283344385,SO20250704000053,1967119892788416537,1,55424,2025-07-04 16:50:04,1967119892956188685,2025-07-04 17:04:04,1967119892956188684,False
1967119893287538688,SO20250704000054,1967119892788416536,1,224418,2025-07-04 05:58:04,1967119892956188682,2025-07-04 06:12:04,1967119892956188678,False
1967119893291732992,SO20250704000055,1967119892788416550,1,48004,2025-07-04 19:09:04,1967119892956188679,2025-07-04 19:17:04,1967119892956188680,False
1967119893291732993,SO20250704000056,1967119892788416551,3,62582,2025-07-04 04:05:04,1967119892956188682,2025-07-04 04:10:04,1967119892956188683,False
1967119893291732994,SO20250704000056,1967119892788416550,1,48004,2025-07-04 04:05:04,1967119892956188682,2025-07-04 04:10:04,1967119892956188683,False
1967119893291732995,SO20250704000056,1967119892788416538,1,193514,2025-07-04 04:05:04,1967119892956188682,2025-07-04 04:10:04,1967119892956188683,False
1967119893295927296,SO20250704000057,1967119892788416584,1,59089,2025-07-04 03:29:04,1967119892956188682,2025-07-04 03:39:04,1967119892956188682,False
1967119893295927297,SO20250704000057,1967119892788416541,1,205423,2025-07-04 03:29:04,1967119892956188682,2025-07-04 03:39:04,1967119892956188682,False
1967119893295927298,SO20250704000057,1967119892788416538,1,193514,2025-07-04 03:29:04,1967119892956188682,2025-07-04 03:39:04,1967119892956188682,False
1967119893295927299,SO20250704000057,1967119892788416578,2,114209,2025-07-04 03:29:04,1967119892956188682,2025-07-04 03:39:04,1967119892956188682,False
1967119893295927300,SO20250704000057,1967119892788416544,2,98337,2025-07-04 03:29:04,1967119892956188682,2025-07-04 03:39:04,1967119892956188682,False
1967119893295927301,SO20250704000058,1967119892788416539,3,443336,2025-07-04 05:43:04,1967119892956188683,2025-07-04 05:49:04,1967119892956188684,False
1967119893300121600,SO20250704000059,1967119892788416591,1,2233095,2025-07-04 21:58:04,1967119892956188684,2025-07-04 22:06:04,1967119892956188681,False
1967119893300121601,SO20250704000059,1967119892788416565,1,19891,2025-07-04 21:58:04,1967119892956188684,2025-07-04 22:06:04,1967119892956188681,False
1967119893300121602,SO20250704000059,1967119892788416560,5,44744,2025-07-04 21:58:04,1967119892956188684,2025-07-04 22:06:04,1967119892956188681,False
1967119893304315904,SO20250704000060,1967119892788416547,2,495825,2025-07-04 20:04:04,1967119892956188681,2025-07-04 20:05:04,1967119892956188685,False
1967119893304315905,SO20250704000060,1967119892788416558,3,69533,2025-07-04 20:04:04,1967119892956188681,2025-07-04 20:05:04,1967119892956188685,False
1967119893304315906,SO20250704000061,1967119892788416543,1,369310,2025-07-04 15:13:04,1967119892956188678,2025-07-04 15:27:04,1967119892956188685,False
1967119893304315907,SO20250704000061,1967119892788416556,3,19157,2025-07-04 15:13:04,1967119892956188678,2025-07-04 15:27:04,1967119892956188685,False
1967119893304315908,SO20250704000061,1967119892788416561,1,21699,2025-07-04 15:13:04,1967119892956188678,2025-07-04 15:27:04,1967119892956188685,False
1967119893308510208,SO20250704000062,1967119892788416538,1,193514,2025-07-04 19:40:04,1967119892956188685,2025-07-04 19:54:04,1967119892956188679,False
1967119893308510209,SO20250704000062,1967119892788416569,1,33054,2025-07-04 19:40:04,1967119892956188685,2025-07-04 19:54:04,1967119892956188679,False
1967119893308510210,SO20250704000063,1967119892788416566,1,34445,2025-07-04 14:21:04,1967119892956188681,2025-07-04 14:33:04,1967119892956188678,False
1967119893308510211,SO20250704000063,1967119892788416555,2,19039,2025-07-04 14:21:04,1967119892956188681,2025-07-04 14:33:04,1967119892956188678,False
1967119893312704512,SO20250704000064,1967119892788416557,3,48093,2025-07-04 12:09:04,1967119892956188679,2025-07-04 12:17:04,1967119892956188680,False
1967119893312704513,SO20250704000064,1967119892788416539,1,443336,2025-07-04 12:09:04,1967119892956188679,2025-07-04 12:17:04,1967119892956188680,False
1967119893312704514,SO20250704000065,1967119892788416539,2,443336,2025-07-04 14:52:04,1967119892956188682,2025-07-04 15:01:04,1967119892956188680,False
1967119893312704515,SO20250704000065,1967119892788416558,1,69533,2025-07-04 14:52:04,1967119892956188682,2025-07-04 15:01:04,1967119892956188680,False
1967119893312704516,SO20250704000065,1967119892788416538,2,193514,2025-07-04 14:52:04,1967119892956188682,2025-07-04 15:01:04,1967119892956188680,False
1967119893312704517,SO20250704000065,1967119892788416553,1,41380,2025-07-04 14:52:04,1967119892956188682,2025-07-04 15:01:04,1967119892956188680,False
1967119893312704518,SO20250704000065,1967119892788416551,3,62582,2025-07-04 14:52:04,1967119892956188682,2025-07-04 15:01:04,1967119892956188680,False
1967119893312704519,SO20250704000065,1967119892788416586,1,2202564,2025-07-04 14:52:04,1967119892956188682,2025-07-04 15:01:04,1967119892956188680,False
1967119893316898816,SO20250704000066,1967119892788416557,5,48093,2025-07-04 13:45:04,1967119892956188684,2025-07-04 13:51:04,1967119892956188680,False
1967119893316898817,SO20250704000067,1967119892788416584,2,59089,2025-07-04 13:49:04,1967119892956188683,2025-07-04 14:04:04,1967119892956188684,False
1967119893321093120,SO20250704000068,1967119892788416563,2,44942,2025-07-04 14:33:04,1967119892956188681,2025-07-04 14:47:04,1967119892956188679,False
1967119893321093121,SO20250704000069,1967119892788416585,1,2073616,2025-07-04 12:39:04,1967119892956188679,2025-07-04 12:52:04,1967119892956188684,False
1967119893325287424,SO20250704000070,1967119892788416565,3,19891,2025-07-04 09:28:04,1967119892956188681,2025-07-04 09:37:04,1967119892956188684,False
1967119893325287425,SO20250704000071,1967119892788416558,2,69533,2025-07-04 20:00:04,1967119892956188684,2025-07-04 20:01:04,1967119892956188682,False
1967119893329481728,SO20250704000072,1967119892788416553,2,41380,2025-07-04 06:33:04,1967119892956188684,2025-07-04 06:37:04,1967119892956188680,False
1967119893329481729,SO20250704000073,1967119892788416554,3,55663,2025-07-04 21:57:04,1967119892956188684,2025-07-04 22:06:04,1967119892956188680,False
1967119893329481730,SO20250704000073,1967119892788416542,3,235309,2025-07-04 21:57:04,1967119892956188684,2025-07-04 22:06:04,1967119892956188680,False
1967119893333676032,SO20250704000074,1967119892788416548,4,69868,2025-07-04 22:09:04,1967119892956188680,2025-07-04 22:24:04,1967119892956188684,False
1967119893333676033,SO20250704000074,1967119892788416584,2,59089,2025-07-04 22:09:04,1967119892956188680,2025-07-04 22:24:04,1967119892956188684,False
1967119893333676034,SO20250704000074,1967119892788416557,1,48093,2025-07-04 22:09:04,1967119892956188680,2025-07-04 22:24:04,1967119892956188684,False
1967119893333676035,SO20250704000074,1967119892788416554,1,55663,2025-07-04 22:09:04,1967119892956188680,2025-07-04 22:24:04,1967119892956188684,False
1967119893333676036,SO20250704000074,1967119892788416537,2,55424,2025-07-04 22:09:04,1967119892956188680,2025-07-04 22:24:04,1967119892956188684,False
1967119893333676037,SO20250704000074,1967119892788416539,3,443336,2025-07-04 22:09:04,1967119892956188680,2025-07-04 22:24:04,1967119892956188684,False
1967119893333676038,SO20250704000075,1967119892788416552,1,65834,2025-07-04 04:56:04,1967119892956188684,2025-07-04 05:04:04,1967119892956188683,False
1967119893333676039,SO20250704000075,1967119892788416575,3,118557,2025-07-04 04:56:04,1967119892956188684,2025-07-04 05:04:04,1967119892956188683,False
1967119893333676040,SO20250704000075,1967119892788416557,1,48093,2025-07-04 04:56:04,1967119892956188684,2025-07-04 05:04:04,1967119892956188683,False
1967119893333676041,SO20250704000075,1967119892788416551,3,62582,2025-07-04 04:56:04,1967119892956188684,2025-07-04 05:04:04,1967119892956188683,False
1967119893333676042,SO20250704000075,1967119892788416560,1,44744,2025-07-04 04:56:04,1967119892956188684,2025-07-04 05:04:04,1967119892956188683,False
1967119893337870336,SO20250704000076,1967119892788416555,1,19039,2025-07-04 12:01:04,1967119892956188682,2025-07-04 12:05:04,1967119892956188679,False
1967119893337870337,SO20250704000076,1967119892788416581,1,275969,2025-07-04 12:01:04,1967119892956188682,2025-07-04 12:05:04,1967119892956188679,False
1967119893337870338,SO20250704000077,1967119892788416547,3,495825,2025-07-04 03:02:04,1967119892956188683,2025-07-04 03:13:04,1967119892956188685,False
1967119893342064640,SO20250704000078,1967119892788416558,1,69533,2025-07-04 13:25:04,1967119892956188680,2025-07-04 13:27:04,1967119892956188684,False
1967119893346258944,SO20250705000079,1967119892788416555,4,19039,2025-07-05 02:28:04,1967119892956188683,2025-07-05 02:42:04,1967119892956188684,False
1967119893346258945,SO20250705000079,1967119892788416541,1,205423,2025-07-05 02:28:04,1967119892956188683,2025-07-05 02:42:04,1967119892956188684,False
1967119893346258946,SO20250705000080,1967119892788416558,1,69533,2025-07-05 03:53:04,1967119892956188678,2025-07-05 04:03:04,1967119892956188679,False
1967119893346258947,SO20250705000080,1967119892788416537,3,55424,2025-07-05 03:53:04,1967119892956188678,2025-07-05 04:03:04,1967119892956188679,False
1967119893350453248,SO20250705000081,1967119892788416555,1,19039,2025-07-05 15:21:04,1967119892956188682,2025-07-05 15:35:04,1967119892956188684,False
1967119893350453249,SO20250705000081,1967119892788416573,2,90061,2025-07-05 15:21:04,1967119892956188682,2025-07-05 15:35:04,1967119892956188684,False
1967119893350453250,SO20250705000081,1967119892788416558,5,69533,2025-07-05 15:21:04,1967119892956188682,2025-07-05 15:35:04,1967119892956188684,False
1967119893354647552,SO20250705000082,1967119892788416557,3,48093,2025-07-05 04:53:04,1967119892956188683,2025-07-05 05:00:04,1967119892956188679,False
1967119893358841856,SO20250705000083,1967119892788416543,3,369310,2025-07-05 22:55:04,1967119892956188681,2025-07-05 22:56:04,1967119892956188678,False
1967119893358841857,SO20250705000083,1967119892788416553,2,41380,2025-07-05 22:55:04,1967119892956188681,2025-07-05 22:56:04,1967119892956188678,False
1967119893363036160,SO20250705000084,1967119892788416558,2,69533,2025-07-05 23:54:04,1967119892956188678,2025-07-05 23:56:04,1967119892956188678,False
1967119893363036161,SO20250705000084,1967119892788416561,3,21699,2025-07-05 23:54:04,1967119892956188678,2025-07-05 23:56:04,1967119892956188678,False
1967119893367230464,SO20250705000085,1967119892788416563,1,44942,2025-07-05 16:04:04,1967119892956188684,2025-07-05 16:18:04,1967119892956188684,False
1967119893367230465,SO20250705000085,1967119892788416547,2,495825,2025-07-05 16:04:04,1967119892956188684,2025-07-05 16:18:04,1967119892956188684,False
1967119893367230466,SO20250705000085,1967119892788416574,1,63691,2025-07-05 16:04:04,1967119892956188684,2025-07-05 16:18:04,1967119892956188684,False
1967119893367230467,SO20250705000085,1967119892788416537,3,55424,2025-07-05 16:04:04,1967119892956188684,2025-07-05 16:18:04,1967119892956188684,False
1967119893371424768,SO20250705000086,1967119892788416555,5,19039,2025-07-05 20:24:04,1967119892956188684,2025-07-05 20:25:04,1967119892956188682,False
1967119893371424769,SO20250705000086,1967119892788416577,1,76278,2025-07-05 20:24:04,1967119892956188684,2025-07-05 20:25:04,1967119892956188682,False
1967119893375619072,SO20250705000087,1967119892788416537,2,55424,2025-07-05 02:44:04,1967119892956188684,2025-07-05 02:53:04,1967119892956188684,False
1967119893375619073,SO20250705000087,1967119892788416583,4,788172,2025-07-05 02:44:04,1967119892956188684,2025-07-05 02:53:04,1967119892956188684,False
1967119893375619074,SO20250705000087,1967119892788416568,2,117335,2025-07-05 02:44:04,1967119892956188684,2025-07-05 02:53:04,1967119892956188684,False
1967119893375619075,SO20250705000088,1967119892788416550,3,48004,2025-07-05 14:03:04,1967119892956188679,2025-07-05 14:05:04,1967119892956188679,False
1967119893375619076,SO20250705000088,1967119892788416561,2,21699,2025-07-05 14:03:04,1967119892956188679,2025-07-05 14:05:04,1967119892956188679,False
1967119893375619077,SO20250705000088,1967119892788416548,4,69868,2025-07-05 14:03:04,1967119892956188679,2025-07-05 14:05:04,1967119892956188679,False
1967119893379813376,SO20250705000089,1967119892788416561,2,21699,2025-07-05 03:33:04,1967119892956188683,2025-07-05 03:41:04,1967119892956188678,False
1967119893379813377,SO20250705000089,1967119892788416546,2,75999,2025-07-05 03:33:04,1967119892956188683,2025-07-05 03:41:04,1967119892956188678,False
1967119893379813378,SO20250705000089,1967119892788416554,3,55663,2025-07-05 03:33:04,1967119892956188683,2025-07-05 03:41:04,1967119892956188678,False
1967119893379813379,SO20250705000090,1967119892788416584,4,59089,2025-07-05 14:41:04,1967119892956188680,2025-07-05 14:56:04,1967119892956188684,False
1967119893379813380,SO20250705000090,1967119892788416537,1,55424,2025-07-05 14:41:04,1967119892956188680,2025-07-05 14:56:04,1967119892956188684,False
1967119893384007680,SO20250705000091,1967119892788416583,4,788172,2025-07-05 04:55:04,1967119892956188684,2025-07-05 05:01:04,1967119892956188685,False
1967119893388201984,SO20250705000092,1967119892788416542,2,235309,2025-07-05 19:37:04,1967119892956188684,2025-07-05 19:39:04,1967119892956188679,False
1967119893388201985,SO20250705000092,1967119892788416546,1,75999,2025-07-05 19:37:04,1967119892956188684,2025-07-05 19:39:04,1967119892956188679,False
1967119893392396288,SO20250705000093,1967119892788416568,2,117335,2025-07-05 09:43:04,1967119892956188679,2025-07-05 09:58:04,1967119892956188683,False
1967119893396590592,SO20250705000094,1967119892788416548,1,69868,2025-07-05 14:12:04,1967119892956188682,2025-07-05 14:25:04,1967119892956188678,False
1967119893396590593,SO20250705000094,1967119892788416559,1,27115,2025-07-05 14:12:04,1967119892956188682,2025-07-05 14:25:04,1967119892956188678,False
1967119893396590594,SO20250705000094,1967119892788416562,4,34607,2025-07-05 14:12:04,1967119892956188682,2025-07-05 14:25:04,1967119892956188678,False
1967119893396590595,SO20250705000095,1967119892788416547,3,495825,2025-07-05 20:50:04,1967119892956188685,2025-07-05 20:58:04,1967119892956188680,False
1967119893396590596,SO20250705000095,1967119892788416543,1,369310,2025-07-05 20:50:04,1967119892956188685,2025-07-05 20:58:04,1967119892956188680,False
1967119893396590597,SO20250705000095,1967119892788416574,1,63691,2025-07-05 20:50:04,1967119892956188685,2025-07-05 20:58:04,1967119892956188680,False
1967119893400784896,SO20250705000096,1967119892788416578,3,114209,2025-07-05 21:28:04,1967119892956188685,2025-07-05 21:36:04,1967119892956188682,False
1967119893400784897,SO20250705000096,1967119892788416552,2,65834,2025-07-05 21:28:04,1967119892956188685,2025-07-05 21:36:04,1967119892956188682,False
1967119893400784898,SO20250705000096,1967119892788416575,2,118557,2025-07-05 21:28:04,1967119892956188685,2025-07-05 21:36:04,1967119892956188682,False
1967119893404979200,SO20250705000097,1967119892788416564,1,27506,2025-07-05 16:35:04,1967119892956188685,2025-07-05 16:36:04,1967119892956188681,False
1967119893404979201,SO20250705000097,1967119892788416547,2,495825,2025-07-05 16:35:04,1967119892956188685,2025-07-05 16:36:04,1967119892956188681,False
1967119893404979202,SO20250705000097,1967119892788416561,1,21699,2025-07-05 16:35:04,1967119892956188685,2025-07-05 16:36:04,1967119892956188681,False
1967119893404979203,SO20250705000097,1967119892788416559,1,27115,2025-07-05 16:35:04,1967119892956188685,2025-07-05 16:36:04,1967119892956188681,False
1967119893404979204,SO20250705000098,1967119892788416558,2,69533,2025-07-05 20:10:04,1967119892956188678,2025-07-05 20:19:04,1967119892956188684,False
1967119893409173504,SO20250705000099,1967119892788416555,2,19039,2025-07-05 09:15:04,1967119892956188679,2025-07-05 09:22:04,1967119892956188685,False
1967119893409173505,SO20250705000099,1967119892788416561,1,21699,2025-07-05 09:15:04,1967119892956188679,2025-07-05 09:22:04,1967119892956188685,False
1967119893421756416,SO20250706000100,1967119892788416581,3,275969,2025-07-06 06:36:04,1967119892956188684,2025-07-06 06:37:04,1967119892956188679,False
1967119893421756417,SO20250706000100,1967119892788416553,3,41380,2025-07-06 06:36:04,1967119892956188684,2025-07-06 06:37:04,1967119892956188679,False
1967119893421756418,SO20250706000100,1967119892788416554,2,55663,2025-07-06 06:36:04,1967119892956188684,2025-07-06 06:37:04,1967119892956188679,False
1967119893425950720,SO20250706000101,1967119892788416574,3,63691,2025-07-06 03:37:04,1967119892956188682,2025-07-06 03:40:04,1967119892956188678,False
1967119893425950721,SO20250706000101,1967119892788416536,3,224418,2025-07-06 03:37:04,1967119892956188682,2025-07-06 03:40:04,1967119892956188678,False
1967119893425950722,SO20250706000101,1967119892788416547,2,495825,2025-07-06 03:37:04,1967119892956188682,2025-07-06 03:40:04,1967119892956188678,False
1967119893425950723,SO20250706000102,1967119892788416565,1,19891,2025-07-06 02:09:04,1967119892956188685,2025-07-06 02:18:04,1967119892956188680,False
1967119893425950724,SO20250706000103,1967119892788416542,2,235309,2025-07-06 02:25:04,1967119892956188678,2025-07-06 02:38:04,1967119892956188684,False
1967119893425950725,SO20250706000103,1967119892788416538,3,193514,2025-07-06 02:25:04,1967119892956188678,2025-07-06 02:38:04,1967119892956188684,False
1967119893425950726,SO20250706000103,1967119892788416562,1,34607,2025-07-06 02:25:04,1967119892956188678,2025-07-06 02:38:04,1967119892956188684,False
1967119893425950727,SO20250706000104,1967119892788416550,1,48004,2025-07-06 15:53:04,1967119892956188678,2025-07-06 16:04:04,1967119892956188678,False
1967119893425950728,SO20250706000104,1967119892788416551,1,62582,2025-07-06 15:53:04,1967119892956188678,2025-07-06 16:04:04,1967119892956188678,False
1967119893425950729,SO20250706000104,1967119892788416570,1,79627,2025-07-06 15:53:04,1967119892956188678,2025-07-06 16:04:04,1967119892956188678,False
1967119893425950730,SO20250706000104,1967119892788416575,2,118557,2025-07-06 15:53:04,1967119892956188678,2025-07-06 16:04:04,1967119892956188678,False
1967119893425950731,SO20250706000104,1967119892788416574,2,63691,2025-07-06 15:53:04,1967119892956188678,2025-07-06 16:04:04,1967119892956188678,False
1967119893425950732,SO20250706000105,1967119892788416573,1,90061,2025-07-06 05:45:04,1967119892956188681,2025-07-06 05:59:04,1967119892956188685,False
1967119893425950733,SO20250706000106,1967119892788416550,2,48004,2025-07-06 00:03:04,1967119892956188678,2025-07-06 00:13:04,1967119892956188682,False
1967119893425950734,SO20250706000106,1967119892788416564,1,27506,2025-07-06 00:03:04,1967119892956188678,2025-07-06 00:13:04,1967119892956188682,False
1967119893446922240,SO20250706000107,1967119892788416583,2,788172,2025-07-06 02:09:04,1967119892956188683,2025-07-06 02:13:04,1967119892956188680,False
1967119893446922241,SO20250706000107,1967119892788416556,1,19157,2025-07-06 02:09:04,1967119892956188683,2025-07-06 02:13:04,1967119892956188680,False
1967119893446922242,SO20250706000107,1967119892788416547,3,495825,2025-07-06 02:09:04,1967119892956188683,2025-07-06 02:13:04,1967119892956188680,False
1967119893451116544,SO20250706000108,1967119892788416542,3,235309,2025-07-06 08:05:04,1967119892956188680,2025-07-06 08:11:04,1967119892956188685,False
1967119893451116545,SO20250706000109,1967119892788416555,1,19039,2025-07-06 08:43:04,1967119892956188680,2025-07-06 08:46:04,1967119892956188680,False
1967119893451116546,SO20250706000110,1967119892788416580,2,1478947,2025-07-06 04:53:04,1967119892956188685,2025-07-06 05:06:04,1967119892956188681,False
1967119893451116547,SO20250706000110,1967119892788416583,1,788172,2025-07-06 04:53:04,1967119892956188685,2025-07-06 05:06:04,1967119892956188681,False
1967119893451116548,SO20250707000111,1967119892788416569,2,33054,2025-07-07 14:20:04,1967119892956188678,2025-07-07 14:23:04,1967119892956188681,False
1967119893467893760,SO20250707000112,1967119892788416578,1,114209,2025-07-07 11:00:04,1967119892956188679,2025-07-07 11:01:04,1967119892956188678,False
1967119893467893761,SO20250707000112,1967119892788416574,1,63691,2025-07-07 11:00:04,1967119892956188679,2025-07-07 11:01:04,1967119892956188678,False
1967119893467893762,SO20250707000113,1967119892788416541,1,205423,2025-07-07 10:42:04,1967119892956188678,2025-07-07 10:44:04,1967119892956188679,False
1967119893467893763,SO20250707000113,1967119892788416550,1,48004,2025-07-07 10:42:04,1967119892956188678,2025-07-07 10:44:04,1967119892956188679,False
1967119893467893764,SO20250707000113,1967119892788416564,2,27506,2025-07-07 10:42:04,1967119892956188678,2025-07-07 10:44:04,1967119892956188679,False
1967119893467893765,SO20250707000114,1967119892788416559,1,27115,2025-07-07 14:44:04,1967119892956188681,2025-07-07 14:50:04,1967119892956188682,False
1967119893467893766,SO20250707000114,1967119892788416560,1,44744,2025-07-07 14:44:04,1967119892956188681,2025-07-07 14:50:04,1967119892956188682,False
1967119893467893767,SO20250707000114,1967119892788416569,4,33054,2025-07-07 14:44:04,1967119892956188681,2025-07-07 14:50:04,1967119892956188682,False
1967119893467893768,SO20250707000114,1967119892788416555,1,19039,2025-07-07 14:44:04,1967119892956188681,2025-07-07 14:50:04,1967119892956188682,False
1967119893467893769,SO20250707000115,1967119892788416565,2,19891,2025-07-07 10:09:04,1967119892956188685,2025-07-07 10:23:04,1967119892956188685,False
1967119893467893770,SO20250707000115,1967119892788416557,2,48093,2025-07-07 10:09:04,1967119892956188685,2025-07-07 10:23:04,1967119892956188685,False
1967119893467893771,SO20250707000115,1967119892788416554,1,55663,2025-07-07 10:09:04,1967119892956188685,2025-07-07 10:23:04,1967119892956188685,False
1967119893467893772,SO20250707000115,1967119892788416569,1,33054,2025-07-07 10:09:04,1967119892956188685,2025-07-07 10:23:04,1967119892956188685,False
1967119893467893773,SO20250707000115,1967119892788416538,1,193514,2025-07-07 10:09:04,1967119892956188685,2025-07-07 10:23:04,1967119892956188685,False
1967119893467893774,SO20250707000115,1967119892788416552,2,65834,2025-07-07 10:09:04,1967119892956188685,2025-07-07 10:23:04,1967119892956188685,False
1967119893476282368,SO20250707000116,1967119892788416562,1,34607,2025-07-07 09:44:04,1967119892956188682,2025-07-07 09:59:04,1967119892956188685,False
1967119893476282369,SO20250707000117,1967119892788416571,2,83847,2025-07-07 15:29:04,1967119892956188681,2025-07-07 15:42:04,1967119892956188679,False
1967119893480476672,SO20250708000118,1967119892788416551,3,62582,2025-07-08 03:42:04,1967119892956188683,2025-07-08 03:51:04,1967119892956188685,False
1967119893480476673,SO20250708000118,1967119892788416581,2,275969,2025-07-08 03:42:04,1967119892956188683,2025-07-08 03:51:04,1967119892956188685,False
1967119893484670976,SO20250708000119,1967119892788416551,2,62582,2025-07-08 06:04:04,1967119892956188682,2025-07-08 06:18:04,1967119892956188683,False
1967119893484670977,SO20250708000119,1967119892788416552,2,65834,2025-07-08 06:04:04,1967119892956188682,2025-07-08 06:18:04,1967119892956188683,False
1967119893484670978,SO20250708000119,1967119892788416558,3,69533,2025-07-08 06:04:04,1967119892956188682,2025-07-08 06:18:04,1967119892956188683,False
1967119893488865280,SO20250708000120,1967119892788416558,2,69533,2025-07-08 08:04:04,1967119892956188679,2025-07-08 08:13:04,1967119892956188682,False
1967119893488865281,SO20250708000121,1967119892788416569,1,33054,2025-07-08 13:53:04,1967119892956188679,2025-07-08 14:07:04,1967119892956188683,False
1967119893488865282,SO20250708000121,1967119892788416565,1,19891,2025-07-08 13:53:04,1967119892956188679,2025-07-08 14:07:04,1967119892956188683,False
1967119893493059584,SO20250708000122,1967119892788416562,1,34607,2025-07-08 13:04:04,1967119892956188682,2025-07-08 13:14:04,1967119892956188678,False
1967119893493059585,SO20250708000122,1967119892788416561,3,21699,2025-07-08 13:04:04,1967119892956188682,2025-07-08 13:14:04,1967119892956188678,False
1967119893493059586,SO20250708000122,1967119892788416557,1,48093,2025-07-08 13:04:04,1967119892956188682,2025-07-08 13:14:04,1967119892956188678,False
1967119893493059587,SO20250708000122,1967119892788416553,1,41380,2025-07-08 13:04:04,1967119892956188682,2025-07-08 13:14:04,1967119892956188678,False
1967119893493059588,SO20250708000122,1967119892788416576,1,64918,2025-07-08 13:04:04,1967119892956188682,2025-07-08 13:14:04,1967119892956188678,False
1967119893493059589,SO20250708000122,1967119892788416569,1,33054,2025-07-08 13:04:04,1967119892956188682,2025-07-08 13:14:04,1967119892956188678,False
1967119893493059590,SO20250708000123,1967119892788416574,2,63691,2025-07-08 15:22:04,1967119892956188680,2025-07-08 15:33:04,1967119892956188683,False
1967119893493059591,SO20250708000123,1967119892788416557,3,48093,2025-07-08 15:22:04,1967119892956188680,2025-07-08 15:33:04,1967119892956188683,False
1967119893493059592,SO20250708000123,1967119892788416544,3,98337,2025-07-08 15:22:04,1967119892956188680,2025-07-08 15:33:04,1967119892956188683,False
1967119893497253888,SO20250708000124,1967119892788416554,4,55663,2025-07-08 10:02:04,1967119892956188685,2025-07-08 10:04:04,1967119892956188685,False
1967119893497253889,SO20250708000124,1967119892788416540,2,50974,2025-07-08 10:02:04,1967119892956188685,2025-07-08 10:04:04,1967119892956188685,False
1967119893501448192,SO20250708000125,1967119892788416539,3,443336,2025-07-08 08:02:04,1967119892956188681,2025-07-08 08:04:04,1967119892956188683,False
1967119893501448193,SO20250708000125,1967119892788416560,1,44744,2025-07-08 08:02:04,1967119892956188681,2025-07-08 08:04:04,1967119892956188683,False
1967119893501448194,SO20250708000125,1967119892788416543,1,369310,2025-07-08 08:02:04,1967119892956188681,2025-07-08 08:04:04,1967119892956188683,False
1967119893505642496,SO20250708000126,1967119892788416544,3,98337,2025-07-08 15:22:04,1967119892956188683,2025-07-08 15:36:04,1967119892956188681,False
1967119893505642497,SO20250708000126,1967119892788416543,1,369310,2025-07-08 15:22:04,1967119892956188683,2025-07-08 15:36:04,1967119892956188681,False
1967119893505642498,SO20250708000127,1967119892788416537,2,55424,2025-07-08 12:45:04,1967119892956188683,2025-07-08 12:47:04,1967119892956188681,False
1967119893505642499,SO20250708000127,1967119892788416554,1,55663,2025-07-08 12:45:04,1967119892956188683,2025-07-08 12:47:04,1967119892956188681,False
1967119893505642500,SO20250708000127,1967119892788416577,1,76278,2025-07-08 12:45:04,1967119892956188683,2025-07-08 12:47:04,1967119892956188681,False
1967119893509836800,SO20250708000128,1967119892788416573,1,90061,2025-07-08 14:05:04,1967119892956188684,2025-07-08 14:19:04,1967119892956188678,False
1967119893509836801,SO20250708000128,1967119892788416553,3,41380,2025-07-08 14:05:04,1967119892956188684,2025-07-08 14:19:04,1967119892956188678,False
1967119893509836802,SO20250709000129,1967119892788416539,2,443336,2025-07-09 03:01:04,1967119892956188678,2025-07-09 03:04:04,1967119892956188682,False
1967119893509836803,SO20250709000129,1967119892788416582,3,891870,2025-07-09 03:01:04,1967119892956188678,2025-07-09 03:04:04,1967119892956188682,False
1967119893514031104,SO20250709000130,1967119892788416577,1,76278,2025-07-09 22:04:04,1967119892956188683,2025-07-09 22:09:04,1967119892956188683,False
1967119893518225408,SO20250709000131,1967119892788416568,2,117335,2025-07-09 09:21:04,1967119892956188679,2025-07-09 09:23:04,1967119892956188683,False
1967119893518225409,SO20250709000131,1967119892788416560,4,44744,2025-07-09 09:21:04,1967119892956188679,2025-07-09 09:23:04,1967119892956188683,False
1967119893518225410,SO20250709000132,1967119892788416545,3,93757,2025-07-09 04:24:04,1967119892956188683,2025-07-09 04:28:04,1967119892956188681,False
1967119893518225411,SO20250709000132,1967119892788416551,1,62582,2025-07-09 04:24:04,1967119892956188683,2025-07-09 04:28:04,1967119892956188681,False
1967119893522419712,SO20250709000133,1967119892788416545,2,93757,2025-07-09 04:45:04,1967119892956188683,2025-07-09 04:55:04,1967119892956188679,False
1967119893522419713,SO20250709000133,1967119892788416538,1,193514,2025-07-09 04:45:04,1967119892956188683,2025-07-09 04:55:04,1967119892956188679,False
1967119893522419714,SO20250709000133,1967119892788416583,1,788172,2025-07-09 04:45:04,1967119892956188683,2025-07-09 04:55:04,1967119892956188679,False
1967119893522419715,SO20250709000134,1967119892788416550,1,48004,2025-07-09 00:04:04,1967119892956188683,2025-07-09 00:12:04,1967119892956188685,False
1967119893522419716,SO20250709000134,1967119892788416552,1,65834,2025-07-09 00:04:04,1967119892956188683,2025-07-09 00:12:04,1967119892956188685,False
1967119893526614016,SO20250710000135,1967119892788416582,1,891870,2025-07-10 03:56:04,1967119892956188679,2025-07-10 04:00:04,1967119892956188682,False
1967119893526614017,SO20250710000135,1967119892788416541,2,205423,2025-07-10 03:56:04,1967119892956188679,2025-07-10 04:00:04,1967119892956188682,False
1967119893526614018,SO20250710000135,1967119892788416542,2,235309,2025-07-10 03:56:04,1967119892956188679,2025-07-10 04:00:04,1967119892956188682,False
1967119893526614019,SO20250710000135,1967119892788416546,3,75999,2025-07-10 03:56:04,1967119892956188679,2025-07-10 04:00:04,1967119892956188682,False
1967119893526614020,SO20250710000135,1967119892788416538,1,193514,2025-07-10 03:56:04,1967119892956188679,2025-07-10 04:00:04,1967119892956188682,False
1967119893526614021,SO20250710000135,1967119892788416575,2,118557,2025-07-10 03:56:04,1967119892956188679,2025-07-10 04:00:04,1967119892956188682,False
1967119893530808320,SO20250710000136,1967119892788416553,1,41380,2025-07-10 06:46:04,1967119892956188679,2025-07-10 06:56:04,1967119892956188680,False
1967119893530808321,SO20250710000136,1967119892788416538,1,193514,2025-07-10 06:46:04,1967119892956188679,2025-07-10 06:56:04,1967119892956188680,False
1967119893530808322,SO20250710000136,1967119892788416550,2,48004,2025-07-10 06:46:04,1967119892956188679,2025-07-10 06:56:04,1967119892956188680,False
1967119893530808323,SO20250710000137,1967119892788416539,2,443336,2025-07-10 04:10:04,1967119892956188679,2025-07-10 04:20:04,1967119892956188679,False
1967119893530808324,SO20250710000137,1967119892788416547,2,495825,2025-07-10 04:10:04,1967119892956188679,2025-07-10 04:20:04,1967119892956188679,False
1967119893530808325,SO20250710000137,1967119892788416565,1,19891,2025-07-10 04:10:04,1967119892956188679,2025-07-10 04:20:04,1967119892956188679,False
1967119893530808326,SO20250710000137,1967119892788416561,3,21699,2025-07-10 04:10:04,1967119892956188679,2025-07-10 04:20:04,1967119892956188679,False
1967119893530808327,SO20250710000138,1967119892788416573,1,90061,2025-07-10 09:14:04,1967119892956188683,2025-07-10 09:21:04,1967119892956188685,False
1967119893530808328,SO20250710000138,1967119892788416541,3,205423,2025-07-10 09:14:04,1967119892956188683,2025-07-10 09:21:04,1967119892956188685,False
1967119893535002624,SO20250710000139,1967119892788416569,1,33054,2025-07-10 10:30:04,1967119892956188683,2025-07-10 10:38:04,1967119892956188681,False
1967119893535002625,SO20250710000139,1967119892788416565,1,19891,2025-07-10 10:30:04,1967119892956188683,2025-07-10 10:38:04,1967119892956188681,False
1967119893535002626,SO20250710000140,1967119892788416573,1,90061,2025-07-10 04:12:04,1967119892956188681,2025-07-10 04:19:04,1967119892956188682,False
1967119893535002627,SO20250710000140,1967119892788416539,3,443336,2025-07-10 04:12:04,1967119892956188681,2025-07-10 04:19:04,1967119892956188682,False
1967119893539196928,SO20250710000141,1967119892788416559,2,27115,2025-07-10 21:17:04,1967119892956188685,2025-07-10 21:22:04,1967119892956188681,False
1967119893539196929,SO20250710000141,1967119892788416585,1,2073616,2025-07-10 21:17:04,1967119892956188685,2025-07-10 21:22:04,1967119892956188681,False
1967119893539196930,SO20250710000142,1967119892788416556,4,19157,2025-07-10 03:21:04,1967119892956188678,2025-07-10 03:22:04,1967119892956188680,False
1967119893539196931,SO20250710000142,1967119892788416557,4,48093,2025-07-10 03:21:04,1967119892956188678,2025-07-10 03:22:04,1967119892956188680,False
1967119893539196932,SO20250710000142,1967119892788416581,5,275969,2025-07-10 03:21:04,1967119892956188678,2025-07-10 03:22:04,1967119892956188680,False
1967119893543391232,SO20250710000143,1967119892788416574,3,63691,2025-07-10 20:14:04,1967119892956188680,2025-07-10 20:22:04,1967119892956188684,False
1967119893543391233,SO20250710000144,1967119892788416565,2,19891,2025-07-10 09:50:04,1967119892956188678,2025-07-10 09:58:04,1967119892956188679,False
1967119893543391234,SO20250710000144,1967119892788416564,1,27506,2025-07-10 09:50:04,1967119892956188678,2025-07-10 09:58:04,1967119892956188679,False
1967119893543391235,SO20250710000144,1967119892788416562,2,34607,2025-07-10 09:50:04,1967119892956188678,2025-07-10 09:58:04,1967119892956188679,False
1967119893547585536,SO20250710000145,1967119892788416542,2,235309,2025-07-10 04:51:04,1967119892956188684,2025-07-10 04:55:04,1967119892956188678,False
1967119893547585537,SO20250710000145,1967119892788416551,3,62582,2025-07-10 04:51:04,1967119892956188684,2025-07-10 04:55:04,1967119892956188678,False
1967119893551779840,SO20250710000146,1967119892788416586,1,2202564,2025-07-10 13:10:04,1967119892956188682,2025-07-10 13:12:04,1967119892956188679,False
1967119893551779841,SO20250710000146,1967119892788416572,2,108602,2025-07-10 13:10:04,1967119892956188682,2025-07-10 13:12:04,1967119892956188679,False
1967119893555974144,SO20250711000147,1967119892788416574,4,63691,2025-07-11 02:07:04,1967119892956188682,2025-07-11 02:15:04,1967119892956188683,False
1967119893555974145,SO20250711000147,1967119892788416560,5,44744,2025-07-11 02:07:04,1967119892956188682,2025-07-11 02:15:04,1967119892956188683,False
1967119893555974146,SO20250711000147,1967119892788416543,1,369310,2025-07-11 02:07:04,1967119892956188682,2025-07-11 02:15:04,1967119892956188683,False
1967119893555974147,SO20250711000148,1967119892788416554,1,55663,2025-07-11 06:22:04,1967119892956188681,2025-07-11 06:33:04,1967119892956188678,False
1967119893555974148,SO20250711000148,1967119892788416563,2,44942,2025-07-11 06:22:04,1967119892956188681,2025-07-11 06:33:04,1967119892956188678,False
1967119893555974149,SO20250711000148,1967119892788416566,1,34445,2025-07-11 06:22:04,1967119892956188681,2025-07-11 06:33:04,1967119892956188678,False
1967119893555974150,SO20250711000149,1967119892788416551,1,62582,2025-07-11 03:52:04,1967119892956188682,2025-07-11 04:04:04,1967119892956188678,False
1967119893555974151,SO20250711000149,1967119892788416577,1,76278,2025-07-11 03:52:04,1967119892956188682,2025-07-11 04:04:04,1967119892956188678,False
1967119893555974152,SO20250711000149,1967119892788416546,2,75999,2025-07-11 03:52:04,1967119892956188682,2025-07-11 04:04:04,1967119892956188678,False
1967119893555974153,SO20250711000149,1967119892788416584,2,59089,2025-07-11 03:52:04,1967119892956188682,2025-07-11 04:04:04,1967119892956188678,False
1967119893560168448,SO20250711000150,1967119892788416561,3,21699,2025-07-11 02:35:04,1967119892956188684,2025-07-11 02:47:04,1967119892956188682,False
1967119893560168449,SO20250711000150,1967119892788416582,1,891870,2025-07-11 02:35:04,1967119892956188684,2025-07-11 02:47:04,1967119892956188682,False
1967119893560168450,SO20250711000150,1967119892788416552,2,65834,2025-07-11 02:35:04,1967119892956188684,2025-07-11 02:47:04,1967119892956188682,False
1967119893560168451,SO20250711000150,1967119892788416536,1,224418,2025-07-11 02:35:04,1967119892956188684,2025-07-11 02:47:04,1967119892956188682,False
1967119893560168452,SO20250711000150,1967119892788416546,3,75999,2025-07-11 02:35:04,1967119892956188684,2025-07-11 02:47:04,1967119892956188682,False
1967119893564362752,SO20250711000151,1967119892788416537,2,55424,2025-07-11 05:25:04,1967119892956188685,2025-07-11 05:27:04,1967119892956188684,False
1967119893564362753,SO20250711000151,1967119892788416579,1,1232489,2025-07-11 05:25:04,1967119892956188685,2025-07-11 05:27:04,1967119892956188684,False
1967119893564362754,SO20250711000151,1967119892788416544,3,98337,2025-07-11 05:25:04,1967119892956188685,2025-07-11 05:27:04,1967119892956188684,False
1967119893564362755,SO20250711000152,1967119892788416538,2,193514,2025-07-11 03:34:04,1967119892956188679,2025-07-11 03:41:04,1967119892956188683,False
1967119893564362756,SO20250711000152,1967119892788416542,3,235309,2025-07-11 03:34:04,1967119892956188679,2025-07-11 03:41:04,1967119892956188683,False
1967119893564362757,SO20250711000152,1967119892788416554,1,55663,2025-07-11 03:34:04,1967119892956188679,2025-07-11 03:41:04,1967119892956188683,False
1967119893564362758,SO20250711000152,1967119892788416541,1,205423,2025-07-11 03:34:04,1967119892956188679,2025-07-11 03:41:04,1967119892956188683,False
1967119893564362759,SO20250711000153,1967119892788416558,2,69533,2025-07-11 19:30:04,1967119892956188684,2025-07-11 19:33:04,1967119892956188681,False
1967119893568557056,SO20250711000154,1967119892788416572,2,108602,2025-07-11 13:07:04,1967119892956188683,2025-07-11 13:12:04,1967119892956188680,False
1967119893568557057,SO20250711000154,1967119892788416541,1,205423,2025-07-11 13:07:04,1967119892956188683,2025-07-11 13:12:04,1967119892956188680,False
1967119893568557058,SO20250711000154,1967119892788416556,1,19157,2025-07-11 13:07:04,1967119892956188683,2025-07-11 13:12:04,1967119892956188680,False
1967119893572751360,SO20250711000155,1967119892788416543,1,369310,2025-07-11 23:59:04,1967119892956188685,2025-07-12 00:14:04,1967119892956188683,False
1967119893572751361,SO20250711000155,1967119892788416538,2,193514,2025-07-11 23:59:04,1967119892956188685,2025-07-12 00:14:04,1967119892956188683,False
1967119893572751362,SO20250711000156,1967119892788416550,1,48004,2025-07-11 22:17:04,1967119892956188682,2025-07-11 22:31:04,1967119892956188680,False
1967119893572751363,SO20250711000156,1967119892788416568,2,117335,2025-07-11 22:17:04,1967119892956188682,2025-07-11 22:31:04,1967119892956188680,False
1967119893572751364,SO20250711000157,1967119892788416557,3,48093,2025-07-11 14:05:04,1967119892956188679,2025-07-11 14:12:04,1967119892956188682,False
1967119893572751365,SO20250711000157,1967119892788416578,5,114209,2025-07-11 14:05:04,1967119892956188679,2025-07-11 14:12:04,1967119892956188682,False
1967119893576945664,SO20250711000158,1967119892788416542,1,235309,2025-07-11 15:03:04,1967119892956188685,2025-07-11 15:09:04,1967119892956188684,False
1967119893576945665,SO20250711000158,1967119892788416566,3,34445,2025-07-11 15:03:04,1967119892956188685,2025-07-11 15:09:04,1967119892956188684,False
1967119893576945666,SO20250711000159,1967119892788416582,2,891870,2025-07-11 20:32:04,1967119892956188681,2025-07-11 20:40:04,1967119892956188678,False
1967119893576945667,SO20250711000160,1967119892788416540,3,50974,2025-07-11 06:47:04,1967119892956188681,2025-07-11 06:49:04,1967119892956188683,False
1967119893576945668,SO20250711000160,1967119892788416581,5,275969,2025-07-11 06:47:04,1967119892956188681,2025-07-11 06:49:04,1967119892956188683,False
1967119893576945669,SO20250711000161,1967119892788416560,1,44744,2025-07-11 14:39:04,1967119892956188678,2025-07-11 14:52:04,1967119892956188682,False
1967119893576945670,SO20250711000161,1967119892788416543,1,369310,2025-07-11 14:39:04,1967119892956188678,2025-07-11 14:52:04,1967119892956188682,False
1967119893576945671,SO20250711000161,1967119892788416541,2,205423,2025-07-11 14:39:04,1967119892956188678,2025-07-11 14:52:04,1967119892956188682,False
1967119893585334272,SO20250711000162,1967119892788416554,2,55663,2025-07-11 20:41:04,1967119892956188678,2025-07-11 20:42:04,1967119892956188683,False
1967119893589528576,SO20250711000163,1967119892788416573,1,90061,2025-07-11 12:16:04,1967119892956188683,2025-07-11 12:28:04,1967119892956188684,False
1967119893589528577,SO20250711000163,1967119892788416575,1,118557,2025-07-11 12:16:04,1967119892956188683,2025-07-11 12:28:04,1967119892956188684,False
1967119893589528578,SO20250711000163,1967119892788416582,2,891870,2025-07-11 12:16:04,1967119892956188683,2025-07-11 12:28:04,1967119892956188684,False
1967119893589528579,SO20250711000164,1967119892788416538,1,193514,2025-07-11 19:07:04,1967119892956188680,2025-07-11 19:08:04,1967119892956188678,False
1967119893597917184,SO20250711000165,1967119892788416552,1,65834,2025-07-11 21:27:04,1967119892956188685,2025-07-11 21:29:04,1967119892956188683,False
1967119893597917185,SO20250711000165,1967119892788416557,3,48093,2025-07-11 21:27:04,1967119892956188685,2025-07-11 21:29:04,1967119892956188683,False
1967119893597917186,SO20250712000166,1967119892788416561,1,21699,2025-07-12 14:42:04,1967119892956188682,2025-07-12 14:54:04,1967119892956188685,False
1967119893602111488,SO20250712000167,1967119892788416572,1,108602,2025-07-12 19:26:04,1967119892956188685,2025-07-12 19:36:04,1967119892956188680,False
1967119893602111489,SO20250712000167,1967119892788416542,3,235309,2025-07-12 19:26:04,1967119892956188685,2025-07-12 19:36:04,1967119892956188680,False
1967119893602111490,SO20250712000167,1967119892788416546,1,75999,2025-07-12 19:26:04,1967119892956188685,2025-07-12 19:36:04,1967119892956188680,False
1967119893602111491,SO20250712000167,1967119892788416543,3,369310,2025-07-12 19:26:04,1967119892956188685,2025-07-12 19:36:04,1967119892956188680,False
1967119893602111492,SO20250712000168,1967119892788416559,2,27115,2025-07-12 23:33:04,1967119892956188680,2025-07-12 23:34:04,1967119892956188685,False
1967119893602111493,SO20250712000168,1967119892788416554,4,55663,2025-07-12 23:33:04,1967119892956188680,2025-07-12 23:34:04,1967119892956188685,False
1967119893602111494,SO20250712000168,1967119892788416547,1,495825,2025-07-12 23:33:04,1967119892956188680,2025-07-12 23:34:04,1967119892956188685,False
1967119893602111495,SO20250712000168,1967119892788416582,1,891870,2025-07-12 23:33:04,1967119892956188680,2025-07-12 23:34:04,1967119892956188685,False
1967119893606305792,SO20250712000169,1967119892788416548,1,69868,2025-07-12 05:09:04,1967119892956188681,2025-07-12 05:15:04,1967119892956188678,False
1967119893606305793,SO20250712000170,1967119892788416546,1,75999,2025-07-12 14:18:04,1967119892956188685,2025-07-12 14:25:04,1967119892956188680,False
1967119893606305794,SO20250712000170,1967119892788416543,3,369310,2025-07-12 14:18:04,1967119892956188685,2025-07-12 14:25:04,1967119892956188680,False
1967119893606305795,SO20250712000171,1967119892788416559,1,27115,2025-07-12 20:26:04,1967119892956188683,2025-07-12 20:41:04,1967119892956188683,False
1967119893614694400,SO20250712000172,1967119892788416575,2,118557,2025-07-12 10:16:04,1967119892956188682,2025-07-12 10:23:04,1967119892956188684,False
1967119893614694401,SO20250712000173,1967119892788416548,1,69868,2025-07-12 19:58:04,1967119892956188679,2025-07-12 20:05:04,1967119892956188680,False
1967119893618888704,SO20250712000174,1967119892788416542,2,235309,2025-07-12 21:25:04,1967119892956188684,2025-07-12 21:40:04,1967119892956188682,False
1967119893618888705,SO20250712000174,1967119892788416566,1,34445,2025-07-12 21:25:04,1967119892956188684,2025-07-12 21:40:04,1967119892956188682,False
1967119893618888706,SO20250712000175,1967119892788416575,1,118557,2025-07-12 18:21:04,1967119892956188680,2025-07-12 18:33:04,1967119892956188684,False
1967119893618888707,SO20250712000175,1967119892788416560,1,44744,2025-07-12 18:21:04,1967119892956188680,2025-07-12 18:33:04,1967119892956188684,False
1967119893623083008,SO20250712000176,1967119892788416568,1,117335,2025-07-12 03:56:04,1967119892956188679,2025-07-12 04:09:04,1967119892956188683,False
1967119893623083009,SO20250712000176,1967119892788416552,2,65834,2025-07-12 03:56:04,1967119892956188679,2025-07-12 04:09:04,1967119892956188683,False
1967119893623083010,SO20250712000176,1967119892788416541,1,205423,2025-07-12 03:56:04,1967119892956188679,2025-07-12 04:09:04,1967119892956188683,False
1967119893623083011,SO20250712000177,1967119892788416568,1,117335,2025-07-12 21:56:04,1967119892956188680,2025-07-12 22:02:04,1967119892956188684,False
1967119893623083012,SO20250712000177,1967119892788416539,2,443336,2025-07-12 21:56:04,1967119892956188680,2025-07-12 22:02:04,1967119892956188684,False
1967119893623083013,SO20250712000177,1967119892788416542,3,235309,2025-07-12 21:56:04,1967119892956188680,2025-07-12 22:02:04,1967119892956188684,False
1967119893623083014,SO20250712000177,1967119892788416578,1,114209,2025-07-12 21:56:04,1967119892956188680,2025-07-12 22:02:04,1967119892956188684,False
1967119893623083015,SO20250712000178,1967119892788416564,2,27506,2025-07-12 08:45:04,1967119892956188680,2025-07-12 08:46:04,1967119892956188680,False
1967119893627277312,SO20250712000179,1967119892788416537,1,55424,2025-07-12 09:16:04,1967119892956188681,2025-07-12 09:17:04,1967119892956188683,False
1967119893627277313,SO20250712000179,1967119892788416561,3,21699,2025-07-12 09:16:04,1967119892956188681,2025-07-12 09:17:04,1967119892956188683,False
1967119893627277314,SO20250712000180,1967119892788416561,1,21699,2025-07-12 03:13:04,1967119892956188680,2025-07-12 03:22:04,1967119892956188679,False
1967119893627277315,SO20250712000180,1967119892788416568,4,117335,2025-07-12 03:13:04,1967119892956188680,2025-07-12 03:22:04,1967119892956188679,False
1967119893631471616,SO20250712000181,1967119892788416543,3,369310,2025-07-12 00:57:04,1967119892956188680,2025-07-12 01:11:04,1967119892956188684,False
1967119893631471617,SO20250712000181,1967119892788416550,3,48004,2025-07-12 00:57:04,1967119892956188680,2025-07-12 01:11:04,1967119892956188684,False
1967119893631471618,SO20250712000182,1967119892788416552,1,65834,2025-07-12 01:36:04,1967119892956188685,2025-07-12 01:37:04,1967119892956188679,False
1967119893631471619,SO20250712000182,1967119892788416582,1,891870,2025-07-12 01:36:04,1967119892956188685,2025-07-12 01:37:04,1967119892956188679,False
1967119893631471620,SO20250712000183,1967119892788416541,3,205423,2025-07-12 07:25:04,1967119892956188680,2025-07-12 07:28:04,1967119892956188682,False
1967119893631471621,SO20250712000183,1967119892788416563,2,44942,2025-07-12 07:25:04,1967119892956188680,2025-07-12 07:28:04,1967119892956188682,False
1967119893631471622,SO20250712000183,1967119892788416568,4,117335,2025-07-12 07:25:04,1967119892956188680,2025-07-12 07:28:04,1967119892956188682,False
1967119893631471623,SO20250712000183,1967119892788416555,2,19039,2025-07-12 07:25:04,1967119892956188680,2025-07-12 07:28:04,1967119892956188682,False
1967119893631471624,SO20250712000183,1967119892788416584,2,59089,2025-07-12 07:25:04,1967119892956188680,2025-07-12 07:28:04,1967119892956188682,False
1967119893635665920,SO20250712000184,1967119892788416546,1,75999,2025-07-12 05:12:04,1967119892956188681,2025-07-12 05:26:04,1967119892956188683,False
1967119893635665921,SO20250712000184,1967119892788416570,1,79627,2025-07-12 05:12:04,1967119892956188681,2025-07-12 05:26:04,1967119892956188683,False
1967119893635665922,SO20250712000184,1967119892788416544,2,98337,2025-07-12 05:12:04,1967119892956188681,2025-07-12 05:26:04,1967119892956188683,False
1967119893635665923,SO20250712000184,1967119892788416563,2,44942,2025-07-12 05:12:04,1967119892956188681,2025-07-12 05:26:04,1967119892956188683,False
1967119893635665924,SO20250712000185,1967119892788416565,3,19891,2025-07-12 02:38:04,1967119892956188685,2025-07-12 02:39:04,1967119892956188679,False
1967119893635665925,SO20250712000185,1967119892788416539,3,443336,2025-07-12 02:38:04,1967119892956188685,2025-07-12 02:39:04,1967119892956188679,False
1967119893639860224,SO20250712000186,1967119892788416547,2,495825,2025-07-12 12:34:04,1967119892956188678,2025-07-12 12:35:04,1967119892956188679,False
1967119893639860225,SO20250712000186,1967119892788416542,2,235309,2025-07-12 12:34:04,1967119892956188678,2025-07-12 12:35:04,1967119892956188679,False
1967119893639860226,SO20250712000187,1967119892788416539,3,443336,2025-07-12 20:39:04,1967119892956188681,2025-07-12 20:50:04,1967119892956188678,False
1967119893639860227,SO20250712000187,1967119892788416557,3,48093,2025-07-12 20:39:04,1967119892956188681,2025-07-12 20:50:04,1967119892956188678,False
1967119893639860228,SO20250712000187,1967119892788416585,1,2073616,2025-07-12 20:39:04,1967119892956188681,2025-07-12 20:50:04,1967119892956188678,False
1967119893644054528,SO20250712000188,1967119892788416541,3,205423,2025-07-12 21:35:04,1967119892956188685,2025-07-12 21:41:04,1967119892956188683,False
1967119893644054529,SO20250712000188,1967119892788416542,1,235309,2025-07-12 21:35:04,1967119892956188685,2025-07-12 21:41:04,1967119892956188683,False
1967119893644054530,SO20250713000189,1967119892788416538,2,193514,2025-07-13 03:41:04,1967119892956188681,2025-07-13 03:42:04,1967119892956188685,False
1967119893644054531,SO20250713000189,1967119892788416545,2,93757,2025-07-13 03:41:04,1967119892956188681,2025-07-13 03:42:04,1967119892956188685,False
1967119893644054532,SO20250713000189,1967119892788416584,1,59089,2025-07-13 03:41:04,1967119892956188681,2025-07-13 03:42:04,1967119892956188685,False
1967119893644054533,SO20250713000189,1967119892788416551,1,62582,2025-07-13 03:41:04,1967119892956188681,2025-07-13 03:42:04,1967119892956188685,False
1967119893648248832,SO20250713000190,1967119892788416538,1,193514,2025-07-13 19:02:04,1967119892956188685,2025-07-13 19:05:04,1967119892956188679,False
1967119893648248833,SO20250713000190,1967119892788416546,3,75999,2025-07-13 19:02:04,1967119892956188685,2025-07-13 19:05:04,1967119892956188679,False
1967119893648248834,SO20250713000190,1967119892788416557,1,48093,2025-07-13 19:02:04,1967119892956188685,2025-07-13 19:05:04,1967119892956188679,False
1967119893648248835,SO20250713000190,1967119892788416564,1,27506,2025-07-13 19:02:04,1967119892956188685,2025-07-13 19:05:04,1967119892956188679,False
1967119893648248836,SO20250713000191,1967119892788416555,5,19039,2025-07-13 14:00:04,1967119892956188679,2025-07-13 14:02:04,1967119892956188684,False
1967119893652443136,SO20250713000192,1967119892788416551,1,62582,2025-07-13 12:23:04,1967119892956188680,2025-07-13 12:29:04,1967119892956188682,False
1967119893652443137,SO20250713000192,1967119892788416586,1,2202564,2025-07-13 12:23:04,1967119892956188680,2025-07-13 12:29:04,1967119892956188682,False
1967119893652443138,SO20250713000192,1967119892788416563,3,44942,2025-07-13 12:23:04,1967119892956188680,2025-07-13 12:29:04,1967119892956188682,False
1967119893652443139,SO20250713000193,1967119892788416550,1,48004,2025-07-13 14:51:04,1967119892956188683,2025-07-13 14:59:04,1967119892956188678,False
1967119893652443140,SO20250713000193,1967119892788416557,2,48093,2025-07-13 14:51:04,1967119892956188683,2025-07-13 14:59:04,1967119892956188678,False
1967119893660831744,SO20250713000194,1967119892788416568,1,117335,2025-07-13 21:06:04,1967119892956188679,2025-07-13 21:13:04,1967119892956188681,False
1967119893660831745,SO20250713000194,1967119892788416544,2,98337,2025-07-13 21:06:04,1967119892956188679,2025-07-13 21:13:04,1967119892956188681,False
1967119893660831746,SO20250713000195,1967119892788416557,2,48093,2025-07-13 07:04:04,1967119892956188678,2025-07-13 07:14:04,1967119892956188683,False
1967119893660831747,SO20250713000195,1967119892788416540,3,50974,2025-07-13 07:04:04,1967119892956188678,2025-07-13 07:14:04,1967119892956188683,False
1967119893665026048,SO20250713000196,1967119892788416582,1,891870,2025-07-13 19:37:04,1967119892956188683,2025-07-13 19:40:04,1967119892956188684,False
1967119893665026049,SO20250713000196,1967119892788416540,2,50974,2025-07-13 19:37:04,1967119892956188683,2025-07-13 19:40:04,1967119892956188684,False
1967119893665026050,SO20250713000196,1967119892788416545,1,93757,2025-07-13 19:37:04,1967119892956188683,2025-07-13 19:40:04,1967119892956188684,False
1967119893665026051,SO20250713000197,1967119892788416563,3,44942,2025-07-13 13:47:04,1967119892956188680,2025-07-13 13:56:04,1967119892956188683,False
1967119893669220352,SO20250713000198,1967119892788416581,2,275969,2025-07-13 08:09:04,1967119892956188680,2025-07-13 08:23:04,1967119892956188679,False
1967119893669220353,SO20250713000198,1967119892788416548,1,69868,2025-07-13 08:09:04,1967119892956188680,2025-07-13 08:23:04,1967119892956188679,False
1967119893669220354,SO20250713000198,1967119892788416553,1,41380,2025-07-13 08:09:04,1967119892956188680,2025-07-13 08:23:04,1967119892956188679,False
1967119893669220355,SO20250713000198,1967119892788416538,3,193514,2025-07-13 08:09:04,1967119892956188680,2025-07-13 08:23:04,1967119892956188679,False
1967119893669220356,SO20250713000198,1967119892788416579,1,1232489,2025-07-13 08:09:04,1967119892956188680,2025-07-13 08:23:04,1967119892956188679,False
1967119893669220357,SO20250713000198,1967119892788416555,3,19039,2025-07-13 08:09:04,1967119892956188680,2025-07-13 08:23:04,1967119892956188679,False
1967119893669220358,SO20250713000199,1967119892788416546,3,75999,2025-07-13 09:38:04,1967119892956188678,2025-07-13 09:46:04,1967119892956188680,False
1967119893669220359,SO20250713000199,1967119892788416581,3,275969,2025-07-13 09:38:04,1967119892956188678,2025-07-13 09:46:04,1967119892956188680,False
1967119893673414656,SO20250713000200,1967119892788416564,2,27506,2025-07-13 02:37:04,1967119892956188685,2025-07-13 02:44:04,1967119892956188682,False
1967119893673414657,SO20250713000201,1967119892788416563,1,44942,2025-07-13 08:02:04,1967119892956188683,2025-07-13 08:05:04,1967119892956188682,False
1967119893673414658,SO20250713000201,1967119892788416536,1,224418,2025-07-13 08:02:04,1967119892956188683,2025-07-13 08:05:04,1967119892956188682,False
1967119893677608960,SO20250713000202,1967119892788416545,3,93757,2025-07-13 14:12:04,1967119892956188682,2025-07-13 14:21:04,1967119892956188679,False
1967119893677608961,SO20250714000203,1967119892788416568,1,117335,2025-07-14 14:21:04,1967119892956188679,2025-07-14 14:33:04,1967119892956188679,False
1967119893677608962,SO20250714000203,1967119892788416547,3,495825,2025-07-14 14:21:04,1967119892956188679,2025-07-14 14:33:04,1967119892956188679,False
1967119893677608963,SO20250714000203,1967119892788416541,1,205423,2025-07-14 14:21:04,1967119892956188679,2025-07-14 14:33:04,1967119892956188679,False
1967119893677608964,SO20250714000203,1967119892788416546,1,75999,2025-07-14 14:21:04,1967119892956188679,2025-07-14 14:33:04,1967119892956188679,False
1967119893677608965,SO20250714000203,1967119892788416589,1,1787307,2025-07-14 14:21:04,1967119892956188679,2025-07-14 14:33:04,1967119892956188679,False
1967119893681803264,SO20250714000204,1967119892788416564,3,27506,2025-07-14 03:21:04,1967119892956188682,2025-07-14 03:34:04,1967119892956188682,False
1967119893681803265,SO20250714000204,1967119892788416543,2,369310,2025-07-14 03:21:04,1967119892956188682,2025-07-14 03:34:04,1967119892956188682,False
1967119893681803266,SO20250714000205,1967119892788416566,3,34445,2025-07-14 19:51:04,1967119892956188685,2025-07-14 20:03:04,1967119892956188680,False
1967119893681803267,SO20250714000206,1967119892788416563,1,44942,2025-07-14 10:35:04,1967119892956188678,2025-07-14 10:39:04,1967119892956188679,False
1967119893681803268,SO20250714000206,1967119892788416557,1,48093,2025-07-14 10:35:04,1967119892956188678,2025-07-14 10:39:04,1967119892956188679,False
1967119893681803269,SO20250714000206,1967119892788416561,4,21699,2025-07-14 10:35:04,1967119892956188678,2025-07-14 10:39:04,1967119892956188679,False
1967119893681803270,SO20250714000206,1967119892788416564,1,27506,2025-07-14 10:35:04,1967119892956188678,2025-07-14 10:39:04,1967119892956188679,False
1967119893690191872,SO20250714000207,1967119892788416591,1,2233095,2025-07-14 05:24:04,1967119892956188683,2025-07-14 05:26:04,1967119892956188680,False
1967119893690191873,SO20250714000207,1967119892788416555,2,19039,2025-07-14 05:24:04,1967119892956188683,2025-07-14 05:26:04,1967119892956188680,False
1967119893690191874,SO20250714000208,1967119892788416557,1,48093,2025-07-14 08:36:04,1967119892956188684,2025-07-14 08:49:04,1967119892956188684,False
1967119893690191875,SO20250714000208,1967119892788416547,2,495825,2025-07-14 08:36:04,1967119892956188684,2025-07-14 08:49:04,1967119892956188684,False
1967119893690191876,SO20250714000208,1967119892788416562,1,34607,2025-07-14 08:36:04,1967119892956188684,2025-07-14 08:49:04,1967119892956188684,False
1967119893694386176,SO20250714000209,1967119892788416591,1,2233095,2025-07-14 11:59:04,1967119892956188682,2025-07-14 12:10:04,1967119892956188684,False
1967119893694386177,SO20250714000209,1967119892788416559,2,27115,2025-07-14 11:59:04,1967119892956188682,2025-07-14 12:10:04,1967119892956188684,False
1967119893694386178,SO20250714000209,1967119892788416555,3,19039,2025-07-14 11:59:04,1967119892956188682,2025-07-14 12:10:04,1967119892956188684,False
1967119893694386179,SO20250714000209,1967119892788416537,3,55424,2025-07-14 11:59:04,1967119892956188682,2025-07-14 12:10:04,1967119892956188684,False
1967119893694386180,SO20250714000210,1967119892788416537,3,55424,2025-07-14 14:33:04,1967119892956188679,2025-07-14 14:43:04,1967119892956188681,False
1967119893694386181,SO20250714000210,1967119892788416542,1,235309,2025-07-14 14:33:04,1967119892956188679,2025-07-14 14:43:04,1967119892956188681,False
1967119893694386182,SO20250714000210,1967119892788416538,2,193514,2025-07-14 14:33:04,1967119892956188679,2025-07-14 14:43:04,1967119892956188681,False
1967119893698580480,SO20250715000211,1967119892788416555,1,19039,2025-07-15 19:30:04,1967119892956188682,2025-07-15 19:36:04,1967119892956188679,False
1967119893698580481,SO20250715000211,1967119892788416541,2,205423,2025-07-15 19:30:04,1967119892956188682,2025-07-15 19:36:04,1967119892956188679,False
1967119893698580482,SO20250715000211,1967119892788416561,1,21699,2025-07-15 19:30:04,1967119892956188682,2025-07-15 19:36:04,1967119892956188679,False
1967119893698580483,SO20250715000212,1967119892788416557,4,48093,2025-07-15 10:39:04,1967119892956188681,2025-07-15 10:44:04,1967119892956188681,False
1967119893702774784,SO20250715000213,1967119892788416560,3,44744,2025-07-15 14:54:04,1967119892956188684,2025-07-15 15:00:04,1967119892956188683,False
1967119893702774785,SO20250715000213,1967119892788416552,2,65834,2025-07-15 14:54:04,1967119892956188684,2025-07-15 15:00:04,1967119892956188683,False
1967119893702774786,SO20250715000213,1967119892788416545,3,93757,2025-07-15 14:54:04,1967119892956188684,2025-07-15 15:00:04,1967119892956188683,False
1967119893702774787,SO20250715000214,1967119892788416584,1,59089,2025-07-15 09:08:04,1967119892956188681,2025-07-15 09:18:04,1967119892956188684,False
1967119893702774788,SO20250715000214,1967119892788416547,2,495825,2025-07-15 09:08:04,1967119892956188681,2025-07-15 09:18:04,1967119892956188684,False
1967119893706969088,SO20250715000215,1967119892788416572,1,108602,2025-07-15 09:58:04,1967119892956188685,2025-07-15 10:12:04,1967119892956188684,False
1967119893706969089,SO20250715000215,1967119892788416538,1,193514,2025-07-15 09:58:04,1967119892956188685,2025-07-15 10:12:04,1967119892956188684,False
1967119893706969090,SO20250715000216,1967119892788416589,1,1787307,2025-07-15 13:38:04,1967119892956188678,2025-07-15 13:50:04,1967119892956188680,False
1967119893706969091,SO20250715000216,1967119892788416556,2,19157,2025-07-15 13:38:04,1967119892956188678,2025-07-15 13:50:04,1967119892956188680,False
1967119893706969092,SO20250715000216,1967119892788416571,1,83847,2025-07-15 13:38:04,1967119892956188678,2025-07-15 13:50:04,1967119892956188680,False
1967119893706969093,SO20250715000216,1967119892788416542,2,235309,2025-07-15 13:38:04,1967119892956188678,2025-07-15 13:50:04,1967119892956188680,False
1967119893706969094,SO20250715000216,1967119892788416538,3,193514,2025-07-15 13:38:04,1967119892956188678,2025-07-15 13:50:04,1967119892956188680,False
1967119893711163392,SO20250715000217,1967119892788416538,2,193514,2025-07-15 22:35:04,1967119892956188680,2025-07-15 22:39:04,1967119892956188685,False
1967119893711163393,SO20250715000217,1967119892788416565,3,19891,2025-07-15 22:35:04,1967119892956188680,2025-07-15 22:39:04,1967119892956188685,False
1967119893711163394,SO20250715000218,1967119892788416555,2,19039,2025-07-15 06:20:04,1967119892956188684,2025-07-15 06:24:04,1967119892956188685,False
1967119893711163395,SO20250715000218,1967119892788416539,1,443336,2025-07-15 06:20:04,1967119892956188684,2025-07-15 06:24:04,1967119892956188685,False
1967119893715357696,SO20250715000219,1967119892788416560,1,44744,2025-07-15 04:58:04,1967119892956188679,2025-07-15 05:09:04,1967119892956188678,False
1967119893715357697,SO20250715000220,1967119892788416543,3,369310,2025-07-15 05:38:04,1967119892956188680,2025-07-15 05:46:04,1967119892956188681,False
1967119893715357698,SO20250715000220,1967119892788416541,2,205423,2025-07-15 05:38:04,1967119892956188680,2025-07-15 05:46:04,1967119892956188681,False
1967119893715357699,SO20250715000221,1967119892788416568,1,117335,2025-07-15 04:35:04,1967119892956188683,2025-07-15 04:37:04,1967119892956188681,False
1967119893715357700,SO20250715000221,1967119892788416542,1,235309,2025-07-15 04:35:04,1967119892956188683,2025-07-15 04:37:04,1967119892956188681,False
1967119893719552000,SO20250715000222,1967119892788416564,2,27506,2025-07-15 21:14:04,1967119892956188684,2025-07-15 21:27:04,1967119892956188678,False
1967119893719552001,SO20250715000222,1967119892788416585,1,2073616,2025-07-15 21:14:04,1967119892956188684,2025-07-15 21:27:04,1967119892956188678,False
1967119893719552002,SO20250716000223,1967119892788416582,1,891870,2025-07-16 07:20:04,1967119892956188683,2025-07-16 07:35:04,1967119892956188683,False
1967119893719552003,SO20250716000223,1967119892788416555,1,19039,2025-07-16 07:20:04,1967119892956188683,2025-07-16 07:35:04,1967119892956188683,False
1967119893723746304,SO20250716000224,1967119892788416541,3,205423,2025-07-16 03:46:04,1967119892956188685,2025-07-16 03:50:04,1967119892956188679,False
1967119893723746305,SO20250716000224,1967119892788416558,1,69533,2025-07-16 03:46:04,1967119892956188685,2025-07-16 03:50:04,1967119892956188679,False
1967119893727940608,SO20250716000225,1967119892788416551,1,62582,2025-07-16 19:07:04,1967119892956188682,2025-07-16 19:15:04,1967119892956188685,False
1967119893727940609,SO20250716000225,1967119892788416556,3,19157,2025-07-16 19:07:04,1967119892956188682,2025-07-16 19:15:04,1967119892956188685,False
1967119893727940610,SO20250716000225,1967119892788416545,1,93757,2025-07-16 19:07:04,1967119892956188682,2025-07-16 19:15:04,1967119892956188685,False
1967119893732134912,SO20250716000226,1967119892788416570,3,79627,2025-07-16 20:22:04,1967119892956188681,2025-07-16 20:29:04,1967119892956188680,False
1967119893732134913,SO20250716000226,1967119892788416538,2,193514,2025-07-16 20:22:04,1967119892956188681,2025-07-16 20:29:04,1967119892956188680,False
1967119893732134914,SO20250716000226,1967119892788416556,3,19157,2025-07-16 20:22:04,1967119892956188681,2025-07-16 20:29:04,1967119892956188680,False
1967119893732134915,SO20250716000227,1967119892788416540,1,50974,2025-07-16 08:46:04,1967119892956188679,2025-07-16 08:59:04,1967119892956188680,False
1967119893732134916,SO20250716000227,1967119892788416584,3,59089,2025-07-16 08:46:04,1967119892956188679,2025-07-16 08:59:04,1967119892956188680,False
1967119893732134917,SO20250716000227,1967119892788416582,1,891870,2025-07-16 08:46:04,1967119892956188679,2025-07-16 08:59:04,1967119892956188680,False
1967119893732134918,SO20250716000227,1967119892788416560,1,44744,2025-07-16 08:46:04,1967119892956188679,2025-07-16 08:59:04,1967119892956188680,False
1967119893736329216,SO20250716000228,1967119892788416583,2,788172,2025-07-16 03:30:04,1967119892956188680,2025-07-16 03:34:04,1967119892956188678,False
1967119893736329217,SO20250716000228,1967119892788416565,1,19891,2025-07-16 03:30:04,1967119892956188680,2025-07-16 03:34:04,1967119892956188678,False
1967119893736329218,SO20250716000229,1967119892788416550,1,48004,2025-07-16 12:16:04,1967119892956188683,2025-07-16 12:17:04,1967119892956188684,False
1967119893736329219,SO20250716000229,1967119892788416536,3,224418,2025-07-16 12:16:04,1967119892956188683,2025-07-16 12:17:04,1967119892956188684,False
1967119893736329220,SO20250716000229,1967119892788416551,1,62582,2025-07-16 12:16:04,1967119892956188683,2025-07-16 12:17:04,1967119892956188684,False
1967119893736329221,SO20250716000229,1967119892788416560,1,44744,2025-07-16 12:16:04,1967119892956188683,2025-07-16 12:17:04,1967119892956188684,False
1967119893740523520,SO20250716000230,1967119892788416562,2,34607,2025-07-16 00:07:04,1967119892956188682,2025-07-16 00:11:04,1967119892956188684,False
1967119893740523521,SO20250716000230,1967119892788416552,1,65834,2025-07-16 00:07:04,1967119892956188682,2025-07-16 00:11:04,1967119892956188684,False
1967119893740523522,SO20250716000231,1967119892788416567,3,36517,2025-07-16 04:11:04,1967119892956188681,2025-07-16 04:15:04,1967119892956188684,False
1967119893740523523,SO20250716000231,1967119892788416572,1,108602,2025-07-16 04:11:04,1967119892956188681,2025-07-16 04:15:04,1967119892956188684,False
1967119893744717824,SO20250716000232,1967119892788416542,3,235309,2025-07-16 08:40:04,1967119892956188681,2025-07-16 08:55:04,1967119892956188681,False
1967119893744717825,SO20250716000232,1967119892788416537,1,55424,2025-07-16 08:40:04,1967119892956188681,2025-07-16 08:55:04,1967119892956188681,False
1967119893744717826,SO20250716000232,1967119892788416547,2,495825,2025-07-16 08:40:04,1967119892956188681,2025-07-16 08:55:04,1967119892956188681,False
1967119893744717827,SO20250716000232,1967119892788416560,2,44744,2025-07-16 08:40:04,1967119892956188681,2025-07-16 08:55:04,1967119892956188681,False
1967119893744717828,SO20250717000233,1967119892788416538,2,193514,2025-07-17 02:20:04,1967119892956188680,2025-07-17 02:33:04,1967119892956188679,False
1967119893748912128,SO20250717000234,1967119892788416560,1,44744,2025-07-17 20:40:04,1967119892956188684,2025-07-17 20:54:04,1967119892956188685,False
1967119893748912129,SO20250717000234,1967119892788416564,1,27506,2025-07-17 20:40:04,1967119892956188684,2025-07-17 20:54:04,1967119892956188685,False
1967119893748912130,SO20250717000235,1967119892788416557,5,48093,2025-07-17 03:24:04,1967119892956188683,2025-07-17 03:25:04,1967119892956188681,False
1967119893753106432,SO20250717000236,1967119892788416538,3,193514,2025-07-17 03:55:04,1967119892956188684,2025-07-17 04:05:04,1967119892956188680,False
1967119893753106433,SO20250717000236,1967119892788416569,3,33054,2025-07-17 03:55:04,1967119892956188684,2025-07-17 04:05:04,1967119892956188680,False
1967119893753106434,SO20250717000237,1967119892788416550,1,48004,2025-07-17 09:13:04,1967119892956188679,2025-07-17 09:16:04,1967119892956188680,False
1967119893761495040,SO20250717000238,1967119892788416557,1,48093,2025-07-17 09:22:04,1967119892956188683,2025-07-17 09:30:04,1967119892956188679,False
1967119893761495041,SO20250717000238,1967119892788416569,2,33054,2025-07-17 09:22:04,1967119892956188683,2025-07-17 09:30:04,1967119892956188679,False
1967119893761495042,SO20250717000238,1967119892788416537,1,55424,2025-07-17 09:22:04,1967119892956188683,2025-07-17 09:30:04,1967119892956188679,False
1967119893761495043,SO20250717000238,1967119892788416560,1,44744,2025-07-17 09:22:04,1967119892956188683,2025-07-17 09:30:04,1967119892956188679,False
1967119893761495044,SO20250717000239,1967119892788416559,5,27115,2025-07-17 02:43:04,1967119892956188678,2025-07-17 02:46:04,1967119892956188679,False
1967119893765689344,SO20250717000240,1967119892788416568,4,117335,2025-07-17 02:46:04,1967119892956188685,2025-07-17 03:00:04,1967119892956188685,False
1967119893765689345,SO20250717000241,1967119892788416556,1,19157,2025-07-17 23:24:04,1967119892956188683,2025-07-17 23:31:04,1967119892956188680,False
1967119893774077952,SO20250717000242,1967119892788416573,1,90061,2025-07-17 16:30:04,1967119892956188680,2025-07-17 16:34:04,1967119892956188680,False
1967119893774077953,SO20250717000242,1967119892788416536,3,224418,2025-07-17 16:30:04,1967119892956188680,2025-07-17 16:34:04,1967119892956188680,False
1967119893774077954,SO20250717000243,1967119892788416547,2,495825,2025-07-17 13:13:04,1967119892956188679,2025-07-17 13:23:04,1967119892956188685,False
1967119893774077955,SO20250717000243,1967119892788416554,4,55663,2025-07-17 13:13:04,1967119892956188679,2025-07-17 13:23:04,1967119892956188685,False
1967119893774077956,SO20250717000243,1967119892788416560,3,44744,2025-07-17 13:13:04,1967119892956188679,2025-07-17 13:23:04,1967119892956188685,False
1967119893774077957,SO20250717000244,1967119892788416540,3,50974,2025-07-17 06:49:04,1967119892956188685,2025-07-17 06:59:04,1967119892956188685,False
1967119893778272256,SO20250717000245,1967119892788416539,1,443336,2025-07-17 21:25:04,1967119892956188683,2025-07-17 21:33:04,1967119892956188681,False
1967119893778272257,SO20250717000245,1967119892788416551,2,62582,2025-07-17 21:25:04,1967119892956188683,2025-07-17 21:33:04,1967119892956188681,False
1967119893778272258,SO20250717000246,1967119892788416561,2,21699,2025-07-17 06:51:04,1967119892956188681,2025-07-17 06:58:04,1967119892956188681,False
1967119893778272259,SO20250717000246,1967119892788416578,2,114209,2025-07-17 06:51:04,1967119892956188681,2025-07-17 06:58:04,1967119892956188681,False
1967119893782466560,SO20250718000247,1967119892788416579,1,1232489,2025-07-18 00:30:04,1967119892956188684,2025-07-18 00:31:04,1967119892956188683,False
1967119893782466561,SO20250718000247,1967119892788416557,1,48093,2025-07-18 00:30:04,1967119892956188684,2025-07-18 00:31:04,1967119892956188683,False
1967119893782466562,SO20250718000247,1967119892788416572,2,108602,2025-07-18 00:30:04,1967119892956188684,2025-07-18 00:31:04,1967119892956188683,False
1967119893782466563,SO20250718000247,1967119892788416551,1,62582,2025-07-18 00:30:04,1967119892956188684,2025-07-18 00:31:04,1967119892956188683,False
1967119893782466564,SO20250718000248,1967119892788416551,2,62582,2025-07-18 21:36:04,1967119892956188685,2025-07-18 21:39:04,1967119892956188681,False
1967119893782466565,SO20250718000248,1967119892788416536,1,224418,2025-07-18 21:36:04,1967119892956188685,2025-07-18 21:39:04,1967119892956188681,False
1967119893782466566,SO20250718000248,1967119892788416583,1,788172,2025-07-18 21:36:04,1967119892956188685,2025-07-18 21:39:04,1967119892956188681,False
1967119893786660864,SO20250718000249,1967119892788416581,1,275969,2025-07-18 23:40:04,1967119892956188681,2025-07-18 23:43:04,1967119892956188682,False
1967119893786660865,SO20250718000249,1967119892788416559,1,27115,2025-07-18 23:40:04,1967119892956188681,2025-07-18 23:43:04,1967119892956188682,False
1967119893786660866,SO20250718000249,1967119892788416546,1,75999,2025-07-18 23:40:04,1967119892956188681,2025-07-18 23:43:04,1967119892956188682,False
1967119893786660867,SO20250718000250,1967119892788416586,1,2202564,2025-07-18 07:17:04,1967119892956188683,2025-07-18 07:23:04,1967119892956188680,False
1967119893786660868,SO20250718000250,1967119892788416554,2,55663,2025-07-18 07:17:04,1967119892956188683,2025-07-18 07:23:04,1967119892956188680,False
1967119893790855168,SO20250718000251,1967119892788416550,1,48004,2025-07-18 13:05:04,1967119892956188679,2025-07-18 13:10:04,1967119892956188679,False
1967119893790855169,SO20250718000251,1967119892788416562,3,34607,2025-07-18 13:05:04,1967119892956188679,2025-07-18 13:10:04,1967119892956188679,False
1967119893795049472,SO20250718000252,1967119892788416559,2,27115,2025-07-18 12:47:04,1967119892956188684,2025-07-18 13:02:04,1967119892956188685,False
1967119893795049473,SO20250718000252,1967119892788416546,1,75999,2025-07-18 12:47:04,1967119892956188684,2025-07-18 13:02:04,1967119892956188685,False
1967119893795049474,SO20250718000252,1967119892788416574,1,63691,2025-07-18 12:47:04,1967119892956188684,2025-07-18 13:02:04,1967119892956188685,False
1967119893795049475,SO20250718000252,1967119892788416538,3,193514,2025-07-18 12:47:04,1967119892956188684,2025-07-18 13:02:04,1967119892956188685,False
1967119893799243776,SO20250718000253,1967119892788416562,1,34607,2025-07-18 09:19:04,1967119892956188683,2025-07-18 09:25:04,1967119892956188684,False
1967119893799243777,SO20250718000254,1967119892788416536,2,224418,2025-07-18 15:40:04,1967119892956188681,2025-07-18 15:43:04,1967119892956188682,False
1967119893803438080,SO20250718000255,1967119892788416560,2,44744,2025-07-18 07:47:04,1967119892956188678,2025-07-18 07:58:04,1967119892956188679,False
1967119893803438081,SO20250718000255,1967119892788416558,1,69533,2025-07-18 07:47:04,1967119892956188678,2025-07-18 07:58:04,1967119892956188679,False
1967119893803438082,SO20250718000255,1967119892788416557,1,48093,2025-07-18 07:47:04,1967119892956188678,2025-07-18 07:58:04,1967119892956188679,False
1967119893811826688,SO20250718000256,1967119892788416564,1,27506,2025-07-18 16:30:04,1967119892956188685,2025-07-18 16:31:04,1967119892956188683,False
1967119893811826689,SO20250718000256,1967119892788416543,3,369310,2025-07-18 16:30:04,1967119892956188685,2025-07-18 16:31:04,1967119892956188683,False
1967119893811826690,SO20250718000257,1967119892788416564,1,27506,2025-07-18 21:21:04,1967119892956188683,2025-07-18 21:30:04,1967119892956188678,False
1967119893811826691,SO20250718000257,1967119892788416546,2,75999,2025-07-18 21:21:04,1967119892956188683,2025-07-18 21:30:04,1967119892956188678,False
1967119893811826692,SO20250718000257,1967119892788416554,2,55663,2025-07-18 21:21:04,1967119892956188683,2025-07-18 21:30:04,1967119892956188678,False
1967119893816020992,SO20250718000258,1967119892788416557,2,48093,2025-07-18 06:03:04,1967119892956188678,2025-07-18 06:06:04,1967119892956188684,False
1967119893816020993,SO20250718000258,1967119892788416584,2,59089,2025-07-18 06:03:04,1967119892956188678,2025-07-18 06:06:04,1967119892956188684,False
1967119893816020994,SO20250718000258,1967119892788416547,3,495825,2025-07-18 06:03:04,1967119892956188678,2025-07-18 06:06:04,1967119892956188684,False
1967119893816020995,SO20250718000259,1967119892788416537,2,55424,2025-07-18 04:33:04,1967119892956188681,2025-07-18 04:47:04,1967119892956188680,False
1967119893816020996,SO20250718000259,1967119892788416562,2,34607,2025-07-18 04:33:04,1967119892956188681,2025-07-18 04:47:04,1967119892956188680,False
1967119893820215296,SO20250718000260,1967119892788416538,3,193514,2025-07-18 04:45:04,1967119892956188683,2025-07-18 04:56:04,1967119892956188680,False
1967119893820215297,SO20250718000261,1967119892788416566,1,34445,2025-07-18 19:08:04,1967119892956188685,2025-07-18 19:19:04,1967119892956188685,False
1967119893824409600,SO20250718000262,1967119892788416542,3,235309,2025-07-18 21:44:04,1967119892956188682,2025-07-18 21:50:04,1967119892956188679,False
1967119893824409601,SO20250718000263,1967119892788416564,1,27506,2025-07-18 14:13:04,1967119892956188685,2025-07-18 14:24:04,1967119892956188682,False
1967119893828603904,SO20250718000264,1967119892788416540,3,50974,2025-07-18 14:58:04,1967119892956188685,2025-07-18 15:13:04,1967119892956188679,False
1967119893828603905,SO20250718000264,1967119892788416560,1,44744,2025-07-18 14:58:04,1967119892956188685,2025-07-18 15:13:04,1967119892956188679,False
1967119893828603906,SO20250718000264,1967119892788416547,1,495825,2025-07-18 14:58:04,1967119892956188685,2025-07-18 15:13:04,1967119892956188679,False
1967119893828603907,SO20250718000264,1967119892788416576,2,64918,2025-07-18 14:58:04,1967119892956188685,2025-07-18 15:13:04,1967119892956188679,False
1967119893832798208,SO20250718000265,1967119892788416565,1,19891,2025-07-18 20:00:04,1967119892956188680,2025-07-18 20:09:04,1967119892956188679,False
1967119893836992512,SO20250719000266,1967119892788416573,3,90061,2025-07-19 17:45:04,1967119892956188684,2025-07-19 17:47:04,1967119892956188683,False
1967119893836992513,SO20250719000266,1967119892788416559,3,27115,2025-07-19 17:45:04,1967119892956188684,2025-07-19 17:47:04,1967119892956188683,False
1967119893836992514,SO20250719000267,1967119892788416538,2,193514,2025-07-19 06:20:04,1967119892956188678,2025-07-19 06:30:04,1967119892956188682,False
1967119893836992515,SO20250719000267,1967119892788416591,1,2233095,2025-07-19 06:20:04,1967119892956188678,2025-07-19 06:30:04,1967119892956188682,False
1967119893836992516,SO20250719000267,1967119892788416581,3,275969,2025-07-19 06:20:04,1967119892956188678,2025-07-19 06:30:04,1967119892956188682,False
1967119893836992517,SO20250719000267,1967119892788416556,5,19157,2025-07-19 06:20:04,1967119892956188678,2025-07-19 06:30:04,1967119892956188682,False
1967119893841186816,SO20250719000268,1967119892788416560,2,44744,2025-07-19 04:40:04,1967119892956188681,2025-07-19 04:54:04,1967119892956188682,False
1967119893841186817,SO20250719000268,1967119892788416589,1,1787307,2025-07-19 04:40:04,1967119892956188681,2025-07-19 04:54:04,1967119892956188682,False
1967119893841186818,SO20250719000268,1967119892788416563,1,44942,2025-07-19 04:40:04,1967119892956188681,2025-07-19 04:54:04,1967119892956188682,False
1967119893841186819,SO20250719000269,1967119892788416544,3,98337,2025-07-19 00:17:04,1967119892956188681,2025-07-19 00:23:04,1967119892956188678,False
1967119893845381120,SO20250719000270,1967119892788416555,1,19039,2025-07-19 13:32:04,1967119892956188678,2025-07-19 13:38:04,1967119892956188684,False
1967119893845381121,SO20250719000270,1967119892788416582,4,891870,2025-07-19 13:32:04,1967119892956188678,2025-07-19 13:38:04,1967119892956188684,False
1967119893845381122,SO20250719000270,1967119892788416538,1,193514,2025-07-19 13:32:04,1967119892956188678,2025-07-19 13:38:04,1967119892956188684,False
1967119893845381123,SO20250719000271,1967119892788416546,2,75999,2025-07-19 05:37:04,1967119892956188680,2025-07-19 05:50:04,1967119892956188678,False
1967119893845381124,SO20250719000271,1967119892788416586,1,2202564,2025-07-19 05:37:04,1967119892956188680,2025-07-19 05:50:04,1967119892956188678,False
1967119893845381125,SO20250719000272,1967119892788416560,1,44744,2025-07-19 03:09:04,1967119892956188684,2025-07-19 03:21:04,1967119892956188683,False
1967119893845381126,SO20250719000272,1967119892788416538,3,193514,2025-07-19 03:09:04,1967119892956188684,2025-07-19 03:21:04,1967119892956188683,False
1967119893849575424,SO20250719000273,1967119892788416539,1,443336,2025-07-19 20:58:04,1967119892956188682,2025-07-19 21:09:04,1967119892956188685,False
1967119893849575425,SO20250719000274,1967119892788416566,1,34445,2025-07-19 14:03:04,1967119892956188680,2025-07-19 14:04:04,1967119892956188681,False
1967119893853769728,SO20250719000275,1967119892788416556,1,19157,2025-07-19 08:01:04,1967119892956188684,2025-07-19 08:10:04,1967119892956188682,False
1967119893853769729,SO20250719000275,1967119892788416544,3,98337,2025-07-19 08:01:04,1967119892956188684,2025-07-19 08:10:04,1967119892956188682,False
1967119893853769730,SO20250719000276,1967119892788416538,1,193514,2025-07-19 08:27:04,1967119892956188682,2025-07-19 08:35:04,1967119892956188680,False
1967119893853769731,SO20250719000276,1967119892788416547,2,495825,2025-07-19 08:27:04,1967119892956188682,2025-07-19 08:35:04,1967119892956188680,False
1967119893853769732,SO20250719000276,1967119892788416539,3,443336,2025-07-19 08:27:04,1967119892956188682,2025-07-19 08:35:04,1967119892956188680,False
1967119893853769733,SO20250719000276,1967119892788416571,3,83847,2025-07-19 08:27:04,1967119892956188682,2025-07-19 08:35:04,1967119892956188680,False
1967119893853769734,SO20250719000276,1967119892788416562,1,34607,2025-07-19 08:27:04,1967119892956188682,2025-07-19 08:35:04,1967119892956188680,False
1967119893853769735,SO20250719000277,1967119892788416560,1,44744,2025-07-19 11:21:04,1967119892956188683,2025-07-19 11:34:04,1967119892956188683,False
1967119893853769736,SO20250719000277,1967119892788416543,3,369310,2025-07-19 11:21:04,1967119892956188683,2025-07-19 11:34:04,1967119892956188683,False
1967119893853769737,SO20250719000277,1967119892788416555,5,19039,2025-07-19 11:21:04,1967119892956188683,2025-07-19 11:34:04,1967119892956188683,False
1967119893862158336,SO20250719000278,1967119892788416536,2,224418,2025-07-19 03:01:04,1967119892956188679,2025-07-19 03:03:04,1967119892956188679,False
1967119893862158337,SO20250719000278,1967119892788416556,1,19157,2025-07-19 03:01:04,1967119892956188679,2025-07-19 03:03:04,1967119892956188679,False
1967119893862158338,SO20250719000278,1967119892788416544,2,98337,2025-07-19 03:01:04,1967119892956188679,2025-07-19 03:03:04,1967119892956188679,False
1967119893862158339,SO20250719000278,1967119892788416563,1,44942,2025-07-19 03:01:04,1967119892956188679,2025-07-19 03:03:04,1967119892956188679,False
1967119893862158340,SO20250719000279,1967119892788416537,3,55424,2025-07-19 09:21:04,1967119892956188682,2025-07-19 09:22:04,1967119892956188684,False
1967119893862158341,SO20250719000279,1967119892788416543,3,369310,2025-07-19 09:21:04,1967119892956188682,2025-07-19 09:22:04,1967119892956188684,False
1967119893870546944,SO20250719000280,1967119892788416541,1,205423,2025-07-19 20:56:04,1967119892956188683,2025-07-19 20:57:04,1967119892956188680,False
1967119893870546945,SO20250719000280,1967119892788416557,2,48093,2025-07-19 20:56:04,1967119892956188683,2025-07-19 20:57:04,1967119892956188680,False
1967119893870546946,SO20250719000280,1967119892788416575,3,118557,2025-07-19 20:56:04,1967119892956188683,2025-07-19 20:57:04,1967119892956188680,False
1967119893870546947,SO20250719000280,1967119892788416552,2,65834,2025-07-19 20:56:04,1967119892956188683,2025-07-19 20:57:04,1967119892956188680,False
1967119893870546948,SO20250719000280,1967119892788416565,2,19891,2025-07-19 20:56:04,1967119892956188683,2025-07-19 20:57:04,1967119892956188680,False
1967119893870546949,SO20250719000281,1967119892788416539,2,443336,2025-07-19 20:35:04,1967119892956188681,2025-07-19 20:44:04,1967119892956188681,False
1967119893870546950,SO20250719000281,1967119892788416581,3,275969,2025-07-19 20:35:04,1967119892956188681,2025-07-19 20:44:04,1967119892956188681,False
1967119893870546951,SO20250719000281,1967119892788416562,2,34607,2025-07-19 20:35:04,1967119892956188681,2025-07-19 20:44:04,1967119892956188681,False
1967119893870546952,SO20250719000282,1967119892788416561,2,21699,2025-07-19 19:00:04,1967119892956188685,2025-07-19 19:06:04,1967119892956188684,False
1967119893870546953,SO20250719000283,1967119892788416538,2,193514,2025-07-19 11:03:04,1967119892956188684,2025-07-19 11:08:04,1967119892956188685,False
1967119893870546954,SO20250719000283,1967119892788416558,3,69533,2025-07-19 11:03:04,1967119892956188684,2025-07-19 11:08:04,1967119892956188685,False
1967119893870546955,SO20250719000284,1967119892788416561,1,21699,2025-07-19 10:03:04,1967119892956188678,2025-07-19 10:16:04,1967119892956188680,False
1967119893870546956,SO20250719000284,1967119892788416536,1,224418,2025-07-19 10:03:04,1967119892956188678,2025-07-19 10:16:04,1967119892956188680,False
1967119893870546957,SO20250719000285,1967119892788416536,1,224418,2025-07-19 18:08:04,1967119892956188684,2025-07-19 18:21:04,1967119892956188680,False
1967119893870546958,SO20250719000286,1967119892788416541,3,205423,2025-07-19 05:10:04,1967119892956188681,2025-07-19 05:24:04,1967119892956188678,False
1967119893870546959,SO20250720000287,1967119892788416581,2,275969,2025-07-20 00:05:04,1967119892956188681,2025-07-20 00:17:04,1967119892956188679,False
1967119893870546960,SO20250720000287,1967119892788416556,2,19157,2025-07-20 00:05:04,1967119892956188681,2025-07-20 00:17:04,1967119892956188679,False
1967119893870546961,SO20250720000287,1967119892788416546,1,75999,2025-07-20 00:05:04,1967119892956188681,2025-07-20 00:17:04,1967119892956188679,False
1967119893870546962,SO20250720000287,1967119892788416569,3,33054,2025-07-20 00:05:04,1967119892956188681,2025-07-20 00:17:04,1967119892956188679,False
1967119893870546963,SO20250720000288,1967119892788416539,2,443336,2025-07-20 08:09:04,1967119892956188679,2025-07-20 08:13:04,1967119892956188679,False
1967119893870546964,SO20250720000288,1967119892788416552,2,65834,2025-07-20 08:09:04,1967119892956188679,2025-07-20 08:13:04,1967119892956188679,False
1967119893870546965,SO20250720000288,1967119892788416550,1,48004,2025-07-20 08:09:04,1967119892956188679,2025-07-20 08:13:04,1967119892956188679,False
1967119893870546966,SO20250720000289,1967119892788416538,1,193514,2025-07-20 05:04:04,1967119892956188684,2025-07-20 05:05:04,1967119892956188683,False
1967119893870546967,SO20250720000289,1967119892788416537,2,55424,2025-07-20 05:04:04,1967119892956188684,2025-07-20 05:05:04,1967119892956188683,False
1967119893870546968,SO20250720000289,1967119892788416544,1,98337,2025-07-20 05:04:04,1967119892956188684,2025-07-20 05:05:04,1967119892956188683,False
1967119893870546969,SO20250720000290,1967119892788416560,2,44744,2025-07-20 04:59:04,1967119892956188681,2025-07-20 05:00:04,1967119892956188678,False
1967119893870546970,SO20250720000290,1967119892788416557,1,48093,2025-07-20 04:59:04,1967119892956188681,2025-07-20 05:00:04,1967119892956188678,False
1967119893870546971,SO20250720000290,1967119892788416561,1,21699,2025-07-20 04:59:04,1967119892956188681,2025-07-20 05:00:04,1967119892956188678,False
1967119893870546972,SO20250720000290,1967119892788416585,1,2073616,2025-07-20 04:59:04,1967119892956188681,2025-07-20 05:00:04,1967119892956188678,False
1967119893870546973,SO20250720000290,1967119892788416556,1,19157,2025-07-20 04:59:04,1967119892956188681,2025-07-20 05:00:04,1967119892956188678,False
1967119893870546974,SO20250720000290,1967119892788416542,2,235309,2025-07-20 04:59:04,1967119892956188681,2025-07-20 05:00:04,1967119892956188678,False
1967119893870546975,SO20250720000291,1967119892788416541,1,205423,2025-07-20 19:40:04,1967119892956188679,2025-07-20 19:50:04,1967119892956188685,False
1967119893870546976,SO20250720000291,1967119892788416548,4,69868,2025-07-20 19:40:04,1967119892956188679,2025-07-20 19:50:04,1967119892956188685,False
1967119893870546977,SO20250720000291,1967119892788416564,1,27506,2025-07-20 19:40:04,1967119892956188679,2025-07-20 19:50:04,1967119892956188685,False
1967119893870546978,SO20250720000292,1967119892788416582,2,891870,2025-07-20 08:34:04,1967119892956188681,2025-07-20 08:48:04,1967119892956188684,False
1967119893870546979,SO20250720000292,1967119892788416562,1,34607,2025-07-20 08:34:04,1967119892956188681,2025-07-20 08:48:04,1967119892956188684,False
1967119893870546980,SO20250720000292,1967119892788416555,2,19039,2025-07-20 08:34:04,1967119892956188681,2025-07-20 08:48:04,1967119892956188684,False
1967119893870546981,SO20250720000292,1967119892788416561,1,21699,2025-07-20 08:34:04,1967119892956188681,2025-07-20 08:48:04,1967119892956188684,False
1967119893870546982,SO20250720000292,1967119892788416574,1,63691,2025-07-20 08:34:04,1967119892956188681,2025-07-20 08:48:04,1967119892956188684,False
1967119893870546983,SO20250720000293,1967119892788416575,1,118557,2025-07-20 14:57:04,1967119892956188680,2025-07-20 15:10:04,1967119892956188681,False
1967119893899907072,SO20250720000294,1967119892788416560,3,44744,2025-07-20 09:19:04,1967119892956188684,2025-07-20 09:34:04,1967119892956188680,False
1967119893899907073,SO20250720000294,1967119892788416546,1,75999,2025-07-20 09:19:04,1967119892956188684,2025-07-20 09:34:04,1967119892956188680,False
1967119893899907074,SO20250720000294,1967119892788416564,2,27506,2025-07-20 09:19:04,1967119892956188684,2025-07-20 09:34:04,1967119892956188680,False
1967119893899907075,SO20250720000295,1967119892788416539,2,443336,2025-07-20 06:22:04,1967119892956188681,2025-07-20 06:35:04,1967119892956188683,False
1967119893899907076,SO20250720000295,1967119892788416582,2,891870,2025-07-20 06:22:04,1967119892956188681,2025-07-20 06:35:04,1967119892956188683,False
1967119893904101376,SO20250720000296,1967119892788416552,1,65834,2025-07-20 13:19:04,1967119892956188682,2025-07-20 13:25:04,1967119892956188681,False
1967119893904101377,SO20250720000297,1967119892788416545,3,93757,2025-07-20 22:16:04,1967119892956188680,2025-07-20 22:20:04,1967119892956188680,False
1967119893904101378,SO20250720000297,1967119892788416551,2,62582,2025-07-20 22:16:04,1967119892956188680,2025-07-20 22:20:04,1967119892956188680,False
1967119893908295680,SO20250721000298,1967119892788416555,1,19039,2025-07-21 02:52:04,1967119892956188682,2025-07-21 03:04:04,1967119892956188683,False
1967119893908295681,SO20250721000298,1967119892788416558,1,69533,2025-07-21 02:52:04,1967119892956188682,2025-07-21 03:04:04,1967119892956188683,False
1967119893908295682,SO20250721000299,1967119892788416578,1,114209,2025-07-21 19:36:04,1967119892956188685,2025-07-21 19:37:04,1967119892956188681,False
1967119893908295683,SO20250721000299,1967119892788416559,2,27115,2025-07-21 19:36:04,1967119892956188685,2025-07-21 19:37:04,1967119892956188681,False
1967119893912489984,SO20250721000300,1967119892788416547,2,495825,2025-07-21 07:32:04,1967119892956188684,2025-07-21 07:43:04,1967119892956188684,False
1967119893912489985,SO20250721000300,1967119892788416555,1,19039,2025-07-21 07:32:04,1967119892956188684,2025-07-21 07:43:04,1967119892956188684,False
1967119893912489986,SO20250721000301,1967119892788416570,2,79627,2025-07-21 14:37:04,1967119892956188679,2025-07-21 14:40:04,1967119892956188681,False
1967119893916684288,SO20250721000302,1967119892788416555,1,19039,2025-07-21 03:03:04,1967119892956188679,2025-07-21 03:08:04,1967119892956188681,False
1967119893916684289,SO20250721000302,1967119892788416554,3,55663,2025-07-21 03:03:04,1967119892956188679,2025-07-21 03:08:04,1967119892956188681,False
1967119893916684290,SO20250722000303,1967119892788416559,2,27115,2025-07-22 14:12:04,1967119892956188680,2025-07-22 14:20:04,1967119892956188681,False
1967119893916684291,SO20250722000303,1967119892788416574,1,63691,2025-07-22 14:12:04,1967119892956188680,2025-07-22 14:20:04,1967119892956188681,False
1967119893920878592,SO20250722000304,1967119892788416541,2,205423,2025-07-22 03:13:04,1967119892956188683,2025-07-22 03:26:04,1967119892956188683,False
1967119893920878593,SO20250722000305,1967119892788416581,4,275969,2025-07-22 03:28:04,1967119892956188678,2025-07-22 03:32:04,1967119892956188680,False
1967119893920878594,SO20250722000305,1967119892788416569,1,33054,2025-07-22 03:28:04,1967119892956188678,2025-07-22 03:32:04,1967119892956188680,False
1967119893920878595,SO20250722000305,1967119892788416571,2,83847,2025-07-22 03:28:04,1967119892956188678,2025-07-22 03:32:04,1967119892956188680,False
1967119893920878596,SO20250722000306,1967119892788416543,3,369310,2025-07-22 14:17:04,1967119892956188685,2025-07-22 14:19:04,1967119892956188683,False
1967119893920878597,SO20250722000306,1967119892788416557,4,48093,2025-07-22 14:17:04,1967119892956188685,2025-07-22 14:19:04,1967119892956188683,False
1967119893920878598,SO20250722000306,1967119892788416571,2,83847,2025-07-22 14:17:04,1967119892956188685,2025-07-22 14:19:04,1967119892956188683,False
1967119893925072896,SO20250722000307,1967119892788416543,1,369310,2025-07-22 20:52:04,1967119892956188682,2025-07-22 21:02:04,1967119892956188683,False
1967119893925072897,SO20250722000308,1967119892788416556,3,19157,2025-07-22 04:27:04,1967119892956188682,2025-07-22 04:34:04,1967119892956188679,False
1967119893929267200,SO20250722000309,1967119892788416553,2,41380,2025-07-22 02:00:04,1967119892956188680,2025-07-22 02:01:04,1967119892956188680,False
1967119893929267201,SO20250722000309,1967119892788416555,1,19039,2025-07-22 02:00:04,1967119892956188680,2025-07-22 02:01:04,1967119892956188680,False
1967119893929267202,SO20250723000310,1967119892788416565,1,19891,2025-07-23 14:10:04,1967119892956188681,2025-07-23 14:11:04,1967119892956188678,False
1967119893929267203,SO20250723000310,1967119892788416547,2,495825,2025-07-23 14:10:04,1967119892956188681,2025-07-23 14:11:04,1967119892956188678,False
1967119893929267204,SO20250723000310,1967119892788416542,1,235309,2025-07-23 14:10:04,1967119892956188681,2025-07-23 14:11:04,1967119892956188678,False
1967119893929267205,SO20250723000310,1967119892788416538,2,193514,2025-07-23 14:10:04,1967119892956188681,2025-07-23 14:11:04,1967119892956188678,False
1967119893933461504,SO20250723000311,1967119892788416553,1,41380,2025-07-23 21:43:04,1967119892956188681,2025-07-23 21:44:04,1967119892956188678,False
1967119893933461505,SO20250723000311,1967119892788416576,1,64918,2025-07-23 21:43:04,1967119892956188681,2025-07-23 21:44:04,1967119892956188678,False
1967119893933461506,SO20250723000311,1967119892788416547,3,495825,2025-07-23 21:43:04,1967119892956188681,2025-07-23 21:44:04,1967119892956188678,False
1967119893933461507,SO20250723000312,1967119892788416544,2,98337,2025-07-23 04:34:04,1967119892956188685,2025-07-23 04:36:04,1967119892956188678,False
1967119893933461508,SO20250723000312,1967119892788416581,1,275969,2025-07-23 04:34:04,1967119892956188685,2025-07-23 04:36:04,1967119892956188678,False
1967119893937655808,SO20250723000313,1967119892788416554,3,55663,2025-07-23 18:14:04,1967119892956188684,2025-07-23 18:26:04,1967119892956188685,False
1967119893937655809,SO20250723000313,1967119892788416557,2,48093,2025-07-23 18:14:04,1967119892956188684,2025-07-23 18:26:04,1967119892956188685,False
1967119893937655810,SO20250723000313,1967119892788416581,3,275969,2025-07-23 18:14:04,1967119892956188684,2025-07-23 18:26:04,1967119892956188685,False
1967119893937655811,SO20250723000313,1967119892788416541,3,205423,2025-07-23 18:14:04,1967119892956188684,2025-07-23 18:26:04,1967119892956188685,False
1967119893937655812,SO20250723000314,1967119892788416547,3,495825,2025-07-23 15:07:04,1967119892956188682,2025-07-23 15:12:04,1967119892956188685,False
1967119893937655813,SO20250723000314,1967119892788416558,2,69533,2025-07-23 15:07:04,1967119892956188682,2025-07-23 15:12:04,1967119892956188685,False
1967119893941850112,SO20250723000315,1967119892788416557,1,48093,2025-07-23 14:44:04,1967119892956188683,2025-07-23 14:57:04,1967119892956188685,False
1967119893941850113,SO20250724000316,1967119892788416574,1,63691,2025-07-24 14:44:04,1967119892956188683,2025-07-24 14:57:04,1967119892956188684,False
1967119893941850114,SO20250724000316,1967119892788416562,1,34607,2025-07-24 14:44:04,1967119892956188683,2025-07-24 14:57:04,1967119892956188684,False
1967119893946044416,SO20250724000317,1967119892788416541,3,205423,2025-07-24 02:18:04,1967119892956188684,2025-07-24 02:19:04,1967119892956188680,False
1967119893946044417,SO20250724000317,1967119892788416568,1,117335,2025-07-24 02:18:04,1967119892956188684,2025-07-24 02:19:04,1967119892956188680,False
1967119893946044418,SO20250724000317,1967119892788416557,1,48093,2025-07-24 02:18:04,1967119892956188684,2025-07-24 02:19:04,1967119892956188680,False
1967119893950238720,SO20250724000318,1967119892788416574,1,63691,2025-07-24 03:19:04,1967119892956188681,2025-07-24 03:34:04,1967119892956188680,False
1967119893954433024,SO20250724000319,1967119892788416565,1,19891,2025-07-24 05:52:04,1967119892956188683,2025-07-24 06:04:04,1967119892956188682,False
1967119893954433025,SO20250724000319,1967119892788416556,1,19157,2025-07-24 05:52:04,1967119892956188683,2025-07-24 06:04:04,1967119892956188682,False
1967119893954433026,SO20250724000320,1967119892788416551,1,62582,2025-07-24 05:20:04,1967119892956188684,2025-07-24 05:28:04,1967119892956188679,False
1967119893954433027,SO20250724000320,1967119892788416577,1,76278,2025-07-24 05:20:04,1967119892956188684,2025-07-24 05:28:04,1967119892956188679,False
1967119893954433028,SO20250724000320,1967119892788416555,1,19039,2025-07-24 05:20:04,1967119892956188684,2025-07-24 05:28:04,1967119892956188679,False
1967119893958627328,SO20250724000321,1967119892788416560,1,44744,2025-07-24 02:26:04,1967119892956188682,2025-07-24 02:38:04,1967119892956188681,False
1967119893958627329,SO20250724000322,1967119892788416560,2,44744,2025-07-24 20:23:04,1967119892956188685,2025-07-24 20:35:04,1967119892956188680,False
1967119893958627330,SO20250724000322,1967119892788416547,1,495825,2025-07-24 20:23:04,1967119892956188685,2025-07-24 20:35:04,1967119892956188680,False
1967119893958627331,SO20250724000322,1967119892788416564,1,27506,2025-07-24 20:23:04,1967119892956188685,2025-07-24 20:35:04,1967119892956188680,False
1967119893958627332,SO20250724000323,1967119892788416568,3,117335,2025-07-24 07:04:04,1967119892956188685,2025-07-24 07:15:04,1967119892956188681,False
1967119893958627333,SO20250724000323,1967119892788416574,1,63691,2025-07-24 07:04:04,1967119892956188685,2025-07-24 07:15:04,1967119892956188681,False
1967119893962821632,SO20250725000324,1967119892788416537,3,55424,2025-07-25 12:57:04,1967119892956188680,2025-07-25 13:01:04,1967119892956188680,False
1967119893962821633,SO20250725000324,1967119892788416538,1,193514,2025-07-25 12:57:04,1967119892956188680,2025-07-25 13:01:04,1967119892956188680,False
1967119893962821634,SO20250725000325,1967119892788416542,3,235309,2025-07-25 10:05:04,1967119892956188681,2025-07-25 10:15:04,1967119892956188685,False
1967119893967015936,SO20250725000326,1967119892788416565,3,19891,2025-07-25 19:13:04,1967119892956188678,2025-07-25 19:22:04,1967119892956188678,False
1967119893967015937,SO20250725000327,1967119892788416542,2,235309,2025-07-25 20:31:04,1967119892956188678,2025-07-25 20:33:04,1967119892956188679,False
1967119893967015938,SO20250725000327,1967119892788416557,1,48093,2025-07-25 20:31:04,1967119892956188678,2025-07-25 20:33:04,1967119892956188679,False
1967119893967015939,SO20250725000328,1967119892788416557,2,48093,2025-07-25 16:30:04,1967119892956188680,2025-07-25 16:35:04,1967119892956188678,False
1967119893971210240,SO20250725000329,1967119892788416582,2,891870,2025-07-25 06:01:04,1967119892956188684,2025-07-25 06:14:04,1967119892956188685,False
1967119893971210241,SO20250725000329,1967119892788416538,1,193514,2025-07-25 06:01:04,1967119892956188684,2025-07-25 06:14:04,1967119892956188685,False
1967119893971210242,SO20250725000329,1967119892788416542,3,235309,2025-07-25 06:01:04,1967119892956188684,2025-07-25 06:14:04,1967119892956188685,False
1967119893971210243,SO20250725000329,1967119892788416547,1,495825,2025-07-25 06:01:04,1967119892956188684,2025-07-25 06:14:04,1967119892956188685,False
1967119893971210244,SO20250725000329,1967119892788416559,2,27115,2025-07-25 06:01:04,1967119892956188684,2025-07-25 06:14:04,1967119892956188685,False
1967119893971210245,SO20250725000329,1967119892788416553,1,41380,2025-07-25 06:01:04,1967119892956188684,2025-07-25 06:14:04,1967119892956188685,False
1967119893971210246,SO20250725000330,1967119892788416539,2,443336,2025-07-25 07:13:04,1967119892956188680,2025-07-25 07:15:04,1967119892956188685,False
1967119893971210247,SO20250725000331,1967119892788416572,3,108602,2025-07-25 14:08:04,1967119892956188682,2025-07-25 14:11:04,1967119892956188682,False
1967119893971210248,SO20250725000331,1967119892788416544,1,98337,2025-07-25 14:08:04,1967119892956188682,2025-07-25 14:11:04,1967119892956188682,False
1967119893979598848,SO20250725000332,1967119892788416557,1,48093,2025-07-25 20:40:04,1967119892956188682,2025-07-25 20:54:04,1967119892956188685,False
1967119893979598849,SO20250725000332,1967119892788416555,3,19039,2025-07-25 20:40:04,1967119892956188682,2025-07-25 20:54:04,1967119892956188685,False
1967119893979598850,SO20250725000332,1967119892788416565,1,19891,2025-07-25 20:40:04,1967119892956188682,2025-07-25 20:54:04,1967119892956188685,False
1967119893979598851,SO20250725000333,1967119892788416557,1,48093,2025-07-25 02:54:04,1967119892956188685,2025-07-25 02:59:04,1967119892956188679,False
1967119893979598852,SO20250725000334,1967119892788416556,1,19157,2025-07-25 13:26:04,1967119892956188682,2025-07-25 13:30:04,1967119892956188679,False
1967119893979598853,SO20250725000334,1967119892788416589,1,1787307,2025-07-25 13:26:04,1967119892956188682,2025-07-25 13:30:04,1967119892956188679,False
1967119893979598854,SO20250725000335,1967119892788416565,3,19891,2025-07-25 21:26:04,1967119892956188678,2025-07-25 21:35:04,1967119892956188685,False
1967119893983793152,SO20250725000336,1967119892788416546,3,75999,2025-07-25 21:36:04,1967119892956188680,2025-07-25 21:37:04,1967119892956188680,False
1967119893983793153,SO20250725000336,1967119892788416564,3,27506,2025-07-25 21:36:04,1967119892956188680,2025-07-25 21:37:04,1967119892956188680,False
1967119893983793154,SO20250725000336,1967119892788416567,1,36517,2025-07-25 21:36:04,1967119892956188680,2025-07-25 21:37:04,1967119892956188680,False
1967119893987987456,SO20250725000337,1967119892788416565,1,19891,2025-07-25 10:37:04,1967119892956188682,2025-07-25 10:48:04,1967119892956188685,False
1967119893987987457,SO20250725000337,1967119892788416546,2,75999,2025-07-25 10:37:04,1967119892956188682,2025-07-25 10:48:04,1967119892956188685,False
1967119893987987458,SO20250725000338,1967119892788416556,2,19157,2025-07-25 08:05:04,1967119892956188678,2025-07-25 08:17:04,1967119892956188683,False
1967119893987987459,SO20250725000338,1967119892788416543,2,369310,2025-07-25 08:05:04,1967119892956188678,2025-07-25 08:17:04,1967119892956188683,False
1967119893987987460,SO20250725000338,1967119892788416570,2,79627,2025-07-25 08:05:04,1967119892956188678,2025-07-25 08:17:04,1967119892956188683,False
1967119893987987461,SO20250725000338,1967119892788416562,1,34607,2025-07-25 08:05:04,1967119892956188678,2025-07-25 08:17:04,1967119892956188683,False
1967119893992181760,SO20250725000339,1967119892788416544,1,98337,2025-07-25 05:42:04,1967119892956188681,2025-07-25 05:45:04,1967119892956188678,False
1967119893992181761,SO20250725000339,1967119892788416550,1,48004,2025-07-25 05:42:04,1967119892956188681,2025-07-25 05:45:04,1967119892956188678,False
1967119893992181762,SO20250725000339,1967119892788416536,2,224418,2025-07-25 05:42:04,1967119892956188681,2025-07-25 05:45:04,1967119892956188678,False
1967119893992181763,SO20250725000339,1967119892788416543,2,369310,2025-07-25 05:42:04,1967119892956188681,2025-07-25 05:45:04,1967119892956188678,False
1967119893992181764,SO20250725000340,1967119892788416553,2,41380,2025-07-25 21:19:04,1967119892956188683,2025-07-25 21:21:04,1967119892956188684,False
1967119893992181765,SO20250725000340,1967119892788416536,2,224418,2025-07-25 21:19:04,1967119892956188683,2025-07-25 21:21:04,1967119892956188684,False
1967119893992181766,SO20250725000340,1967119892788416538,3,193514,2025-07-25 21:19:04,1967119892956188683,2025-07-25 21:21:04,1967119892956188684,False
1967119893992181767,SO20250725000340,1967119892788416560,1,44744,2025-07-25 21:19:04,1967119892956188683,2025-07-25 21:21:04,1967119892956188684,False
1967119893996376064,SO20250725000341,1967119892788416555,2,19039,2025-07-25 06:04:04,1967119892956188683,2025-07-25 06:07:04,1967119892956188684,False
1967119893996376065,SO20250725000341,1967119892788416564,1,27506,2025-07-25 06:04:04,1967119892956188683,2025-07-25 06:07:04,1967119892956188684,False
1967119893996376066,SO20250725000342,1967119892788416550,3,48004,2025-07-25 15:27:04,1967119892956188684,2025-07-25 15:35:04,1967119892956188679,False
1967119893996376067,SO20250725000342,1967119892788416582,1,891870,2025-07-25 15:27:04,1967119892956188684,2025-07-25 15:35:04,1967119892956188679,False
1967119893996376068,SO20250725000342,1967119892788416541,2,205423,2025-07-25 15:27:04,1967119892956188684,2025-07-25 15:35:04,1967119892956188679,False
1967119893996376069,SO20250725000342,1967119892788416563,1,44942,2025-07-25 15:27:04,1967119892956188684,2025-07-25 15:35:04,1967119892956188679,False
1967119893996376070,SO20250726000343,1967119892788416546,1,75999,2025-07-26 06:29:04,1967119892956188683,2025-07-26 06:36:04,1967119892956188680,False
1967119893996376071,SO20250726000343,1967119892788416542,1,235309,2025-07-26 06:29:04,1967119892956188683,2025-07-26 06:36:04,1967119892956188680,False
1967119894000570368,SO20250726000344,1967119892788416542,1,235309,2025-07-26 21:03:04,1967119892956188682,2025-07-26 21:05:04,1967119892956188679,False
1967119894000570369,SO20250726000344,1967119892788416558,2,69533,2025-07-26 21:03:04,1967119892956188682,2025-07-26 21:05:04,1967119892956188679,False
1967119894004764672,SO20250726000345,1967119892788416582,1,891870,2025-07-26 22:09:04,1967119892956188682,2025-07-26 22:18:04,1967119892956188685,False
1967119894004764673,SO20250726000346,1967119892788416575,2,118557,2025-07-26 07:01:04,1967119892956188678,2025-07-26 07:09:04,1967119892956188678,False
1967119894004764674,SO20250726000346,1967119892788416561,1,21699,2025-07-26 07:01:04,1967119892956188678,2025-07-26 07:09:04,1967119892956188678,False
1967119894004764675,SO20250726000346,1967119892788416541,1,205423,2025-07-26 07:01:04,1967119892956188678,2025-07-26 07:09:04,1967119892956188678,False
1967119894004764676,SO20250726000346,1967119892788416550,1,48004,2025-07-26 07:01:04,1967119892956188678,2025-07-26 07:09:04,1967119892956188678,False
1967119894004764677,SO20250726000346,1967119892788416582,2,891870,2025-07-26 07:01:04,1967119892956188678,2025-07-26 07:09:04,1967119892956188678,False
1967119894004764678,SO20250726000347,1967119892788416538,3,193514,2025-07-26 10:00:04,1967119892956188679,2025-07-26 10:08:04,1967119892956188680,False
1967119894004764679,SO20250726000347,1967119892788416590,1,2974017,2025-07-26 10:00:04,1967119892956188679,2025-07-26 10:08:04,1967119892956188680,False
1967119894004764680,SO20250726000348,1967119892788416574,1,63691,2025-07-26 20:57:04,1967119892956188680,2025-07-26 21:06:04,1967119892956188680,False
1967119894004764681,SO20250726000348,1967119892788416581,1,275969,2025-07-26 20:57:04,1967119892956188680,2025-07-26 21:06:04,1967119892956188680,False
1967119894004764682,SO20250726000348,1967119892788416569,1,33054,2025-07-26 20:57:04,1967119892956188680,2025-07-26 21:06:04,1967119892956188680,False
1967119894004764683,SO20250726000348,1967119892788416589,1,1787307,2025-07-26 20:57:04,1967119892956188680,2025-07-26 21:06:04,1967119892956188680,False
1967119894004764684,SO20250726000348,1967119892788416578,1,114209,2025-07-26 20:57:04,1967119892956188680,2025-07-26 21:06:04,1967119892956188680,False
1967119894013153280,SO20250726000349,1967119892788416541,3,205423,2025-07-26 04:33:04,1967119892956188680,2025-07-26 04:36:04,1967119892956188685,False
1967119894013153281,SO20250726000349,1967119892788416559,2,27115,2025-07-26 04:33:04,1967119892956188680,2025-07-26 04:36:04,1967119892956188685,False
1967119894013153282,SO20250726000350,1967119892788416571,3,83847,2025-07-26 14:27:04,1967119892956188684,2025-07-26 14:42:04,1967119892956188678,False
1967119894013153283,SO20250726000350,1967119892788416558,1,69533,2025-07-26 14:27:04,1967119892956188684,2025-07-26 14:42:04,1967119892956188678,False
1967119894013153284,SO20250726000350,1967119892788416585,1,2073616,2025-07-26 14:27:04,1967119892956188684,2025-07-26 14:42:04,1967119892956188678,False
1967119894013153285,SO20250726000350,1967119892788416560,1,44744,2025-07-26 14:27:04,1967119892956188684,2025-07-26 14:42:04,1967119892956188678,False
1967119894013153286,SO20250726000351,1967119892788416538,3,193514,2025-07-26 13:28:04,1967119892956188680,2025-07-26 13:34:04,1967119892956188682,False
1967119894017347584,SO20250726000352,1967119892788416559,1,27115,2025-07-26 14:10:04,1967119892956188681,2025-07-26 14:11:04,1967119892956188680,False
1967119894017347585,SO20250726000352,1967119892788416569,2,33054,2025-07-26 14:10:04,1967119892956188681,2025-07-26 14:11:04,1967119892956188680,False
1967119894017347586,SO20250726000352,1967119892788416574,3,63691,2025-07-26 14:10:04,1967119892956188681,2025-07-26 14:11:04,1967119892956188680,False
1967119894017347587,SO20250726000353,1967119892788416551,3,62582,2025-07-26 20:04:04,1967119892956188685,2025-07-26 20:18:04,1967119892956188681,False
1967119894017347588,SO20250726000353,1967119892788416563,1,44942,2025-07-26 20:04:04,1967119892956188685,2025-07-26 20:18:04,1967119892956188681,False
1967119894021541888,SO20250726000354,1967119892788416546,2,75999,2025-07-26 02:13:04,1967119892956188684,2025-07-26 02:28:04,1967119892956188683,False
1967119894021541889,SO20250726000355,1967119892788416559,5,27115,2025-07-26 21:34:04,1967119892956188685,2025-07-26 21:38:04,1967119892956188681,False
1967119894021541890,SO20250726000355,1967119892788416558,2,69533,2025-07-26 21:34:04,1967119892956188685,2025-07-26 21:38:04,1967119892956188681,False
1967119894021541891,SO20250726000355,1967119892788416577,1,76278,2025-07-26 21:34:04,1967119892956188685,2025-07-26 21:38:04,1967119892956188681,False
1967119894021541892,SO20250726000356,1967119892788416546,3,75999,2025-07-26 12:50:04,1967119892956188681,2025-07-26 12:55:04,1967119892956188679,False
1967119894025736192,SO20250726000357,1967119892788416573,1,90061,2025-07-26 12:54:04,1967119892956188685,2025-07-26 12:55:04,1967119892956188679,False
1967119894025736193,SO20250726000357,1967119892788416583,2,788172,2025-07-26 12:54:04,1967119892956188685,2025-07-26 12:55:04,1967119892956188679,False
1967119894025736194,SO20250726000358,1967119892788416540,2,50974,2025-07-26 23:40:04,1967119892956188682,2025-07-26 23:53:04,1967119892956188680,False
1967119894029930496,SO20250726000359,1967119892788416565,5,19891,2025-07-26 21:24:04,1967119892956188683,2025-07-26 21:38:04,1967119892956188683,False
1967119894029930497,SO20250726000359,1967119892788416547,1,495825,2025-07-26 21:24:04,1967119892956188683,2025-07-26 21:38:04,1967119892956188683,False
1967119894029930498,SO20250726000359,1967119892788416542,3,235309,2025-07-26 21:24:04,1967119892956188683,2025-07-26 21:38:04,1967119892956188683,False
1967119894029930499,SO20250726000360,1967119892788416555,1,19039,2025-07-26 05:30:04,1967119892956188679,2025-07-26 05:34:04,1967119892956188682,False
1967119894029930500,SO20250726000360,1967119892788416557,5,48093,2025-07-26 05:30:04,1967119892956188679,2025-07-26 05:34:04,1967119892956188682,False
1967119894029930501,SO20250726000360,1967119892788416554,1,55663,2025-07-26 05:30:04,1967119892956188679,2025-07-26 05:34:04,1967119892956188682,False
1967119894034124800,SO20250726000361,1967119892788416582,3,891870,2025-07-26 04:45:04,1967119892956188678,2025-07-26 05:00:04,1967119892956188684,False
1967119894034124801,SO20250726000361,1967119892788416536,1,224418,2025-07-26 04:45:04,1967119892956188678,2025-07-26 05:00:04,1967119892956188684,False
1967119894034124802,SO20250726000361,1967119892788416544,2,98337,2025-07-26 04:45:04,1967119892956188678,2025-07-26 05:00:04,1967119892956188684,False
1967119894034124803,SO20250726000362,1967119892788416553,4,41380,2025-07-26 14:00:04,1967119892956188681,2025-07-26 14:02:04,1967119892956188680,False
1967119894034124804,SO20250726000362,1967119892788416556,1,19157,2025-07-26 14:00:04,1967119892956188681,2025-07-26 14:02:04,1967119892956188680,False
1967119894038319104,SO20250726000363,1967119892788416568,1,117335,2025-07-26 01:14:04,1967119892956188678,2025-07-26 01:21:04,1967119892956188681,False
1967119894038319105,SO20250726000363,1967119892788416557,1,48093,2025-07-26 01:14:04,1967119892956188678,2025-07-26 01:21:04,1967119892956188681,False
1967119894042513408,SO20250726000364,1967119892788416561,1,21699,2025-07-26 21:50:04,1967119892956188685,2025-07-26 21:58:04,1967119892956188679,False
1967119894042513409,SO20250726000364,1967119892788416543,3,369310,2025-07-26 21:50:04,1967119892956188685,2025-07-26 21:58:04,1967119892956188679,False
1967119894042513410,SO20250726000364,1967119892788416570,2,79627,2025-07-26 21:50:04,1967119892956188685,2025-07-26 21:58:04,1967119892956188679,False
1967119894042513411,SO20250727000365,1967119892788416547,3,495825,2025-07-27 04:57:04,1967119892956188682,2025-07-27 04:58:04,1967119892956188683,False
1967119894042513412,SO20250727000365,1967119892788416571,1,83847,2025-07-27 04:57:04,1967119892956188682,2025-07-27 04:58:04,1967119892956188683,False
1967119894046707712,SO20250727000366,1967119892788416569,1,33054,2025-07-27 14:23:04,1967119892956188685,2025-07-27 14:26:04,1967119892956188683,False
1967119894046707713,SO20250727000366,1967119892788416578,1,114209,2025-07-27 14:23:04,1967119892956188685,2025-07-27 14:26:04,1967119892956188683,False
1967119894046707714,SO20250727000366,1967119892788416541,3,205423,2025-07-27 14:23:04,1967119892956188685,2025-07-27 14:26:04,1967119892956188683,False
1967119894046707715,SO20250727000367,1967119892788416542,3,235309,2025-07-27 14:00:04,1967119892956188679,2025-07-27 14:07:04,1967119892956188684,False
1967119894046707716,SO20250727000367,1967119892788416536,1,224418,2025-07-27 14:00:04,1967119892956188679,2025-07-27 14:07:04,1967119892956188684,False
1967119894046707717,SO20250727000368,1967119892788416551,2,62582,2025-07-27 03:30:04,1967119892956188681,2025-07-27 03:44:04,1967119892956188683,False
1967119894046707718,SO20250727000368,1967119892788416564,1,27506,2025-07-27 03:30:04,1967119892956188681,2025-07-27 03:44:04,1967119892956188683,False
1967119894046707719,SO20250727000369,1967119892788416542,1,235309,2025-07-27 10:57:04,1967119892956188681,2025-07-27 11:01:04,1967119892956188678,False
1967119894046707720,SO20250727000369,1967119892788416547,1,495825,2025-07-27 10:57:04,1967119892956188681,2025-07-27 11:01:04,1967119892956188678,False
1967119894046707721,SO20250727000369,1967119892788416557,1,48093,2025-07-27 10:57:04,1967119892956188681,2025-07-27 11:01:04,1967119892956188678,False
1967119894050902016,SO20250727000370,1967119892788416547,1,495825,2025-07-27 19:36:04,1967119892956188679,2025-07-27 19:44:04,1967119892956188683,False
1967119894050902017,SO20250727000370,1967119892788416556,1,19157,2025-07-27 19:36:04,1967119892956188679,2025-07-27 19:44:04,1967119892956188683,False
1967119894050902018,SO20250727000370,1967119892788416573,1,90061,2025-07-27 19:36:04,1967119892956188679,2025-07-27 19:44:04,1967119892956188683,False
1967119894050902019,SO20250727000370,1967119892788416557,1,48093,2025-07-27 19:36:04,1967119892956188679,2025-07-27 19:44:04,1967119892956188683,False
1967119894050902020,SO20250727000371,1967119892788416540,3,50974,2025-07-27 03:13:04,1967119892956188684,2025-07-27 03:17:04,1967119892956188681,False
1967119894050902021,SO20250727000371,1967119892788416569,4,33054,2025-07-27 03:13:04,1967119892956188684,2025-07-27 03:17:04,1967119892956188681,False
1967119894055096320,SO20250727000372,1967119892788416562,3,34607,2025-07-27 05:58:04,1967119892956188684,2025-07-27 06:09:04,1967119892956188684,False
1967119894055096321,SO20250727000372,1967119892788416553,1,41380,2025-07-27 05:58:04,1967119892956188684,2025-07-27 06:09:04,1967119892956188684,False
1967119894055096322,SO20250727000372,1967119892788416570,4,79627,2025-07-27 05:58:04,1967119892956188684,2025-07-27 06:09:04,1967119892956188684,False
1967119894055096323,SO20250727000372,1967119892788416556,1,19157,2025-07-27 05:58:04,1967119892956188684,2025-07-27 06:09:04,1967119892956188684,False
1967119894055096324,SO20250727000373,1967119892788416587,1,2015853,2025-07-27 16:12:04,1967119892956188683,2025-07-27 16:17:04,1967119892956188684,False
1967119894055096325,SO20250727000373,1967119892788416573,2,90061,2025-07-27 16:12:04,1967119892956188683,2025-07-27 16:17:04,1967119892956188684,False
1967119894055096326,SO20250727000373,1967119892788416543,1,369310,2025-07-27 16:12:04,1967119892956188683,2025-07-27 16:17:04,1967119892956188684,False
1967119894055096327,SO20250727000373,1967119892788416565,1,19891,2025-07-27 16:12:04,1967119892956188683,2025-07-27 16:17:04,1967119892956188684,False
1967119894055096328,SO20250727000373,1967119892788416581,1,275969,2025-07-27 16:12:04,1967119892956188683,2025-07-27 16:17:04,1967119892956188684,False
1967119894059290624,SO20250727000374,1967119892788416568,2,117335,2025-07-27 15:47:04,1967119892956188681,2025-07-27 15:55:04,1967119892956188683,False
1967119894059290625,SO20250727000374,1967119892788416550,3,48004,2025-07-27 15:47:04,1967119892956188681,2025-07-27 15:55:04,1967119892956188683,False
1967119894059290626,SO20250727000375,1967119892788416565,2,19891,2025-07-27 12:40:04,1967119892956188681,2025-07-27 12:41:04,1967119892956188680,False
1967119894059290627,SO20250727000375,1967119892788416542,2,235309,2025-07-27 12:40:04,1967119892956188681,2025-07-27 12:41:04,1967119892956188680,False
1967119894063484928,SO20250728000376,1967119892788416559,2,27115,2025-07-28 14:34:04,1967119892956188683,2025-07-28 14:44:04,1967119892956188678,False
1967119894063484929,SO20250728000376,1967119892788416563,1,44942,2025-07-28 14:34:04,1967119892956188683,2025-07-28 14:44:04,1967119892956188678,False
1967119894063484930,SO20250728000376,1967119892788416555,1,19039,2025-07-28 14:34:04,1967119892956188683,2025-07-28 14:44:04,1967119892956188678,False
1967119894063484931,SO20250728000377,1967119892788416564,1,27506,2025-07-28 01:53:04,1967119892956188684,2025-07-28 01:55:04,1967119892956188678,False
1967119894063484932,SO20250728000377,1967119892788416556,2,19157,2025-07-28 01:53:04,1967119892956188684,2025-07-28 01:55:04,1967119892956188678,False
1967119894063484933,SO20250728000377,1967119892788416541,1,205423,2025-07-28 01:53:04,1967119892956188684,2025-07-28 01:55:04,1967119892956188678,False
1967119894063484934,SO20250728000377,1967119892788416555,1,19039,2025-07-28 01:53:04,1967119892956188684,2025-07-28 01:55:04,1967119892956188678,False
1967119894067679232,SO20250728000378,1967119892788416538,1,193514,2025-07-28 07:10:04,1967119892956188684,2025-07-28 07:12:04,1967119892956188680,False
1967119894067679233,SO20250728000379,1967119892788416570,1,79627,2025-07-28 03:09:04,1967119892956188682,2025-07-28 03:17:04,1967119892956188684,False
1967119894067679234,SO20250728000379,1967119892788416555,2,19039,2025-07-28 03:09:04,1967119892956188682,2025-07-28 03:17:04,1967119892956188684,False
1967119894067679235,SO20250728000379,1967119892788416536,2,224418,2025-07-28 03:09:04,1967119892956188682,2025-07-28 03:17:04,1967119892956188684,False
1967119894067679236,SO20250728000379,1967119892788416547,1,495825,2025-07-28 03:09:04,1967119892956188682,2025-07-28 03:17:04,1967119892956188684,False
1967119894071873536,SO20250728000380,1967119892788416567,1,36517,2025-07-28 15:13:04,1967119892956188679,2025-07-28 15:25:04,1967119892956188685,False
1967119894071873537,SO20250728000380,1967119892788416539,2,443336,2025-07-28 15:13:04,1967119892956188679,2025-07-28 15:25:04,1967119892956188685,False
1967119894076067840,SO20250729000381,1967119892788416544,3,98337,2025-07-29 08:51:04,1967119892956188680,2025-07-29 08:54:04,1967119892956188678,False
1967119894076067841,SO20250729000381,1967119892788416581,1,275969,2025-07-29 08:51:04,1967119892956188680,2025-07-29 08:54:04,1967119892956188678,False
1967119894076067842,SO20250729000382,1967119892788416554,5,55663,2025-07-29 19:14:04,1967119892956188683,2025-07-29 19:27:04,1967119892956188685,False
1967119894076067843,SO20250729000382,1967119892788416562,1,34607,2025-07-29 19:14:04,1967119892956188683,2025-07-29 19:27:04,1967119892956188685,False
1967119894076067844,SO20250729000382,1967119892788416582,1,891870,2025-07-29 19:14:04,1967119892956188683,2025-07-29 19:27:04,1967119892956188685,False
1967119894076067845,SO20250729000383,1967119892788416551,1,62582,2025-07-29 03:48:04,1967119892956188684,2025-07-29 04:02:04,1967119892956188683,False
1967119894076067846,SO20250729000384,1967119892788416551,4,62582,2025-07-29 09:39:04,1967119892956188685,2025-07-29 09:50:04,1967119892956188683,False
1967119894080262144,SO20250729000385,1967119892788416557,1,48093,2025-07-29 12:46:04,1967119892956188684,2025-07-29 12:58:04,1967119892956188682,False
1967119894080262145,SO20250729000385,1967119892788416537,3,55424,2025-07-29 12:46:04,1967119892956188684,2025-07-29 12:58:04,1967119892956188682,False
1967119894080262146,SO20250729000386,1967119892788416542,1,235309,2025-07-29 08:45:04,1967119892956188680,2025-07-29 08:48:04,1967119892956188680,False
1967119894080262147,SO20250729000386,1967119892788416553,2,41380,2025-07-29 08:45:04,1967119892956188680,2025-07-29 08:48:04,1967119892956188680,False
1967119894084456448,SO20250729000387,1967119892788416551,1,62582,2025-07-29 04:47:04,1967119892956188678,2025-07-29 04:48:04,1967119892956188684,False
1967119894084456449,SO20250730000388,1967119892788416569,2,33054,2025-07-30 20:04:04,1967119892956188685,2025-07-30 20:10:04,1967119892956188683,False
1967119894084456450,SO20250730000388,1967119892788416537,3,55424,2025-07-30 20:04:04,1967119892956188685,2025-07-30 20:10:04,1967119892956188683,False
1967119894088650752,SO20250730000389,1967119892788416544,1,98337,2025-07-30 08:41:04,1967119892956188681,2025-07-30 08:47:04,1967119892956188680,False
1967119894088650753,SO20250730000389,1967119892788416536,1,224418,2025-07-30 08:41:04,1967119892956188681,2025-07-30 08:47:04,1967119892956188680,False
1967119894088650754,SO20250730000389,1967119892788416581,1,275969,2025-07-30 08:41:04,1967119892956188681,2025-07-30 08:47:04,1967119892956188680,False
1967119894088650755,SO20250730000389,1967119892788416551,1,62582,2025-07-30 08:41:04,1967119892956188681,2025-07-30 08:47:04,1967119892956188680,False
1967119894088650756,SO20250730000389,1967119892788416573,3,90061,2025-07-30 08:41:04,1967119892956188681,2025-07-30 08:47:04,1967119892956188680,False
1967119894088650757,SO20250730000390,1967119892788416577,3,76278,2025-07-30 15:41:04,1967119892956188678,2025-07-30 15:46:04,1967119892956188682,False
1967119894092845056,SO20250730000391,1967119892788416566,1,34445,2025-07-30 20:38:04,1967119892956188684,2025-07-30 20:41:04,1967119892956188684,False
1967119894092845057,SO20250730000391,1967119892788416543,2,369310,2025-07-30 20:38:04,1967119892956188684,2025-07-30 20:41:04,1967119892956188684,False
1967119894092845058,SO20250730000391,1967119892788416572,2,108602,2025-07-30 20:38:04,1967119892956188684,2025-07-30 20:41:04,1967119892956188684,False
1967119894092845059,SO20250730000392,1967119892788416543,3,369310,2025-07-30 05:12:04,1967119892956188685,2025-07-30 05:25:04,1967119892956188682,False
1967119894092845060,SO20250730000392,1967119892788416568,1,117335,2025-07-30 05:12:04,1967119892956188685,2025-07-30 05:25:04,1967119892956188682,False
1967119894097039360,SO20250731000393,1967119892788416546,3,75999,2025-07-31 07:16:04,1967119892956188682,2025-07-31 07:21:04,1967119892956188685,False
1967119894097039361,SO20250731000393,1967119892788416564,3,27506,2025-07-31 07:16:04,1967119892956188682,2025-07-31 07:21:04,1967119892956188685,False
1967119894097039362,SO20250731000394,1967119892788416538,3,193514,2025-07-31 14:54:04,1967119892956188682,2025-07-31 15:03:04,1967119892956188680,False
1967119894097039363,SO20250731000394,1967119892788416580,1,1478947,2025-07-31 14:54:04,1967119892956188682,2025-07-31 15:03:04,1967119892956188680,False
1967119894097039364,SO20250731000394,1967119892788416560,1,44744,2025-07-31 14:54:04,1967119892956188682,2025-07-31 15:03:04,1967119892956188680,False
1967119894097039365,SO20250731000394,1967119892788416567,2,36517,2025-07-31 14:54:04,1967119892956188682,2025-07-31 15:03:04,1967119892956188680,False
1967119894101233664,SO20250731000395,1967119892788416560,1,44744,2025-07-31 04:54:04,1967119892956188680,2025-07-31 05:00:04,1967119892956188678,False
1967119894101233665,SO20250731000395,1967119892788416559,1,27115,2025-07-31 04:54:04,1967119892956188680,2025-07-31 05:00:04,1967119892956188678,False
1967119894101233666,SO20250731000396,1967119892788416537,1,55424,2025-07-31 14:48:04,1967119892956188681,2025-07-31 14:49:04,1967119892956188679,False
1967119894101233667,SO20250731000396,1967119892788416558,2,69533,2025-07-31 14:48:04,1967119892956188681,2025-07-31 14:49:04,1967119892956188679,False
1967119894101233668,SO20250731000396,1967119892788416561,1,21699,2025-07-31 14:48:04,1967119892956188681,2025-07-31 14:49:04,1967119892956188679,False
1967119894101233669,SO20250731000396,1967119892788416584,5,59089,2025-07-31 14:48:04,1967119892956188681,2025-07-31 14:49:04,1967119892956188679,False
1967119894105427968,SO20250731000397,1967119892788416553,1,41380,2025-07-31 08:28:04,1967119892956188682,2025-07-31 08:35:04,1967119892956188678,False
1967119894105427969,SO20250731000398,1967119892788416560,1,44744,2025-07-31 21:44:04,1967119892956188678,2025-07-31 21:56:04,1967119892956188685,False
1967119894105427970,SO20250731000398,1967119892788416544,3,98337,2025-07-31 21:44:04,1967119892956188678,2025-07-31 21:56:04,1967119892956188685,False
1967119894105427971,SO20250731000398,1967119892788416573,2,90061,2025-07-31 21:44:04,1967119892956188678,2025-07-31 21:56:04,1967119892956188685,False
1967119894109622272,SO20250731000399,1967119892788416553,1,41380,2025-07-31 15:05:04,1967119892956188683,2025-07-31 15:20:04,1967119892956188678,False
1967119894109622273,SO20250731000399,1967119892788416550,3,48004,2025-07-31 15:05:04,1967119892956188683,2025-07-31 15:20:04,1967119892956188678,False
1967119894109622274,SO20250731000399,1967119892788416545,3,93757,2025-07-31 15:05:04,1967119892956188683,2025-07-31 15:20:04,1967119892956188678,False
1967119894109622275,SO20250731000400,1967119892788416541,1,205423,2025-07-31 14:09:04,1967119892956188679,2025-07-31 14:18:04,1967119892956188681,False
1967119894109622276,SO20250731000400,1967119892788416578,1,114209,2025-07-31 14:09:04,1967119892956188679,2025-07-31 14:18:04,1967119892956188681,False
1967119894113816576,SO20250731000401,1967119892788416543,1,369310,2025-07-31 05:43:04,1967119892956188680,2025-07-31 05:54:04,1967119892956188685,False
1967119894113816577,SO20250731000401,1967119892788416553,1,41380,2025-07-31 05:43:04,1967119892956188680,2025-07-31 05:54:04,1967119892956188685,False
1967119894113816578,SO20250731000402,1967119892788416546,3,75999,2025-07-31 08:43:04,1967119892956188685,2025-07-31 08:53:04,1967119892956188683,False
1967119894113816579,SO20250731000402,1967119892788416563,1,44942,2025-07-31 08:43:04,1967119892956188685,2025-07-31 08:53:04,1967119892956188683,False
1967119894113816580,SO20250731000402,1967119892788416582,3,891870,2025-07-31 08:43:04,1967119892956188685,2025-07-31 08:53:04,1967119892956188683,False
1967119894113816581,SO20250731000402,1967119892788416581,4,275969,2025-07-31 08:43:04,1967119892956188685,2025-07-31 08:53:04,1967119892956188683,False
1967119894113816582,SO20250731000402,1967119892788416547,3,495825,2025-07-31 08:43:04,1967119892956188685,2025-07-31 08:53:04,1967119892956188683,False
1967119894113816583,SO20250731000403,1967119892788416558,3,69533,2025-07-31 16:36:04,1967119892956188685,2025-07-31 16:37:04,1967119892956188680,False
1967119894113816584,SO20250731000403,1967119892788416547,3,495825,2025-07-31 16:36:04,1967119892956188685,2025-07-31 16:37:04,1967119892956188680,False
1967119894113816585,SO20250731000403,1967119892788416551,3,62582,2025-07-31 16:36:04,1967119892956188685,2025-07-31 16:37:04,1967119892956188680,False
1967119894118010880,SO20250731000404,1967119892788416552,1,65834,2025-07-31 00:59:04,1967119892956188680,2025-07-31 01:00:04,1967119892956188678,False
1967119894118010881,SO20250801000405,1967119892788416558,2,69533,2025-08-01 11:34:04,1967119892956188684,2025-08-01 11:46:04,1967119892956188683,False
1967119894118010882,SO20250801000405,1967119892788416555,2,19039,2025-08-01 11:34:04,1967119892956188684,2025-08-01 11:46:04,1967119892956188683,False
1967119894122205184,SO20250801000406,1967119892788416538,1,193514,2025-08-01 12:28:04,1967119892956188683,2025-08-01 12:37:04,1967119892956188684,False
1967119894122205185,SO20250801000406,1967119892788416563,1,44942,2025-08-01 12:28:04,1967119892956188683,2025-08-01 12:37:04,1967119892956188684,False
1967119894122205186,SO20250801000407,1967119892788416577,4,76278,2025-08-01 18:50:04,1967119892956188680,2025-08-01 18:54:04,1967119892956188685,False
1967119894122205187,SO20250801000407,1967119892788416545,2,93757,2025-08-01 18:50:04,1967119892956188680,2025-08-01 18:54:04,1967119892956188685,False
1967119894122205188,SO20250801000407,1967119892788416562,3,34607,2025-08-01 18:50:04,1967119892956188680,2025-08-01 18:54:04,1967119892956188685,False
1967119894122205189,SO20250801000408,1967119892788416551,1,62582,2025-08-01 15:13:04,1967119892956188680,2025-08-01 15:26:04,1967119892956188685,False
1967119894122205190,SO20250801000408,1967119892788416562,1,34607,2025-08-01 15:13:04,1967119892956188680,2025-08-01 15:26:04,1967119892956188685,False
1967119894122205191,SO20250801000408,1967119892788416556,1,19157,2025-08-01 15:13:04,1967119892956188680,2025-08-01 15:26:04,1967119892956188685,False
1967119894126399488,SO20250801000409,1967119892788416559,1,27115,2025-08-01 21:10:04,1967119892956188679,2025-08-01 21:16:04,1967119892956188680,False
1967119894126399489,SO20250801000409,1967119892788416578,1,114209,2025-08-01 21:10:04,1967119892956188679,2025-08-01 21:16:04,1967119892956188680,False
1967119894126399490,SO20250801000410,1967119892788416546,2,75999,2025-08-01 08:35:04,1967119892956188680,2025-08-01 08:50:04,1967119892956188681,False
1967119894126399491,SO20250801000410,1967119892788416547,3,495825,2025-08-01 08:35:04,1967119892956188680,2025-08-01 08:50:04,1967119892956188681,False
1967119894130593792,SO20250801000411,1967119892788416541,2,205423,2025-08-01 09:38:04,1967119892956188685,2025-08-01 09:40:04,1967119892956188685,False
1967119894130593793,SO20250801000411,1967119892788416564,1,27506,2025-08-01 09:38:04,1967119892956188685,2025-08-01 09:40:04,1967119892956188685,False
1967119894130593794,SO20250801000411,1967119892788416582,1,891870,2025-08-01 09:38:04,1967119892956188685,2025-08-01 09:40:04,1967119892956188685,False
1967119894130593795,SO20250801000411,1967119892788416537,3,55424,2025-08-01 09:38:04,1967119892956188685,2025-08-01 09:40:04,1967119892956188685,False
1967119894130593796,SO20250801000412,1967119892788416545,1,93757,2025-08-01 04:24:04,1967119892956188683,2025-08-01 04:34:04,1967119892956188683,False
1967119894130593797,SO20250801000412,1967119892788416550,3,48004,2025-08-01 04:24:04,1967119892956188683,2025-08-01 04:34:04,1967119892956188683,False
1967119894130593798,SO20250801000412,1967119892788416560,2,44744,2025-08-01 04:24:04,1967119892956188683,2025-08-01 04:34:04,1967119892956188683,False
1967119894130593799,SO20250801000412,1967119892788416551,3,62582,2025-08-01 04:24:04,1967119892956188683,2025-08-01 04:34:04,1967119892956188683,False
1967119894134788096,SO20250801000413,1967119892788416550,1,48004,2025-08-01 04:59:04,1967119892956188684,2025-08-01 05:03:04,1967119892956188685,False
1967119894134788097,SO20250801000413,1967119892788416546,3,75999,2025-08-01 04:59:04,1967119892956188684,2025-08-01 05:03:04,1967119892956188685,False
1967119894134788098,SO20250801000413,1967119892788416541,2,205423,2025-08-01 04:59:04,1967119892956188684,2025-08-01 05:03:04,1967119892956188685,False
1967119894134788099,SO20250801000413,1967119892788416569,1,33054,2025-08-01 04:59:04,1967119892956188684,2025-08-01 05:03:04,1967119892956188685,False
1967119894134788100,SO20250801000413,1967119892788416564,1,27506,2025-08-01 04:59:04,1967119892956188684,2025-08-01 05:03:04,1967119892956188685,False
1967119894134788101,SO20250801000414,1967119892788416585,1,2073616,2025-08-01 21:14:04,1967119892956188681,2025-08-01 21:27:04,1967119892956188682,False
1967119894138982400,SO20250801000415,1967119892788416564,2,27506,2025-08-01 23:19:04,1967119892956188682,2025-08-01 23:33:04,1967119892956188681,False
1967119894138982401,SO20250801000416,1967119892788416547,1,495825,2025-08-01 13:44:04,1967119892956188685,2025-08-01 13:55:04,1967119892956188681,False
1967119894138982402,SO20250801000416,1967119892788416568,4,117335,2025-08-01 13:44:04,1967119892956188685,2025-08-01 13:55:04,1967119892956188681,False
1967119894138982403,SO20250801000416,1967119892788416536,3,224418,2025-08-01 13:44:04,1967119892956188685,2025-08-01 13:55:04,1967119892956188681,False
1967119894138982404,SO20250801000416,1967119892788416541,1,205423,2025-08-01 13:44:04,1967119892956188685,2025-08-01 13:55:04,1967119892956188681,False
1967119894143176704,SO20250801000417,1967119892788416563,1,44942,2025-08-01 20:00:04,1967119892956188682,2025-08-01 20:05:04,1967119892956188681,False
1967119894143176705,SO20250801000417,1967119892788416548,4,69868,2025-08-01 20:00:04,1967119892956188682,2025-08-01 20:05:04,1967119892956188681,False
1967119894143176706,SO20250801000417,1967119892788416538,1,193514,2025-08-01 20:00:04,1967119892956188682,2025-08-01 20:05:04,1967119892956188681,False
1967119894147371008,SO20250801000418,1967119892788416543,2,369310,2025-08-01 07:24:04,1967119892956188684,2025-08-01 07:25:04,1967119892956188681,False
1967119894147371009,SO20250801000418,1967119892788416546,2,75999,2025-08-01 07:24:04,1967119892956188684,2025-08-01 07:25:04,1967119892956188681,False
1967119894147371010,SO20250801000419,1967119892788416539,3,443336,2025-08-01 16:16:04,1967119892956188684,2025-08-01 16:24:04,1967119892956188683,False
1967119894147371011,SO20250801000419,1967119892788416551,2,62582,2025-08-01 16:16:04,1967119892956188684,2025-08-01 16:24:04,1967119892956188683,False
1967119894147371012,SO20250801000419,1967119892788416553,1,41380,2025-08-01 16:16:04,1967119892956188684,2025-08-01 16:24:04,1967119892956188683,False
1967119894147371013,SO20250801000419,1967119892788416546,2,75999,2025-08-01 16:16:04,1967119892956188684,2025-08-01 16:24:04,1967119892956188683,False
1967119894147371014,SO20250801000420,1967119892788416538,1,193514,2025-08-01 03:58:04,1967119892956188684,2025-08-01 04:11:04,1967119892956188681,False
1967119894147371015,SO20250801000420,1967119892788416561,1,21699,2025-08-01 03:58:04,1967119892956188684,2025-08-01 04:11:04,1967119892956188681,False
1967119894147371016,SO20250801000420,1967119892788416579,5,1232489,2025-08-01 03:58:04,1967119892956188684,2025-08-01 04:11:04,1967119892956188681,False
1967119894147371017,SO20250801000420,1967119892788416548,1,69868,2025-08-01 03:58:04,1967119892956188684,2025-08-01 04:11:04,1967119892956188681,False
1967119894155759616,SO20250801000421,1967119892788416562,5,34607,2025-08-01 08:33:04,1967119892956188683,2025-08-01 08:35:04,1967119892956188682,False
1967119894155759617,SO20250801000421,1967119892788416574,1,63691,2025-08-01 08:33:04,1967119892956188683,2025-08-01 08:35:04,1967119892956188682,False
1967119894155759618,SO20250801000421,1967119892788416557,1,48093,2025-08-01 08:33:04,1967119892956188683,2025-08-01 08:35:04,1967119892956188682,False
1967119894155759619,SO20250801000422,1967119892788416537,3,55424,2025-08-01 08:56:04,1967119892956188681,2025-08-01 09:10:04,1967119892956188679,False
1967119894155759620,SO20250801000422,1967119892788416550,1,48004,2025-08-01 08:56:04,1967119892956188681,2025-08-01 09:10:04,1967119892956188679,False
1967119894155759621,SO20250801000422,1967119892788416581,3,275969,2025-08-01 08:56:04,1967119892956188681,2025-08-01 09:10:04,1967119892956188679,False
1967119894155759622,SO20250801000423,1967119892788416550,1,48004,2025-08-01 08:07:04,1967119892956188682,2025-08-01 08:15:04,1967119892956188683,False
1967119894155759623,SO20250801000423,1967119892788416560,2,44744,2025-08-01 08:07:04,1967119892956188682,2025-08-01 08:15:04,1967119892956188683,False
1967119894155759624,SO20250801000424,1967119892788416554,1,55663,2025-08-01 00:33:04,1967119892956188678,2025-08-01 00:36:04,1967119892956188679,False
1967119894159953920,SO20250801000425,1967119892788416547,3,495825,2025-08-01 09:04:04,1967119892956188680,2025-08-01 09:07:04,1967119892956188683,False
1967119894164148224,SO20250801000426,1967119892788416557,1,48093,2025-08-01 13:38:04,1967119892956188681,2025-08-01 13:46:04,1967119892956188681,False
1967119894164148225,SO20250801000427,1967119892788416557,4,48093,2025-08-01 17:17:04,1967119892956188679,2025-08-01 17:27:04,1967119892956188679,False
1967119894164148226,SO20250801000428,1967119892788416565,4,19891,2025-08-01 21:26:04,1967119892956188683,2025-08-01 21:41:04,1967119892956188680,False
1967119894164148227,SO20250801000428,1967119892788416560,1,44744,2025-08-01 21:26:04,1967119892956188683,2025-08-01 21:41:04,1967119892956188680,False
1967119894164148228,SO20250801000428,1967119892788416538,3,193514,2025-08-01 21:26:04,1967119892956188683,2025-08-01 21:41:04,1967119892956188680,False
1967119894168342528,SO20250801000429,1967119892788416550,3,48004,2025-08-01 01:27:04,1967119892956188685,2025-08-01 01:38:04,1967119892956188678,False
1967119894168342529,SO20250801000429,1967119892788416586,1,2202564,2025-08-01 01:27:04,1967119892956188685,2025-08-01 01:38:04,1967119892956188678,False
1967119894168342530,SO20250801000429,1967119892788416563,2,44942,2025-08-01 01:27:04,1967119892956188685,2025-08-01 01:38:04,1967119892956188678,False
1967119894168342531,SO20250801000429,1967119892788416574,3,63691,2025-08-01 01:27:04,1967119892956188685,2025-08-01 01:38:04,1967119892956188678,False
1967119894172536832,SO20250801000430,1967119892788416547,2,495825,2025-08-01 12:00:04,1967119892956188683,2025-08-01 12:02:04,1967119892956188685,False
1967119894172536833,SO20250801000430,1967119892788416566,1,34445,2025-08-01 12:00:04,1967119892956188683,2025-08-01 12:02:04,1967119892956188685,False
1967119894172536834,SO20250801000430,1967119892788416557,1,48093,2025-08-01 12:00:04,1967119892956188683,2025-08-01 12:02:04,1967119892956188685,False
1967119894172536835,SO20250801000431,1967119892788416573,1,90061,2025-08-01 10:11:04,1967119892956188685,2025-08-01 10:20:04,1967119892956188682,False
1967119894172536836,SO20250801000431,1967119892788416561,1,21699,2025-08-01 10:11:04,1967119892956188685,2025-08-01 10:20:04,1967119892956188682,False
1967119894172536837,SO20250801000431,1967119892788416581,1,275969,2025-08-01 10:11:04,1967119892956188685,2025-08-01 10:20:04,1967119892956188682,False
1967119894172536838,SO20250801000432,1967119892788416557,2,48093,2025-08-01 11:23:04,1967119892956188678,2025-08-01 11:29:04,1967119892956188678,False
1967119894176731136,SO20250801000433,1967119892788416572,1,108602,2025-08-01 19:54:04,1967119892956188681,2025-08-01 19:59:04,1967119892956188678,False
1967119894180925440,SO20250802000434,1967119892788416556,1,19157,2025-08-02 09:14:04,1967119892956188685,2025-08-02 09:18:04,1967119892956188678,False
1967119894180925441,SO20250802000434,1967119892788416564,1,27506,2025-08-02 09:14:04,1967119892956188685,2025-08-02 09:18:04,1967119892956188678,False
1967119894180925442,SO20250802000434,1967119892788416583,2,788172,2025-08-02 09:14:04,1967119892956188685,2025-08-02 09:18:04,1967119892956188678,False
1967119894180925443,SO20250802000434,1967119892788416552,1,65834,2025-08-02 09:14:04,1967119892956188685,2025-08-02 09:18:04,1967119892956188678,False
1967119894180925444,SO20250802000435,1967119892788416561,1,21699,2025-08-02 10:20:04,1967119892956188678,2025-08-02 10:32:04,1967119892956188685,False
1967119894180925445,SO20250802000436,1967119892788416541,1,205423,2025-08-02 10:36:04,1967119892956188684,2025-08-02 10:49:04,1967119892956188679,False
1967119894180925446,SO20250802000436,1967119892788416562,2,34607,2025-08-02 10:36:04,1967119892956188684,2025-08-02 10:49:04,1967119892956188679,False
1967119894180925447,SO20250802000436,1967119892788416569,2,33054,2025-08-02 10:36:04,1967119892956188684,2025-08-02 10:49:04,1967119892956188679,False
1967119894180925448,SO20250802000436,1967119892788416568,2,117335,2025-08-02 10:36:04,1967119892956188684,2025-08-02 10:49:04,1967119892956188679,False
1967119894185119744,SO20250802000437,1967119892788416539,2,443336,2025-08-02 04:01:04,1967119892956188681,2025-08-02 04:08:04,1967119892956188684,False
1967119894185119745,SO20250802000437,1967119892788416555,2,19039,2025-08-02 04:01:04,1967119892956188681,2025-08-02 04:08:04,1967119892956188684,False
1967119894185119746,SO20250802000437,1967119892788416564,1,27506,2025-08-02 04:01:04,1967119892956188681,2025-08-02 04:08:04,1967119892956188684,False
1967119894185119747,SO20250802000437,1967119892788416581,1,275969,2025-08-02 04:01:04,1967119892956188681,2025-08-02 04:08:04,1967119892956188684,False
1967119894185119748,SO20250802000438,1967119892788416581,2,275969,2025-08-02 05:21:04,1967119892956188679,2025-08-02 05:34:04,1967119892956188680,False
1967119894185119749,SO20250802000438,1967119892788416560,1,44744,2025-08-02 05:21:04,1967119892956188679,2025-08-02 05:34:04,1967119892956188680,False
1967119894185119750,SO20250802000438,1967119892788416544,1,98337,2025-08-02 05:21:04,1967119892956188679,2025-08-02 05:34:04,1967119892956188680,False
1967119894185119751,SO20250802000438,1967119892788416557,1,48093,2025-08-02 05:21:04,1967119892956188679,2025-08-02 05:34:04,1967119892956188680,False
1967119894185119752,SO20250802000438,1967119892788416538,3,193514,2025-08-02 05:21:04,1967119892956188679,2025-08-02 05:34:04,1967119892956188680,False
1967119894185119753,SO20250802000438,1967119892788416536,3,224418,2025-08-02 05:21:04,1967119892956188679,2025-08-02 05:34:04,1967119892956188680,False
1967119894189314048,SO20250802000439,1967119892788416564,2,27506,2025-08-02 07:52:04,1967119892956188678,2025-08-02 07:54:04,1967119892956188680,False
1967119894189314049,SO20250802000439,1967119892788416557,1,48093,2025-08-02 07:52:04,1967119892956188678,2025-08-02 07:54:04,1967119892956188680,False
1967119894189314050,SO20250802000440,1967119892788416563,1,44942,2025-08-02 06:06:04,1967119892956188678,2025-08-02 06:18:04,1967119892956188685,False
1967119894189314051,SO20250802000440,1967119892788416570,1,79627,2025-08-02 06:06:04,1967119892956188678,2025-08-02 06:18:04,1967119892956188685,False
1967119894193508352,SO20250802000441,1967119892788416538,2,193514,2025-08-02 07:56:04,1967119892956188678,2025-08-02 08:06:04,1967119892956188684,False
1967119894193508353,SO20250802000442,1967119892788416548,2,69868,2025-08-02 08:27:04,1967119892956188685,2025-08-02 08:36:04,1967119892956188683,False
1967119894193508354,SO20250802000442,1967119892788416556,1,19157,2025-08-02 08:27:04,1967119892956188685,2025-08-02 08:36:04,1967119892956188683,False
1967119894193508355,SO20250802000442,1967119892788416563,1,44942,2025-08-02 08:27:04,1967119892956188685,2025-08-02 08:36:04,1967119892956188683,False
1967119894193508356,SO20250802000442,1967119892788416583,1,788172,2025-08-02 08:27:04,1967119892956188685,2025-08-02 08:36:04,1967119892956188683,False
1967119894197702656,SO20250802000443,1967119892788416565,1,19891,2025-08-02 19:16:04,1967119892956188679,2025-08-02 19:17:04,1967119892956188685,False
1967119894197702657,SO20250802000444,1967119892788416542,2,235309,2025-08-02 03:32:04,1967119892956188681,2025-08-02 03:34:04,1967119892956188679,False
1967119894197702658,SO20250802000445,1967119892788416584,3,59089,2025-08-02 07:11:04,1967119892956188680,2025-08-02 07:17:04,1967119892956188685,False
1967119894201896960,SO20250802000446,1967119892788416561,2,21699,2025-08-02 10:48:04,1967119892956188681,2025-08-02 10:50:04,1967119892956188681,False
1967119894201896961,SO20250802000447,1967119892788416573,2,90061,2025-08-02 18:03:04,1967119892956188680,2025-08-02 18:11:04,1967119892956188678,False
1967119894201896962,SO20250802000447,1967119892788416543,2,369310,2025-08-02 18:03:04,1967119892956188680,2025-08-02 18:11:04,1967119892956188678,False
1967119894201896963,SO20250802000447,1967119892788416585,1,2073616,2025-08-02 18:03:04,1967119892956188680,2025-08-02 18:11:04,1967119892956188678,False
1967119894201896964,SO20250802000448,1967119892788416581,1,275969,2025-08-02 06:14:04,1967119892956188679,2025-08-02 06:22:04,1967119892956188683,False
1967119894206091264,SO20250802000449,1967119892788416544,3,98337,2025-08-02 05:54:04,1967119892956188684,2025-08-02 05:59:04,1967119892956188683,False
1967119894206091265,SO20250802000450,1967119892788416552,1,65834,2025-08-02 01:34:04,1967119892956188681,2025-08-02 01:35:04,1967119892956188679,False
1967119894206091266,SO20250802000450,1967119892788416564,2,27506,2025-08-02 01:34:04,1967119892956188681,2025-08-02 01:35:04,1967119892956188679,False
1967119894206091267,SO20250802000450,1967119892788416561,2,21699,2025-08-02 01:34:04,1967119892956188681,2025-08-02 01:35:04,1967119892956188679,False
1967119894206091268,SO20250802000450,1967119892788416588,1,2719050,2025-08-02 01:34:04,1967119892956188681,2025-08-02 01:35:04,1967119892956188679,False
1967119894206091269,SO20250803000451,1967119892788416551,5,62582,2025-08-03 19:02:04,1967119892956188683,2025-08-03 19:15:04,1967119892956188683,False
1967119894206091270,SO20250803000451,1967119892788416576,1,64918,2025-08-03 19:02:04,1967119892956188683,2025-08-03 19:15:04,1967119892956188683,False
1967119894206091271,SO20250803000451,1967119892788416548,1,69868,2025-08-03 19:02:04,1967119892956188683,2025-08-03 19:15:04,1967119892956188683,False
1967119894206091272,SO20250803000451,1967119892788416560,3,44744,2025-08-03 19:02:04,1967119892956188683,2025-08-03 19:15:04,1967119892956188683,False
1967119894210285568,SO20250803000452,1967119892788416559,2,27115,2025-08-03 20:31:04,1967119892956188681,2025-08-03 20:35:04,1967119892956188678,False
1967119894210285569,SO20250803000452,1967119892788416561,3,21699,2025-08-03 20:31:04,1967119892956188681,2025-08-03 20:35:04,1967119892956188678,False
1967119894214479872,SO20250803000453,1967119892788416559,3,27115,2025-08-03 16:02:04,1967119892956188680,2025-08-03 16:13:04,1967119892956188681,False
1967119894214479873,SO20250803000453,1967119892788416551,4,62582,2025-08-03 16:02:04,1967119892956188680,2025-08-03 16:13:04,1967119892956188681,False
1967119894214479874,SO20250803000454,1967119892788416559,1,27115,2025-08-03 09:58:04,1967119892956188678,2025-08-03 10:04:04,1967119892956188679,False
1967119894214479875,SO20250803000454,1967119892788416574,2,63691,2025-08-03 09:58:04,1967119892956188678,2025-08-03 10:04:04,1967119892956188679,False
1967119894214479876,SO20250803000455,1967119892788416567,2,36517,2025-08-03 20:56:04,1967119892956188679,2025-08-03 21:09:04,1967119892956188679,False
1967119894214479877,SO20250803000455,1967119892788416550,1,48004,2025-08-03 20:56:04,1967119892956188679,2025-08-03 21:09:04,1967119892956188679,False
1967119894214479878,SO20250803000456,1967119892788416557,1,48093,2025-08-03 19:32:04,1967119892956188683,2025-08-03 19:44:04,1967119892956188682,False
1967119894214479879,SO20250803000456,1967119892788416588,1,2719050,2025-08-03 19:32:04,1967119892956188683,2025-08-03 19:44:04,1967119892956188682,False
1967119894222868480,SO20250803000457,1967119892788416551,1,62582,2025-08-03 10:06:04,1967119892956188684,2025-08-03 10:08:04,1967119892956188678,False
1967119894222868481,SO20250803000458,1967119892788416553,2,41380,2025-08-03 05:50:04,1967119892956188682,2025-08-03 06:01:04,1967119892956188680,False
1967119894222868482,SO20250803000458,1967119892788416552,1,65834,2025-08-03 05:50:04,1967119892956188682,2025-08-03 06:01:04,1967119892956188680,False
1967119894222868483,SO20250803000458,1967119892788416545,2,93757,2025-08-03 05:50:04,1967119892956188682,2025-08-03 06:01:04,1967119892956188680,False
1967119894222868484,SO20250803000458,1967119892788416537,1,55424,2025-08-03 05:50:04,1967119892956188682,2025-08-03 06:01:04,1967119892956188680,False
1967119894222868485,SO20250804000459,1967119892788416569,2,33054,2025-08-04 13:38:04,1967119892956188678,2025-08-04 13:40:04,1967119892956188678,False
1967119894227062784,SO20250804000460,1967119892788416565,1,19891,2025-08-04 08:57:04,1967119892956188679,2025-08-04 09:04:04,1967119892956188678,False
1967119894227062785,SO20250804000460,1967119892788416564,1,27506,2025-08-04 08:57:04,1967119892956188679,2025-08-04 09:04:04,1967119892956188678,False
1967119894227062786,SO20250804000460,1967119892788416542,2,235309,2025-08-04 08:57:04,1967119892956188679,2025-08-04 09:04:04,1967119892956188678,False
1967119894227062787,SO20250804000461,1967119892788416542,1,235309,2025-08-04 23:16:04,1967119892956188678,2025-08-04 23:26:04,1967119892956188679,False
1967119894227062788,SO20250804000461,1967119892788416547,2,495825,2025-08-04 23:16:04,1967119892956188678,2025-08-04 23:26:04,1967119892956188679,False
1967119894227062789,SO20250804000461,1967119892788416586,1,2202564,2025-08-04 23:16:04,1967119892956188678,2025-08-04 23:26:04,1967119892956188679,False
1967119894227062790,SO20250804000461,1967119892788416561,1,21699,2025-08-04 23:16:04,1967119892956188678,2025-08-04 23:26:04,1967119892956188679,False
1967119894231257088,SO20250804000462,1967119892788416586,1,2202564,2025-08-04 03:04:04,1967119892956188685,2025-08-04 03:10:04,1967119892956188681,False
1967119894231257089,SO20250804000462,1967119892788416557,1,48093,2025-08-04 03:04:04,1967119892956188685,2025-08-04 03:10:04,1967119892956188681,False
1967119894231257090,SO20250804000463,1967119892788416541,1,205423,2025-08-04 20:51:04,1967119892956188685,2025-08-04 20:57:04,1967119892956188684,False
1967119894231257091,SO20250804000463,1967119892788416543,2,369310,2025-08-04 20:51:04,1967119892956188685,2025-08-04 20:57:04,1967119892956188684,False
1967119894231257092,SO20250804000464,1967119892788416540,3,50974,2025-08-04 16:51:04,1967119892956188683,2025-08-04 17:06:04,1967119892956188683,False
1967119894231257093,SO20250804000464,1967119892788416559,2,27115,2025-08-04 16:51:04,1967119892956188683,2025-08-04 17:06:04,1967119892956188683,False
1967119894231257094,SO20250804000464,1967119892788416560,2,44744,2025-08-04 16:51:04,1967119892956188683,2025-08-04 17:06:04,1967119892956188683,False
1967119894235451392,SO20250805000465,1967119892788416563,1,44942,2025-08-05 13:42:04,1967119892956188685,2025-08-05 13:52:04,1967119892956188681,False
1967119894235451393,SO20250805000465,1967119892788416571,1,83847,2025-08-05 13:42:04,1967119892956188685,2025-08-05 13:52:04,1967119892956188681,False
1967119894235451394,SO20250805000465,1967119892788416560,1,44744,2025-08-05 13:42:04,1967119892956188685,2025-08-05 13:52:04,1967119892956188681,False
1967119894235451395,SO20250805000466,1967119892788416572,1,108602,2025-08-05 10:46:04,1967119892956188679,2025-08-05 10:50:04,1967119892956188683,False
1967119894235451396,SO20250805000466,1967119892788416550,1,48004,2025-08-05 10:46:04,1967119892956188679,2025-08-05 10:50:04,1967119892956188683,False
1967119894235451397,SO20250805000466,1967119892788416539,2,443336,2025-08-05 10:46:04,1967119892956188679,2025-08-05 10:50:04,1967119892956188683,False
1967119894239645696,SO20250805000467,1967119892788416564,1,27506,2025-08-05 20:49:04,1967119892956188682,2025-08-05 20:52:04,1967119892956188683,False
1967119894239645697,SO20250805000467,1967119892788416569,2,33054,2025-08-05 20:49:04,1967119892956188682,2025-08-05 20:52:04,1967119892956188683,False
1967119894243840000,SO20250805000468,1967119892788416538,2,193514,2025-08-05 06:01:04,1967119892956188685,2025-08-05 06:16:04,1967119892956188678,False
1967119894243840001,SO20250805000468,1967119892788416573,1,90061,2025-08-05 06:01:04,1967119892956188685,2025-08-05 06:16:04,1967119892956188678,False
1967119894243840002,SO20250805000468,1967119892788416541,2,205423,2025-08-05 06:01:04,1967119892956188685,2025-08-05 06:16:04,1967119892956188678,False
1967119894243840003,SO20250805000469,1967119892788416572,2,108602,2025-08-05 08:45:04,1967119892956188679,2025-08-05 08:46:04,1967119892956188684,False
1967119894248034304,SO20250805000470,1967119892788416539,2,443336,2025-08-05 14:29:04,1967119892956188679,2025-08-05 14:31:04,1967119892956188681,False
1967119894248034305,SO20250805000471,1967119892788416590,1,2974017,2025-08-05 21:55:04,1967119892956188683,2025-08-05 21:58:04,1967119892956188678,False
1967119894248034306,SO20250805000471,1967119892788416554,1,55663,2025-08-05 21:55:04,1967119892956188683,2025-08-05 21:58:04,1967119892956188678,False
1967119894248034307,SO20250805000471,1967119892788416557,1,48093,2025-08-05 21:55:04,1967119892956188683,2025-08-05 21:58:04,1967119892956188678,False
1967119894248034308,SO20250805000471,1967119892788416547,1,495825,2025-08-05 21:55:04,1967119892956188683,2025-08-05 21:58:04,1967119892956188678,False
1967119894248034309,SO20250805000471,1967119892788416584,2,59089,2025-08-05 21:55:04,1967119892956188683,2025-08-05 21:58:04,1967119892956188678,False
1967119894252228608,SO20250805000472,1967119892788416590,1,2974017,2025-08-05 10:33:04,1967119892956188682,2025-08-05 10:35:04,1967119892956188679,False
1967119894252228609,SO20250805000473,1967119892788416538,2,193514,2025-08-05 07:21:04,1967119892956188678,2025-08-05 07:33:04,1967119892956188678,False
1967119894252228610,SO20250805000473,1967119892788416578,2,114209,2025-08-05 07:21:04,1967119892956188678,2025-08-05 07:33:04,1967119892956188678,False
1967119894252228611,SO20250805000473,1967119892788416557,1,48093,2025-08-05 07:21:04,1967119892956188678,2025-08-05 07:33:04,1967119892956188678,False
1967119894252228612,SO20250805000474,1967119892788416543,2,369310,2025-08-05 08:32:04,1967119892956188678,2025-08-05 08:45:04,1967119892956188684,False
1967119894256422912,SO20250805000475,1967119892788416550,4,48004,2025-08-05 08:59:04,1967119892956188680,2025-08-05 09:02:04,1967119892956188685,False
1967119894256422913,SO20250805000476,1967119892788416542,3,235309,2025-08-05 11:55:04,1967119892956188679,2025-08-05 12:08:04,1967119892956188681,False
1967119894256422914,SO20250805000476,1967119892788416563,1,44942,2025-08-05 11:55:04,1967119892956188679,2025-08-05 12:08:04,1967119892956188681,False
1967119894256422915,SO20250805000476,1967119892788416561,1,21699,2025-08-05 11:55:04,1967119892956188679,2025-08-05 12:08:04,1967119892956188681,False
1967119894260617216,SO20250806000477,1967119892788416557,5,48093,2025-08-06 07:11:04,1967119892956188682,2025-08-06 07:24:04,1967119892956188685,False
1967119894260617217,SO20250806000477,1967119892788416547,3,495825,2025-08-06 07:11:04,1967119892956188682,2025-08-06 07:24:04,1967119892956188685,False
1967119894260617218,SO20250806000478,1967119892788416561,1,21699,2025-08-06 09:32:04,1967119892956188680,2025-08-06 09:36:04,1967119892956188684,False
1967119894260617219,SO20250806000478,1967119892788416537,2,55424,2025-08-06 09:32:04,1967119892956188680,2025-08-06 09:36:04,1967119892956188684,False
1967119894260617220,SO20250806000479,1967119892788416561,4,21699,2025-08-06 04:31:04,1967119892956188684,2025-08-06 04:45:04,1967119892956188678,False
1967119894260617221,SO20250806000479,1967119892788416566,1,34445,2025-08-06 04:31:04,1967119892956188684,2025-08-06 04:45:04,1967119892956188678,False
1967119894260617222,SO20250806000479,1967119892788416552,1,65834,2025-08-06 04:31:04,1967119892956188684,2025-08-06 04:45:04,1967119892956188678,False
1967119894260617223,SO20250806000479,1967119892788416547,2,495825,2025-08-06 04:31:04,1967119892956188684,2025-08-06 04:45:04,1967119892956188678,False
1967119894260617224,SO20250806000479,1967119892788416582,1,891870,2025-08-06 04:31:04,1967119892956188684,2025-08-06 04:45:04,1967119892956188678,False
1967119894264811520,SO20250806000480,1967119892788416555,2,19039,2025-08-06 04:19:04,1967119892956188685,2025-08-06 04:21:04,1967119892956188685,False
1967119894264811521,SO20250806000480,1967119892788416584,1,59089,2025-08-06 04:19:04,1967119892956188685,2025-08-06 04:21:04,1967119892956188685,False
1967119894264811522,SO20250806000480,1967119892788416565,1,19891,2025-08-06 04:19:04,1967119892956188685,2025-08-06 04:21:04,1967119892956188685,False
1967119894264811523,SO20250806000481,1967119892788416542,3,235309,2025-08-06 07:14:04,1967119892956188683,2025-08-06 07:24:04,1967119892956188685,False
1967119894264811524,SO20250806000481,1967119892788416547,2,495825,2025-08-06 07:14:04,1967119892956188683,2025-08-06 07:24:04,1967119892956188685,False
1967119894269005824,SO20250806000482,1967119892788416537,2,55424,2025-08-06 03:17:04,1967119892956188679,2025-08-06 03:31:04,1967119892956188684,False
1967119894269005825,SO20250806000483,1967119892788416547,3,495825,2025-08-06 21:53:04,1967119892956188680,2025-08-06 22:02:04,1967119892956188685,False
1967119894269005826,SO20250806000483,1967119892788416564,1,27506,2025-08-06 21:53:04,1967119892956188680,2025-08-06 22:02:04,1967119892956188685,False
1967119894269005827,SO20250806000483,1967119892788416568,3,117335,2025-08-06 21:53:04,1967119892956188680,2025-08-06 22:02:04,1967119892956188685,False
1967119894273200128,SO20250806000484,1967119892788416570,2,79627,2025-08-06 17:46:04,1967119892956188682,2025-08-06 17:57:04,1967119892956188680,False
1967119894273200129,SO20250806000484,1967119892788416538,1,193514,2025-08-06 17:46:04,1967119892956188682,2025-08-06 17:57:04,1967119892956188680,False
1967119894273200130,SO20250807000485,1967119892788416562,1,34607,2025-08-07 11:56:04,1967119892956188678,2025-08-07 11:59:04,1967119892956188682,False
1967119894273200131,SO20250807000485,1967119892788416551,4,62582,2025-08-07 11:56:04,1967119892956188678,2025-08-07 11:59:04,1967119892956188682,False
1967119894273200132,SO20250807000485,1967119892788416538,1,193514,2025-08-07 11:56:04,1967119892956188678,2025-08-07 11:59:04,1967119892956188682,False
1967119894277394432,SO20250807000486,1967119892788416558,2,69533,2025-08-07 08:12:04,1967119892956188681,2025-08-07 08:26:04,1967119892956188683,False
1967119894277394433,SO20250807000486,1967119892788416538,2,193514,2025-08-07 08:12:04,1967119892956188681,2025-08-07 08:26:04,1967119892956188683,False
1967119894277394434,SO20250807000487,1967119892788416559,1,27115,2025-08-07 21:11:04,1967119892956188683,2025-08-07 21:12:04,1967119892956188678,False
1967119894281588736,SO20250807000488,1967119892788416582,1,891870,2025-08-07 16:56:04,1967119892956188679,2025-08-07 17:02:04,1967119892956188683,False
1967119894281588737,SO20250807000488,1967119892788416562,1,34607,2025-08-07 16:56:04,1967119892956188679,2025-08-07 17:02:04,1967119892956188683,False
1967119894281588738,SO20250807000488,1967119892788416565,2,19891,2025-08-07 16:56:04,1967119892956188679,2025-08-07 17:02:04,1967119892956188683,False
1967119894281588739,SO20250807000488,1967119892788416558,1,69533,2025-08-07 16:56:04,1967119892956188679,2025-08-07 17:02:04,1967119892956188683,False
1967119894285783040,SO20250807000489,1967119892788416541,1,205423,2025-08-07 17:04:04,1967119892956188681,2025-08-07 17:14:04,1967119892956188685,False
1967119894285783041,SO20250807000489,1967119892788416539,3,443336,2025-08-07 17:04:04,1967119892956188681,2025-08-07 17:14:04,1967119892956188685,False
1967119894285783042,SO20250807000490,1967119892788416566,2,34445,2025-08-07 04:38:04,1967119892956188682,2025-08-07 04:45:04,1967119892956188684,False
1967119894285783043,SO20250807000490,1967119892788416585,1,2073616,2025-08-07 04:38:04,1967119892956188682,2025-08-07 04:45:04,1967119892956188684,False
1967119894285783044,SO20250807000490,1967119892788416563,1,44942,2025-08-07 04:38:04,1967119892956188682,2025-08-07 04:45:04,1967119892956188684,False
1967119894285783045,SO20250807000490,1967119892788416537,2,55424,2025-08-07 04:38:04,1967119892956188682,2025-08-07 04:45:04,1967119892956188684,False
1967119894285783046,SO20250807000491,1967119892788416537,1,55424,2025-08-07 19:39:04,1967119892956188684,2025-08-07 19:47:04,1967119892956188680,False
1967119894285783047,SO20250807000492,1967119892788416546,3,75999,2025-08-07 21:32:04,1967119892956188680,2025-08-07 21:45:04,1967119892956188685,False
1967119894285783048,SO20250807000492,1967119892788416573,3,90061,2025-08-07 21:32:04,1967119892956188680,2025-08-07 21:45:04,1967119892956188685,False
1967119894289977344,SO20250807000493,1967119892788416544,3,98337,2025-08-07 02:42:04,1967119892956188680,2025-08-07 02:47:04,1967119892956188681,False
1967119894289977345,SO20250807000493,1967119892788416575,1,118557,2025-08-07 02:42:04,1967119892956188680,2025-08-07 02:47:04,1967119892956188681,False
1967119894289977346,SO20250807000493,1967119892788416553,1,41380,2025-08-07 02:42:04,1967119892956188680,2025-08-07 02:47:04,1967119892956188681,False
1967119894294171648,SO20250807000494,1967119892788416558,1,69533,2025-08-07 06:34:04,1967119892956188681,2025-08-07 06:48:04,1967119892956188682,False
1967119894294171649,SO20250807000494,1967119892788416565,3,19891,2025-08-07 06:34:04,1967119892956188681,2025-08-07 06:48:04,1967119892956188682,False
1967119894294171650,SO20250807000494,1967119892788416550,1,48004,2025-08-07 06:34:04,1967119892956188681,2025-08-07 06:48:04,1967119892956188682,False
1967119894294171651,SO20250808000495,1967119892788416538,1,193514,2025-08-08 15:13:04,1967119892956188685,2025-08-08 15:15:04,1967119892956188684,False
1967119894294171652,SO20250808000495,1967119892788416543,1,369310,2025-08-08 15:13:04,1967119892956188685,2025-08-08 15:15:04,1967119892956188684,False
1967119894294171653,SO20250808000495,1967119892788416566,2,34445,2025-08-08 15:13:04,1967119892956188685,2025-08-08 15:15:04,1967119892956188684,False
1967119894294171654,SO20250808000495,1967119892788416541,1,205423,2025-08-08 15:13:04,1967119892956188685,2025-08-08 15:15:04,1967119892956188684,False
1967119894294171655,SO20250808000496,1967119892788416545,2,93757,2025-08-08 14:20:04,1967119892956188678,2025-08-08 14:28:04,1967119892956188684,False
1967119894294171656,SO20250808000496,1967119892788416558,1,69533,2025-08-08 14:20:04,1967119892956188678,2025-08-08 14:28:04,1967119892956188684,False
1967119894294171657,SO20250808000496,1967119892788416559,3,27115,2025-08-08 14:20:04,1967119892956188678,2025-08-08 14:28:04,1967119892956188684,False
1967119894294171658,SO20250808000496,1967119892788416547,3,495825,2025-08-08 14:20:04,1967119892956188678,2025-08-08 14:28:04,1967119892956188684,False
1967119894298365952,SO20250808000497,1967119892788416539,3,443336,2025-08-08 04:06:04,1967119892956188683,2025-08-08 04:16:04,1967119892956188679,False
1967119894298365953,SO20250808000497,1967119892788416565,3,19891,2025-08-08 04:06:04,1967119892956188683,2025-08-08 04:16:04,1967119892956188679,False
1967119894298365954,SO20250808000498,1967119892788416546,3,75999,2025-08-08 15:59:04,1967119892956188684,2025-08-08 16:01:04,1967119892956188678,False
1967119894298365955,SO20250808000498,1967119892788416537,3,55424,2025-08-08 15:59:04,1967119892956188684,2025-08-08 16:01:04,1967119892956188678,False
1967119894298365956,SO20250808000498,1967119892788416569,3,33054,2025-08-08 15:59:04,1967119892956188684,2025-08-08 16:01:04,1967119892956188678,False
1967119894298365957,SO20250808000498,1967119892788416555,5,19039,2025-08-08 15:59:04,1967119892956188684,2025-08-08 16:01:04,1967119892956188678,False
1967119894298365958,SO20250808000498,1967119892788416557,4,48093,2025-08-08 15:59:04,1967119892956188684,2025-08-08 16:01:04,1967119892956188678,False
1967119894302560256,SO20250808000499,1967119892788416558,3,69533,2025-08-08 14:17:04,1967119892956188685,2025-08-08 14:32:04,1967119892956188680,False
1967119894302560257,SO20250808000499,1967119892788416548,2,69868,2025-08-08 14:17:04,1967119892956188685,2025-08-08 14:32:04,1967119892956188680,False
1967119894302560258,SO20250808000499,1967119892788416559,4,27115,2025-08-08 14:17:04,1967119892956188685,2025-08-08 14:32:04,1967119892956188680,False
1967119894302560259,SO20250808000499,1967119892788416561,1,21699,2025-08-08 14:17:04,1967119892956188685,2025-08-08 14:32:04,1967119892956188680,False
1967119894302560260,SO20250808000499,1967119892788416546,3,75999,2025-08-08 14:17:04,1967119892956188685,2025-08-08 14:32:04,1967119892956188680,False
1967119894302560261,SO20250808000500,1967119892788416573,1,90061,2025-08-08 09:44:04,1967119892956188685,2025-08-08 09:58:04,1967119892956188681,False
1967119894302560262,SO20250808000500,1967119892788416561,3,21699,2025-08-08 09:44:04,1967119892956188685,2025-08-08 09:58:04,1967119892956188681,False
1967119894306754560,SO20250808000501,1967119892788416542,2,235309,2025-08-08 08:28:04,1967119892956188683,2025-08-08 08:43:04,1967119892956188681,False
1967119894306754561,SO20250808000502,1967119892788416561,2,21699,2025-08-08 02:54:04,1967119892956188685,2025-08-08 02:56:04,1967119892956188685,False
1967119894306754562,SO20250808000502,1967119892788416562,1,34607,2025-08-08 02:54:04,1967119892956188685,2025-08-08 02:56:04,1967119892956188685,False
1967119894310948864,SO20250808000503,1967119892788416569,1,33054,2025-08-08 02:57:04,1967119892956188681,2025-08-08 03:01:04,1967119892956188683,False
1967119894310948865,SO20250808000503,1967119892788416551,1,62582,2025-08-08 02:57:04,1967119892956188681,2025-08-08 03:01:04,1967119892956188683,False
1967119894310948866,SO20250808000503,1967119892788416560,2,44744,2025-08-08 02:57:04,1967119892956188681,2025-08-08 03:01:04,1967119892956188683,False
1967119894310948867,SO20250808000503,1967119892788416552,2,65834,2025-08-08 02:57:04,1967119892956188681,2025-08-08 03:01:04,1967119892956188683,False
1967119894310948868,SO20250808000504,1967119892788416577,2,76278,2025-08-08 14:49:04,1967119892956188684,2025-08-08 14:53:04,1967119892956188684,False
1967119894310948869,SO20250808000505,1967119892788416567,4,36517,2025-08-08 13:41:04,1967119892956188680,2025-08-08 13:55:04,1967119892956188680,False
1967119894315143168,SO20250808000506,1967119892788416541,1,205423,2025-08-08 00:59:04,1967119892956188678,2025-08-08 01:05:04,1967119892956188682,False
1967119894319337472,SO20250808000507,1967119892788416577,4,76278,2025-08-08 20:51:04,1967119892956188684,2025-08-08 21:06:04,1967119892956188679,False
1967119894319337473,SO20250808000507,1967119892788416547,1,495825,2025-08-08 20:51:04,1967119892956188684,2025-08-08 21:06:04,1967119892956188679,False
1967119894319337474,SO20250808000508,1967119892788416538,2,193514,2025-08-08 09:16:04,1967119892956188685,2025-08-08 09:30:04,1967119892956188679,False
1967119894319337475,SO20250808000509,1967119892788416544,3,98337,2025-08-08 13:17:04,1967119892956188680,2025-08-08 13:18:04,1967119892956188683,False
1967119894319337476,SO20250808000510,1967119892788416547,2,495825,2025-08-08 08:39:04,1967119892956188679,2025-08-08 08:44:04,1967119892956188678,False
1967119894323531776,SO20250808000511,1967119892788416581,4,275969,2025-08-08 19:34:04,1967119892956188681,2025-08-08 19:35:04,1967119892956188685,False
1967119894323531777,SO20250808000511,1967119892788416561,1,21699,2025-08-08 19:34:04,1967119892956188681,2025-08-08 19:35:04,1967119892956188685,False
1967119894327726080,SO20250808000512,1967119892788416588,1,2719050,2025-08-08 15:11:04,1967119892956188682,2025-08-08 15:15:04,1967119892956188680,False
1967119894327726081,SO20250808000512,1967119892788416553,2,41380,2025-08-08 15:11:04,1967119892956188682,2025-08-08 15:15:04,1967119892956188680,False
1967119894327726082,SO20250808000512,1967119892788416547,1,495825,2025-08-08 15:11:04,1967119892956188682,2025-08-08 15:15:04,1967119892956188680,False
1967119894327726083,SO20250808000513,1967119892788416546,1,75999,2025-08-08 14:43:04,1967119892956188682,2025-08-08 14:48:04,1967119892956188681,False
1967119894327726084,SO20250808000513,1967119892788416574,1,63691,2025-08-08 14:43:04,1967119892956188682,2025-08-08 14:48:04,1967119892956188681,False
1967119894327726085,SO20250808000514,1967119892788416544,3,98337,2025-08-08 13:13:04,1967119892956188681,2025-08-08 13:19:04,1967119892956188679,False
1967119894327726086,SO20250808000514,1967119892788416555,1,19039,2025-08-08 13:13:04,1967119892956188681,2025-08-08 13:19:04,1967119892956188679,False
1967119894331920384,SO20250808000515,1967119892788416552,1,65834,2025-08-08 05:50:04,1967119892956188681,2025-08-08 05:58:04,1967119892956188679,False
1967119894336114688,SO20250808000516,1967119892788416576,2,64918,2025-08-08 08:50:04,1967119892956188683,2025-08-08 09:03:04,1967119892956188678,False
1967119894336114689,SO20250808000517,1967119892788416556,3,19157,2025-08-08 20:51:04,1967119892956188682,2025-08-08 21:05:04,1967119892956188681,False
1967119894336114690,SO20250808000517,1967119892788416591,1,2233095,2025-08-08 20:51:04,1967119892956188682,2025-08-08 21:05:04,1967119892956188681,False
1967119894336114691,SO20250808000518,1967119892788416585,1,2073616,2025-08-08 05:05:04,1967119892956188682,2025-08-08 05:14:04,1967119892956188683,False
1967119894336114692,SO20250808000518,1967119892788416589,1,1787307,2025-08-08 05:05:04,1967119892956188682,2025-08-08 05:14:04,1967119892956188683,False
1967119894340308992,SO20250809000519,1967119892788416565,2,19891,2025-08-09 09:58:04,1967119892956188683,2025-08-09 10:09:04,1967119892956188684,False
1967119894340308993,SO20250809000520,1967119892788416544,2,98337,2025-08-09 22:01:04,1967119892956188680,2025-08-09 22:10:04,1967119892956188685,False
1967119894344503296,SO20250809000521,1967119892788416581,1,275969,2025-08-09 16:35:04,1967119892956188681,2025-08-09 16:36:04,1967119892956188683,False
1967119894344503297,SO20250809000522,1967119892788416558,1,69533,2025-08-09 01:22:04,1967119892956188678,2025-08-09 01:32:04,1967119892956188682,False
1967119894344503298,SO20250809000522,1967119892788416561,2,21699,2025-08-09 01:22:04,1967119892956188678,2025-08-09 01:32:04,1967119892956188682,False
1967119894344503299,SO20250809000523,1967119892788416561,2,21699,2025-08-09 17:33:04,1967119892956188681,2025-08-09 17:47:04,1967119892956188679,False
1967119894344503300,SO20250809000523,1967119892788416543,3,369310,2025-08-09 17:33:04,1967119892956188681,2025-08-09 17:47:04,1967119892956188679,False
1967119894344503301,SO20250809000523,1967119892788416547,3,495825,2025-08-09 17:33:04,1967119892956188681,2025-08-09 17:47:04,1967119892956188679,False
1967119894344503302,SO20250809000523,1967119892788416560,1,44744,2025-08-09 17:33:04,1967119892956188681,2025-08-09 17:47:04,1967119892956188679,False
1967119894344503303,SO20250809000523,1967119892788416578,2,114209,2025-08-09 17:33:04,1967119892956188681,2025-08-09 17:47:04,1967119892956188679,False
1967119894348697600,SO20250809000524,1967119892788416544,3,98337,2025-08-09 20:14:04,1967119892956188685,2025-08-09 20:19:04,1967119892956188680,False
1967119894348697601,SO20250809000524,1967119892788416560,3,44744,2025-08-09 20:14:04,1967119892956188685,2025-08-09 20:19:04,1967119892956188680,False
1967119894352891904,SO20250809000525,1967119892788416546,2,75999,2025-08-09 02:52:04,1967119892956188683,2025-08-09 03:03:04,1967119892956188679,False
1967119894352891905,SO20250809000525,1967119892788416548,4,69868,2025-08-09 02:52:04,1967119892956188683,2025-08-09 03:03:04,1967119892956188679,False
1967119894352891906,SO20250809000525,1967119892788416554,1,55663,2025-08-09 02:52:04,1967119892956188683,2025-08-09 03:03:04,1967119892956188679,False
1967119894352891907,SO20250809000526,1967119892788416540,3,50974,2025-08-09 09:08:04,1967119892956188683,2025-08-09 09:16:04,1967119892956188678,False
1967119894352891908,SO20250809000526,1967119892788416538,1,193514,2025-08-09 09:08:04,1967119892956188683,2025-08-09 09:16:04,1967119892956188678,False
1967119894357086208,SO20250809000527,1967119892788416547,3,495825,2025-08-09 16:31:04,1967119892956188680,2025-08-09 16:44:04,1967119892956188683,False
1967119894357086209,SO20250809000527,1967119892788416536,3,224418,2025-08-09 16:31:04,1967119892956188680,2025-08-09 16:44:04,1967119892956188683,False
1967119894357086210,SO20250809000527,1967119892788416560,2,44744,2025-08-09 16:31:04,1967119892956188680,2025-08-09 16:44:04,1967119892956188683,False
1967119894357086211,SO20250809000528,1967119892788416562,3,34607,2025-08-09 21:45:04,1967119892956188680,2025-08-09 21:54:04,1967119892956188679,False
1967119894361280512,SO20250809000529,1967119892788416591,1,2233095,2025-08-09 04:53:04,1967119892956188684,2025-08-09 04:55:04,1967119892956188681,False
1967119894361280513,SO20250809000530,1967119892788416538,1,193514,2025-08-09 21:59:04,1967119892956188682,2025-08-09 22:14:04,1967119892956188678,False
1967119894361280514,SO20250809000530,1967119892788416588,1,2719050,2025-08-09 21:59:04,1967119892956188682,2025-08-09 22:14:04,1967119892956188678,False
1967119894361280515,SO20250809000530,1967119892788416540,3,50974,2025-08-09 21:59:04,1967119892956188682,2025-08-09 22:14:04,1967119892956188678,False
1967119894361280516,SO20250809000530,1967119892788416560,1,44744,2025-08-09 21:59:04,1967119892956188682,2025-08-09 22:14:04,1967119892956188678,False
1967119894361280517,SO20250809000530,1967119892788416547,1,495825,2025-08-09 21:59:04,1967119892956188682,2025-08-09 22:14:04,1967119892956188678,False
1967119894361280518,SO20250809000530,1967119892788416574,1,63691,2025-08-09 21:59:04,1967119892956188682,2025-08-09 22:14:04,1967119892956188678,False
1967119894361280519,SO20250809000531,1967119892788416555,1,19039,2025-08-09 14:38:04,1967119892956188678,2025-08-09 14:47:04,1967119892956188685,False
1967119894365474816,SO20250809000532,1967119892788416559,5,27115,2025-08-09 22:57:04,1967119892956188679,2025-08-09 23:10:04,1967119892956188685,False
1967119894365474817,SO20250809000532,1967119892788416540,3,50974,2025-08-09 22:57:04,1967119892956188679,2025-08-09 23:10:04,1967119892956188685,False
1967119894365474818,SO20250809000533,1967119892788416565,1,19891,2025-08-09 09:52:04,1967119892956188681,2025-08-09 09:57:04,1967119892956188685,False
1967119894365474819,SO20250809000533,1967119892788416583,3,788172,2025-08-09 09:52:04,1967119892956188681,2025-08-09 09:57:04,1967119892956188685,False
1967119894369669120,SO20250810000534,1967119892788416537,3,55424,2025-08-10 15:18:04,1967119892956188679,2025-08-10 15:23:04,1967119892956188683,False
1967119894369669121,SO20250810000534,1967119892788416557,2,48093,2025-08-10 15:18:04,1967119892956188679,2025-08-10 15:23:04,1967119892956188683,False
1967119894369669122,SO20250810000534,1967119892788416558,2,69533,2025-08-10 15:18:04,1967119892956188679,2025-08-10 15:23:04,1967119892956188683,False
1967119894369669123,SO20250810000535,1967119892788416553,4,41380,2025-08-10 20:07:04,1967119892956188682,2025-08-10 20:10:04,1967119892956188682,False
1967119894369669124,SO20250810000535,1967119892788416564,1,27506,2025-08-10 20:07:04,1967119892956188682,2025-08-10 20:10:04,1967119892956188682,False
1967119894373863424,SO20250810000536,1967119892788416565,2,19891,2025-08-10 20:08:04,1967119892956188684,2025-08-10 20:09:04,1967119892956188678,False
1967119894373863425,SO20250810000536,1967119892788416551,4,62582,2025-08-10 20:08:04,1967119892956188684,2025-08-10 20:09:04,1967119892956188678,False
1967119894373863426,SO20250810000537,1967119892788416542,3,235309,2025-08-10 15:11:04,1967119892956188682,2025-08-10 15:17:04,1967119892956188682,False
1967119894373863427,SO20250810000537,1967119892788416546,3,75999,2025-08-10 15:11:04,1967119892956188682,2025-08-10 15:17:04,1967119892956188682,False
1967119894373863428,SO20250810000537,1967119892788416537,1,55424,2025-08-10 15:11:04,1967119892956188682,2025-08-10 15:17:04,1967119892956188682,False
1967119894378057728,SO20250810000538,1967119892788416561,1,21699,2025-08-10 14:51:04,1967119892956188683,2025-08-10 15:05:04,1967119892956188680,False
1967119894378057729,SO20250810000539,1967119892788416564,1,27506,2025-08-10 08:44:04,1967119892956188683,2025-08-10 08:58:04,1967119892956188678,False
1967119894378057730,SO20250810000540,1967119892788416559,1,27115,2025-08-10 04:53:04,1967119892956188678,2025-08-10 04:54:04,1967119892956188679,False
1967119894378057731,SO20250810000540,1967119892788416557,1,48093,2025-08-10 04:53:04,1967119892956188678,2025-08-10 04:54:04,1967119892956188679,False
1967119894378057732,SO20250810000540,1967119892788416568,1,117335,2025-08-10 04:53:04,1967119892956188678,2025-08-10 04:54:04,1967119892956188679,False
1967119894382252032,SO20250810000541,1967119892788416550,2,48004,2025-08-10 21:36:04,1967119892956188680,2025-08-10 21:38:04,1967119892956188679,False
1967119894382252033,SO20250810000541,1967119892788416560,1,44744,2025-08-10 21:36:04,1967119892956188680,2025-08-10 21:38:04,1967119892956188679,False
1967119894382252034,SO20250810000541,1967119892788416557,2,48093,2025-08-10 21:36:04,1967119892956188680,2025-08-10 21:38:04,1967119892956188679,False
1967119894382252035,SO20250810000542,1967119892788416559,3,27115,2025-08-10 11:42:04,1967119892956188681,2025-08-10 11:49:04,1967119892956188685,False
1967119894382252036,SO20250810000542,1967119892788416556,1,19157,2025-08-10 11:42:04,1967119892956188681,2025-08-10 11:49:04,1967119892956188685,False
1967119894382252037,SO20250810000542,1967119892788416550,2,48004,2025-08-10 11:42:04,1967119892956188681,2025-08-10 11:49:04,1967119892956188685,False
1967119894382252038,SO20250810000542,1967119892788416560,4,44744,2025-08-10 11:42:04,1967119892956188681,2025-08-10 11:49:04,1967119892956188685,False
1967119894390640640,SO20250810000543,1967119892788416553,5,41380,2025-08-10 23:54:04,1967119892956188685,2025-08-11 00:07:04,1967119892956188682,False
1967119894390640641,SO20250810000543,1967119892788416563,1,44942,2025-08-10 23:54:04,1967119892956188685,2025-08-11 00:07:04,1967119892956188682,False
1967119894390640642,SO20250810000543,1967119892788416538,1,193514,2025-08-10 23:54:04,1967119892956188685,2025-08-11 00:07:04,1967119892956188682,False
1967119894390640643,SO20250810000544,1967119892788416542,1,235309,2025-08-10 04:38:04,1967119892956188683,2025-08-10 04:42:04,1967119892956188680,False
1967119894390640644,SO20250810000544,1967119892788416583,2,788172,2025-08-10 04:38:04,1967119892956188683,2025-08-10 04:42:04,1967119892956188680,False
1967119894390640645,SO20250810000545,1967119892788416543,1,369310,2025-08-10 21:02:04,1967119892956188685,2025-08-10 21:10:04,1967119892956188683,False
1967119894394834944,SO20250810000546,1967119892788416543,2,369310,2025-08-10 08:07:04,1967119892956188682,2025-08-10 08:09:04,1967119892956188684,False
1967119894394834945,SO20250810000546,1967119892788416581,1,275969,2025-08-10 08:07:04,1967119892956188682,2025-08-10 08:09:04,1967119892956188684,False
1967119894394834946,SO20250810000547,1967119892788416541,2,205423,2025-08-10 14:09:04,1967119892956188680,2025-08-10 14:24:04,1967119892956188685,False
1967119894399029248,SO20250810000548,1967119892788416577,1,76278,2025-08-10 09:26:04,1967119892956188684,2025-08-10 09:36:04,1967119892956188685,False
1967119894399029249,SO20250810000548,1967119892788416548,4,69868,2025-08-10 09:26:04,1967119892956188684,2025-08-10 09:36:04,1967119892956188685,False
1967119894399029250,SO20250810000548,1967119892788416547,2,495825,2025-08-10 09:26:04,1967119892956188684,2025-08-10 09:36:04,1967119892956188685,False
1967119894399029251,SO20250811000549,1967119892788416557,1,48093,2025-08-11 21:52:04,1967119892956188685,2025-08-11 21:58:04,1967119892956188678,False
1967119894399029252,SO20250811000549,1967119892788416582,2,891870,2025-08-11 21:52:04,1967119892956188685,2025-08-11 21:58:04,1967119892956188678,False
1967119894399029253,SO20250811000549,1967119892788416537,1,55424,2025-08-11 21:52:04,1967119892956188685,2025-08-11 21:58:04,1967119892956188678,False
1967119894399029254,SO20250811000549,1967119892788416558,1,69533,2025-08-11 21:52:04,1967119892956188685,2025-08-11 21:58:04,1967119892956188678,False
1967119894399029255,SO20250811000550,1967119892788416579,1,1232489,2025-08-11 13:29:04,1967119892956188680,2025-08-11 13:43:04,1967119892956188685,False
1967119894399029256,SO20250811000550,1967119892788416565,1,19891,2025-08-11 13:29:04,1967119892956188680,2025-08-11 13:43:04,1967119892956188685,False
1967119894403223552,SO20250811000551,1967119892788416553,1,41380,2025-08-11 16:14:04,1967119892956188683,2025-08-11 16:25:04,1967119892956188682,False
1967119894403223553,SO20250811000551,1967119892788416589,1,1787307,2025-08-11 16:14:04,1967119892956188683,2025-08-11 16:25:04,1967119892956188682,False
1967119894407417856,SO20250811000552,1967119892788416565,3,19891,2025-08-11 03:41:04,1967119892956188684,2025-08-11 03:47:04,1967119892956188683,False
1967119894407417857,SO20250811000552,1967119892788416559,2,27115,2025-08-11 03:41:04,1967119892956188684,2025-08-11 03:47:04,1967119892956188683,False
1967119894407417858,SO20250811000553,1967119892788416559,2,27115,2025-08-11 13:26:04,1967119892956188679,2025-08-11 13:29:04,1967119892956188683,False
1967119894407417859,SO20250811000553,1967119892788416579,1,1232489,2025-08-11 13:26:04,1967119892956188679,2025-08-11 13:29:04,1967119892956188683,False
1967119894407417860,SO20250811000553,1967119892788416545,2,93757,2025-08-11 13:26:04,1967119892956188679,2025-08-11 13:29:04,1967119892956188683,False
1967119894411612160,SO20250812000554,1967119892788416573,2,90061,2025-08-12 09:03:04,1967119892956188680,2025-08-12 09:05:04,1967119892956188678,False
1967119894411612161,SO20250812000554,1967119892788416554,1,55663,2025-08-12 09:03:04,1967119892956188680,2025-08-12 09:05:04,1967119892956188678,False
1967119894411612162,SO20250812000554,1967119892788416542,1,235309,2025-08-12 09:03:04,1967119892956188680,2025-08-12 09:05:04,1967119892956188678,False
1967119894411612163,SO20250812000555,1967119892788416557,1,48093,2025-08-12 15:18:04,1967119892956188679,2025-08-12 15:32:04,1967119892956188682,False
1967119894411612164,SO20250812000555,1967119892788416558,1,69533,2025-08-12 15:18:04,1967119892956188679,2025-08-12 15:32:04,1967119892956188682,False
1967119894415806464,SO20250812000556,1967119892788416578,5,114209,2025-08-12 18:30:04,1967119892956188682,2025-08-12 18:43:04,1967119892956188680,False
1967119894415806465,SO20250812000556,1967119892788416574,1,63691,2025-08-12 18:30:04,1967119892956188682,2025-08-12 18:43:04,1967119892956188680,False
1967119894415806466,SO20250812000557,1967119892788416554,1,55663,2025-08-12 12:17:04,1967119892956188682,2025-08-12 12:25:04,1967119892956188682,False
1967119894415806467,SO20250812000557,1967119892788416555,4,19039,2025-08-12 12:17:04,1967119892956188682,2025-08-12 12:25:04,1967119892956188682,False
1967119894415806468,SO20250812000557,1967119892788416556,2,19157,2025-08-12 12:17:04,1967119892956188682,2025-08-12 12:25:04,1967119892956188682,False
1967119894415806469,SO20250812000557,1967119892788416546,2,75999,2025-08-12 12:17:04,1967119892956188682,2025-08-12 12:25:04,1967119892956188682,False
1967119894420000768,SO20250812000558,1967119892788416553,1,41380,2025-08-12 09:52:04,1967119892956188684,2025-08-12 09:54:04,1967119892956188681,False
1967119894424195072,SO20250812000559,1967119892788416577,1,76278,2025-08-12 10:43:04,1967119892956188682,2025-08-12 10:54:04,1967119892956188683,False
1967119894424195073,SO20250812000560,1967119892788416584,1,59089,2025-08-12 20:59:04,1967119892956188682,2025-08-12 21:00:04,1967119892956188685,False
1967119894424195074,SO20250812000560,1967119892788416562,2,34607,2025-08-12 20:59:04,1967119892956188682,2025-08-12 21:00:04,1967119892956188685,False
1967119894424195075,SO20250812000560,1967119892788416582,2,891870,2025-08-12 20:59:04,1967119892956188682,2025-08-12 21:00:04,1967119892956188685,False
1967119894424195076,SO20250812000560,1967119892788416563,1,44942,2025-08-12 20:59:04,1967119892956188682,2025-08-12 21:00:04,1967119892956188685,False
1967119894428389376,SO20250812000561,1967119892788416557,2,48093,2025-08-12 16:05:04,1967119892956188684,2025-08-12 16:06:04,1967119892956188685,False
1967119894428389377,SO20250812000561,1967119892788416561,4,21699,2025-08-12 16:05:04,1967119892956188684,2025-08-12 16:06:04,1967119892956188685,False
1967119894428389378,SO20250812000561,1967119892788416551,1,62582,2025-08-12 16:05:04,1967119892956188684,2025-08-12 16:06:04,1967119892956188685,False
1967119894428389379,SO20250812000561,1967119892788416538,2,193514,2025-08-12 16:05:04,1967119892956188684,2025-08-12 16:06:04,1967119892956188685,False
1967119894428389380,SO20250812000562,1967119892788416588,1,2719050,2025-08-12 16:07:04,1967119892956188680,2025-08-12 16:15:04,1967119892956188683,False
1967119894428389381,SO20250812000562,1967119892788416556,3,19157,2025-08-12 16:07:04,1967119892956188680,2025-08-12 16:15:04,1967119892956188683,False
1967119894428389382,SO20250812000562,1967119892788416558,1,69533,2025-08-12 16:07:04,1967119892956188680,2025-08-12 16:15:04,1967119892956188683,False
1967119894432583680,SO20250812000563,1967119892788416537,1,55424,2025-08-12 15:01:04,1967119892956188681,2025-08-12 15:07:04,1967119892956188685,False
1967119894432583681,SO20250812000563,1967119892788416536,2,224418,2025-08-12 15:01:04,1967119892956188681,2025-08-12 15:07:04,1967119892956188685,False
1967119894432583682,SO20250812000563,1967119892788416542,1,235309,2025-08-12 15:01:04,1967119892956188681,2025-08-12 15:07:04,1967119892956188685,False
1967119894432583683,SO20250813000564,1967119892788416578,1,114209,2025-08-13 21:15:04,1967119892956188683,2025-08-13 21:16:04,1967119892956188682,False
1967119894432583684,SO20250813000564,1967119892788416539,2,443336,2025-08-13 21:15:04,1967119892956188683,2025-08-13 21:16:04,1967119892956188682,False
1967119894432583685,SO20250813000564,1967119892788416538,1,193514,2025-08-13 21:15:04,1967119892956188683,2025-08-13 21:16:04,1967119892956188682,False
1967119894432583686,SO20250813000564,1967119892788416550,1,48004,2025-08-13 21:15:04,1967119892956188683,2025-08-13 21:16:04,1967119892956188682,False
1967119894432583687,SO20250813000565,1967119892788416583,1,788172,2025-08-13 07:50:04,1967119892956188679,2025-08-13 08:00:04,1967119892956188685,False
1967119894436777984,SO20250813000565,1967119892788416565,2,19891,2025-08-13 07:50:04,1967119892956188679,2025-08-13 08:00:04,1967119892956188685,False
1967119894436777985,SO20250813000565,1967119892788416548,4,69868,2025-08-13 07:50:04,1967119892956188679,2025-08-13 08:00:04,1967119892956188685,False
1967119894436777986,SO20250813000566,1967119892788416581,1,275969,2025-08-13 11:59:04,1967119892956188678,2025-08-13 12:03:04,1967119892956188683,False
1967119894436777987,SO20250813000566,1967119892788416537,2,55424,2025-08-13 11:59:04,1967119892956188678,2025-08-13 12:03:04,1967119892956188683,False
1967119894436777988,SO20250813000567,1967119892788416572,1,108602,2025-08-13 06:16:04,1967119892956188679,2025-08-13 06:28:04,1967119892956188682,False
1967119894436777989,SO20250813000568,1967119892788416550,3,48004,2025-08-13 14:49:04,1967119892956188683,2025-08-13 15:01:04,1967119892956188678,False
1967119894436777990,SO20250813000568,1967119892788416565,1,19891,2025-08-13 14:49:04,1967119892956188683,2025-08-13 15:01:04,1967119892956188678,False
1967119894436777991,SO20250813000568,1967119892788416581,2,275969,2025-08-13 14:49:04,1967119892956188683,2025-08-13 15:01:04,1967119892956188678,False
1967119894440972288,SO20250813000569,1967119892788416581,4,275969,2025-08-13 20:40:04,1967119892956188684,2025-08-13 20:48:04,1967119892956188682,False
1967119894440972289,SO20250813000569,1967119892788416541,3,205423,2025-08-13 20:40:04,1967119892956188684,2025-08-13 20:48:04,1967119892956188682,False
1967119894445166592,SO20250813000570,1967119892788416553,3,41380,2025-08-13 05:04:04,1967119892956188680,2025-08-13 05:11:04,1967119892956188684,False
1967119894445166593,SO20250813000570,1967119892788416543,3,369310,2025-08-13 05:04:04,1967119892956188680,2025-08-13 05:11:04,1967119892956188684,False
1967119894445166594,SO20250813000570,1967119892788416582,1,891870,2025-08-13 05:04:04,1967119892956188680,2025-08-13 05:11:04,1967119892956188684,False
1967119894445166595,SO20250813000571,1967119892788416541,3,205423,2025-08-13 11:05:04,1967119892956188684,2025-08-13 11:06:04,1967119892956188679,False
1967119894445166596,SO20250813000571,1967119892788416563,2,44942,2025-08-13 11:05:04,1967119892956188684,2025-08-13 11:06:04,1967119892956188679,False
1967119894445166597,SO20250813000571,1967119892788416562,1,34607,2025-08-13 11:05:04,1967119892956188684,2025-08-13 11:06:04,1967119892956188679,False
1967119894445166598,SO20250813000571,1967119892788416546,2,75999,2025-08-13 11:05:04,1967119892956188684,2025-08-13 11:06:04,1967119892956188679,False
1967119894445166599,SO20250813000572,1967119892788416551,4,62582,2025-08-13 13:16:04,1967119892956188685,2025-08-13 13:24:04,1967119892956188684,False
1967119894445166600,SO20250813000572,1967119892788416558,1,69533,2025-08-13 13:16:04,1967119892956188685,2025-08-13 13:24:04,1967119892956188684,False
1967119894449360896,SO20250813000573,1967119892788416557,3,48093,2025-08-13 04:35:04,1967119892956188679,2025-08-13 04:47:04,1967119892956188680,False
1967119894449360897,SO20250813000573,1967119892788416551,2,62582,2025-08-13 04:35:04,1967119892956188679,2025-08-13 04:47:04,1967119892956188680,False
1967119894449360898,SO20250814000574,1967119892788416539,2,443336,2025-08-14 19:32:04,1967119892956188685,2025-08-14 19:42:04,1967119892956188684,False
1967119894449360899,SO20250814000574,1967119892788416572,2,108602,2025-08-14 19:32:04,1967119892956188685,2025-08-14 19:42:04,1967119892956188684,False
1967119894449360900,SO20250814000574,1967119892788416574,1,63691,2025-08-14 19:32:04,1967119892956188685,2025-08-14 19:42:04,1967119892956188684,False
1967119894449360901,SO20250814000574,1967119892788416543,3,369310,2025-08-14 19:32:04,1967119892956188685,2025-08-14 19:42:04,1967119892956188684,False
1967119894453555200,SO20250814000575,1967119892788416573,4,90061,2025-08-14 21:06:04,1967119892956188684,2025-08-14 21:15:04,1967119892956188679,False
1967119894453555201,SO20250814000575,1967119892788416541,2,205423,2025-08-14 21:06:04,1967119892956188684,2025-08-14 21:15:04,1967119892956188679,False
1967119894453555202,SO20250814000575,1967119892788416565,1,19891,2025-08-14 21:06:04,1967119892956188684,2025-08-14 21:15:04,1967119892956188679,False
1967119894453555203,SO20250814000576,1967119892788416569,2,33054,2025-08-14 21:04:04,1967119892956188682,2025-08-14 21:08:04,1967119892956188681,False
1967119894453555204,SO20250814000576,1967119892788416591,1,2233095,2025-08-14 21:04:04,1967119892956188682,2025-08-14 21:08:04,1967119892956188681,False
1967119894457749504,SO20250814000577,1967119892788416558,1,69533,2025-08-14 23:51:04,1967119892956188685,2025-08-15 00:00:04,1967119892956188678,False
1967119894457749505,SO20250814000577,1967119892788416541,1,205423,2025-08-14 23:51:04,1967119892956188685,2025-08-15 00:00:04,1967119892956188678,False
1967119894457749506,SO20250814000577,1967119892788416552,1,65834,2025-08-14 23:51:04,1967119892956188685,2025-08-15 00:00:04,1967119892956188678,False
1967119894461943808,SO20250814000578,1967119892788416553,4,41380,2025-08-14 15:20:04,1967119892956188679,2025-08-14 15:35:04,1967119892956188681,False
1967119894461943809,SO20250814000578,1967119892788416543,2,369310,2025-08-14 15:20:04,1967119892956188679,2025-08-14 15:35:04,1967119892956188681,False
1967119894461943810,SO20250814000579,1967119892788416562,5,34607,2025-08-14 08:11:04,1967119892956188678,2025-08-14 08:18:04,1967119892956188680,False
1967119894461943811,SO20250814000579,1967119892788416574,1,63691,2025-08-14 08:11:04,1967119892956188678,2025-08-14 08:18:04,1967119892956188680,False
1967119894461943812,SO20250814000579,1967119892788416554,5,55663,2025-08-14 08:11:04,1967119892956188678,2025-08-14 08:18:04,1967119892956188680,False
1967119894470332416,SO20250814000580,1967119892788416536,2,224418,2025-08-14 21:19:04,1967119892956188681,2025-08-14 21:34:04,1967119892956188683,False
1967119894470332417,SO20250814000580,1967119892788416571,1,83847,2025-08-14 21:19:04,1967119892956188681,2025-08-14 21:34:04,1967119892956188683,False
1967119894470332418,SO20250814000580,1967119892788416561,1,21699,2025-08-14 21:19:04,1967119892956188681,2025-08-14 21:34:04,1967119892956188683,False
1967119894474526720,SO20250814000581,1967119892788416581,1,275969,2025-08-14 02:48:04,1967119892956188685,2025-08-14 03:01:04,1967119892956188683,False
1967119894474526721,SO20250814000581,1967119892788416556,1,19157,2025-08-14 02:48:04,1967119892956188685,2025-08-14 03:01:04,1967119892956188683,False
1967119894474526722,SO20250814000582,1967119892788416542,1,235309,2025-08-14 16:52:04,1967119892956188682,2025-08-14 16:56:04,1967119892956188685,False
1967119894478721024,SO20250814000583,1967119892788416557,1,48093,2025-08-14 03:45:04,1967119892956188678,2025-08-14 03:52:04,1967119892956188681,False
1967119894478721025,SO20250814000583,1967119892788416543,1,369310,2025-08-14 03:45:04,1967119892956188678,2025-08-14 03:52:04,1967119892956188681,False
1967119894478721026,SO20250815000584,1967119892788416584,2,59089,2025-08-15 15:06:04,1967119892956188680,2025-08-15 15:17:04,1967119892956188678,False
1967119894478721027,SO20250815000584,1967119892788416537,1,55424,2025-08-15 15:06:04,1967119892956188680,2025-08-15 15:17:04,1967119892956188678,False
1967119894482915328,SO20250815000585,1967119892788416565,1,19891,2025-08-15 14:47:04,1967119892956188684,2025-08-15 14:55:04,1967119892956188680,False
1967119894482915329,SO20250815000586,1967119892788416550,2,48004,2025-08-15 09:08:04,1967119892956188683,2025-08-15 09:21:04,1967119892956188680,False
1967119894487109632,SO20250815000587,1967119892788416541,1,205423,2025-08-15 16:00:04,1967119892956188684,2025-08-15 16:14:04,1967119892956188679,False
1967119894487109633,SO20250815000587,1967119892788416564,1,27506,2025-08-15 16:00:04,1967119892956188684,2025-08-15 16:14:04,1967119892956188679,False
1967119894491303936,SO20250815000588,1967119892788416547,1,495825,2025-08-15 15:58:04,1967119892956188681,2025-08-15 16:02:04,1967119892956188685,False
1967119894491303937,SO20250815000589,1967119892788416571,2,83847,2025-08-15 05:04:04,1967119892956188685,2025-08-15 05:10:04,1967119892956188680,False
1967119894491303938,SO20250815000589,1967119892788416556,1,19157,2025-08-15 05:04:04,1967119892956188685,2025-08-15 05:10:04,1967119892956188680,False
1967119894491303939,SO20250815000589,1967119892788416565,1,19891,2025-08-15 05:04:04,1967119892956188685,2025-08-15 05:10:04,1967119892956188680,False
1967119894491303940,SO20250815000589,1967119892788416539,2,443336,2025-08-15 05:04:04,1967119892956188685,2025-08-15 05:10:04,1967119892956188680,False
1967119894495498240,SO20250815000590,1967119892788416562,4,34607,2025-08-15 15:11:04,1967119892956188678,2025-08-15 15:18:04,1967119892956188683,False
1967119894499692544,SO20250815000591,1967119892788416583,1,788172,2025-08-15 20:46:04,1967119892956188678,2025-08-15 21:01:04,1967119892956188680,False
1967119894499692545,SO20250815000592,1967119892788416581,1,275969,2025-08-15 09:04:04,1967119892956188681,2025-08-15 09:11:04,1967119892956188678,False
1967119894499692546,SO20250815000592,1967119892788416539,1,443336,2025-08-15 09:04:04,1967119892956188681,2025-08-15 09:11:04,1967119892956188678,False
1967119894503886848,SO20250815000593,1967119892788416561,3,21699,2025-08-15 20:26:04,1967119892956188679,2025-08-15 20:39:04,1967119892956188679,False
1967119894503886849,SO20250815000593,1967119892788416551,2,62582,2025-08-15 20:26:04,1967119892956188679,2025-08-15 20:39:04,1967119892956188679,False
1967119894503886850,SO20250815000593,1967119892788416564,1,27506,2025-08-15 20:26:04,1967119892956188679,2025-08-15 20:39:04,1967119892956188679,False
1967119894503886851,SO20250815000593,1967119892788416558,1,69533,2025-08-15 20:26:04,1967119892956188679,2025-08-15 20:39:04,1967119892956188679,False
1967119894503886852,SO20250815000593,1967119892788416540,2,50974,2025-08-15 20:26:04,1967119892956188679,2025-08-15 20:39:04,1967119892956188679,False
1967119894503886853,SO20250815000594,1967119892788416574,1,63691,2025-08-15 01:19:04,1967119892956188685,2025-08-15 01:21:04,1967119892956188682,False
1967119894508081152,SO20250815000595,1967119892788416550,3,48004,2025-08-15 01:56:04,1967119892956188682,2025-08-15 02:07:04,1967119892956188685,False
1967119894508081153,SO20250815000596,1967119892788416540,2,50974,2025-08-15 16:16:04,1967119892956188682,2025-08-15 16:30:04,1967119892956188683,False
1967119894508081154,SO20250815000596,1967119892788416545,1,93757,2025-08-15 16:16:04,1967119892956188682,2025-08-15 16:30:04,1967119892956188683,False
1967119894512275456,SO20250815000597,1967119892788416555,1,19039,2025-08-15 06:37:04,1967119892956188682,2025-08-15 06:41:04,1967119892956188681,False
1967119894512275457,SO20250815000597,1967119892788416539,3,443336,2025-08-15 06:37:04,1967119892956188682,2025-08-15 06:41:04,1967119892956188681,False
1967119894512275458,SO20250815000598,1967119892788416573,2,90061,2025-08-15 03:40:04,1967119892956188684,2025-08-15 03:43:04,1967119892956188678,False
1967119894512275459,SO20250815000599,1967119892788416577,1,76278,2025-08-15 12:03:04,1967119892956188684,2025-08-15 12:08:04,1967119892956188685,False
1967119894512275460,SO20250815000600,1967119892788416560,1,44744,2025-08-15 08:12:04,1967119892956188678,2025-08-15 08:17:04,1967119892956188679,False
1967119894512275461,SO20250815000600,1967119892788416541,1,205423,2025-08-15 08:12:04,1967119892956188678,2025-08-15 08:17:04,1967119892956188679,False
1967119894512275462,SO20250815000600,1967119892788416589,1,1787307,2025-08-15 08:12:04,1967119892956188678,2025-08-15 08:17:04,1967119892956188679,False
1967119894520664064,SO20250815000601,1967119892788416579,3,1232489,2025-08-15 06:19:04,1967119892956188680,2025-08-15 06:24:04,1967119892956188683,False
1967119894520664065,SO20250815000601,1967119892788416537,2,55424,2025-08-15 06:19:04,1967119892956188680,2025-08-15 06:24:04,1967119892956188683,False
1967119894520664066,SO20250815000602,1967119892788416536,2,224418,2025-08-15 15:40:04,1967119892956188685,2025-08-15 15:52:04,1967119892956188685,False
1967119894520664067,SO20250815000602,1967119892788416551,1,62582,2025-08-15 15:40:04,1967119892956188685,2025-08-15 15:52:04,1967119892956188685,False
1967119894520664068,SO20250815000603,1967119892788416547,2,495825,2025-08-15 21:13:04,1967119892956188678,2025-08-15 21:28:04,1967119892956188684,False
1967119894520664069,SO20250815000603,1967119892788416543,1,369310,2025-08-15 21:13:04,1967119892956188678,2025-08-15 21:28:04,1967119892956188684,False
1967119894520664070,SO20250815000603,1967119892788416563,2,44942,2025-08-15 21:13:04,1967119892956188678,2025-08-15 21:28:04,1967119892956188684,False
1967119894524858368,SO20250815000604,1967119892788416544,2,98337,2025-08-15 16:40:04,1967119892956188678,2025-08-15 16:55:04,1967119892956188683,False
1967119894524858369,SO20250815000604,1967119892788416579,4,1232489,2025-08-15 16:40:04,1967119892956188678,2025-08-15 16:55:04,1967119892956188683,False
1967119894524858370,SO20250815000604,1967119892788416560,1,44744,2025-08-15 16:40:04,1967119892956188678,2025-08-15 16:55:04,1967119892956188683,False
1967119894529052672,SO20250815000605,1967119892788416570,1,79627,2025-08-15 02:53:04,1967119892956188679,2025-08-15 02:54:04,1967119892956188678,False
1967119894529052673,SO20250815000605,1967119892788416581,2,275969,2025-08-15 02:53:04,1967119892956188679,2025-08-15 02:54:04,1967119892956188678,False
1967119894529052674,SO20250815000605,1967119892788416556,1,19157,2025-08-15 02:53:04,1967119892956188679,2025-08-15 02:54:04,1967119892956188678,False
1967119894529052675,SO20250815000605,1967119892788416561,2,21699,2025-08-15 02:53:04,1967119892956188679,2025-08-15 02:54:04,1967119892956188678,False
1967119894529052676,SO20250815000606,1967119892788416567,2,36517,2025-08-15 19:39:04,1967119892956188679,2025-08-15 19:44:04,1967119892956188680,False
1967119894529052677,SO20250815000606,1967119892788416543,3,369310,2025-08-15 19:39:04,1967119892956188679,2025-08-15 19:44:04,1967119892956188680,False
1967119894529052678,SO20250815000606,1967119892788416536,3,224418,2025-08-15 19:39:04,1967119892956188679,2025-08-15 19:44:04,1967119892956188680,False
1967119894529052679,SO20250815000606,1967119892788416541,1,205423,2025-08-15 19:39:04,1967119892956188679,2025-08-15 19:44:04,1967119892956188680,False
1967119894529052680,SO20250815000607,1967119892788416554,1,55663,2025-08-15 03:55:04,1967119892956188684,2025-08-15 04:10:04,1967119892956188680,False
1967119894529052681,SO20250815000607,1967119892788416540,3,50974,2025-08-15 03:55:04,1967119892956188684,2025-08-15 04:10:04,1967119892956188680,False
1967119894529052682,SO20250815000607,1967119892788416544,2,98337,2025-08-15 03:55:04,1967119892956188684,2025-08-15 04:10:04,1967119892956188680,False
1967119894529052683,SO20250815000607,1967119892788416555,1,19039,2025-08-15 03:55:04,1967119892956188684,2025-08-15 04:10:04,1967119892956188680,False
1967119894529052684,SO20250815000607,1967119892788416545,2,93757,2025-08-15 03:55:04,1967119892956188684,2025-08-15 04:10:04,1967119892956188680,False
1967119894537441280,SO20250815000608,1967119892788416564,5,27506,2025-08-15 20:37:04,1967119892956188685,2025-08-15 20:45:04,1967119892956188683,False
1967119894537441281,SO20250815000608,1967119892788416584,3,59089,2025-08-15 20:37:04,1967119892956188685,2025-08-15 20:45:04,1967119892956188683,False
1967119894537441282,SO20250815000608,1967119892788416573,1,90061,2025-08-15 20:37:04,1967119892956188685,2025-08-15 20:45:04,1967119892956188683,False
1967119894537441283,SO20250815000608,1967119892788416555,1,19039,2025-08-15 20:37:04,1967119892956188685,2025-08-15 20:45:04,1967119892956188683,False
1967119894537441284,SO20250815000608,1967119892788416583,1,788172,2025-08-15 20:37:04,1967119892956188685,2025-08-15 20:45:04,1967119892956188683,False
1967119894537441285,SO20250815000608,1967119892788416548,2,69868,2025-08-15 20:37:04,1967119892956188685,2025-08-15 20:45:04,1967119892956188683,False
1967119894537441286,SO20250816000609,1967119892788416560,1,44744,2025-08-16 04:24:04,1967119892956188680,2025-08-16 04:35:04,1967119892956188682,False
1967119894537441287,SO20250816000609,1967119892788416555,2,19039,2025-08-16 04:24:04,1967119892956188680,2025-08-16 04:35:04,1967119892956188682,False
1967119894537441288,SO20250816000609,1967119892788416568,2,117335,2025-08-16 04:24:04,1967119892956188680,2025-08-16 04:35:04,1967119892956188682,False
1967119894537441289,SO20250816000610,1967119892788416581,2,275969,2025-08-16 13:37:04,1967119892956188682,2025-08-16 13:52:04,1967119892956188682,False
1967119894537441290,SO20250816000611,1967119892788416558,1,69533,2025-08-16 03:39:04,1967119892956188679,2025-08-16 03:41:04,1967119892956188684,False
1967119894537441291,SO20250816000611,1967119892788416554,1,55663,2025-08-16 03:39:04,1967119892956188679,2025-08-16 03:41:04,1967119892956188684,False
1967119894537441292,SO20250816000611,1967119892788416544,3,98337,2025-08-16 03:39:04,1967119892956188679,2025-08-16 03:41:04,1967119892956188684,False
1967119894545829888,SO20250816000612,1967119892788416568,1,117335,2025-08-16 21:06:04,1967119892956188682,2025-08-16 21:16:04,1967119892956188678,False
1967119894545829889,SO20250816000612,1967119892788416557,1,48093,2025-08-16 21:06:04,1967119892956188682,2025-08-16 21:16:04,1967119892956188678,False
1967119894545829890,SO20250816000612,1967119892788416538,3,193514,2025-08-16 21:06:04,1967119892956188682,2025-08-16 21:16:04,1967119892956188678,False
1967119894545829891,SO20250816000613,1967119892788416578,2,114209,2025-08-16 07:18:04,1967119892956188684,2025-08-16 07:27:04,1967119892956188679,False
1967119894545829892,SO20250816000613,1967119892788416582,3,891870,2025-08-16 07:18:04,1967119892956188684,2025-08-16 07:27:04,1967119892956188679,False
1967119894545829893,SO20250816000613,1967119892788416555,2,19039,2025-08-16 07:18:04,1967119892956188684,2025-08-16 07:27:04,1967119892956188679,False
1967119894545829894,SO20250816000614,1967119892788416547,3,495825,2025-08-16 08:58:04,1967119892956188679,2025-08-16 09:07:04,1967119892956188683,False
1967119894545829895,SO20250816000614,1967119892788416564,1,27506,2025-08-16 08:58:04,1967119892956188679,2025-08-16 09:07:04,1967119892956188683,False
1967119894554218496,SO20250816000615,1967119892788416555,3,19039,2025-08-16 19:27:04,1967119892956188685,2025-08-16 19:32:04,1967119892956188684,False
1967119894554218497,SO20250816000615,1967119892788416537,3,55424,2025-08-16 19:27:04,1967119892956188685,2025-08-16 19:32:04,1967119892956188684,False
1967119894554218498,SO20250816000615,1967119892788416584,1,59089,2025-08-16 19:27:04,1967119892956188685,2025-08-16 19:32:04,1967119892956188684,False
1967119894554218499,SO20250816000615,1967119892788416547,2,495825,2025-08-16 19:27:04,1967119892956188685,2025-08-16 19:32:04,1967119892956188684,False
1967119894554218500,SO20250816000615,1967119892788416558,2,69533,2025-08-16 19:27:04,1967119892956188685,2025-08-16 19:32:04,1967119892956188684,False
1967119894554218501,SO20250816000616,1967119892788416544,1,98337,2025-08-16 02:54:04,1967119892956188679,2025-08-16 03:06:04,1967119892956188679,False
1967119894558412800,SO20250816000617,1967119892788416547,1,495825,2025-08-16 15:37:04,1967119892956188685,2025-08-16 15:41:04,1967119892956188679,False
1967119894558412801,SO20250816000617,1967119892788416557,2,48093,2025-08-16 15:37:04,1967119892956188685,2025-08-16 15:41:04,1967119892956188679,False
1967119894558412802,SO20250816000617,1967119892788416554,1,55663,2025-08-16 15:37:04,1967119892956188685,2025-08-16 15:41:04,1967119892956188679,False
1967119894558412803,SO20250816000618,1967119892788416556,3,19157,2025-08-16 07:15:04,1967119892956188684,2025-08-16 07:28:04,1967119892956188683,False
1967119894558412804,SO20250816000618,1967119892788416572,1,108602,2025-08-16 07:15:04,1967119892956188684,2025-08-16 07:28:04,1967119892956188683,False
1967119894558412805,SO20250816000618,1967119892788416560,2,44744,2025-08-16 07:15:04,1967119892956188684,2025-08-16 07:28:04,1967119892956188683,False
1967119894558412806,SO20250816000618,1967119892788416543,1,369310,2025-08-16 07:15:04,1967119892956188684,2025-08-16 07:28:04,1967119892956188683,False
1967119894562607104,SO20250816000619,1967119892788416576,1,64918,2025-08-16 07:23:04,1967119892956188685,2025-08-16 07:31:04,1967119892956188679,False
1967119894562607105,SO20250816000620,1967119892788416583,3,788172,2025-08-16 05:40:04,1967119892956188684,2025-08-16 05:55:04,1967119892956188680,False
1967119894566801408,SO20250816000621,1967119892788416564,1,27506,2025-08-16 00:55:04,1967119892956188685,2025-08-16 00:59:04,1967119892956188680,False
1967119894566801409,SO20250816000621,1967119892788416583,2,788172,2025-08-16 00:55:04,1967119892956188685,2025-08-16 00:59:04,1967119892956188680,False
1967119894566801410,SO20250816000622,1967119892788416544,2,98337,2025-08-16 20:16:04,1967119892956188679,2025-08-16 20:27:04,1967119892956188680,False
1967119894566801411,SO20250816000622,1967119892788416541,3,205423,2025-08-16 20:16:04,1967119892956188679,2025-08-16 20:27:04,1967119892956188680,False
1967119894566801412,SO20250816000622,1967119892788416537,1,55424,2025-08-16 20:16:04,1967119892956188679,2025-08-16 20:27:04,1967119892956188680,False
1967119894566801413,SO20250816000622,1967119892788416553,3,41380,2025-08-16 20:16:04,1967119892956188679,2025-08-16 20:27:04,1967119892956188680,False
1967119894566801414,SO20250816000622,1967119892788416540,3,50974,2025-08-16 20:16:04,1967119892956188679,2025-08-16 20:27:04,1967119892956188680,False
1967119894570995712,SO20250816000623,1967119892788416560,2,44744,2025-08-16 16:59:04,1967119892956188682,2025-08-16 17:08:04,1967119892956188679,False
1967119894570995713,SO20250816000623,1967119892788416581,3,275969,2025-08-16 16:59:04,1967119892956188682,2025-08-16 17:08:04,1967119892956188679,False
1967119894570995714,SO20250816000624,1967119892788416564,3,27506,2025-08-16 14:02:04,1967119892956188678,2025-08-16 14:14:04,1967119892956188684,False
1967119894570995715,SO20250816000625,1967119892788416581,1,275969,2025-08-16 06:24:04,1967119892956188678,2025-08-16 06:32:04,1967119892956188678,False
1967119894570995716,SO20250816000625,1967119892788416578,1,114209,2025-08-16 06:24:04,1967119892956188678,2025-08-16 06:32:04,1967119892956188678,False
1967119894570995717,SO20250816000625,1967119892788416557,1,48093,2025-08-16 06:24:04,1967119892956188678,2025-08-16 06:32:04,1967119892956188678,False
1967119894575190016,SO20250816000626,1967119892788416551,5,62582,2025-08-16 12:39:04,1967119892956188680,2025-08-16 12:49:04,1967119892956188685,False
1967119894575190017,SO20250816000627,1967119892788416556,1,19157,2025-08-16 15:24:04,1967119892956188684,2025-08-16 15:30:04,1967119892956188680,False
1967119894575190018,SO20250816000627,1967119892788416550,2,48004,2025-08-16 15:24:04,1967119892956188684,2025-08-16 15:30:04,1967119892956188680,False
1967119894575190019,SO20250816000627,1967119892788416554,1,55663,2025-08-16 15:24:04,1967119892956188684,2025-08-16 15:30:04,1967119892956188680,False
1967119894579384320,SO20250816000628,1967119892788416573,4,90061,2025-08-16 07:47:04,1967119892956188683,2025-08-16 07:58:04,1967119892956188683,False
1967119894579384321,SO20250816000628,1967119892788416581,2,275969,2025-08-16 07:47:04,1967119892956188683,2025-08-16 07:58:04,1967119892956188683,False
1967119894579384322,SO20250816000628,1967119892788416560,2,44744,2025-08-16 07:47:04,1967119892956188683,2025-08-16 07:58:04,1967119892956188683,False
1967119894579384323,SO20250816000628,1967119892788416583,2,788172,2025-08-16 07:47:04,1967119892956188683,2025-08-16 07:58:04,1967119892956188683,False
1967119894579384324,SO20250816000629,1967119892788416584,1,59089,2025-08-16 04:06:04,1967119892956188685,2025-08-16 04:11:04,1967119892956188678,False
1967119894579384325,SO20250816000629,1967119892788416562,2,34607,2025-08-16 04:06:04,1967119892956188685,2025-08-16 04:11:04,1967119892956188678,False
1967119894583578624,SO20250816000630,1967119892788416538,3,193514,2025-08-16 21:39:04,1967119892956188684,2025-08-16 21:51:04,1967119892956188680,False
1967119894583578625,SO20250816000630,1967119892788416581,3,275969,2025-08-16 21:39:04,1967119892956188684,2025-08-16 21:51:04,1967119892956188680,False
1967119894583578626,SO20250816000631,1967119892788416558,2,69533,2025-08-16 13:20:04,1967119892956188681,2025-08-16 13:32:04,1967119892956188682,False
1967119894583578627,SO20250816000631,1967119892788416547,1,495825,2025-08-16 13:20:04,1967119892956188681,2025-08-16 13:32:04,1967119892956188682,False
1967119894587772928,SO20250816000632,1967119892788416559,4,27115,2025-08-16 20:47:04,1967119892956188681,2025-08-16 20:50:04,1967119892956188681,False
1967119894587772929,SO20250816000632,1967119892788416562,4,34607,2025-08-16 20:47:04,1967119892956188681,2025-08-16 20:50:04,1967119892956188681,False
1967119894587772930,SO20250816000632,1967119892788416557,2,48093,2025-08-16 20:47:04,1967119892956188681,2025-08-16 20:50:04,1967119892956188681,False
1967119894587772931,SO20250816000633,1967119892788416559,1,27115,2025-08-16 10:00:04,1967119892956188678,2025-08-16 10:10:04,1967119892956188678,False
1967119894587772932,SO20250816000633,1967119892788416572,1,108602,2025-08-16 10:00:04,1967119892956188678,2025-08-16 10:10:04,1967119892956188678,False
1967119894587772933,SO20250816000633,1967119892788416538,2,193514,2025-08-16 10:00:04,1967119892956188678,2025-08-16 10:10:04,1967119892956188678,False
1967119894591967232,SO20250816000634,1967119892788416574,4,63691,2025-08-16 04:05:04,1967119892956188684,2025-08-16 04:17:04,1967119892956188678,False
1967119894591967233,SO20250816000634,1967119892788416547,1,495825,2025-08-16 04:05:04,1967119892956188684,2025-08-16 04:17:04,1967119892956188678,False
1967119894591967234,SO20250816000634,1967119892788416543,1,369310,2025-08-16 04:05:04,1967119892956188684,2025-08-16 04:17:04,1967119892956188678,False
1967119894591967235,SO20250816000635,1967119892788416578,1,114209,2025-08-16 13:18:04,1967119892956188679,2025-08-16 13:22:04,1967119892956188680,False
1967119894591967236,SO20250816000635,1967119892788416537,1,55424,2025-08-16 13:18:04,1967119892956188679,2025-08-16 13:22:04,1967119892956188680,False
1967119894596161536,SO20250816000636,1967119892788416538,1,193514,2025-08-16 08:41:04,1967119892956188682,2025-08-16 08:43:04,1967119892956188681,False
1967119894596161537,SO20250816000636,1967119892788416553,2,41380,2025-08-16 08:41:04,1967119892956188682,2025-08-16 08:43:04,1967119892956188681,False
1967119894600355840,SO20250816000637,1967119892788416542,2,235309,2025-08-16 18:54:04,1967119892956188681,2025-08-16 19:03:04,1967119892956188683,False
1967119894600355841,SO20250816000637,1967119892788416557,5,48093,2025-08-16 18:54:04,1967119892956188681,2025-08-16 19:03:04,1967119892956188683,False
1967119894600355842,SO20250816000638,1967119892788416538,3,193514,2025-08-16 03:39:04,1967119892956188681,2025-08-16 03:49:04,1967119892956188679,False
1967119894600355843,SO20250816000638,1967119892788416560,5,44744,2025-08-16 03:39:04,1967119892956188681,2025-08-16 03:49:04,1967119892956188679,False
1967119894600355844,SO20250816000638,1967119892788416562,3,34607,2025-08-16 03:39:04,1967119892956188681,2025-08-16 03:49:04,1967119892956188679,False
1967119894600355845,SO20250817000639,1967119892788416578,4,114209,2025-08-17 04:33:04,1967119892956188682,2025-08-17 04:39:04,1967119892956188681,False
1967119894600355846,SO20250817000639,1967119892788416560,1,44744,2025-08-17 04:33:04,1967119892956188682,2025-08-17 04:39:04,1967119892956188681,False
1967119894600355847,SO20250817000639,1967119892788416557,2,48093,2025-08-17 04:33:04,1967119892956188682,2025-08-17 04:39:04,1967119892956188681,False
1967119894604550144,SO20250817000640,1967119892788416537,2,55424,2025-08-17 19:19:04,1967119892956188681,2025-08-17 19:33:04,1967119892956188684,False
1967119894604550145,SO20250817000640,1967119892788416544,1,98337,2025-08-17 19:19:04,1967119892956188681,2025-08-17 19:33:04,1967119892956188684,False
1967119894604550146,SO20250817000641,1967119892788416556,5,19157,2025-08-17 06:52:04,1967119892956188684,2025-08-17 06:58:04,1967119892956188679,False
1967119894608744448,SO20250817000642,1967119892788416550,2,48004,2025-08-17 14:14:04,1967119892956188683,2025-08-17 14:16:04,1967119892956188682,False
1967119894608744449,SO20250817000642,1967119892788416589,1,1787307,2025-08-17 14:14:04,1967119892956188683,2025-08-17 14:16:04,1967119892956188682,False
1967119894608744450,SO20250817000643,1967119892788416583,1,788172,2025-08-17 14:49:04,1967119892956188679,2025-08-17 14:51:04,1967119892956188684,False
1967119894608744451,SO20250817000644,1967119892788416555,2,19039,2025-08-17 13:30:04,1967119892956188682,2025-08-17 13:36:04,1967119892956188681,False
1967119894608744452,SO20250817000644,1967119892788416573,1,90061,2025-08-17 13:30:04,1967119892956188682,2025-08-17 13:36:04,1967119892956188681,False
1967119894612938752,SO20250817000645,1967119892788416542,1,235309,2025-08-17 08:09:04,1967119892956188682,2025-08-17 08:16:04,1967119892956188678,False
1967119894612938753,SO20250817000646,1967119892788416560,1,44744,2025-08-17 12:08:04,1967119892956188685,2025-08-17 12:18:04,1967119892956188685,False
1967119894612938754,SO20250817000646,1967119892788416568,4,117335,2025-08-17 12:08:04,1967119892956188685,2025-08-17 12:18:04,1967119892956188685,False
1967119894612938755,SO20250817000646,1967119892788416583,3,788172,2025-08-17 12:08:04,1967119892956188685,2025-08-17 12:18:04,1967119892956188685,False
1967119894617133056,SO20250817000647,1967119892788416582,2,891870,2025-08-17 18:23:04,1967119892956188685,2025-08-17 18:32:04,1967119892956188684,False
1967119894617133057,SO20250817000647,1967119892788416554,1,55663,2025-08-17 18:23:04,1967119892956188685,2025-08-17 18:32:04,1967119892956188684,False
1967119894617133058,SO20250817000648,1967119892788416574,2,63691,2025-08-17 03:05:04,1967119892956188684,2025-08-17 03:09:04,1967119892956188682,False
1967119894617133059,SO20250817000648,1967119892788416557,2,48093,2025-08-17 03:05:04,1967119892956188684,2025-08-17 03:09:04,1967119892956188682,False
1967119894621327360,SO20250817000649,1967119892788416563,3,44942,2025-08-17 06:13:04,1967119892956188679,2025-08-17 06:27:04,1967119892956188678,False
1967119894621327361,SO20250817000650,1967119892788416544,2,98337,2025-08-17 18:20:04,1967119892956188685,2025-08-17 18:35:04,1967119892956188685,False
1967119894621327362,SO20250817000650,1967119892788416556,5,19157,2025-08-17 18:20:04,1967119892956188685,2025-08-17 18:35:04,1967119892956188685,False
1967119894625521664,SO20250817000651,1967119892788416569,2,33054,2025-08-17 05:41:04,1967119892956188681,2025-08-17 05:52:04,1967119892956188682,False
1967119894625521665,SO20250817000652,1967119892788416554,1,55663,2025-08-17 13:34:04,1967119892956188685,2025-08-17 13:39:04,1967119892956188678,False
1967119894625521666,SO20250817000652,1967119892788416590,1,2974017,2025-08-17 13:34:04,1967119892956188685,2025-08-17 13:39:04,1967119892956188678,False
1967119894629715968,SO20250817000653,1967119892788416566,3,34445,2025-08-17 02:19:04,1967119892956188683,2025-08-17 02:30:04,1967119892956188683,False
1967119894629715969,SO20250817000653,1967119892788416565,2,19891,2025-08-17 02:19:04,1967119892956188683,2025-08-17 02:30:04,1967119892956188683,False
1967119894629715970,SO20250817000654,1967119892788416559,1,27115,2025-08-17 23:59:04,1967119892956188681,2025-08-18 00:04:04,1967119892956188678,False
1967119894629715971,SO20250817000654,1967119892788416550,1,48004,2025-08-17 23:59:04,1967119892956188681,2025-08-18 00:04:04,1967119892956188678,False
1967119894629715972,SO20250817000654,1967119892788416568,1,117335,2025-08-17 23:59:04,1967119892956188681,2025-08-18 00:04:04,1967119892956188678,False
1967119894633910272,SO20250817000655,1967119892788416552,1,65834,2025-08-17 11:54:04,1967119892956188683,2025-08-17 12:01:04,1967119892956188679,False
1967119894633910273,SO20250817000655,1967119892788416569,2,33054,2025-08-17 11:54:04,1967119892956188683,2025-08-17 12:01:04,1967119892956188679,False
1967119894638104576,SO20250818000656,1967119892788416559,2,27115,2025-08-18 16:39:04,1967119892956188679,2025-08-18 16:51:04,1967119892956188678,False
1967119894638104577,SO20250818000657,1967119892788416550,4,48004,2025-08-18 13:48:04,1967119892956188683,2025-08-18 14:01:04,1967119892956188684,False
1967119894638104578,SO20250818000657,1967119892788416565,2,19891,2025-08-18 13:48:04,1967119892956188683,2025-08-18 14:01:04,1967119892956188684,False
1967119894638104579,SO20250818000658,1967119892788416551,1,62582,2025-08-18 09:52:04,1967119892956188679,2025-08-18 10:06:04,1967119892956188683,False
1967119894638104580,SO20250818000659,1967119892788416547,3,495825,2025-08-18 09:21:04,1967119892956188685,2025-08-18 09:25:04,1967119892956188678,False
1967119894638104581,SO20250818000659,1967119892788416577,1,76278,2025-08-18 09:21:04,1967119892956188685,2025-08-18 09:25:04,1967119892956188678,False
1967119894638104582,SO20250818000660,1967119892788416537,3,55424,2025-08-18 07:53:04,1967119892956188678,2025-08-18 08:08:04,1967119892956188682,False
1967119894638104583,SO20250818000660,1967119892788416573,1,90061,2025-08-18 07:53:04,1967119892956188678,2025-08-18 08:08:04,1967119892956188682,False
1967119894638104584,SO20250818000661,1967119892788416539,2,443336,2025-08-18 08:39:04,1967119892956188683,2025-08-18 08:52:04,1967119892956188678,False
1967119894638104585,SO20250818000662,1967119892788416566,2,34445,2025-08-18 19:09:04,1967119892956188678,2025-08-18 19:11:04,1967119892956188683,False
1967119894638104586,SO20250818000662,1967119892788416565,2,19891,2025-08-18 19:09:04,1967119892956188678,2025-08-18 19:11:04,1967119892956188683,False
1967119894638104587,SO20250818000662,1967119892788416568,4,117335,2025-08-18 19:09:04,1967119892956188678,2025-08-18 19:11:04,1967119892956188683,False
1967119894638104588,SO20250818000662,1967119892788416562,1,34607,2025-08-18 19:09:04,1967119892956188678,2025-08-18 19:11:04,1967119892956188683,False
1967119894638104589,SO20250818000663,1967119892788416578,3,114209,2025-08-18 13:23:04,1967119892956188681,2025-08-18 13:35:04,1967119892956188680,False
1967119894638104590,SO20250818000664,1967119892788416552,2,65834,2025-08-18 21:24:04,1967119892956188679,2025-08-18 21:31:04,1967119892956188685,False
1967119894638104591,SO20250818000664,1967119892788416563,3,44942,2025-08-18 21:24:04,1967119892956188679,2025-08-18 21:31:04,1967119892956188685,False
1967119894638104592,SO20250818000664,1967119892788416558,1,69533,2025-08-18 21:24:04,1967119892956188679,2025-08-18 21:31:04,1967119892956188685,False
1967119894638104593,SO20250818000665,1967119892788416554,1,55663,2025-08-18 19:56:04,1967119892956188679,2025-08-18 20:06:04,1967119892956188684,False
1967119894638104594,SO20250819000666,1967119892788416553,1,41380,2025-08-19 17:06:04,1967119892956188678,2025-08-19 17:13:04,1967119892956188680,False
1967119894638104595,SO20250819000666,1967119892788416541,2,205423,2025-08-19 17:06:04,1967119892956188678,2025-08-19 17:13:04,1967119892956188680,False
1967119894638104596,SO20250819000666,1967119892788416536,1,224418,2025-08-19 17:06:04,1967119892956188678,2025-08-19 17:13:04,1967119892956188680,False
1967119894638104597,SO20250819000666,1967119892788416557,1,48093,2025-08-19 17:06:04,1967119892956188678,2025-08-19 17:13:04,1967119892956188680,False
1967119894638104598,SO20250819000667,1967119892788416578,1,114209,2025-08-19 07:24:04,1967119892956188682,2025-08-19 07:30:04,1967119892956188681,False
1967119894638104599,SO20250819000668,1967119892788416557,2,48093,2025-08-19 23:48:04,1967119892956188680,2025-08-20 00:03:04,1967119892956188683,False
1967119894638104600,SO20250819000668,1967119892788416543,1,369310,2025-08-19 23:48:04,1967119892956188680,2025-08-20 00:03:04,1967119892956188683,False
1967119894638104601,SO20250819000669,1967119892788416538,3,193514,2025-08-19 02:08:04,1967119892956188680,2025-08-19 02:14:04,1967119892956188685,False
1967119894638104602,SO20250819000670,1967119892788416541,1,205423,2025-08-19 14:05:04,1967119892956188685,2025-08-19 14:09:04,1967119892956188680,False
1967119894638104603,SO20250819000670,1967119892788416551,2,62582,2025-08-19 14:05:04,1967119892956188685,2025-08-19 14:09:04,1967119892956188680,False
1967119894638104604,SO20250819000671,1967119892788416546,3,75999,2025-08-19 07:19:04,1967119892956188683,2025-08-19 07:33:04,1967119892956188685,False
1967119894638104605,SO20250819000671,1967119892788416562,2,34607,2025-08-19 07:19:04,1967119892956188683,2025-08-19 07:33:04,1967119892956188685,False
1967119894638104606,SO20250819000671,1967119892788416555,1,19039,2025-08-19 07:19:04,1967119892956188683,2025-08-19 07:33:04,1967119892956188685,False
1967119894638104607,SO20250819000671,1967119892788416585,1,2073616,2025-08-19 07:19:04,1967119892956188683,2025-08-19 07:33:04,1967119892956188685,False
1967119894667464704,SO20250819000672,1967119892788416539,3,443336,2025-08-19 09:06:04,1967119892956188683,2025-08-19 09:20:04,1967119892956188685,False
1967119894667464705,SO20250819000672,1967119892788416586,1,2202564,2025-08-19 09:06:04,1967119892956188683,2025-08-19 09:20:04,1967119892956188685,False
1967119894671659008,SO20250819000673,1967119892788416539,1,443336,2025-08-19 07:50:04,1967119892956188683,2025-08-19 07:59:04,1967119892956188682,False
1967119894671659009,SO20250819000673,1967119892788416571,1,83847,2025-08-19 07:50:04,1967119892956188683,2025-08-19 07:59:04,1967119892956188682,False
1967119894671659010,SO20250819000673,1967119892788416541,3,205423,2025-08-19 07:50:04,1967119892956188683,2025-08-19 07:59:04,1967119892956188682,False
1967119894671659011,SO20250819000673,1967119892788416555,2,19039,2025-08-19 07:50:04,1967119892956188683,2025-08-19 07:59:04,1967119892956188682,False
1967119894671659012,SO20250819000673,1967119892788416547,2,495825,2025-08-19 07:50:04,1967119892956188683,2025-08-19 07:59:04,1967119892956188682,False
1967119894671659013,SO20250819000673,1967119892788416573,2,90061,2025-08-19 07:50:04,1967119892956188683,2025-08-19 07:59:04,1967119892956188682,False
1967119894671659014,SO20250819000674,1967119892788416561,1,21699,2025-08-19 15:46:04,1967119892956188680,2025-08-19 16:00:04,1967119892956188684,False
1967119894671659015,SO20250819000674,1967119892788416570,1,79627,2025-08-19 15:46:04,1967119892956188680,2025-08-19 16:00:04,1967119892956188684,False
1967119894671659016,SO20250819000674,1967119892788416555,1,19039,2025-08-19 15:46:04,1967119892956188680,2025-08-19 16:00:04,1967119892956188684,False
1967119894671659017,SO20250819000675,1967119892788416540,1,50974,2025-08-19 14:47:04,1967119892956188685,2025-08-19 14:58:04,1967119892956188684,False
1967119894671659018,SO20250819000675,1967119892788416577,1,76278,2025-08-19 14:47:04,1967119892956188685,2025-08-19 14:58:04,1967119892956188684,False
1967119894675853312,SO20250819000676,1967119892788416582,4,891870,2025-08-19 20:12:04,1967119892956188682,2025-08-19 20:24:04,1967119892956188683,False
1967119894675853313,SO20250819000677,1967119892788416541,3,205423,2025-08-19 05:53:04,1967119892956188680,2025-08-19 05:57:04,1967119892956188678,False
1967119894680047616,SO20250820000678,1967119892788416541,3,205423,2025-08-20 13:55:04,1967119892956188680,2025-08-20 14:06:04,1967119892956188682,False
1967119894680047617,SO20250820000678,1967119892788416569,4,33054,2025-08-20 13:55:04,1967119892956188680,2025-08-20 14:06:04,1967119892956188682,False
1967119894680047618,SO20250820000678,1967119892788416572,4,108602,2025-08-20 13:55:04,1967119892956188680,2025-08-20 14:06:04,1967119892956188682,False
1967119894680047619,SO20250820000679,1967119892788416552,1,65834,2025-08-20 00:28:04,1967119892956188680,2025-08-20 00:29:04,1967119892956188684,False
1967119894680047620,SO20250820000679,1967119892788416584,2,59089,2025-08-20 00:28:04,1967119892956188680,2025-08-20 00:29:04,1967119892956188684,False
1967119894680047621,SO20250820000679,1967119892788416564,4,27506,2025-08-20 00:28:04,1967119892956188680,2025-08-20 00:29:04,1967119892956188684,False
1967119894680047622,SO20250820000679,1967119892788416569,1,33054,2025-08-20 00:28:04,1967119892956188680,2025-08-20 00:29:04,1967119892956188684,False
1967119894680047623,SO20250820000679,1967119892788416572,2,108602,2025-08-20 00:28:04,1967119892956188680,2025-08-20 00:29:04,1967119892956188684,False
1967119894680047624,SO20250820000679,1967119892788416553,1,41380,2025-08-20 00:28:04,1967119892956188680,2025-08-20 00:29:04,1967119892956188684,False
1967119894680047625,SO20250820000680,1967119892788416543,1,369310,2025-08-20 10:04:04,1967119892956188678,2025-08-20 10:09:04,1967119892956188685,False
1967119894680047626,SO20250820000680,1967119892788416566,2,34445,2025-08-20 10:04:04,1967119892956188678,2025-08-20 10:09:04,1967119892956188685,False
1967119894680047627,SO20250820000680,1967119892788416546,1,75999,2025-08-20 10:04:04,1967119892956188678,2025-08-20 10:09:04,1967119892956188685,False
1967119894684241920,SO20250820000681,1967119892788416537,2,55424,2025-08-20 23:35:04,1967119892956188680,2025-08-20 23:38:04,1967119892956188683,False
1967119894684241921,SO20250820000682,1967119892788416556,2,19157,2025-08-20 05:07:04,1967119892956188679,2025-08-20 05:19:04,1967119892956188679,False
1967119894684241922,SO20250820000682,1967119892788416542,1,235309,2025-08-20 05:07:04,1967119892956188679,2025-08-20 05:19:04,1967119892956188679,False
1967119894688436224,SO20250820000683,1967119892788416550,2,48004,2025-08-20 05:00:04,1967119892956188682,2025-08-20 05:15:04,1967119892956188684,False
1967119894688436225,SO20250820000684,1967119892788416556,5,19157,2025-08-20 11:38:04,1967119892956188682,2025-08-20 11:47:04,1967119892956188681,False
1967119894688436226,SO20250820000684,1967119892788416537,1,55424,2025-08-20 11:38:04,1967119892956188682,2025-08-20 11:47:04,1967119892956188681,False
1967119894692630528,SO20250820000685,1967119892788416539,3,443336,2025-08-20 03:00:04,1967119892956188680,2025-08-20 03:07:04,1967119892956188683,False
1967119894692630529,SO20250820000685,1967119892788416537,1,55424,2025-08-20 03:00:04,1967119892956188680,2025-08-20 03:07:04,1967119892956188683,False
1967119894692630530,SO20250820000685,1967119892788416564,1,27506,2025-08-20 03:00:04,1967119892956188680,2025-08-20 03:07:04,1967119892956188683,False
1967119894692630531,SO20250820000685,1967119892788416547,1,495825,2025-08-20 03:00:04,1967119892956188680,2025-08-20 03:07:04,1967119892956188683,False
1967119894692630532,SO20250820000685,1967119892788416572,2,108602,2025-08-20 03:00:04,1967119892956188680,2025-08-20 03:07:04,1967119892956188683,False
1967119894692630533,SO20250820000686,1967119892788416581,1,275969,2025-08-20 14:07:04,1967119892956188685,2025-08-20 14:09:04,1967119892956188684,False
1967119894692630534,SO20250820000686,1967119892788416570,1,79627,2025-08-20 14:07:04,1967119892956188685,2025-08-20 14:09:04,1967119892956188684,False
1967119894692630535,SO20250820000686,1967119892788416542,1,235309,2025-08-20 14:07:04,1967119892956188685,2025-08-20 14:09:04,1967119892956188684,False
1967119894696824832,SO20250821000687,1967119892788416583,2,788172,2025-08-21 20:45:04,1967119892956188683,2025-08-21 20:55:04,1967119892956188683,False
1967119894696824833,SO20250821000687,1967119892788416541,2,205423,2025-08-21 20:45:04,1967119892956188683,2025-08-21 20:55:04,1967119892956188683,False
1967119894696824834,SO20250821000688,1967119892788416546,3,75999,2025-08-21 00:52:04,1967119892956188684,2025-08-21 01:07:04,1967119892956188683,False
1967119894701019136,SO20250821000689,1967119892788416558,3,69533,2025-08-21 17:16:04,1967119892956188681,2025-08-21 17:27:04,1967119892956188683,False
1967119894701019137,SO20250821000689,1967119892788416578,1,114209,2025-08-21 17:16:04,1967119892956188681,2025-08-21 17:27:04,1967119892956188683,False
1967119894705213440,SO20250821000690,1967119892788416565,2,19891,2025-08-21 08:02:04,1967119892956188682,2025-08-21 08:06:04,1967119892956188681,False
1967119894705213441,SO20250821000691,1967119892788416554,1,55663,2025-08-21 07:50:04,1967119892956188683,2025-08-21 07:53:04,1967119892956188683,False
1967119894705213442,SO20250821000691,1967119892788416550,3,48004,2025-08-21 07:50:04,1967119892956188683,2025-08-21 07:53:04,1967119892956188683,False
1967119894705213443,SO20250821000692,1967119892788416585,1,2073616,2025-08-21 01:39:04,1967119892956188681,2025-08-21 01:46:04,1967119892956188681,False
1967119894709407744,SO20250821000693,1967119892788416538,2,193514,2025-08-21 14:10:04,1967119892956188684,2025-08-21 14:13:04,1967119892956188681,False
1967119894709407745,SO20250821000693,1967119892788416564,1,27506,2025-08-21 14:10:04,1967119892956188684,2025-08-21 14:13:04,1967119892956188681,False
1967119894709407746,SO20250821000693,1967119892788416540,3,50974,2025-08-21 14:10:04,1967119892956188684,2025-08-21 14:13:04,1967119892956188681,False
1967119894709407747,SO20250821000693,1967119892788416541,2,205423,2025-08-21 14:10:04,1967119892956188684,2025-08-21 14:13:04,1967119892956188681,False
1967119894709407748,SO20250821000693,1967119892788416581,2,275969,2025-08-21 14:10:04,1967119892956188684,2025-08-21 14:13:04,1967119892956188681,False
1967119894709407749,SO20250821000693,1967119892788416562,1,34607,2025-08-21 14:10:04,1967119892956188684,2025-08-21 14:13:04,1967119892956188681,False
1967119894709407750,SO20250821000694,1967119892788416542,1,235309,2025-08-21 13:47:04,1967119892956188679,2025-08-21 13:55:04,1967119892956188681,False
1967119894709407751,SO20250821000694,1967119892788416539,3,443336,2025-08-21 13:47:04,1967119892956188679,2025-08-21 13:55:04,1967119892956188681,False
1967119894709407752,SO20250821000694,1967119892788416563,2,44942,2025-08-21 13:47:04,1967119892956188679,2025-08-21 13:55:04,1967119892956188681,False
1967119894709407753,SO20250821000694,1967119892788416546,2,75999,2025-08-21 13:47:04,1967119892956188679,2025-08-21 13:55:04,1967119892956188681,False
1967119894713602048,SO20250821000695,1967119892788416539,3,443336,2025-08-21 06:50:04,1967119892956188684,2025-08-21 07:05:04,1967119892956188679,False
1967119894713602049,SO20250821000695,1967119892788416541,2,205423,2025-08-21 06:50:04,1967119892956188684,2025-08-21 07:05:04,1967119892956188679,False
1967119894713602050,SO20250821000696,1967119892788416557,2,48093,2025-08-21 11:35:04,1967119892956188681,2025-08-21 11:43:04,1967119892956188680,False
1967119894713602051,SO20250821000696,1967119892788416555,1,19039,2025-08-21 11:35:04,1967119892956188681,2025-08-21 11:43:04,1967119892956188680,False
1967119894713602052,SO20250821000697,1967119892788416555,1,19039,2025-08-21 20:23:04,1967119892956188684,2025-08-21 20:38:04,1967119892956188681,False
1967119894717796352,SO20250821000698,1967119892788416554,2,55663,2025-08-21 20:55:04,1967119892956188678,2025-08-21 21:10:04,1967119892956188681,False
1967119894717796353,SO20250821000698,1967119892788416550,2,48004,2025-08-21 20:55:04,1967119892956188678,2025-08-21 21:10:04,1967119892956188681,False
1967119894717796354,SO20250821000698,1967119892788416558,1,69533,2025-08-21 20:55:04,1967119892956188678,2025-08-21 21:10:04,1967119892956188681,False
1967119894721990656,SO20250821000699,1967119892788416539,2,443336,2025-08-21 08:07:04,1967119892956188685,2025-08-21 08:16:04,1967119892956188683,False
1967119894721990657,SO20250821000699,1967119892788416560,4,44744,2025-08-21 08:07:04,1967119892956188685,2025-08-21 08:16:04,1967119892956188683,False
1967119894721990658,SO20250821000700,1967119892788416550,1,48004,2025-08-21 18:30:04,1967119892956188682,2025-08-21 18:39:04,1967119892956188678,False
1967119894721990659,SO20250821000700,1967119892788416561,1,21699,2025-08-21 18:30:04,1967119892956188682,2025-08-21 18:39:04,1967119892956188678,False
1967119894721990660,SO20250821000701,1967119892788416565,2,19891,2025-08-21 14:59:04,1967119892956188684,2025-08-21 15:12:04,1967119892956188681,False
1967119894726184960,SO20250821000701,1967119892788416541,1,205423,2025-08-21 14:59:04,1967119892956188684,2025-08-21 15:12:04,1967119892956188681,False
1967119894726184961,SO20250821000701,1967119892788416559,3,27115,2025-08-21 14:59:04,1967119892956188684,2025-08-21 15:12:04,1967119892956188681,False
1967119894726184962,SO20250821000702,1967119892788416547,3,495825,2025-08-21 03:30:04,1967119892956188679,2025-08-21 03:41:04,1967119892956188680,False
1967119894726184963,SO20250821000702,1967119892788416578,1,114209,2025-08-21 03:30:04,1967119892956188679,2025-08-21 03:41:04,1967119892956188680,False
1967119894726184964,SO20250821000702,1967119892788416539,2,443336,2025-08-21 03:30:04,1967119892956188679,2025-08-21 03:41:04,1967119892956188680,False
1967119894726184965,SO20250821000702,1967119892788416560,2,44744,2025-08-21 03:30:04,1967119892956188679,2025-08-21 03:41:04,1967119892956188680,False
1967119894726184966,SO20250821000703,1967119892788416537,1,55424,2025-08-21 13:45:04,1967119892956188683,2025-08-21 13:52:04,1967119892956188681,False
1967119894726184967,SO20250821000703,1967119892788416562,3,34607,2025-08-21 13:45:04,1967119892956188683,2025-08-21 13:52:04,1967119892956188681,False
1967119894726184968,SO20250821000703,1967119892788416573,1,90061,2025-08-21 13:45:04,1967119892956188683,2025-08-21 13:52:04,1967119892956188681,False
1967119894730379264,SO20250821000704,1967119892788416589,1,1787307,2025-08-21 20:10:04,1967119892956188679,2025-08-21 20:15:04,1967119892956188679,False
1967119894730379265,SO20250821000704,1967119892788416572,5,108602,2025-08-21 20:10:04,1967119892956188679,2025-08-21 20:15:04,1967119892956188679,False
1967119894730379266,SO20250821000704,1967119892788416556,1,19157,2025-08-21 20:10:04,1967119892956188679,2025-08-21 20:15:04,1967119892956188679,False
1967119894730379267,SO20250821000704,1967119892788416561,1,21699,2025-08-21 20:10:04,1967119892956188679,2025-08-21 20:15:04,1967119892956188679,False
1967119894730379268,SO20250822000705,1967119892788416589,1,1787307,2025-08-22 10:56:04,1967119892956188682,2025-08-22 11:11:04,1967119892956188684,False
1967119894730379269,SO20250822000705,1967119892788416562,3,34607,2025-08-22 10:56:04,1967119892956188682,2025-08-22 11:11:04,1967119892956188684,False
1967119894730379270,SO20250822000705,1967119892788416547,2,495825,2025-08-22 10:56:04,1967119892956188682,2025-08-22 11:11:04,1967119892956188684,False
1967119894730379271,SO20250822000705,1967119892788416572,2,108602,2025-08-22 10:56:04,1967119892956188682,2025-08-22 11:11:04,1967119892956188684,False
1967119894734573568,SO20250822000706,1967119892788416577,1,76278,2025-08-22 08:21:04,1967119892956188679,2025-08-22 08:35:04,1967119892956188680,False
1967119894738767872,SO20250822000707,1967119892788416540,3,50974,2025-08-22 11:40:04,1967119892956188681,2025-08-22 11:54:04,1967119892956188678,False
1967119894738767873,SO20250822000708,1967119892788416570,1,79627,2025-08-22 08:51:04,1967119892956188681,2025-08-22 08:53:04,1967119892956188684,False
1967119894738767874,SO20250822000708,1967119892788416543,2,369310,2025-08-22 08:51:04,1967119892956188681,2025-08-22 08:53:04,1967119892956188684,False
1967119894738767875,SO20250822000708,1967119892788416557,3,48093,2025-08-22 08:51:04,1967119892956188681,2025-08-22 08:53:04,1967119892956188684,False
1967119894738767876,SO20250822000709,1967119892788416578,2,114209,2025-08-22 19:45:04,1967119892956188680,2025-08-22 19:53:04,1967119892956188680,False
1967119894738767877,SO20250822000709,1967119892788416572,1,108602,2025-08-22 19:45:04,1967119892956188680,2025-08-22 19:53:04,1967119892956188680,False
1967119894738767878,SO20250822000709,1967119892788416563,1,44942,2025-08-22 19:45:04,1967119892956188680,2025-08-22 19:53:04,1967119892956188680,False
1967119894738767879,SO20250822000709,1967119892788416560,1,44744,2025-08-22 19:45:04,1967119892956188680,2025-08-22 19:53:04,1967119892956188680,False
1967119894738767880,SO20250822000709,1967119892788416556,3,19157,2025-08-22 19:45:04,1967119892956188680,2025-08-22 19:53:04,1967119892956188680,False
1967119894738767881,SO20250822000709,1967119892788416541,2,205423,2025-08-22 19:45:04,1967119892956188680,2025-08-22 19:53:04,1967119892956188680,False
1967119894742962176,SO20250822000710,1967119892788416581,3,275969,2025-08-22 21:27:04,1967119892956188683,2025-08-22 21:40:04,1967119892956188679,False
1967119894742962177,SO20250822000710,1967119892788416555,3,19039,2025-08-22 21:27:04,1967119892956188683,2025-08-22 21:40:04,1967119892956188679,False
1967119894742962178,SO20250822000711,1967119892788416538,3,193514,2025-08-22 08:23:04,1967119892956188683,2025-08-22 08:31:04,1967119892956188678,False
1967119894742962179,SO20250822000711,1967119892788416560,3,44744,2025-08-22 08:23:04,1967119892956188683,2025-08-22 08:31:04,1967119892956188678,False
1967119894742962180,SO20250822000711,1967119892788416559,2,27115,2025-08-22 08:23:04,1967119892956188683,2025-08-22 08:31:04,1967119892956188678,False
1967119894742962181,SO20250822000711,1967119892788416572,1,108602,2025-08-22 08:23:04,1967119892956188683,2025-08-22 08:31:04,1967119892956188678,False
1967119894747156480,SO20250822000712,1967119892788416558,4,69533,2025-08-22 12:37:04,1967119892956188679,2025-08-22 12:50:04,1967119892956188682,False
1967119894747156481,SO20250822000712,1967119892788416584,2,59089,2025-08-22 12:37:04,1967119892956188679,2025-08-22 12:50:04,1967119892956188682,False
1967119894747156482,SO20250822000712,1967119892788416541,2,205423,2025-08-22 12:37:04,1967119892956188679,2025-08-22 12:50:04,1967119892956188682,False
1967119894747156483,SO20250822000712,1967119892788416554,3,55663,2025-08-22 12:37:04,1967119892956188679,2025-08-22 12:50:04,1967119892956188682,False
1967119894747156484,SO20250822000713,1967119892788416591,1,2233095,2025-08-22 02:22:04,1967119892956188684,2025-08-22 02:36:04,1967119892956188685,False
1967119894747156485,SO20250822000713,1967119892788416541,3,205423,2025-08-22 02:22:04,1967119892956188684,2025-08-22 02:36:04,1967119892956188685,False
1967119894747156486,SO20250822000713,1967119892788416578,1,114209,2025-08-22 02:22:04,1967119892956188684,2025-08-22 02:36:04,1967119892956188685,False
1967119894747156487,SO20250822000713,1967119892788416583,1,788172,2025-08-22 02:22:04,1967119892956188684,2025-08-22 02:36:04,1967119892956188685,False
1967119894747156488,SO20250822000714,1967119892788416541,3,205423,2025-08-22 19:03:04,1967119892956188682,2025-08-22 19:13:04,1967119892956188680,False
1967119894747156489,SO20250822000714,1967119892788416551,2,62582,2025-08-22 19:03:04,1967119892956188682,2025-08-22 19:13:04,1967119892956188680,False
1967119894751350784,SO20250822000715,1967119892788416560,1,44744,2025-08-22 02:56:04,1967119892956188682,2025-08-22 03:09:04,1967119892956188678,False
1967119894751350785,SO20250822000715,1967119892788416542,2,235309,2025-08-22 02:56:04,1967119892956188682,2025-08-22 03:09:04,1967119892956188678,False
1967119894751350786,SO20250822000715,1967119892788416557,3,48093,2025-08-22 02:56:04,1967119892956188682,2025-08-22 03:09:04,1967119892956188678,False
1967119894755545088,SO20250822000716,1967119892788416591,1,2233095,2025-08-22 10:02:04,1967119892956188678,2025-08-22 10:03:04,1967119892956188681,False
1967119894755545089,SO20250822000716,1967119892788416563,2,44942,2025-08-22 10:02:04,1967119892956188678,2025-08-22 10:03:04,1967119892956188681,False
1967119894755545090,SO20250822000716,1967119892788416578,3,114209,2025-08-22 10:02:04,1967119892956188678,2025-08-22 10:03:04,1967119892956188681,False
1967119894755545091,SO20250822000717,1967119892788416573,1,90061,2025-08-22 16:52:04,1967119892956188683,2025-08-22 17:01:04,1967119892956188682,False
1967119894755545092,SO20250822000717,1967119892788416575,1,118557,2025-08-22 16:52:04,1967119892956188683,2025-08-22 17:01:04,1967119892956188682,False
1967119894755545093,SO20250822000718,1967119892788416577,1,76278,2025-08-22 02:25:04,1967119892956188682,2025-08-22 02:26:04,1967119892956188679,False
1967119894755545094,SO20250822000718,1967119892788416562,3,34607,2025-08-22 02:25:04,1967119892956188682,2025-08-22 02:26:04,1967119892956188679,False
1967119894755545095,SO20250822000718,1967119892788416554,1,55663,2025-08-22 02:25:04,1967119892956188682,2025-08-22 02:26:04,1967119892956188679,False
1967119894755545096,SO20250822000718,1967119892788416537,3,55424,2025-08-22 02:25:04,1967119892956188682,2025-08-22 02:26:04,1967119892956188679,False
1967119894759739392,SO20250822000719,1967119892788416555,4,19039,2025-08-22 04:41:04,1967119892956188685,2025-08-22 04:56:04,1967119892956188683,False
1967119894759739393,SO20250822000719,1967119892788416553,3,41380,2025-08-22 04:41:04,1967119892956188685,2025-08-22 04:56:04,1967119892956188683,False
1967119894759739394,SO20250822000720,1967119892788416547,2,495825,2025-08-22 14:54:04,1967119892956188681,2025-08-22 15:07:04,1967119892956188683,False
1967119894763933696,SO20250822000721,1967119892788416553,1,41380,2025-08-22 18:32:04,1967119892956188679,2025-08-22 18:42:04,1967119892956188685,False
1967119894763933697,SO20250822000721,1967119892788416542,3,235309,2025-08-22 18:32:04,1967119892956188679,2025-08-22 18:42:04,1967119892956188685,False
1967119894763933698,SO20250822000721,1967119892788416538,2,193514,2025-08-22 18:32:04,1967119892956188679,2025-08-22 18:42:04,1967119892956188685,False
1967119894763933699,SO20250822000721,1967119892788416561,3,21699,2025-08-22 18:32:04,1967119892956188679,2025-08-22 18:42:04,1967119892956188685,False
1967119894763933700,SO20250823000722,1967119892788416573,4,90061,2025-08-23 17:28:04,1967119892956188683,2025-08-23 17:37:04,1967119892956188678,False
1967119894763933701,SO20250823000722,1967119892788416574,2,63691,2025-08-23 17:28:04,1967119892956188683,2025-08-23 17:37:04,1967119892956188678,False
1967119894763933702,SO20250823000722,1967119892788416558,3,69533,2025-08-23 17:28:04,1967119892956188683,2025-08-23 17:37:04,1967119892956188678,False
1967119894768128000,SO20250823000723,1967119892788416575,3,118557,2025-08-23 08:36:04,1967119892956188679,2025-08-23 08:47:04,1967119892956188685,False
1967119894768128001,SO20250823000723,1967119892788416560,1,44744,2025-08-23 08:36:04,1967119892956188679,2025-08-23 08:47:04,1967119892956188685,False
1967119894772322304,SO20250823000724,1967119892788416543,1,369310,2025-08-23 22:42:04,1967119892956188681,2025-08-23 22:50:04,1967119892956188683,False
1967119894772322305,SO20250823000724,1967119892788416573,1,90061,2025-08-23 22:42:04,1967119892956188681,2025-08-23 22:50:04,1967119892956188683,False
1967119894772322306,SO20250823000724,1967119892788416565,3,19891,2025-08-23 22:42:04,1967119892956188681,2025-08-23 22:50:04,1967119892956188683,False
1967119894776516608,SO20250823000725,1967119892788416547,1,495825,2025-08-23 07:30:04,1967119892956188679,2025-08-23 07:33:04,1967119892956188683,False
1967119894780710912,SO20250823000726,1967119892788416562,2,34607,2025-08-23 21:41:04,1967119892956188683,2025-08-23 21:45:04,1967119892956188680,False
1967119894780710913,SO20250823000726,1967119892788416537,3,55424,2025-08-23 21:41:04,1967119892956188683,2025-08-23 21:45:04,1967119892956188680,False
1967119894780710914,SO20250823000727,1967119892788416538,2,193514,2025-08-23 05:37:04,1967119892956188685,2025-08-23 05:46:04,1967119892956188682,False
1967119894784905216,SO20250823000728,1967119892788416556,1,19157,2025-08-23 08:54:04,1967119892956188680,2025-08-23 09:02:04,1967119892956188683,False
1967119894784905217,SO20250823000728,1967119892788416558,1,69533,2025-08-23 08:54:04,1967119892956188680,2025-08-23 09:02:04,1967119892956188683,False
1967119894784905218,SO20250823000729,1967119892788416569,1,33054,2025-08-23 19:47:04,1967119892956188684,2025-08-23 19:50:04,1967119892956188685,False
1967119894789099520,SO20250823000730,1967119892788416560,3,44744,2025-08-23 20:52:04,1967119892956188678,2025-08-23 20:59:04,1967119892956188684,False
1967119894789099521,SO20250823000730,1967119892788416584,2,59089,2025-08-23 20:52:04,1967119892956188678,2025-08-23 20:59:04,1967119892956188684,False
1967119894789099522,SO20250823000731,1967119892788416553,1,41380,2025-08-23 12:52:04,1967119892956188685,2025-08-23 12:53:04,1967119892956188685,False
1967119894789099523,SO20250823000731,1967119892788416560,3,44744,2025-08-23 12:52:04,1967119892956188685,2025-08-23 12:53:04,1967119892956188685,False
1967119894789099524,SO20250823000731,1967119892788416559,4,27115,2025-08-23 12:52:04,1967119892956188685,2025-08-23 12:53:04,1967119892956188685,False
1967119894789099525,SO20250823000732,1967119892788416565,1,19891,2025-08-23 05:29:04,1967119892956188683,2025-08-23 05:39:04,1967119892956188682,False
1967119894789099526,SO20250823000732,1967119892788416573,1,90061,2025-08-23 05:29:04,1967119892956188683,2025-08-23 05:39:04,1967119892956188682,False
1967119894793293824,SO20250823000733,1967119892788416554,2,55663,2025-08-23 05:23:04,1967119892956188682,2025-08-23 05:32:04,1967119892956188680,False
1967119894793293825,SO20250823000734,1967119892788416561,1,21699,2025-08-23 10:47:04,1967119892956188685,2025-08-23 10:48:04,1967119892956188685,False
1967119894797488128,SO20250823000735,1967119892788416544,2,98337,2025-08-23 09:02:04,1967119892956188678,2025-08-23 09:03:04,1967119892956188684,False
1967119894797488129,SO20250823000735,1967119892788416539,3,443336,2025-08-23 09:02:04,1967119892956188678,2025-08-23 09:03:04,1967119892956188684,False
1967119894797488130,SO20250823000735,1967119892788416557,3,48093,2025-08-23 09:02:04,1967119892956188678,2025-08-23 09:03:04,1967119892956188684,False
1967119894797488131,SO20250823000735,1967119892788416570,1,79627,2025-08-23 09:02:04,1967119892956188678,2025-08-23 09:03:04,1967119892956188684,False
1967119894797488132,SO20250823000735,1967119892788416538,1,193514,2025-08-23 09:02:04,1967119892956188678,2025-08-23 09:03:04,1967119892956188684,False
1967119894797488133,SO20250823000736,1967119892788416590,1,2974017,2025-08-23 20:45:04,1967119892956188679,2025-08-23 21:00:04,1967119892956188682,False
1967119894797488134,SO20250823000737,1967119892788416558,2,69533,2025-08-23 07:39:04,1967119892956188680,2025-08-23 07:47:04,1967119892956188678,False
1967119894797488135,SO20250823000737,1967119892788416541,3,205423,2025-08-23 07:39:04,1967119892956188680,2025-08-23 07:47:04,1967119892956188678,False
1967119894797488136,SO20250823000737,1967119892788416568,1,117335,2025-08-23 07:39:04,1967119892956188680,2025-08-23 07:47:04,1967119892956188678,False
1967119894801682432,SO20250823000738,1967119892788416544,3,98337,2025-08-23 04:37:04,1967119892956188678,2025-08-23 04:46:04,1967119892956188685,False
1967119894801682433,SO20250823000739,1967119892788416555,1,19039,2025-08-23 19:32:04,1967119892956188685,2025-08-23 19:33:04,1967119892956188679,False
1967119894801682434,SO20250823000739,1967119892788416582,1,891870,2025-08-23 19:32:04,1967119892956188685,2025-08-23 19:33:04,1967119892956188679,False
1967119894801682435,SO20250823000739,1967119892788416590,1,2974017,2025-08-23 19:32:04,1967119892956188685,2025-08-23 19:33:04,1967119892956188679,False
1967119894810071040,SO20250823000740,1967119892788416584,1,59089,2025-08-23 21:52:04,1967119892956188684,2025-08-23 22:01:04,1967119892956188683,False
1967119894810071041,SO20250823000740,1967119892788416561,1,21699,2025-08-23 21:52:04,1967119892956188684,2025-08-23 22:01:04,1967119892956188683,False
1967119894810071042,SO20250823000740,1967119892788416547,3,495825,2025-08-23 21:52:04,1967119892956188684,2025-08-23 22:01:04,1967119892956188683,False
1967119894810071043,SO20250823000740,1967119892788416583,2,788172,2025-08-23 21:52:04,1967119892956188684,2025-08-23 22:01:04,1967119892956188683,False
1967119894810071044,SO20250823000740,1967119892788416557,3,48093,2025-08-23 21:52:04,1967119892956188684,2025-08-23 22:01:04,1967119892956188683,False
1967119894810071045,SO20250824000741,1967119892788416541,3,205423,2025-08-24 00:47:04,1967119892956188683,2025-08-24 00:58:04,1967119892956188683,False
1967119894810071046,SO20250824000741,1967119892788416564,2,27506,2025-08-24 00:47:04,1967119892956188683,2025-08-24 00:58:04,1967119892956188683,False
1967119894814265344,SO20250824000742,1967119892788416542,3,235309,2025-08-24 22:30:04,1967119892956188680,2025-08-24 22:33:04,1967119892956188680,False
1967119894814265345,SO20250824000742,1967119892788416578,1,114209,2025-08-24 22:30:04,1967119892956188680,2025-08-24 22:33:04,1967119892956188680,False
1967119894814265346,SO20250824000742,1967119892788416543,1,369310,2025-08-24 22:30:04,1967119892956188680,2025-08-24 22:33:04,1967119892956188680,False
1967119894814265347,SO20250824000742,1967119892788416544,1,98337,2025-08-24 22:30:04,1967119892956188680,2025-08-24 22:33:04,1967119892956188680,False
1967119894814265348,SO20250824000743,1967119892788416581,4,275969,2025-08-24 12:43:04,1967119892956188678,2025-08-24 12:51:04,1967119892956188684,False
1967119894814265349,SO20250824000743,1967119892788416551,4,62582,2025-08-24 12:43:04,1967119892956188678,2025-08-24 12:51:04,1967119892956188684,False
1967119894814265350,SO20250824000743,1967119892788416555,1,19039,2025-08-24 12:43:04,1967119892956188678,2025-08-24 12:51:04,1967119892956188684,False
1967119894814265351,SO20250824000743,1967119892788416582,2,891870,2025-08-24 12:43:04,1967119892956188678,2025-08-24 12:51:04,1967119892956188684,False
1967119894818459648,SO20250824000744,1967119892788416582,3,891870,2025-08-24 04:09:04,1967119892956188680,2025-08-24 04:16:04,1967119892956188678,False
1967119894818459649,SO20250824000744,1967119892788416557,3,48093,2025-08-24 04:09:04,1967119892956188680,2025-08-24 04:16:04,1967119892956188678,False
1967119894818459650,SO20250824000744,1967119892788416563,1,44942,2025-08-24 04:09:04,1967119892956188680,2025-08-24 04:16:04,1967119892956188678,False
1967119894818459651,SO20250824000744,1967119892788416555,3,19039,2025-08-24 04:09:04,1967119892956188680,2025-08-24 04:16:04,1967119892956188678,False
1967119894818459652,SO20250824000744,1967119892788416547,3,495825,2025-08-24 04:09:04,1967119892956188680,2025-08-24 04:16:04,1967119892956188678,False
1967119894818459653,SO20250824000744,1967119892788416565,4,19891,2025-08-24 04:09:04,1967119892956188680,2025-08-24 04:16:04,1967119892956188678,False
1967119894818459654,SO20250824000745,1967119892788416546,3,75999,2025-08-24 10:22:04,1967119892956188681,2025-08-24 10:24:04,1967119892956188685,False
1967119894822653952,SO20250824000746,1967119892788416556,3,19157,2025-08-24 19:08:04,1967119892956188681,2025-08-24 19:18:04,1967119892956188684,False
1967119894822653953,SO20250824000746,1967119892788416546,2,75999,2025-08-24 19:08:04,1967119892956188681,2025-08-24 19:18:04,1967119892956188684,False
1967119894822653954,SO20250824000746,1967119892788416537,1,55424,2025-08-24 19:08:04,1967119892956188681,2025-08-24 19:18:04,1967119892956188684,False
1967119894822653955,SO20250824000746,1967119892788416581,2,275969,2025-08-24 19:08:04,1967119892956188681,2025-08-24 19:18:04,1967119892956188684,False
1967119894822653956,SO20250824000747,1967119892788416562,1,34607,2025-08-24 05:43:04,1967119892956188684,2025-08-24 05:58:04,1967119892956188685,False
1967119894822653957,SO20250824000747,1967119892788416560,2,44744,2025-08-24 05:43:04,1967119892956188684,2025-08-24 05:58:04,1967119892956188685,False
1967119894826848256,SO20250824000748,1967119892788416541,2,205423,2025-08-24 03:13:04,1967119892956188682,2025-08-24 03:23:04,1967119892956188682,False
1967119894826848257,SO20250824000749,1967119892788416578,4,114209,2025-08-24 00:50:04,1967119892956188680,2025-08-24 00:59:04,1967119892956188679,False
1967119894831042560,SO20250824000750,1967119892788416582,2,891870,2025-08-24 09:14:04,1967119892956188679,2025-08-24 09:29:04,1967119892956188678,False
1967119894831042561,SO20250824000750,1967119892788416558,1,69533,2025-08-24 09:14:04,1967119892956188679,2025-08-24 09:29:04,1967119892956188678,False
1967119894831042562,SO20250824000750,1967119892788416589,1,1787307,2025-08-24 09:14:04,1967119892956188679,2025-08-24 09:29:04,1967119892956188678,False
1967119894831042563,SO20250824000750,1967119892788416546,3,75999,2025-08-24 09:14:04,1967119892956188679,2025-08-24 09:29:04,1967119892956188678,False
1967119894835236864,SO20250824000751,1967119892788416586,1,2202564,2025-08-24 07:43:04,1967119892956188684,2025-08-24 07:49:04,1967119892956188680,False
1967119894835236865,SO20250824000751,1967119892788416551,1,62582,2025-08-24 07:43:04,1967119892956188684,2025-08-24 07:49:04,1967119892956188680,False
1967119894835236866,SO20250824000751,1967119892788416576,2,64918,2025-08-24 07:43:04,1967119892956188684,2025-08-24 07:49:04,1967119892956188680,False
1967119894835236867,SO20250824000752,1967119892788416564,3,27506,2025-08-24 19:30:04,1967119892956188678,2025-08-24 19:43:04,1967119892956188680,False
1967119894835236868,SO20250824000752,1967119892788416546,1,75999,2025-08-24 19:30:04,1967119892956188678,2025-08-24 19:43:04,1967119892956188680,False
1967119894835236869,SO20250824000752,1967119892788416548,1,69868,2025-08-24 19:30:04,1967119892956188678,2025-08-24 19:43:04,1967119892956188680,False
1967119894835236870,SO20250824000752,1967119892788416556,1,19157,2025-08-24 19:30:04,1967119892956188678,2025-08-24 19:43:04,1967119892956188680,False
1967119894835236871,SO20250824000752,1967119892788416565,1,19891,2025-08-24 19:30:04,1967119892956188678,2025-08-24 19:43:04,1967119892956188680,False
1967119894835236872,SO20250824000752,1967119892788416539,3,443336,2025-08-24 19:30:04,1967119892956188678,2025-08-24 19:43:04,1967119892956188680,False
1967119894843625472,SO20250825000753,1967119892788416591,1,2233095,2025-08-25 04:59:04,1967119892956188680,2025-08-25 05:03:04,1967119892956188680,False
1967119894843625473,SO20250825000753,1967119892788416542,2,235309,2025-08-25 04:59:04,1967119892956188680,2025-08-25 05:03:04,1967119892956188680,False
1967119894843625474,SO20250825000753,1967119892788416565,3,19891,2025-08-25 04:59:04,1967119892956188680,2025-08-25 05:03:04,1967119892956188680,False
1967119894843625475,SO20250825000754,1967119892788416589,1,1787307,2025-08-25 07:45:04,1967119892956188679,2025-08-25 07:51:04,1967119892956188678,False
1967119894847819776,SO20250825000755,1967119892788416561,1,21699,2025-08-25 05:33:04,1967119892956188678,2025-08-25 05:41:04,1967119892956188685,False
1967119894847819777,SO20250825000755,1967119892788416536,2,224418,2025-08-25 05:33:04,1967119892956188678,2025-08-25 05:41:04,1967119892956188685,False
1967119894847819778,SO20250825000755,1967119892788416572,3,108602,2025-08-25 05:33:04,1967119892956188678,2025-08-25 05:41:04,1967119892956188685,False
1967119894847819779,SO20250825000756,1967119892788416550,1,48004,2025-08-25 14:21:04,1967119892956188681,2025-08-25 14:36:04,1967119892956188685,False
1967119894847819780,SO20250825000756,1967119892788416552,1,65834,2025-08-25 14:21:04,1967119892956188681,2025-08-25 14:36:04,1967119892956188685,False
1967119894852014080,SO20250825000757,1967119892788416583,4,788172,2025-08-25 04:53:04,1967119892956188678,2025-08-25 05:01:04,1967119892956188681,False
1967119894852014081,SO20250825000757,1967119892788416556,3,19157,2025-08-25 04:53:04,1967119892956188678,2025-08-25 05:01:04,1967119892956188681,False
1967119894852014082,SO20250825000758,1967119892788416542,2,235309,2025-08-25 20:35:04,1967119892956188682,2025-08-25 20:46:04,1967119892956188685,False
1967119894852014083,SO20250825000758,1967119892788416573,3,90061,2025-08-25 20:35:04,1967119892956188682,2025-08-25 20:46:04,1967119892956188685,False
1967119894852014084,SO20250825000758,1967119892788416537,2,55424,2025-08-25 20:35:04,1967119892956188682,2025-08-25 20:46:04,1967119892956188685,False
1967119894852014085,SO20250825000759,1967119892788416548,1,69868,2025-08-25 15:50:04,1967119892956188679,2025-08-25 15:56:04,1967119892956188685,False
1967119894852014086,SO20250825000759,1967119892788416550,1,48004,2025-08-25 15:50:04,1967119892956188679,2025-08-25 15:56:04,1967119892956188685,False
1967119894856208384,SO20250825000760,1967119892788416581,1,275969,2025-08-25 14:49:04,1967119892956188685,2025-08-25 14:52:04,1967119892956188679,False
1967119894856208385,SO20250825000760,1967119892788416559,3,27115,2025-08-25 14:49:04,1967119892956188685,2025-08-25 14:52:04,1967119892956188679,False
1967119894856208386,SO20250825000760,1967119892788416552,1,65834,2025-08-25 14:49:04,1967119892956188685,2025-08-25 14:52:04,1967119892956188679,False
1967119894856208387,SO20250825000760,1967119892788416574,2,63691,2025-08-25 14:49:04,1967119892956188685,2025-08-25 14:52:04,1967119892956188679,False
1967119894856208388,SO20250825000761,1967119892788416546,3,75999,2025-08-25 04:00:04,1967119892956188682,2025-08-25 04:09:04,1967119892956188681,False
1967119894856208389,SO20250825000761,1967119892788416547,2,495825,2025-08-25 04:00:04,1967119892956188682,2025-08-25 04:09:04,1967119892956188681,False
1967119894856208390,SO20250825000762,1967119892788416570,1,79627,2025-08-25 04:51:04,1967119892956188683,2025-08-25 04:58:04,1967119892956188685,False
1967119894860402688,SO20250826000763,1967119892788416537,2,55424,2025-08-26 17:32:04,1967119892956188684,2025-08-26 17:37:04,1967119892956188681,False
1967119894860402689,SO20250826000763,1967119892788416553,1,41380,2025-08-26 17:32:04,1967119892956188684,2025-08-26 17:37:04,1967119892956188681,False
1967119894860402690,SO20250826000763,1967119892788416543,2,369310,2025-08-26 17:32:04,1967119892956188684,2025-08-26 17:37:04,1967119892956188681,False
1967119894864596992,SO20250826000764,1967119892788416569,1,33054,2025-08-26 10:29:04,1967119892956188678,2025-08-26 10:33:04,1967119892956188678,False
1967119894864596993,SO20250826000764,1967119892788416538,3,193514,2025-08-26 10:29:04,1967119892956188678,2025-08-26 10:33:04,1967119892956188678,False
1967119894864596994,SO20250826000765,1967119892788416554,4,55663,2025-08-26 12:13:04,1967119892956188683,2025-08-26 12:15:04,1967119892956188681,False
1967119894864596995,SO20250826000765,1967119892788416567,2,36517,2025-08-26 12:13:04,1967119892956188683,2025-08-26 12:15:04,1967119892956188681,False
1967119894868791296,SO20250826000766,1967119892788416588,1,2719050,2025-08-26 12:13:04,1967119892956188680,2025-08-26 12:15:04,1967119892956188680,False
1967119894868791297,SO20250826000766,1967119892788416553,1,41380,2025-08-26 12:13:04,1967119892956188680,2025-08-26 12:15:04,1967119892956188680,False
1967119894868791298,SO20250826000767,1967119892788416571,1,83847,2025-08-26 08:39:04,1967119892956188685,2025-08-26 08:42:04,1967119892956188679,False
1967119894872985600,SO20250826000768,1967119892788416571,5,83847,2025-08-26 15:35:04,1967119892956188685,2025-08-26 15:44:04,1967119892956188679,False
1967119894877179904,SO20250826000769,1967119892788416564,1,27506,2025-08-26 06:43:04,1967119892956188681,2025-08-26 06:51:04,1967119892956188680,False
1967119894877179905,SO20250826000769,1967119892788416573,1,90061,2025-08-26 06:43:04,1967119892956188681,2025-08-26 06:51:04,1967119892956188680,False
1967119894877179906,SO20250826000769,1967119892788416554,1,55663,2025-08-26 06:43:04,1967119892956188681,2025-08-26 06:51:04,1967119892956188680,False
1967119894877179907,SO20250826000769,1967119892788416561,2,21699,2025-08-26 06:43:04,1967119892956188681,2025-08-26 06:51:04,1967119892956188680,False
1967119894877179908,SO20250826000770,1967119892788416553,1,41380,2025-08-26 15:26:04,1967119892956188682,2025-08-26 15:40:04,1967119892956188679,False
1967119894877179909,SO20250826000770,1967119892788416541,2,205423,2025-08-26 15:26:04,1967119892956188682,2025-08-26 15:40:04,1967119892956188679,False
1967119894877179910,SO20250826000771,1967119892788416538,2,193514,2025-08-26 01:09:04,1967119892956188682,2025-08-26 01:17:04,1967119892956188685,False
1967119894877179911,SO20250826000771,1967119892788416578,1,114209,2025-08-26 01:09:04,1967119892956188682,2025-08-26 01:17:04,1967119892956188685,False
1967119894877179912,SO20250827000772,1967119892788416541,2,205423,2025-08-27 09:24:04,1967119892956188678,2025-08-27 09:25:04,1967119892956188684,False
1967119894877179913,SO20250827000772,1967119892788416561,1,21699,2025-08-27 09:24:04,1967119892956188678,2025-08-27 09:25:04,1967119892956188684,False
1967119894885568512,SO20250827000773,1967119892788416540,3,50974,2025-08-27 01:34:04,1967119892956188679,2025-08-27 01:48:04,1967119892956188681,False
1967119894885568513,SO20250827000773,1967119892788416574,2,63691,2025-08-27 01:34:04,1967119892956188679,2025-08-27 01:48:04,1967119892956188681,False
1967119894885568514,SO20250827000774,1967119892788416568,3,117335,2025-08-27 12:28:04,1967119892956188680,2025-08-27 12:32:04,1967119892956188681,False
1967119894885568515,SO20250827000774,1967119892788416561,1,21699,2025-08-27 12:28:04,1967119892956188680,2025-08-27 12:32:04,1967119892956188681,False
1967119894889762816,SO20250827000775,1967119892788416547,3,495825,2025-08-27 09:51:04,1967119892956188684,2025-08-27 09:54:04,1967119892956188681,False
1967119894889762817,SO20250827000776,1967119892788416555,1,19039,2025-08-27 18:48:04,1967119892956188685,2025-08-27 19:03:04,1967119892956188685,False
1967119894889762818,SO20250827000776,1967119892788416540,3,50974,2025-08-27 18:48:04,1967119892956188685,2025-08-27 19:03:04,1967119892956188685,False
1967119894889762819,SO20250827000776,1967119892788416554,5,55663,2025-08-27 18:48:04,1967119892956188685,2025-08-27 19:03:04,1967119892956188685,False
1967119894889762820,SO20250827000776,1967119892788416552,1,65834,2025-08-27 18:48:04,1967119892956188685,2025-08-27 19:03:04,1967119892956188685,False
1967119894889762821,SO20250827000777,1967119892788416546,1,75999,2025-08-27 20:39:04,1967119892956188683,2025-08-27 20:43:04,1967119892956188683,False
1967119894889762822,SO20250827000777,1967119892788416557,1,48093,2025-08-27 20:39:04,1967119892956188683,2025-08-27 20:43:04,1967119892956188683,False
1967119894889762823,SO20250827000777,1967119892788416556,3,19157,2025-08-27 20:39:04,1967119892956188683,2025-08-27 20:43:04,1967119892956188683,False
1967119894889762824,SO20250827000778,1967119892788416573,5,90061,2025-08-27 15:49:04,1967119892956188680,2025-08-27 15:52:04,1967119892956188678,False
1967119894889762825,SO20250827000778,1967119892788416554,4,55663,2025-08-27 15:49:04,1967119892956188680,2025-08-27 15:52:04,1967119892956188678,False
1967119894893957120,SO20250827000778,1967119892788416548,3,69868,2025-08-27 15:49:04,1967119892956188680,2025-08-27 15:52:04,1967119892956188678,False
1967119894893957121,SO20250828000779,1967119892788416554,2,55663,2025-08-28 05:37:04,1967119892956188678,2025-08-28 05:44:04,1967119892956188680,False
1967119894893957122,SO20250828000780,1967119892788416564,4,27506,2025-08-28 12:34:04,1967119892956188679,2025-08-28 12:44:04,1967119892956188681,False
1967119894893957123,SO20250828000780,1967119892788416558,1,69533,2025-08-28 12:34:04,1967119892956188679,2025-08-28 12:44:04,1967119892956188681,False
1967119894898151424,SO20250828000781,1967119892788416583,3,788172,2025-08-28 03:19:04,1967119892956188684,2025-08-28 03:29:04,1967119892956188678,False
1967119894898151425,SO20250828000781,1967119892788416558,3,69533,2025-08-28 03:19:04,1967119892956188684,2025-08-28 03:29:04,1967119892956188678,False
1967119894898151426,SO20250828000781,1967119892788416555,2,19039,2025-08-28 03:19:04,1967119892956188684,2025-08-28 03:29:04,1967119892956188678,False
1967119894898151427,SO20250828000781,1967119892788416560,5,44744,2025-08-28 03:19:04,1967119892956188684,2025-08-28 03:29:04,1967119892956188678,False
1967119894902345728,SO20250828000782,1967119892788416556,2,19157,2025-08-28 06:31:04,1967119892956188682,2025-08-28 06:37:04,1967119892956188679,False
1967119894902345729,SO20250828000782,1967119892788416541,3,205423,2025-08-28 06:31:04,1967119892956188682,2025-08-28 06:37:04,1967119892956188679,False
1967119894902345730,SO20250828000783,1967119892788416561,3,21699,2025-08-28 08:24:04,1967119892956188683,2025-08-28 08:36:04,1967119892956188684,False
1967119894902345731,SO20250828000784,1967119892788416564,1,27506,2025-08-28 07:58:04,1967119892956188678,2025-08-28 08:04:04,1967119892956188683,False
1967119894906540032,SO20250828000785,1967119892788416543,3,369310,2025-08-28 04:50:04,1967119892956188685,2025-08-28 04:57:04,1967119892956188681,False
1967119894906540033,SO20250828000786,1967119892788416555,2,19039,2025-08-28 15:03:04,1967119892956188683,2025-08-28 15:15:04,1967119892956188681,False
1967119894906540034,SO20250828000786,1967119892788416537,1,55424,2025-08-28 15:03:04,1967119892956188683,2025-08-28 15:15:04,1967119892956188681,False
1967119894906540035,SO20250828000786,1967119892788416554,2,55663,2025-08-28 15:03:04,1967119892956188683,2025-08-28 15:15:04,1967119892956188681,False
1967119894906540036,SO20250828000786,1967119892788416545,1,93757,2025-08-28 15:03:04,1967119892956188683,2025-08-28 15:15:04,1967119892956188681,False
1967119894910734336,SO20250829000787,1967119892788416578,1,114209,2025-08-29 20:18:04,1967119892956188685,2025-08-29 20:27:04,1967119892956188681,False
1967119894914928640,SO20250829000788,1967119892788416540,1,50974,2025-08-29 15:12:04,1967119892956188679,2025-08-29 15:17:04,1967119892956188685,False
1967119894914928641,SO20250829000789,1967119892788416563,2,44942,2025-08-29 08:33:04,1967119892956188682,2025-08-29 08:35:04,1967119892956188679,False
1967119894914928642,SO20250829000789,1967119892788416560,1,44744,2025-08-29 08:33:04,1967119892956188682,2025-08-29 08:35:04,1967119892956188679,False
1967119894919122944,SO20250829000790,1967119892788416557,1,48093,2025-08-29 20:04:04,1967119892956188679,2025-08-29 20:11:04,1967119892956188678,False
1967119894919122945,SO20250829000790,1967119892788416564,1,27506,2025-08-29 20:04:04,1967119892956188679,2025-08-29 20:11:04,1967119892956188678,False
1967119894919122946,SO20250829000791,1967119892788416559,1,27115,2025-08-29 22:43:04,1967119892956188679,2025-08-29 22:54:04,1967119892956188685,False
1967119894919122947,SO20250829000792,1967119892788416555,2,19039,2025-08-29 21:34:04,1967119892956188678,2025-08-29 21:43:04,1967119892956188681,False
1967119894919122948,SO20250829000792,1967119892788416561,3,21699,2025-08-29 21:34:04,1967119892956188678,2025-08-29 21:43:04,1967119892956188681,False
1967119894919122949,SO20250829000792,1967119892788416564,1,27506,2025-08-29 21:34:04,1967119892956188678,2025-08-29 21:43:04,1967119892956188681,False
1967119894927511552,SO20250829000793,1967119892788416558,3,69533,2025-08-29 13:12:04,1967119892956188678,2025-08-29 13:16:04,1967119892956188684,False
1967119894927511553,SO20250829000793,1967119892788416537,2,55424,2025-08-29 13:12:04,1967119892956188678,2025-08-29 13:16:04,1967119892956188684,False
1967119894927511554,SO20250829000794,1967119892788416544,3,98337,2025-08-29 20:54:04,1967119892956188683,2025-08-29 20:57:04,1967119892956188682,False
1967119894931705856,SO20250829000795,1967119892788416536,2,224418,2025-08-29 19:00:04,1967119892956188680,2025-08-29 19:10:04,1967119892956188683,False
1967119894931705857,SO20250829000795,1967119892788416542,2,235309,2025-08-29 19:00:04,1967119892956188680,2025-08-29 19:10:04,1967119892956188683,False
1967119894931705858,SO20250829000795,1967119892788416558,2,69533,2025-08-29 19:00:04,1967119892956188680,2025-08-29 19:10:04,1967119892956188683,False
1967119894931705859,SO20250829000795,1967119892788416538,1,193514,2025-08-29 19:00:04,1967119892956188680,2025-08-29 19:10:04,1967119892956188683,False
1967119894931705860,SO20250829000796,1967119892788416550,2,48004,2025-08-29 04:58:04,1967119892956188681,2025-08-29 05:03:04,1967119892956188680,False
1967119894931705861,SO20250829000797,1967119892788416563,2,44942,2025-08-29 13:41:04,1967119892956188680,2025-08-29 13:46:04,1967119892956188684,False
1967119894935900160,SO20250829000798,1967119892788416555,1,19039,2025-08-29 15:53:04,1967119892956188685,2025-08-29 15:58:04,1967119892956188682,False
1967119894935900161,SO20250829000798,1967119892788416568,1,117335,2025-08-29 15:53:04,1967119892956188685,2025-08-29 15:58:04,1967119892956188682,False
1967119894935900162,SO20250829000799,1967119892788416561,1,21699,2025-08-29 05:33:04,1967119892956188685,2025-08-29 05:40:04,1967119892956188685,False
1967119894935900163,SO20250829000799,1967119892788416546,3,75999,2025-08-29 05:33:04,1967119892956188685,2025-08-29 05:40:04,1967119892956188685,False
1967119894935900164,SO20250829000800,1967119892788416555,1,19039,2025-08-29 08:07:04,1967119892956188683,2025-08-29 08:10:04,1967119892956188681,False
1967119894935900165,SO20250829000800,1967119892788416568,2,117335,2025-08-29 08:07:04,1967119892956188683,2025-08-29 08:10:04,1967119892956188681,False
1967119894935900166,SO20250829000800,1967119892788416538,1,193514,2025-08-29 08:07:04,1967119892956188683,2025-08-29 08:10:04,1967119892956188681,False
1967119894935900167,SO20250829000800,1967119892788416546,3,75999,2025-08-29 08:07:04,1967119892956188683,2025-08-29 08:10:04,1967119892956188681,False
1967119894940094464,SO20250829000801,1967119892788416541,2,205423,2025-08-29 08:10:04,1967119892956188680,2025-08-29 08:23:04,1967119892956188682,False
1967119894940094465,SO20250829000801,1967119892788416587,1,2015853,2025-08-29 08:10:04,1967119892956188680,2025-08-29 08:23:04,1967119892956188682,False
1967119894940094466,SO20250829000802,1967119892788416551,1,62582,2025-08-29 20:12:04,1967119892956188678,2025-08-29 20:23:04,1967119892956188681,False
1967119894940094467,SO20250829000802,1967119892788416568,2,117335,2025-08-29 20:12:04,1967119892956188678,2025-08-29 20:23:04,1967119892956188681,False
1967119894940094468,SO20250829000802,1967119892788416576,1,64918,2025-08-29 20:12:04,1967119892956188678,2025-08-29 20:23:04,1967119892956188681,False
1967119894940094469,SO20250829000802,1967119892788416544,2,98337,2025-08-29 20:12:04,1967119892956188678,2025-08-29 20:23:04,1967119892956188681,False
1967119894944288768,SO20250830000803,1967119892788416543,1,369310,2025-08-30 09:01:04,1967119892956188685,2025-08-30 09:16:04,1967119892956188681,False
1967119894944288769,SO20250830000803,1967119892788416541,2,205423,2025-08-30 09:01:04,1967119892956188685,2025-08-30 09:16:04,1967119892956188681,False
1967119894944288770,SO20250830000803,1967119892788416563,1,44942,2025-08-30 09:01:04,1967119892956188685,2025-08-30 09:16:04,1967119892956188681,False
1967119894948483072,SO20250830000804,1967119892788416537,3,55424,2025-08-30 10:41:04,1967119892956188685,2025-08-30 10:52:04,1967119892956188680,False
1967119894948483073,SO20250830000804,1967119892788416566,4,34445,2025-08-30 10:41:04,1967119892956188685,2025-08-30 10:52:04,1967119892956188680,False
1967119894948483074,SO20250830000805,1967119892788416591,1,2233095,2025-08-30 20:42:04,1967119892956188678,2025-08-30 20:52:04,1967119892956188685,False
1967119894948483075,SO20250830000805,1967119892788416548,1,69868,2025-08-30 20:42:04,1967119892956188678,2025-08-30 20:52:04,1967119892956188685,False
1967119894948483076,SO20250830000805,1967119892788416585,1,2073616,2025-08-30 20:42:04,1967119892956188678,2025-08-30 20:52:04,1967119892956188685,False
1967119894948483077,SO20250830000805,1967119892788416559,1,27115,2025-08-30 20:42:04,1967119892956188678,2025-08-30 20:52:04,1967119892956188685,False
1967119894948483078,SO20250830000806,1967119892788416556,1,19157,2025-08-30 04:07:04,1967119892956188682,2025-08-30 04:20:04,1967119892956188682,False
1967119894948483079,SO20250830000806,1967119892788416564,2,27506,2025-08-30 04:07:04,1967119892956188682,2025-08-30 04:20:04,1967119892956188682,False
1967119894948483080,SO20250830000806,1967119892788416550,3,48004,2025-08-30 04:07:04,1967119892956188682,2025-08-30 04:20:04,1967119892956188682,False
1967119894948483081,SO20250830000806,1967119892788416557,4,48093,2025-08-30 04:07:04,1967119892956188682,2025-08-30 04:20:04,1967119892956188682,False
1967119894948483082,SO20250830000806,1967119892788416587,1,2015853,2025-08-30 04:07:04,1967119892956188682,2025-08-30 04:20:04,1967119892956188682,False
1967119894948483083,SO20250830000807,1967119892788416540,3,50974,2025-08-30 19:19:04,1967119892956188680,2025-08-30 19:31:04,1967119892956188678,False
1967119894956871680,SO20250830000808,1967119892788416567,4,36517,2025-08-30 02:50:04,1967119892956188678,2025-08-30 02:56:04,1967119892956188684,False
1967119894956871681,SO20250830000809,1967119892788416555,1,19039,2025-08-30 08:29:04,1967119892956188682,2025-08-30 08:42:04,1967119892956188685,False
1967119894956871682,SO20250830000809,1967119892788416539,2,443336,2025-08-30 08:29:04,1967119892956188682,2025-08-30 08:42:04,1967119892956188685,False
1967119894956871683,SO20250830000809,1967119892788416569,1,33054,2025-08-30 08:29:04,1967119892956188682,2025-08-30 08:42:04,1967119892956188685,False
1967119894961065984,SO20250830000810,1967119892788416576,1,64918,2025-08-30 20:58:04,1967119892956188682,2025-08-30 21:08:04,1967119892956188685,False
1967119894961065985,SO20250830000810,1967119892788416551,1,62582,2025-08-30 20:58:04,1967119892956188682,2025-08-30 21:08:04,1967119892956188685,False
1967119894961065986,SO20250830000811,1967119892788416564,4,27506,2025-08-30 09:10:04,1967119892956188681,2025-08-30 09:25:04,1967119892956188685,False
1967119894961065987,SO20250830000811,1967119892788416542,3,235309,2025-08-30 09:10:04,1967119892956188681,2025-08-30 09:25:04,1967119892956188685,False
1967119894961065988,SO20250830000812,1967119892788416555,3,19039,2025-08-30 23:15:04,1967119892956188685,2025-08-30 23:16:04,1967119892956188679,False
1967119894961065989,SO20250830000812,1967119892788416563,2,44942,2025-08-30 23:15:04,1967119892956188685,2025-08-30 23:16:04,1967119892956188679,False
1967119894961065990,SO20250830000812,1967119892788416541,3,205423,2025-08-30 23:15:04,1967119892956188685,2025-08-30 23:16:04,1967119892956188679,False
1967119894961065991,SO20250830000812,1967119892788416550,2,48004,2025-08-30 23:15:04,1967119892956188685,2025-08-30 23:16:04,1967119892956188679,False
1967119894965260288,SO20250830000813,1967119892788416554,1,55663,2025-08-30 04:47:04,1967119892956188678,2025-08-30 04:56:04,1967119892956188682,False
1967119894965260289,SO20250830000814,1967119892788416539,1,443336,2025-08-30 03:35:04,1967119892956188684,2025-08-30 03:42:04,1967119892956188681,False
1967119894965260290,SO20250830000814,1967119892788416556,2,19157,2025-08-30 03:35:04,1967119892956188684,2025-08-30 03:42:04,1967119892956188681,False
1967119894965260291,SO20250830000814,1967119892788416555,1,19039,2025-08-30 03:35:04,1967119892956188684,2025-08-30 03:42:04,1967119892956188681,False
1967119894965260292,SO20250830000815,1967119892788416585,1,2073616,2025-08-30 07:48:04,1967119892956188683,2025-08-30 08:01:04,1967119892956188680,False
1967119894969454592,SO20250830000816,1967119892788416551,1,62582,2025-08-30 23:31:04,1967119892956188682,2025-08-30 23:37:04,1967119892956188680,False
1967119894969454593,SO20250830000817,1967119892788416557,1,48093,2025-08-30 08:08:04,1967119892956188685,2025-08-30 08:17:04,1967119892956188678,False
1967119894969454594,SO20250830000817,1967119892788416588,1,2719050,2025-08-30 08:08:04,1967119892956188685,2025-08-30 08:17:04,1967119892956188678,False
1967119894969454595,SO20250830000817,1967119892788416538,1,193514,2025-08-30 08:08:04,1967119892956188685,2025-08-30 08:17:04,1967119892956188678,False
1967119894969454596,SO20250830000817,1967119892788416587,1,2015853,2025-08-30 08:08:04,1967119892956188685,2025-08-30 08:17:04,1967119892956188678,False
1967119894973648896,SO20250830000818,1967119892788416538,1,193514,2025-08-30 01:09:04,1967119892956188679,2025-08-30 01:17:04,1967119892956188681,False
1967119894973648897,SO20250830000818,1967119892788416546,3,75999,2025-08-30 01:09:04,1967119892956188679,2025-08-30 01:17:04,1967119892956188681,False
1967119894973648898,SO20250830000818,1967119892788416559,3,27115,2025-08-30 01:09:04,1967119892956188679,2025-08-30 01:17:04,1967119892956188681,False
1967119894973648899,SO20250830000818,1967119892788416541,3,205423,2025-08-30 01:09:04,1967119892956188679,2025-08-30 01:17:04,1967119892956188681,False
1967119894973648900,SO20250830000819,1967119892788416537,3,55424,2025-08-30 14:23:04,1967119892956188680,2025-08-30 14:30:04,1967119892956188682,False
1967119894973648901,SO20250830000819,1967119892788416555,1,19039,2025-08-30 14:23:04,1967119892956188680,2025-08-30 14:30:04,1967119892956188682,False
1967119894973648902,SO20250830000819,1967119892788416574,2,63691,2025-08-30 14:23:04,1967119892956188680,2025-08-30 14:30:04,1967119892956188682,False
1967119894977843200,SO20250830000820,1967119892788416583,2,788172,2025-08-30 01:35:04,1967119892956188684,2025-08-30 01:45:04,1967119892956188681,False
1967119894982037504,SO20250831000821,1967119892788416543,1,369310,2025-08-31 06:04:04,1967119892956188682,2025-08-31 06:10:04,1967119892956188683,False
1967119894982037505,SO20250831000822,1967119892788416561,4,21699,2025-08-31 15:01:04,1967119892956188682,2025-08-31 15:02:04,1967119892956188684,False
1967119894982037506,SO20250831000822,1967119892788416557,3,48093,2025-08-31 15:01:04,1967119892956188682,2025-08-31 15:02:04,1967119892956188684,False
1967119894982037507,SO20250831000823,1967119892788416581,2,275969,2025-08-31 21:56:04,1967119892956188685,2025-08-31 22:04:04,1967119892956188680,False
1967119894982037508,SO20250831000823,1967119892788416540,1,50974,2025-08-31 21:56:04,1967119892956188685,2025-08-31 22:04:04,1967119892956188680,False
1967119894986231808,SO20250831000824,1967119892788416584,1,59089,2025-08-31 10:13:04,1967119892956188681,2025-08-31 10:19:04,1967119892956188681,False
1967119894986231809,SO20250831000824,1967119892788416558,1,69533,2025-08-31 10:13:04,1967119892956188681,2025-08-31 10:19:04,1967119892956188681,False
1967119894986231810,SO20250831000824,1967119892788416577,3,76278,2025-08-31 10:13:04,1967119892956188681,2025-08-31 10:19:04,1967119892956188681,False
1967119894986231811,SO20250831000825,1967119892788416570,3,79627,2025-08-31 14:49:04,1967119892956188684,2025-08-31 14:52:04,1967119892956188683,False
1967119894986231812,SO20250831000825,1967119892788416553,2,41380,2025-08-31 14:49:04,1967119892956188684,2025-08-31 14:52:04,1967119892956188683,False
1967119894986231813,SO20250831000825,1967119892788416555,1,19039,2025-08-31 14:49:04,1967119892956188684,2025-08-31 14:52:04,1967119892956188683,False
1967119894986231814,SO20250831000825,1967119892788416550,1,48004,2025-08-31 14:49:04,1967119892956188684,2025-08-31 14:52:04,1967119892956188683,False
1967119894986231815,SO20250831000825,1967119892788416583,2,788172,2025-08-31 14:49:04,1967119892956188684,2025-08-31 14:52:04,1967119892956188683,False
1967119894990426112,SO20250831000826,1967119892788416565,2,19891,2025-08-31 20:14:04,1967119892956188684,2025-08-31 20:18:04,1967119892956188684,False
1967119894990426113,SO20250831000826,1967119892788416570,1,79627,2025-08-31 20:14:04,1967119892956188684,2025-08-31 20:18:04,1967119892956188684,False
1967119894990426114,SO20250831000827,1967119892788416544,1,98337,2025-08-31 06:53:04,1967119892956188679,2025-08-31 07:07:04,1967119892956188680,False
1967119894990426115,SO20250831000827,1967119892788416538,2,193514,2025-08-31 06:53:04,1967119892956188679,2025-08-31 07:07:04,1967119892956188680,False
1967119894990426116,SO20250831000827,1967119892788416565,2,19891,2025-08-31 06:53:04,1967119892956188679,2025-08-31 07:07:04,1967119892956188680,False
1967119894990426117,SO20250831000828,1967119892788416563,2,44942,2025-08-31 08:35:04,1967119892956188684,2025-08-31 08:50:04,1967119892956188683,False
1967119894990426118,SO20250831000828,1967119892788416536,3,224418,2025-08-31 08:35:04,1967119892956188684,2025-08-31 08:50:04,1967119892956188683,False
1967119894994620416,SO20250831000829,1967119892788416538,2,193514,2025-08-31 09:15:04,1967119892956188681,2025-08-31 09:22:04,1967119892956188678,False
1967119894994620417,SO20250831000829,1967119892788416556,1,19157,2025-08-31 09:15:04,1967119892956188681,2025-08-31 09:22:04,1967119892956188678,False
1967119894994620418,SO20250831000829,1967119892788416551,3,62582,2025-08-31 09:15:04,1967119892956188681,2025-08-31 09:22:04,1967119892956188678,False
1967119894994620419,SO20250831000829,1967119892788416561,1,21699,2025-08-31 09:15:04,1967119892956188681,2025-08-31 09:22:04,1967119892956188678,False
1967119894994620420,SO20250831000830,1967119892788416584,1,59089,2025-08-31 18:16:04,1967119892956188680,2025-08-31 18:26:04,1967119892956188680,False
1967119894994620421,SO20250831000830,1967119892788416558,3,69533,2025-08-31 18:16:04,1967119892956188680,2025-08-31 18:26:04,1967119892956188680,False
1967119894998814720,SO20250831000831,1967119892788416573,1,90061,2025-08-31 13:29:04,1967119892956188681,2025-08-31 13:37:04,1967119892956188683,False
1967119894998814721,SO20250831000832,1967119892788416551,1,62582,2025-08-31 06:34:04,1967119892956188680,2025-08-31 06:35:04,1967119892956188684,False
1967119894998814722,SO20250831000832,1967119892788416581,3,275969,2025-08-31 06:34:04,1967119892956188680,2025-08-31 06:35:04,1967119892956188684,False
1967119895003009024,SO20250831000833,1967119892788416556,1,19157,2025-08-31 04:18:04,1967119892956188679,2025-08-31 04:23:04,1967119892956188685,False
1967119895003009025,SO20250831000834,1967119892788416556,1,19157,2025-08-31 09:19:04,1967119892956188681,2025-08-31 09:20:04,1967119892956188685,False
1967119895007203328,SO20250831000835,1967119892788416542,2,235309,2025-08-31 07:19:04,1967119892956188684,2025-08-31 07:24:04,1967119892956188681,False
1967119895007203329,SO20250831000836,1967119892788416555,2,19039,2025-08-31 21:29:04,1967119892956188678,2025-08-31 21:40:04,1967119892956188683,False
1967119895007203330,SO20250831000836,1967119892788416543,2,369310,2025-08-31 21:29:04,1967119892956188678,2025-08-31 21:40:04,1967119892956188683,False
1967119895007203331,SO20250831000836,1967119892788416536,2,224418,2025-08-31 21:29:04,1967119892956188678,2025-08-31 21:40:04,1967119892956188683,False
1967119895007203332,SO20250831000836,1967119892788416556,5,19157,2025-08-31 21:29:04,1967119892956188678,2025-08-31 21:40:04,1967119892956188683,False
1967119895007203333,SO20250831000836,1967119892788416542,1,235309,2025-08-31 21:29:04,1967119892956188678,2025-08-31 21:40:04,1967119892956188683,False
1967119895011397632,SO20250831000837,1967119892788416561,1,21699,2025-08-31 09:48:04,1967119892956188679,2025-08-31 09:53:04,1967119892956188685,False
1967119895011397633,SO20250831000837,1967119892788416560,3,44744,2025-08-31 09:48:04,1967119892956188679,2025-08-31 09:53:04,1967119892956188685,False
1967119895011397634,SO20250831000838,1967119892788416541,2,205423,2025-08-31 16:52:04,1967119892956188678,2025-08-31 17:02:04,1967119892956188678,False
1967119895011397635,SO20250901000839,1967119892788416541,3,205423,2025-09-01 13:53:04,1967119892956188679,2025-09-01 13:54:04,1967119892956188682,False
1967119895011397636,SO20250901000839,1967119892788416548,3,69868,2025-09-01 13:53:04,1967119892956188679,2025-09-01 13:54:04,1967119892956188682,False
1967119895015591936,SO20250901000840,1967119892788416545,1,93757,2025-09-01 08:00:04,1967119892956188678,2025-09-01 08:01:04,1967119892956188684,False
1967119895019786240,SO20250901000841,1967119892788416555,1,19039,2025-09-01 13:10:04,1967119892956188679,2025-09-01 13:21:04,1967119892956188680,False
1967119895019786241,SO20250901000841,1967119892788416550,1,48004,2025-09-01 13:10:04,1967119892956188679,2025-09-01 13:21:04,1967119892956188680,False
1967119895019786242,SO20250901000842,1967119892788416584,3,59089,2025-09-01 04:10:04,1967119892956188684,2025-09-01 04:15:04,1967119892956188678,False
1967119895019786243,SO20250901000843,1967119892788416545,3,93757,2025-09-01 14:17:04,1967119892956188685,2025-09-01 14:26:04,1967119892956188678,False
1967119895019786244,SO20250901000843,1967119892788416538,3,193514,2025-09-01 14:17:04,1967119892956188685,2025-09-01 14:26:04,1967119892956188678,False
1967119895019786245,SO20250901000843,1967119892788416560,1,44744,2025-09-01 14:17:04,1967119892956188685,2025-09-01 14:26:04,1967119892956188678,False
1967119895023980544,SO20250901000844,1967119892788416537,3,55424,2025-09-01 04:11:04,1967119892956188682,2025-09-01 04:15:04,1967119892956188680,False
1967119895023980545,SO20250901000844,1967119892788416538,3,193514,2025-09-01 04:11:04,1967119892956188682,2025-09-01 04:15:04,1967119892956188680,False
1967119895023980546,SO20250901000844,1967119892788416546,1,75999,2025-09-01 04:11:04,1967119892956188682,2025-09-01 04:15:04,1967119892956188680,False
1967119895023980547,SO20250901000845,1967119892788416562,5,34607,2025-09-01 14:10:04,1967119892956188685,2025-09-01 14:22:04,1967119892956188678,False
1967119895023980548,SO20250901000845,1967119892788416553,1,41380,2025-09-01 14:10:04,1967119892956188685,2025-09-01 14:22:04,1967119892956188678,False
1967119895028174848,SO20250902000846,1967119892788416537,1,55424,2025-09-02 13:22:04,1967119892956188680,2025-09-02 13:26:04,1967119892956188682,False
1967119895028174849,SO20250902000847,1967119892788416581,2,275969,2025-09-02 20:16:04,1967119892956188682,2025-09-02 20:29:04,1967119892956188683,False
1967119895028174850,SO20250902000847,1967119892788416556,1,19157,2025-09-02 20:16:04,1967119892956188682,2025-09-02 20:29:04,1967119892956188683,False
1967119895028174851,SO20250902000847,1967119892788416539,3,443336,2025-09-02 20:16:04,1967119892956188682,2025-09-02 20:29:04,1967119892956188683,False
1967119895028174852,SO20250902000847,1967119892788416546,3,75999,2025-09-02 20:16:04,1967119892956188682,2025-09-02 20:29:04,1967119892956188683,False
1967119895032369152,SO20250902000848,1967119892788416551,1,62582,2025-09-02 04:06:04,1967119892956188683,2025-09-02 04:17:04,1967119892956188679,False
1967119895032369153,SO20250902000849,1967119892788416564,3,27506,2025-09-02 23:00:04,1967119892956188681,2025-09-02 23:05:04,1967119892956188680,False
1967119895032369154,SO20250902000849,1967119892788416565,1,19891,2025-09-02 23:00:04,1967119892956188681,2025-09-02 23:05:04,1967119892956188680,False
1967119895032369155,SO20250902000849,1967119892788416562,1,34607,2025-09-02 23:00:04,1967119892956188681,2025-09-02 23:05:04,1967119892956188680,False
1967119895032369156,SO20250902000849,1967119892788416572,1,108602,2025-09-02 23:00:04,1967119892956188681,2025-09-02 23:05:04,1967119892956188680,False
1967119895036563456,SO20250902000850,1967119892788416544,3,98337,2025-09-02 20:40:04,1967119892956188685,2025-09-02 20:50:04,1967119892956188682,False
1967119895036563457,SO20250902000850,1967119892788416543,2,369310,2025-09-02 20:40:04,1967119892956188685,2025-09-02 20:50:04,1967119892956188682,False
1967119895036563458,SO20250902000851,1967119892788416544,3,98337,2025-09-02 13:16:04,1967119892956188684,2025-09-02 13:22:04,1967119892956188685,False
1967119895036563459,SO20250902000851,1967119892788416581,1,275969,2025-09-02 13:16:04,1967119892956188684,2025-09-02 13:22:04,1967119892956188685,False
1967119895040757760,SO20250902000852,1967119892788416555,2,19039,2025-09-02 04:33:04,1967119892956188683,2025-09-02 04:45:04,1967119892956188678,False
1967119895040757761,SO20250902000852,1967119892788416558,2,69533,2025-09-02 04:33:04,1967119892956188683,2025-09-02 04:45:04,1967119892956188678,False
1967119895040757762,SO20250902000853,1967119892788416561,1,21699,2025-09-02 14:15:04,1967119892956188682,2025-09-02 14:24:04,1967119892956188685,False
1967119895040757763,SO20250902000853,1967119892788416581,2,275969,2025-09-02 14:15:04,1967119892956188682,2025-09-02 14:24:04,1967119892956188685,False
1967119895044952064,SO20250902000854,1967119892788416585,1,2073616,2025-09-02 21:01:04,1967119892956188679,2025-09-02 21:04:04,1967119892956188683,False
1967119895044952065,SO20250902000854,1967119892788416551,2,62582,2025-09-02 21:01:04,1967119892956188679,2025-09-02 21:04:04,1967119892956188683,False
1967119895044952066,SO20250902000854,1967119892788416561,1,21699,2025-09-02 21:01:04,1967119892956188679,2025-09-02 21:04:04,1967119892956188683,False
1967119895044952067,SO20250902000855,1967119892788416539,2,443336,2025-09-02 12:43:04,1967119892956188681,2025-09-02 12:56:04,1967119892956188684,False
1967119895044952068,SO20250902000855,1967119892788416560,1,44744,2025-09-02 12:43:04,1967119892956188681,2025-09-02 12:56:04,1967119892956188684,False
1967119895044952069,SO20250902000855,1967119892788416581,1,275969,2025-09-02 12:43:04,1967119892956188681,2025-09-02 12:56:04,1967119892956188684,False
1967119895044952070,SO20250903000856,1967119892788416582,1,891870,2025-09-03 08:54:04,1967119892956188685,2025-09-03 09:09:04,1967119892956188681,False
1967119895044952071,SO20250903000856,1967119892788416559,2,27115,2025-09-03 08:54:04,1967119892956188685,2025-09-03 09:09:04,1967119892956188681,False
1967119895044952072,SO20250903000856,1967119892788416542,3,235309,2025-09-03 08:54:04,1967119892956188685,2025-09-03 09:09:04,1967119892956188681,False
1967119895044952073,SO20250903000856,1967119892788416584,2,59089,2025-09-03 08:54:04,1967119892956188685,2025-09-03 09:09:04,1967119892956188681,False
1967119895053340672,SO20250903000857,1967119892788416575,2,118557,2025-09-03 14:13:04,1967119892956188679,2025-09-03 14:14:04,1967119892956188683,False
1967119895053340673,SO20250903000857,1967119892788416568,1,117335,2025-09-03 14:13:04,1967119892956188679,2025-09-03 14:14:04,1967119892956188683,False
1967119895053340674,SO20250903000858,1967119892788416558,1,69533,2025-09-03 11:01:04,1967119892956188678,2025-09-03 11:13:04,1967119892956188683,False
1967119895053340675,SO20250903000858,1967119892788416565,3,19891,2025-09-03 11:01:04,1967119892956188678,2025-09-03 11:13:04,1967119892956188683,False
1967119895053340676,SO20250903000859,1967119892788416563,1,44942,2025-09-03 08:29:04,1967119892956188684,2025-09-03 08:32:04,1967119892956188682,False
1967119895053340677,SO20250903000859,1967119892788416542,1,235309,2025-09-03 08:29:04,1967119892956188684,2025-09-03 08:32:04,1967119892956188682,False
1967119895057534976,SO20250903000860,1967119892788416569,2,33054,2025-09-03 09:03:04,1967119892956188681,2025-09-03 09:18:04,1967119892956188684,False
1967119895057534977,SO20250903000860,1967119892788416564,2,27506,2025-09-03 09:03:04,1967119892956188681,2025-09-03 09:18:04,1967119892956188684,False
1967119895057534978,SO20250903000861,1967119892788416538,3,193514,2025-09-03 22:19:04,1967119892956188680,2025-09-03 22:31:04,1967119892956188681,False
1967119895057534979,SO20250903000861,1967119892788416559,1,27115,2025-09-03 22:19:04,1967119892956188680,2025-09-03 22:31:04,1967119892956188681,False
1967119895057534980,SO20250903000861,1967119892788416552,1,65834,2025-09-03 22:19:04,1967119892956188680,2025-09-03 22:31:04,1967119892956188681,False
1967119895061729280,SO20250903000862,1967119892788416558,2,69533,2025-09-03 13:36:04,1967119892956188680,2025-09-03 13:47:04,1967119892956188682,False
1967119895061729281,SO20250903000862,1967119892788416557,1,48093,2025-09-03 13:36:04,1967119892956188680,2025-09-03 13:47:04,1967119892956188682,False
1967119895061729282,SO20250903000862,1967119892788416588,1,2719050,2025-09-03 13:36:04,1967119892956188680,2025-09-03 13:47:04,1967119892956188682,False
1967119895061729283,SO20250903000863,1967119892788416560,2,44744,2025-09-03 19:20:04,1967119892956188679,2025-09-03 19:34:04,1967119892956188679,False
1967119895065923584,SO20250903000864,1967119892788416558,2,69533,2025-09-03 08:03:04,1967119892956188681,2025-09-03 08:14:04,1967119892956188682,False
1967119895065923585,SO20250903000864,1967119892788416555,1,19039,2025-09-03 08:03:04,1967119892956188681,2025-09-03 08:14:04,1967119892956188682,False
1967119895065923586,SO20250903000865,1967119892788416554,2,55663,2025-09-03 01:14:04,1967119892956188680,2025-09-03 01:17:04,1967119892956188681,False
1967119895065923587,SO20250903000865,1967119892788416559,3,27115,2025-09-03 01:14:04,1967119892956188680,2025-09-03 01:17:04,1967119892956188681,False
1967119895065923588,SO20250903000865,1967119892788416552,2,65834,2025-09-03 01:14:04,1967119892956188680,2025-09-03 01:17:04,1967119892956188681,False
1967119895065923589,SO20250903000865,1967119892788416577,1,76278,2025-09-03 01:14:04,1967119892956188680,2025-09-03 01:17:04,1967119892956188681,False
1967119895070117888,SO20250903000866,1967119892788416550,2,48004,2025-09-03 12:32:04,1967119892956188680,2025-09-03 12:34:04,1967119892956188684,False
1967119895070117889,SO20250903000867,1967119892788416542,1,235309,2025-09-03 02:26:04,1967119892956188684,2025-09-03 02:29:04,1967119892956188679,False
1967119895070117890,SO20250904000868,1967119892788416551,3,62582,2025-09-04 07:30:04,1967119892956188679,2025-09-04 07:32:04,1967119892956188683,False
1967119895070117891,SO20250904000868,1967119892788416561,1,21699,2025-09-04 07:30:04,1967119892956188679,2025-09-04 07:32:04,1967119892956188683,False
1967119895070117892,SO20250904000868,1967119892788416557,1,48093,2025-09-04 07:30:04,1967119892956188679,2025-09-04 07:32:04,1967119892956188683,False
1967119895070117893,SO20250904000868,1967119892788416563,5,44942,2025-09-04 07:30:04,1967119892956188679,2025-09-04 07:32:04,1967119892956188683,False
1967119895074312192,SO20250904000869,1967119892788416561,2,21699,2025-09-04 08:15:04,1967119892956188678,2025-09-04 08:30:04,1967119892956188683,False
1967119895074312193,SO20250904000869,1967119892788416583,1,788172,2025-09-04 08:15:04,1967119892956188678,2025-09-04 08:30:04,1967119892956188683,False
1967119895074312194,SO20250904000870,1967119892788416555,2,19039,2025-09-04 07:38:04,1967119892956188683,2025-09-04 07:50:04,1967119892956188685,False
1967119895074312195,SO20250904000870,1967119892788416554,1,55663,2025-09-04 07:38:04,1967119892956188683,2025-09-04 07:50:04,1967119892956188685,False
1967119895074312196,SO20250904000870,1967119892788416558,1,69533,2025-09-04 07:38:04,1967119892956188683,2025-09-04 07:50:04,1967119892956188685,False
1967119895078506496,SO20250904000871,1967119892788416548,2,69868,2025-09-04 03:47:04,1967119892956188680,2025-09-04 03:57:04,1967119892956188682,False
1967119895078506497,SO20250904000871,1967119892788416563,2,44942,2025-09-04 03:47:04,1967119892956188680,2025-09-04 03:57:04,1967119892956188682,False
1967119895078506498,SO20250904000871,1967119892788416584,3,59089,2025-09-04 03:47:04,1967119892956188680,2025-09-04 03:57:04,1967119892956188682,False
1967119895078506499,SO20250904000872,1967119892788416537,1,55424,2025-09-04 02:23:04,1967119892956188682,2025-09-04 02:27:04,1967119892956188681,False
1967119895078506500,SO20250904000872,1967119892788416581,1,275969,2025-09-04 02:23:04,1967119892956188682,2025-09-04 02:27:04,1967119892956188681,False
1967119895082700800,SO20250904000873,1967119892788416564,3,27506,2025-09-04 17:48:04,1967119892956188684,2025-09-04 17:52:04,1967119892956188685,False
1967119895082700801,SO20250904000873,1967119892788416555,1,19039,2025-09-04 17:48:04,1967119892956188684,2025-09-04 17:52:04,1967119892956188685,False
1967119895086895104,SO20250904000874,1967119892788416542,2,235309,2025-09-04 21:11:04,1967119892956188683,2025-09-04 21:21:04,1967119892956188685,False
1967119895086895105,SO20250904000875,1967119892788416558,1,69533,2025-09-04 13:23:04,1967119892956188679,2025-09-04 13:26:04,1967119892956188678,False
1967119895086895106,SO20250904000875,1967119892788416561,1,21699,2025-09-04 13:23:04,1967119892956188679,2025-09-04 13:26:04,1967119892956188678,False
1967119895086895107,SO20250904000876,1967119892788416554,1,55663,2025-09-04 12:37:04,1967119892956188680,2025-09-04 12:42:04,1967119892956188684,False
1967119895086895108,SO20250904000876,1967119892788416548,1,69868,2025-09-04 12:37:04,1967119892956188680,2025-09-04 12:42:04,1967119892956188684,False
1967119895091089408,SO20250904000877,1967119892788416542,3,235309,2025-09-04 21:48:04,1967119892956188680,2025-09-04 21:55:04,1967119892956188683,False
1967119895091089409,SO20250904000877,1967119892788416548,1,69868,2025-09-04 21:48:04,1967119892956188680,2025-09-04 21:55:04,1967119892956188683,False
1967119895091089410,SO20250904000878,1967119892788416543,2,369310,2025-09-04 15:47:04,1967119892956188682,2025-09-04 15:59:04,1967119892956188678,False
1967119895091089411,SO20250904000878,1967119892788416547,2,495825,2025-09-04 15:47:04,1967119892956188682,2025-09-04 15:59:04,1967119892956188678,False
1967119895091089412,SO20250904000878,1967119892788416581,2,275969,2025-09-04 15:47:04,1967119892956188682,2025-09-04 15:59:04,1967119892956188678,False
1967119895095283712,SO20250904000879,1967119892788416582,2,891870,2025-09-04 15:44:04,1967119892956188685,2025-09-04 15:50:04,1967119892956188680,False
1967119895095283713,SO20250904000879,1967119892788416559,2,27115,2025-09-04 15:44:04,1967119892956188685,2025-09-04 15:50:04,1967119892956188680,False
1967119895095283714,SO20250904000879,1967119892788416537,2,55424,2025-09-04 15:44:04,1967119892956188685,2025-09-04 15:50:04,1967119892956188680,False
1967119895095283715,SO20250904000880,1967119892788416557,2,48093,2025-09-04 20:12:04,1967119892956188684,2025-09-04 20:22:04,1967119892956188682,False
1967119895095283716,SO20250904000880,1967119892788416558,1,69533,2025-09-04 20:12:04,1967119892956188684,2025-09-04 20:22:04,1967119892956188682,False
1967119895095283717,SO20250904000880,1967119892788416539,1,443336,2025-09-04 20:12:04,1967119892956188684,2025-09-04 20:22:04,1967119892956188682,False
1967119895095283718,SO20250904000881,1967119892788416581,1,275969,2025-09-04 22:04:04,1967119892956188683,2025-09-04 22:05:04,1967119892956188679,False
1967119895095283719,SO20250904000881,1967119892788416541,3,205423,2025-09-04 22:04:04,1967119892956188683,2025-09-04 22:05:04,1967119892956188679,False
1967119895099478016,SO20250904000882,1967119892788416557,2,48093,2025-09-04 00:14:04,1967119892956188679,2025-09-04 00:23:04,1967119892956188682,False
1967119895099478017,SO20250904000882,1967119892788416546,1,75999,2025-09-04 00:14:04,1967119892956188679,2025-09-04 00:23:04,1967119892956188682,False
1967119895099478018,SO20250904000882,1967119892788416558,1,69533,2025-09-04 00:14:04,1967119892956188679,2025-09-04 00:23:04,1967119892956188682,False
1967119895099478019,SO20250904000882,1967119892788416577,2,76278,2025-09-04 00:14:04,1967119892956188679,2025-09-04 00:23:04,1967119892956188682,False
1967119895099478020,SO20250904000883,1967119892788416556,1,19157,2025-09-04 04:27:04,1967119892956188683,2025-09-04 04:41:04,1967119892956188684,False
1967119895099478021,SO20250904000883,1967119892788416541,3,205423,2025-09-04 04:27:04,1967119892956188683,2025-09-04 04:41:04,1967119892956188684,False
1967119895099478022,SO20250904000883,1967119892788416564,1,27506,2025-09-04 04:27:04,1967119892956188683,2025-09-04 04:41:04,1967119892956188684,False
1967119895099478023,SO20250904000883,1967119892788416539,1,443336,2025-09-04 04:27:04,1967119892956188683,2025-09-04 04:41:04,1967119892956188684,False
1967119895103672320,SO20250905000884,1967119892788416544,1,98337,2025-09-05 23:28:04,1967119892956188685,2025-09-05 23:31:04,1967119892956188685,False
1967119895103672321,SO20250905000884,1967119892788416546,1,75999,2025-09-05 23:28:04,1967119892956188685,2025-09-05 23:31:04,1967119892956188685,False
1967119895103672322,SO20250905000885,1967119892788416553,5,41380,2025-09-05 06:30:04,1967119892956188680,2025-09-05 06:40:04,1967119892956188684,False
1967119895107866624,SO20250905000886,1967119892788416555,1,19039,2025-09-05 20:33:04,1967119892956188684,2025-09-05 20:46:04,1967119892956188679,False
1967119895107866625,SO20250905000886,1967119892788416581,1,275969,2025-09-05 20:33:04,1967119892956188684,2025-09-05 20:46:04,1967119892956188679,False
1967119895107866626,SO20250905000886,1967119892788416589,1,1787307,2025-09-05 20:33:04,1967119892956188684,2025-09-05 20:46:04,1967119892956188679,False
1967119895107866627,SO20250905000886,1967119892788416557,2,48093,2025-09-05 20:33:04,1967119892956188684,2025-09-05 20:46:04,1967119892956188679,False
1967119895107866628,SO20250905000887,1967119892788416546,3,75999,2025-09-05 00:06:04,1967119892956188681,2025-09-05 00:13:04,1967119892956188684,False
1967119895107866629,SO20250905000887,1967119892788416557,1,48093,2025-09-05 00:06:04,1967119892956188681,2025-09-05 00:13:04,1967119892956188684,False
1967119895107866630,SO20250905000887,1967119892788416561,1,21699,2025-09-05 00:06:04,1967119892956188681,2025-09-05 00:13:04,1967119892956188684,False
1967119895112060928,SO20250905000888,1967119892788416554,3,55663,2025-09-05 04:16:04,1967119892956188685,2025-09-05 04:25:04,1967119892956188685,False
1967119895112060929,SO20250905000888,1967119892788416566,2,34445,2025-09-05 04:16:04,1967119892956188685,2025-09-05 04:25:04,1967119892956188685,False
1967119895112060930,SO20250905000888,1967119892788416537,3,55424,2025-09-05 04:16:04,1967119892956188685,2025-09-05 04:25:04,1967119892956188685,False
1967119895112060931,SO20250905000888,1967119892788416555,1,19039,2025-09-05 04:16:04,1967119892956188685,2025-09-05 04:25:04,1967119892956188685,False
1967119895112060932,SO20250905000889,1967119892788416546,3,75999,2025-09-05 20:53:04,1967119892956188683,2025-09-05 20:55:04,1967119892956188679,False
1967119895112060933,SO20250905000889,1967119892788416567,1,36517,2025-09-05 20:53:04,1967119892956188683,2025-09-05 20:55:04,1967119892956188679,False
1967119895112060934,SO20250905000890,1967119892788416541,1,205423,2025-09-05 19:05:04,1967119892956188680,2025-09-05 19:14:04,1967119892956188684,False
1967119895116255232,SO20250905000891,1967119892788416561,2,21699,2025-09-05 21:24:04,1967119892956188684,2025-09-05 21:26:04,1967119892956188678,False
1967119895116255233,SO20250905000891,1967119892788416560,1,44744,2025-09-05 21:24:04,1967119892956188684,2025-09-05 21:26:04,1967119892956188678,False
1967119895116255234,SO20250905000891,1967119892788416540,2,50974,2025-09-05 21:24:04,1967119892956188684,2025-09-05 21:26:04,1967119892956188678,False
1967119895120449536,SO20250905000892,1967119892788416556,2,19157,2025-09-05 21:34:04,1967119892956188683,2025-09-05 21:39:04,1967119892956188680,False
1967119895120449537,SO20250905000892,1967119892788416562,1,34607,2025-09-05 21:34:04,1967119892956188683,2025-09-05 21:39:04,1967119892956188680,False
1967119895120449538,SO20250905000892,1967119892788416553,3,41380,2025-09-05 21:34:04,1967119892956188683,2025-09-05 21:39:04,1967119892956188680,False
1967119895120449539,SO20250905000892,1967119892788416541,1,205423,2025-09-05 21:34:04,1967119892956188683,2025-09-05 21:39:04,1967119892956188680,False
1967119895120449540,SO20250905000892,1967119892788416573,1,90061,2025-09-05 21:34:04,1967119892956188683,2025-09-05 21:39:04,1967119892956188680,False
1967119895124643840,SO20250905000893,1967119892788416538,1,193514,2025-09-05 20:18:04,1967119892956188685,2025-09-05 20:29:04,1967119892956188679,False
1967119895124643841,SO20250905000893,1967119892788416569,2,33054,2025-09-05 20:18:04,1967119892956188685,2025-09-05 20:29:04,1967119892956188679,False
1967119895124643842,SO20250905000893,1967119892788416541,3,205423,2025-09-05 20:18:04,1967119892956188685,2025-09-05 20:29:04,1967119892956188679,False
1967119895124643843,SO20250905000894,1967119892788416588,1,2719050,2025-09-05 10:01:04,1967119892956188680,2025-09-05 10:12:04,1967119892956188685,False
1967119895124643844,SO20250905000894,1967119892788416539,3,443336,2025-09-05 10:01:04,1967119892956188680,2025-09-05 10:12:04,1967119892956188685,False
1967119895124643845,SO20250905000894,1967119892788416569,1,33054,2025-09-05 10:01:04,1967119892956188680,2025-09-05 10:12:04,1967119892956188685,False
1967119895124643846,SO20250905000895,1967119892788416547,3,495825,2025-09-05 01:13:04,1967119892956188684,2025-09-05 01:20:04,1967119892956188682,False
1967119895124643847,SO20250905000895,1967119892788416575,1,118557,2025-09-05 01:13:04,1967119892956188684,2025-09-05 01:20:04,1967119892956188682,False
1967119895124643848,SO20250905000895,1967119892788416561,4,21699,2025-09-05 01:13:04,1967119892956188684,2025-09-05 01:20:04,1967119892956188682,False
1967119895128838144,SO20250905000896,1967119892788416540,2,50974,2025-09-05 14:50:04,1967119892956188683,2025-09-05 14:55:04,1967119892956188678,False
1967119895128838145,SO20250905000896,1967119892788416543,1,369310,2025-09-05 14:50:04,1967119892956188683,2025-09-05 14:55:04,1967119892956188678,False
1967119895128838146,SO20250905000896,1967119892788416560,3,44744,2025-09-05 14:50:04,1967119892956188683,2025-09-05 14:55:04,1967119892956188678,False
1967119895128838147,SO20250905000896,1967119892788416559,2,27115,2025-09-05 14:50:04,1967119892956188683,2025-09-05 14:55:04,1967119892956188678,False
1967119895128838148,SO20250905000897,1967119892788416581,2,275969,2025-09-05 05:24:04,1967119892956188682,2025-09-05 05:35:04,1967119892956188685,False
1967119895128838149,SO20250905000897,1967119892788416561,1,21699,2025-09-05 05:24:04,1967119892956188682,2025-09-05 05:35:04,1967119892956188685,False
1967119895128838150,SO20250905000897,1967119892788416558,4,69533,2025-09-05 05:24:04,1967119892956188682,2025-09-05 05:35:04,1967119892956188685,False
1967119895128838151,SO20250905000897,1967119892788416550,2,48004,2025-09-05 05:24:04,1967119892956188682,2025-09-05 05:35:04,1967119892956188685,False
1967119895128838152,SO20250905000897,1967119892788416584,4,59089,2025-09-05 05:24:04,1967119892956188682,2025-09-05 05:35:04,1967119892956188685,False
1967119895128838153,SO20250905000898,1967119892788416574,1,63691,2025-09-05 03:40:04,1967119892956188681,2025-09-05 03:44:04,1967119892956188681,False
1967119895128838154,SO20250905000898,1967119892788416542,2,235309,2025-09-05 03:40:04,1967119892956188681,2025-09-05 03:44:04,1967119892956188681,False
1967119895128838155,SO20250905000898,1967119892788416547,3,495825,2025-09-05 03:40:04,1967119892956188681,2025-09-05 03:44:04,1967119892956188681,False
1967119895133032448,SO20250905000899,1967119892788416559,1,27115,2025-09-05 10:36:04,1967119892956188683,2025-09-05 10:45:04,1967119892956188685,False
1967119895133032449,SO20250905000899,1967119892788416557,2,48093,2025-09-05 10:36:04,1967119892956188683,2025-09-05 10:45:04,1967119892956188685,False
1967119895133032450,SO20250905000900,1967119892788416582,3,891870,2025-09-05 20:56:04,1967119892956188681,2025-09-05 20:58:04,1967119892956188681,False
1967119895133032451,SO20250905000900,1967119892788416546,3,75999,2025-09-05 20:56:04,1967119892956188681,2025-09-05 20:58:04,1967119892956188681,False
1967119895137226752,SO20250905000901,1967119892788416547,3,495825,2025-09-05 20:31:04,1967119892956188685,2025-09-05 20:41:04,1967119892956188682,False
1967119895137226753,SO20250905000901,1967119892788416565,1,19891,2025-09-05 20:31:04,1967119892956188685,2025-09-05 20:41:04,1967119892956188682,False
1967119895137226754,SO20250905000902,1967119892788416544,3,98337,2025-09-05 15:02:04,1967119892956188682,2025-09-05 15:11:04,1967119892956188678,False
1967119895137226755,SO20250905000902,1967119892788416541,3,205423,2025-09-05 15:02:04,1967119892956188682,2025-09-05 15:11:04,1967119892956188678,False
1967119895141421056,SO20250905000903,1967119892788416558,3,69533,2025-09-05 08:30:04,1967119892956188679,2025-09-05 08:42:04,1967119892956188678,False
1967119895141421057,SO20250905000904,1967119892788416564,2,27506,2025-09-05 08:11:04,1967119892956188684,2025-09-05 08:13:04,1967119892956188683,False
1967119895141421058,SO20250905000904,1967119892788416551,1,62582,2025-09-05 08:11:04,1967119892956188684,2025-09-05 08:13:04,1967119892956188683,False
1967119895141421059,SO20250905000905,1967119892788416569,1,33054,2025-09-05 19:07:04,1967119892956188682,2025-09-05 19:13:04,1967119892956188682,False
1967119895141421060,SO20250905000905,1967119892788416581,1,275969,2025-09-05 19:07:04,1967119892956188682,2025-09-05 19:13:04,1967119892956188682,False
1967119895145615360,SO20250905000906,1967119892788416576,5,64918,2025-09-05 15:27:04,1967119892956188680,2025-09-05 15:38:04,1967119892956188682,False
1967119895145615361,SO20250905000906,1967119892788416565,1,19891,2025-09-05 15:27:04,1967119892956188680,2025-09-05 15:38:04,1967119892956188682,False
1967119895145615362,SO20250905000907,1967119892788416558,1,69533,2025-09-05 14:34:04,1967119892956188679,2025-09-05 14:36:04,1967119892956188682,False
1967119895149809664,SO20250905000908,1967119892788416560,1,44744,2025-09-05 12:43:04,1967119892956188680,2025-09-05 12:46:04,1967119892956188685,False
1967119895149809665,SO20250905000908,1967119892788416547,3,495825,2025-09-05 12:43:04,1967119892956188680,2025-09-05 12:46:04,1967119892956188685,False
1967119895149809666,SO20250905000908,1967119892788416546,2,75999,2025-09-05 12:43:04,1967119892956188680,2025-09-05 12:46:04,1967119892956188685,False
1967119895149809667,SO20250905000909,1967119892788416554,1,55663,2025-09-05 20:31:04,1967119892956188678,2025-09-05 20:44:04,1967119892956188685,False
1967119895149809668,SO20250905000909,1967119892788416546,2,75999,2025-09-05 20:31:04,1967119892956188678,2025-09-05 20:44:04,1967119892956188685,False
1967119895149809669,SO20250905000909,1967119892788416583,1,788172,2025-09-05 20:31:04,1967119892956188678,2025-09-05 20:44:04,1967119892956188685,False
1967119895154003968,SO20250905000910,1967119892788416570,2,79627,2025-09-05 07:03:04,1967119892956188679,2025-09-05 07:05:04,1967119892956188683,False
1967119895154003969,SO20250905000910,1967119892788416536,2,224418,2025-09-05 07:03:04,1967119892956188679,2025-09-05 07:05:04,1967119892956188683,False
1967119895158198272,SO20250905000911,1967119892788416574,1,63691,2025-09-05 20:37:04,1967119892956188679,2025-09-05 20:50:04,1967119892956188678,False
1967119895158198273,SO20250905000911,1967119892788416552,2,65834,2025-09-05 20:37:04,1967119892956188679,2025-09-05 20:50:04,1967119892956188678,False
1967119895158198274,SO20250906000912,1967119892788416557,2,48093,2025-09-06 08:48:04,1967119892956188682,2025-09-06 08:51:04,1967119892956188685,False
1967119895158198275,SO20250906000913,1967119892788416562,2,34607,2025-09-06 05:43:04,1967119892956188685,2025-09-06 05:46:04,1967119892956188679,False
1967119895158198276,SO20250906000913,1967119892788416563,2,44942,2025-09-06 05:43:04,1967119892956188685,2025-09-06 05:46:04,1967119892956188679,False
1967119895162392576,SO20250906000914,1967119892788416550,1,48004,2025-09-06 23:24:04,1967119892956188679,2025-09-06 23:25:04,1967119892956188678,False
1967119895162392577,SO20250906000914,1967119892788416559,1,27115,2025-09-06 23:24:04,1967119892956188679,2025-09-06 23:25:04,1967119892956188678,False
1967119895162392578,SO20250906000915,1967119892788416539,3,443336,2025-09-06 20:50:04,1967119892956188682,2025-09-06 21:05:04,1967119892956188682,False
1967119895162392579,SO20250906000915,1967119892788416571,2,83847,2025-09-06 20:50:04,1967119892956188682,2025-09-06 21:05:04,1967119892956188682,False
1967119895162392580,SO20250906000916,1967119892788416563,4,44942,2025-09-06 13:58:04,1967119892956188680,2025-09-06 14:05:04,1967119892956188683,False
1967119895166586880,SO20250906000917,1967119892788416573,1,90061,2025-09-06 08:03:04,1967119892956188681,2025-09-06 08:16:04,1967119892956188679,False
1967119895166586881,SO20250906000918,1967119892788416558,2,69533,2025-09-06 12:31:04,1967119892956188682,2025-09-06 12:38:04,1967119892956188680,False
1967119895166586882,SO20250906000918,1967119892788416553,2,41380,2025-09-06 12:31:04,1967119892956188682,2025-09-06 12:38:04,1967119892956188680,False
1967119895170781184,SO20250906000919,1967119892788416557,5,48093,2025-09-06 14:20:04,1967119892956188680,2025-09-06 14:21:04,1967119892956188685,False
1967119895170781185,SO20250906000919,1967119892788416553,1,41380,2025-09-06 14:20:04,1967119892956188680,2025-09-06 14:21:04,1967119892956188685,False
1967119895170781186,SO20250906000919,1967119892788416543,3,369310,2025-09-06 14:20:04,1967119892956188680,2025-09-06 14:21:04,1967119892956188685,False
1967119895170781187,SO20250906000919,1967119892788416556,2,19157,2025-09-06 14:20:04,1967119892956188680,2025-09-06 14:21:04,1967119892956188685,False
1967119895170781188,SO20250906000920,1967119892788416578,3,114209,2025-09-06 05:47:04,1967119892956188679,2025-09-06 05:52:04,1967119892956188682,False
1967119895174975488,SO20250906000921,1967119892788416559,1,27115,2025-09-06 13:42:04,1967119892956188683,2025-09-06 13:57:04,1967119892956188681,False
1967119895174975489,SO20250906000921,1967119892788416551,4,62582,2025-09-06 13:42:04,1967119892956188683,2025-09-06 13:57:04,1967119892956188681,False
1967119895174975490,SO20250906000922,1967119892788416577,3,76278,2025-09-06 09:13:04,1967119892956188682,2025-09-06 09:18:04,1967119892956188684,False
1967119895174975491,SO20250906000922,1967119892788416554,5,55663,2025-09-06 09:13:04,1967119892956188682,2025-09-06 09:18:04,1967119892956188684,False
1967119895179169792,SO20250906000923,1967119892788416573,1,90061,2025-09-06 13:17:04,1967119892956188681,2025-09-06 13:18:04,1967119892956188679,False
1967119895179169793,SO20250906000924,1967119892788416547,3,495825,2025-09-06 07:53:04,1967119892956188682,2025-09-06 07:54:04,1967119892956188682,False
1967119895179169794,SO20250906000924,1967119892788416557,2,48093,2025-09-06 07:53:04,1967119892956188682,2025-09-06 07:54:04,1967119892956188682,False
1967119895179169795,SO20250906000925,1967119892788416577,3,76278,2025-09-06 02:10:04,1967119892956188682,2025-09-06 02:11:04,1967119892956188680,False
1967119895179169796,SO20250906000925,1967119892788416562,1,34607,2025-09-06 02:10:04,1967119892956188682,2025-09-06 02:11:04,1967119892956188680,False
1967119895183364096,SO20250906000926,1967119892788416544,3,98337,2025-09-06 20:31:04,1967119892956188678,2025-09-06 20:44:04,1967119892956188683,False
1967119895183364097,SO20250906000926,1967119892788416568,2,117335,2025-09-06 20:31:04,1967119892956188678,2025-09-06 20:44:04,1967119892956188683,False
1967119895187558400,SO20250906000927,1967119892788416547,2,495825,2025-09-06 20:56:04,1967119892956188681,2025-09-06 20:57:04,1967119892956188681,False
1967119895187558401,SO20250906000928,1967119892788416537,2,55424,2025-09-06 02:01:04,1967119892956188684,2025-09-06 02:08:04,1967119892956188682,False
1967119895187558402,SO20250906000928,1967119892788416555,3,19039,2025-09-06 02:01:04,1967119892956188684,2025-09-06 02:08:04,1967119892956188682,False
1967119895187558403,SO20250906000928,1967119892788416559,2,27115,2025-09-06 02:01:04,1967119892956188684,2025-09-06 02:08:04,1967119892956188682,False
1967119895187558404,SO20250906000928,1967119892788416556,1,19157,2025-09-06 02:01:04,1967119892956188684,2025-09-06 02:08:04,1967119892956188682,False
1967119895187558405,SO20250906000928,1967119892788416541,3,205423,2025-09-06 02:01:04,1967119892956188684,2025-09-06 02:08:04,1967119892956188682,False
1967119895191752704,SO20250906000929,1967119892788416556,2,19157,2025-09-06 13:10:04,1967119892956188680,2025-09-06 13:24:04,1967119892956188680,False
1967119895191752705,SO20250906000929,1967119892788416590,1,2974017,2025-09-06 13:10:04,1967119892956188680,2025-09-06 13:24:04,1967119892956188680,False
1967119895191752706,SO20250906000930,1967119892788416558,5,69533,2025-09-06 13:48:04,1967119892956188679,2025-09-06 13:53:04,1967119892956188679,False
1967119895191752707,SO20250906000930,1967119892788416556,1,19157,2025-09-06 13:48:04,1967119892956188679,2025-09-06 13:53:04,1967119892956188679,False
1967119895191752708,SO20250906000930,1967119892788416561,2,21699,2025-09-06 13:48:04,1967119892956188679,2025-09-06 13:53:04,1967119892956188679,False
1967119895195947008,SO20250906000931,1967119892788416569,5,33054,2025-09-06 21:10:04,1967119892956188680,2025-09-06 21:13:04,1967119892956188681,False
1967119895195947009,SO20250906000932,1967119892788416557,2,48093,2025-09-06 08:21:04,1967119892956188683,2025-09-06 08:26:04,1967119892956188683,False
1967119895195947010,SO20250906000933,1967119892788416555,2,19039,2025-09-06 05:39:04,1967119892956188684,2025-09-06 05:43:04,1967119892956188684,False
1967119895200141312,SO20250907000934,1967119892788416564,3,27506,2025-09-07 13:52:04,1967119892956188681,2025-09-07 13:55:04,1967119892956188681,False
1967119895200141313,SO20250907000934,1967119892788416537,3,55424,2025-09-07 13:52:04,1967119892956188681,2025-09-07 13:55:04,1967119892956188681,False
1967119895200141314,SO20250907000935,1967119892788416554,2,55663,2025-09-07 08:35:04,1967119892956188685,2025-09-07 08:44:04,1967119892956188683,False
1967119895200141315,SO20250907000935,1967119892788416563,1,44942,2025-09-07 08:35:04,1967119892956188685,2025-09-07 08:44:04,1967119892956188683,False
1967119895200141316,SO20250907000935,1967119892788416537,1,55424,2025-09-07 08:35:04,1967119892956188685,2025-09-07 08:44:04,1967119892956188683,False
1967119895200141317,SO20250907000935,1967119892788416583,2,788172,2025-09-07 08:35:04,1967119892956188685,2025-09-07 08:44:04,1967119892956188683,False
1967119895204335616,SO20250907000936,1967119892788416546,2,75999,2025-09-07 05:53:04,1967119892956188678,2025-09-07 06:07:04,1967119892956188685,False
1967119895204335617,SO20250907000936,1967119892788416560,1,44744,2025-09-07 05:53:04,1967119892956188678,2025-09-07 06:07:04,1967119892956188685,False
1967119895204335618,SO20250907000936,1967119892788416564,1,27506,2025-09-07 05:53:04,1967119892956188678,2025-09-07 06:07:04,1967119892956188685,False
1967119895204335619,SO20250907000936,1967119892788416541,1,205423,2025-09-07 05:53:04,1967119892956188678,2025-09-07 06:07:04,1967119892956188685,False
1967119895204335620,SO20250907000937,1967119892788416557,1,48093,2025-09-07 00:16:04,1967119892956188682,2025-09-07 00:27:04,1967119892956188679,False
1967119895204335621,SO20250907000937,1967119892788416544,3,98337,2025-09-07 00:16:04,1967119892956188682,2025-09-07 00:27:04,1967119892956188679,False
1967119895204335622,SO20250907000937,1967119892788416564,1,27506,2025-09-07 00:16:04,1967119892956188682,2025-09-07 00:27:04,1967119892956188679,False
1967119895204335623,SO20250907000937,1967119892788416591,1,2233095,2025-09-07 00:16:04,1967119892956188682,2025-09-07 00:27:04,1967119892956188679,False
1967119895204335624,SO20250907000938,1967119892788416551,2,62582,2025-09-07 05:49:04,1967119892956188685,2025-09-07 06:01:04,1967119892956188679,False
1967119895208529920,SO20250907000938,1967119892788416556,4,19157,2025-09-07 05:49:04,1967119892956188685,2025-09-07 06:01:04,1967119892956188679,False
1967119895208529921,SO20250907000938,1967119892788416553,3,41380,2025-09-07 05:49:04,1967119892956188685,2025-09-07 06:01:04,1967119892956188679,False
1967119895208529922,SO20250907000939,1967119892788416557,2,48093,2025-09-07 12:03:04,1967119892956188678,2025-09-07 12:06:04,1967119892956188680,False
1967119895208529923,SO20250907000939,1967119892788416555,3,19039,2025-09-07 12:03:04,1967119892956188678,2025-09-07 12:06:04,1967119892956188680,False
1967119895212724224,SO20250907000940,1967119892788416564,2,27506,2025-09-07 04:24:04,1967119892956188684,2025-09-07 04:27:04,1967119892956188678,False
1967119895212724225,SO20250907000940,1967119892788416555,5,19039,2025-09-07 04:24:04,1967119892956188684,2025-09-07 04:27:04,1967119892956188678,False
1967119895212724226,SO20250907000940,1967119892788416541,1,205423,2025-09-07 04:24:04,1967119892956188684,2025-09-07 04:27:04,1967119892956188678,False
1967119895212724227,SO20250907000940,1967119892788416539,2,443336,2025-09-07 04:24:04,1967119892956188684,2025-09-07 04:27:04,1967119892956188678,False
1967119895212724228,SO20250907000941,1967119892788416536,3,224418,2025-09-07 09:47:04,1967119892956188684,2025-09-07 09:50:04,1967119892956188679,False
1967119895212724229,SO20250907000941,1967119892788416547,2,495825,2025-09-07 09:47:04,1967119892956188684,2025-09-07 09:50:04,1967119892956188679,False
1967119895212724230,SO20250907000941,1967119892788416561,1,21699,2025-09-07 09:47:04,1967119892956188684,2025-09-07 09:50:04,1967119892956188679,False
1967119895212724231,SO20250907000942,1967119892788416578,1,114209,2025-09-07 20:43:04,1967119892956188684,2025-09-07 20:46:04,1967119892956188682,False
1967119895216918528,SO20250907000943,1967119892788416590,1,2974017,2025-09-07 07:07:04,1967119892956188682,2025-09-07 07:15:04,1967119892956188685,False
1967119895216918529,SO20250907000944,1967119892788416575,2,118557,2025-09-07 06:38:04,1967119892956188680,2025-09-07 06:48:04,1967119892956188685,False
1967119895216918530,SO20250907000944,1967119892788416565,2,19891,2025-09-07 06:38:04,1967119892956188680,2025-09-07 06:48:04,1967119892956188685,False
1967119895216918531,SO20250907000944,1967119892788416553,1,41380,2025-09-07 06:38:04,1967119892956188680,2025-09-07 06:48:04,1967119892956188685,False
1967119895216918532,SO20250907000944,1967119892788416541,1,205423,2025-09-07 06:38:04,1967119892956188680,2025-09-07 06:48:04,1967119892956188685,False
1967119895216918533,SO20250907000944,1967119892788416551,1,62582,2025-09-07 06:38:04,1967119892956188680,2025-09-07 06:48:04,1967119892956188685,False
1967119895221112832,SO20250907000945,1967119892788416538,2,193514,2025-09-07 13:16:04,1967119892956188681,2025-09-07 13:29:04,1967119892956188682,False
1967119895221112833,SO20250907000945,1967119892788416573,2,90061,2025-09-07 13:16:04,1967119892956188681,2025-09-07 13:29:04,1967119892956188682,False
1967119895221112834,SO20250907000946,1967119892788416551,2,62582,2025-09-07 09:24:04,1967119892956188682,2025-09-07 09:28:04,1967119892956188680,False
1967119895221112835,SO20250907000946,1967119892788416561,1,21699,2025-09-07 09:24:04,1967119892956188682,2025-09-07 09:28:04,1967119892956188680,False
1967119895221112836,SO20250907000946,1967119892788416560,2,44744,2025-09-07 09:24:04,1967119892956188682,2025-09-07 09:28:04,1967119892956188680,False
1967119895221112837,SO20250907000946,1967119892788416552,1,65834,2025-09-07 09:24:04,1967119892956188682,2025-09-07 09:28:04,1967119892956188680,False
1967119895225307136,SO20250907000947,1967119892788416539,1,443336,2025-09-07 21:40:04,1967119892956188680,2025-09-07 21:52:04,1967119892956188679,False
1967119895225307137,SO20250907000948,1967119892788416561,1,21699,2025-09-07 03:42:04,1967119892956188681,2025-09-07 03:47:04,1967119892956188683,False
1967119895225307138,SO20250907000948,1967119892788416557,5,48093,2025-09-07 03:42:04,1967119892956188681,2025-09-07 03:47:04,1967119892956188683,False
1967119895225307139,SO20250907000948,1967119892788416565,3,19891,2025-09-07 03:42:04,1967119892956188681,2025-09-07 03:47:04,1967119892956188683,False
1967119895225307140,SO20250907000948,1967119892788416560,2,44744,2025-09-07 03:42:04,1967119892956188681,2025-09-07 03:47:04,1967119892956188683,False
1967119895225307141,SO20250907000948,1967119892788416554,2,55663,2025-09-07 03:42:04,1967119892956188681,2025-09-07 03:47:04,1967119892956188683,False
1967119895229501440,SO20250908000949,1967119892788416577,1,76278,2025-09-08 16:22:04,1967119892956188681,2025-09-08 16:28:04,1967119892956188680,False
1967119895229501441,SO20250908000949,1967119892788416548,1,69868,2025-09-08 16:22:04,1967119892956188681,2025-09-08 16:28:04,1967119892956188680,False
1967119895229501442,SO20250908000950,1967119892788416571,2,83847,2025-09-08 09:27:04,1967119892956188684,2025-09-08 09:36:04,1967119892956188681,False
1967119895229501443,SO20250908000950,1967119892788416581,1,275969,2025-09-08 09:27:04,1967119892956188684,2025-09-08 09:36:04,1967119892956188681,False
1967119895229501444,SO20250908000950,1967119892788416537,1,55424,2025-09-08 09:27:04,1967119892956188684,2025-09-08 09:36:04,1967119892956188681,False
1967119895229501445,SO20250908000951,1967119892788416565,2,19891,2025-09-08 08:17:04,1967119892956188682,2025-09-08 08:28:04,1967119892956188681,False
1967119895233695744,SO20250908000952,1967119892788416560,1,44744,2025-09-08 04:18:04,1967119892956188681,2025-09-08 04:26:04,1967119892956188681,False
1967119895233695745,SO20250908000952,1967119892788416547,1,495825,2025-09-08 04:18:04,1967119892956188681,2025-09-08 04:26:04,1967119892956188681,False
1967119895233695746,SO20250908000952,1967119892788416581,3,275969,2025-09-08 04:18:04,1967119892956188681,2025-09-08 04:26:04,1967119892956188681,False
1967119895233695747,SO20250908000953,1967119892788416550,1,48004,2025-09-08 22:16:04,1967119892956188682,2025-09-08 22:29:04,1967119892956188682,False
1967119895233695748,SO20250908000953,1967119892788416546,3,75999,2025-09-08 22:16:04,1967119892956188682,2025-09-08 22:29:04,1967119892956188682,False
1967119895233695749,SO20250908000953,1967119892788416548,2,69868,2025-09-08 22:16:04,1967119892956188682,2025-09-08 22:29:04,1967119892956188682,False
1967119895233695750,SO20250908000953,1967119892788416559,3,27115,2025-09-08 22:16:04,1967119892956188682,2025-09-08 22:29:04,1967119892956188682,False
1967119895237890048,SO20250908000954,1967119892788416573,1,90061,2025-09-08 22:04:04,1967119892956188685,2025-09-08 22:18:04,1967119892956188685,False
1967119895237890049,SO20250908000955,1967119892788416584,3,59089,2025-09-08 20:41:04,1967119892956188683,2025-09-08 20:42:04,1967119892956188684,False
1967119895237890050,SO20250908000955,1967119892788416539,2,443336,2025-09-08 20:41:04,1967119892956188683,2025-09-08 20:42:04,1967119892956188684,False
1967119895237890051,SO20250908000955,1967119892788416582,2,891870,2025-09-08 20:41:04,1967119892956188683,2025-09-08 20:42:04,1967119892956188684,False
1967119895242084352,SO20250908000956,1967119892788416552,2,65834,2025-09-08 07:19:04,1967119892956188681,2025-09-08 07:27:04,1967119892956188681,False
1967119895242084353,SO20250908000956,1967119892788416551,1,62582,2025-09-08 07:19:04,1967119892956188681,2025-09-08 07:27:04,1967119892956188681,False
1967119895242084354,SO20250908000956,1967119892788416582,2,891870,2025-09-08 07:19:04,1967119892956188681,2025-09-08 07:27:04,1967119892956188681,False
1967119895242084355,SO20250908000957,1967119892788416538,2,193514,2025-09-08 00:05:04,1967119892956188683,2025-09-08 00:14:04,1967119892956188681,False
1967119895242084356,SO20250908000957,1967119892788416587,1,2015853,2025-09-08 00:05:04,1967119892956188683,2025-09-08 00:14:04,1967119892956188681,False
1967119895242084357,SO20250908000957,1967119892788416568,3,117335,2025-09-08 00:05:04,1967119892956188683,2025-09-08 00:14:04,1967119892956188681,False
1967119895242084358,SO20250908000957,1967119892788416564,1,27506,2025-09-08 00:05:04,1967119892956188683,2025-09-08 00:14:04,1967119892956188681,False
1967119895242084359,SO20250908000957,1967119892788416547,1,495825,2025-09-08 00:05:04,1967119892956188683,2025-09-08 00:14:04,1967119892956188681,False
1967119895242084360,SO20250908000958,1967119892788416553,4,41380,2025-09-08 05:15:04,1967119892956188681,2025-09-08 05:26:04,1967119892956188680,False
1967119895242084361,SO20250908000958,1967119892788416555,1,19039,2025-09-08 05:15:04,1967119892956188681,2025-09-08 05:26:04,1967119892956188680,False
1967119895242084362,SO20250908000958,1967119892788416552,1,65834,2025-09-08 05:15:04,1967119892956188681,2025-09-08 05:26:04,1967119892956188680,False
1967119895246278656,SO20250908000959,1967119892788416561,1,21699,2025-09-08 15:44:04,1967119892956188680,2025-09-08 15:59:04,1967119892956188682,False
1967119895246278657,SO20250908000959,1967119892788416554,2,55663,2025-09-08 15:44:04,1967119892956188680,2025-09-08 15:59:04,1967119892956188682,False
1967119895246278658,SO20250908000960,1967119892788416546,1,75999,2025-09-08 16:53:04,1967119892956188685,2025-09-08 17:00:04,1967119892956188682,False
1967119895246278659,SO20250908000960,1967119892788416547,1,495825,2025-09-08 16:53:04,1967119892956188685,2025-09-08 17:00:04,1967119892956188682,False
1967119895250472960,SO20250909000961,1967119892788416548,2,69868,2025-09-09 03:31:04,1967119892956188680,2025-09-09 03:39:04,1967119892956188680,False
1967119895250472961,SO20250909000961,1967119892788416550,1,48004,2025-09-09 03:31:04,1967119892956188680,2025-09-09 03:39:04,1967119892956188680,False
1967119895250472962,SO20250909000961,1967119892788416556,3,19157,2025-09-09 03:31:04,1967119892956188680,2025-09-09 03:39:04,1967119892956188680,False
1967119895250472963,SO20250909000962,1967119892788416559,3,27115,2025-09-09 20:17:04,1967119892956188682,2025-09-09 20:23:04,1967119892956188685,False
1967119895254667264,SO20250909000963,1967119892788416543,3,369310,2025-09-09 19:46:04,1967119892956188682,2025-09-09 19:51:04,1967119892956188680,False
1967119895254667265,SO20250909000964,1967119892788416565,2,19891,2025-09-09 05:43:04,1967119892956188685,2025-09-09 05:48:04,1967119892956188683,False
1967119895254667266,SO20250909000964,1967119892788416551,1,62582,2025-09-09 05:43:04,1967119892956188685,2025-09-09 05:48:04,1967119892956188683,False
1967119895254667267,SO20250909000964,1967119892788416582,1,891870,2025-09-09 05:43:04,1967119892956188685,2025-09-09 05:48:04,1967119892956188683,False
1967119895254667268,SO20250909000964,1967119892788416537,3,55424,2025-09-09 05:43:04,1967119892956188685,2025-09-09 05:48:04,1967119892956188683,False
1967119895258861568,SO20250909000965,1967119892788416541,2,205423,2025-09-09 11:40:04,1967119892956188683,2025-09-09 11:42:04,1967119892956188679,False
1967119895258861569,SO20250909000965,1967119892788416547,1,495825,2025-09-09 11:40:04,1967119892956188683,2025-09-09 11:42:04,1967119892956188679,False
1967119895258861570,SO20250909000966,1967119892788416546,2,75999,2025-09-09 08:29:04,1967119892956188678,2025-09-09 08:41:04,1967119892956188679,False
1967119895263055872,SO20250909000967,1967119892788416555,3,19039,2025-09-09 20:45:04,1967119892956188684,2025-09-09 20:56:04,1967119892956188681,False
1967119895263055873,SO20250909000968,1967119892788416547,2,495825,2025-09-09 08:26:04,1967119892956188681,2025-09-09 08:32:04,1967119892956188681,False
1967119895263055874,SO20250909000969,1967119892788416560,2,44744,2025-09-09 03:06:04,1967119892956188681,2025-09-09 03:18:04,1967119892956188685,False
1967119895263055875,SO20250909000969,1967119892788416552,2,65834,2025-09-09 03:06:04,1967119892956188681,2025-09-09 03:18:04,1967119892956188685,False
1967119895267250176,SO20250910000970,1967119892788416571,1,83847,2025-09-10 20:37:04,1967119892956188679,2025-09-10 20:40:04,1967119892956188683,False
1967119895267250177,SO20250910000970,1967119892788416541,2,205423,2025-09-10 20:37:04,1967119892956188679,2025-09-10 20:40:04,1967119892956188683,False
1967119895267250178,SO20250910000970,1967119892788416557,1,48093,2025-09-10 20:37:04,1967119892956188679,2025-09-10 20:40:04,1967119892956188683,False
1967119895267250179,SO20250910000970,1967119892788416558,3,69533,2025-09-10 20:37:04,1967119892956188679,2025-09-10 20:40:04,1967119892956188683,False
1967119895267250180,SO20250910000970,1967119892788416570,3,79627,2025-09-10 20:37:04,1967119892956188679,2025-09-10 20:40:04,1967119892956188683,False
1967119895267250181,SO20250910000971,1967119892788416551,2,62582,2025-09-10 16:51:04,1967119892956188682,2025-09-10 16:54:04,1967119892956188683,False
1967119895267250182,SO20250910000971,1967119892788416557,1,48093,2025-09-10 16:51:04,1967119892956188682,2025-09-10 16:54:04,1967119892956188683,False
1967119895271444480,SO20250910000972,1967119892788416541,1,205423,2025-09-10 15:35:04,1967119892956188680,2025-09-10 15:40:04,1967119892956188680,False
1967119895271444481,SO20250910000973,1967119892788416547,2,495825,2025-09-10 05:30:04,1967119892956188682,2025-09-10 05:45:04,1967119892956188684,False
1967119895275638784,SO20250910000974,1967119892788416548,1,69868,2025-09-10 08:48:04,1967119892956188678,2025-09-10 08:51:04,1967119892956188680,False
1967119895275638785,SO20250911000975,1967119892788416564,5,27506,2025-09-11 21:20:04,1967119892956188683,2025-09-11 21:28:04,1967119892956188682,False
1967119895279833088,SO20250911000976,1967119892788416556,2,19157,2025-09-11 14:17:04,1967119892956188681,2025-09-11 14:30:04,1967119892956188683,False
1967119895279833089,SO20250911000976,1967119892788416555,1,19039,2025-09-11 14:17:04,1967119892956188681,2025-09-11 14:30:04,1967119892956188683,False
1967119895279833090,SO20250911000977,1967119892788416545,1,93757,2025-09-11 18:02:04,1967119892956188684,2025-09-11 18:09:04,1967119892956188682,False
1967119895279833091,SO20250911000977,1967119892788416556,3,19157,2025-09-11 18:02:04,1967119892956188684,2025-09-11 18:09:04,1967119892956188682,False
1967119895284027392,SO20250911000978,1967119892788416582,4,891870,2025-09-11 12:58:04,1967119892956188685,2025-09-11 13:01:04,1967119892956188681,False
1967119895284027393,SO20250911000978,1967119892788416568,2,117335,2025-09-11 12:58:04,1967119892956188685,2025-09-11 13:01:04,1967119892956188681,False
1967119895284027394,SO20250911000979,1967119892788416559,3,27115,2025-09-11 04:54:04,1967119892956188682,2025-09-11 04:55:04,1967119892956188682,False
1967119895284027395,SO20250911000979,1967119892788416562,3,34607,2025-09-11 04:54:04,1967119892956188682,2025-09-11 04:55:04,1967119892956188682,False
1967119895288221696,SO20250911000980,1967119892788416554,1,55663,2025-09-11 07:26:04,1967119892956188679,2025-09-11 07:40:04,1967119892956188681,False
1967119895288221697,SO20250911000980,1967119892788416537,2,55424,2025-09-11 07:26:04,1967119892956188679,2025-09-11 07:40:04,1967119892956188681,False
1967119895288221698,SO20250911000981,1967119892788416547,1,495825,2025-09-11 01:23:04,1967119892956188680,2025-09-11 01:38:04,1967119892956188684,False
1967119895292416000,SO20250911000982,1967119892788416538,1,193514,2025-09-11 08:39:04,1967119892956188679,2025-09-11 08:53:04,1967119892956188681,False
1967119895292416001,SO20250911000982,1967119892788416560,1,44744,2025-09-11 08:39:04,1967119892956188679,2025-09-11 08:53:04,1967119892956188681,False
1967119895292416002,SO20250911000983,1967119892788416538,3,193514,2025-09-11 06:29:04,1967119892956188680,2025-09-11 06:37:04,1967119892956188679,False
1967119895292416003,SO20250911000983,1967119892788416540,3,50974,2025-09-11 06:29:04,1967119892956188680,2025-09-11 06:37:04,1967119892956188679,False
1967119895296610304,SO20250911000984,1967119892788416566,1,34445,2025-09-11 20:46:04,1967119892956188682,2025-09-11 20:58:04,1967119892956188682,False
1967119895296610305,SO20250911000984,1967119892788416584,1,59089,2025-09-11 20:46:04,1967119892956188682,2025-09-11 20:58:04,1967119892956188682,False
1967119895296610306,SO20250911000984,1967119892788416541,1,205423,2025-09-11 20:46:04,1967119892956188682,2025-09-11 20:58:04,1967119892956188682,False
1967119895296610307,SO20250911000984,1967119892788416585,1,2073616,2025-09-11 20:46:04,1967119892956188682,2025-09-11 20:58:04,1967119892956188682,False
1967119895296610308,SO20250911000985,1967119892788416544,1,98337,2025-09-11 20:32:04,1967119892956188685,2025-09-11 20:42:04,1967119892956188684,False
1967119895296610309,SO20250911000985,1967119892788416543,2,369310,2025-09-11 20:32:04,1967119892956188685,2025-09-11 20:42:04,1967119892956188684,False
1967119895296610310,SO20250912000986,1967119892788416547,2,495825,2025-09-12 06:22:04,1967119892956188682,2025-09-12 06:23:04,1967119892956188679,False
1967119895296610311,SO20250912000986,1967119892788416567,1,36517,2025-09-12 06:22:04,1967119892956188682,2025-09-12 06:23:04,1967119892956188679,False
1967119895296610312,SO20250912000986,1967119892788416568,1,117335,2025-09-12 06:22:04,1967119892956188682,2025-09-12 06:23:04,1967119892956188679,False
1967119895296610313,SO20250912000986,1967119892788416539,1,443336,2025-09-12 06:22:04,1967119892956188682,2025-09-12 06:23:04,1967119892956188679,False
1967119895296610314,SO20250912000987,1967119892788416547,1,495825,2025-09-12 04:21:04,1967119892956188680,2025-09-12 04:28:04,1967119892956188685,False
1967119895296610315,SO20250912000987,1967119892788416537,3,55424,2025-09-12 04:21:04,1967119892956188680,2025-09-12 04:28:04,1967119892956188685,False
1967119895296610316,SO20250912000987,1967119892788416564,3,27506,2025-09-12 04:21:04,1967119892956188680,2025-09-12 04:28:04,1967119892956188685,False
1967119895296610317,SO20250912000988,1967119892788416560,1,44744,2025-09-12 12:34:04,1967119892956188681,2025-09-12 12:41:04,1967119892956188679,False
1967119895296610318,SO20250912000988,1967119892788416543,2,369310,2025-09-12 12:34:04,1967119892956188681,2025-09-12 12:41:04,1967119892956188679,False
1967119895296610319,SO20250912000988,1967119892788416589,1,1787307,2025-09-12 12:34:04,1967119892956188681,2025-09-12 12:41:04,1967119892956188679,False
1967119895296610320,SO20250912000988,1967119892788416561,1,21699,2025-09-12 12:34:04,1967119892956188681,2025-09-12 12:41:04,1967119892956188679,False
1967119895296610321,SO20250912000988,1967119892788416565,1,19891,2025-09-12 12:34:04,1967119892956188681,2025-09-12 12:41:04,1967119892956188679,False
1967119895296610322,SO20250912000988,1967119892788416584,1,59089,2025-09-12 12:34:04,1967119892956188681,2025-09-12 12:41:04,1967119892956188679,False
1967119895304998912,SO20250912000989,1967119892788416562,3,34607,2025-09-12 21:38:04,1967119892956188683,2025-09-12 21:45:04,1967119892956188684,False
1967119895304998913,SO20250912000990,1967119892788416540,3,50974,2025-09-12 06:06:04,1967119892956188683,2025-09-12 06:14:04,1967119892956188680,False
1967119895304998914,SO20250912000990,1967119892788416556,2,19157,2025-09-12 06:06:04,1967119892956188683,2025-09-12 06:14:04,1967119892956188680,False
1967119895304998915,SO20250912000991,1967119892788416543,1,369310,2025-09-12 14:43:04,1967119892956188685,2025-09-12 14:44:04,1967119892956188683,False
1967119895304998916,SO20250912000992,1967119892788416559,1,27115,2025-09-12 03:57:04,1967119892956188685,2025-09-12 04:02:04,1967119892956188683,False
1967119895304998917,SO20250912000992,1967119892788416569,3,33054,2025-09-12 03:57:04,1967119892956188685,2025-09-12 04:02:04,1967119892956188683,False
1967119895309193216,SO20250912000993,1967119892788416555,2,19039,2025-09-12 10:17:04,1967119892956188679,2025-09-12 10:30:04,1967119892956188685,False
1967119895309193217,SO20250912000993,1967119892788416545,1,93757,2025-09-12 10:17:04,1967119892956188679,2025-09-12 10:30:04,1967119892956188685,False
1967119895309193218,SO20250912000993,1967119892788416541,3,205423,2025-09-12 10:17:04,1967119892956188679,2025-09-12 10:30:04,1967119892956188685,False
1967119895309193219,SO20250912000994,1967119892788416552,1,65834,2025-09-12 09:50:04,1967119892956188684,2025-09-12 09:56:04,1967119892956188678,False
1967119895309193220,SO20250912000994,1967119892788416568,1,117335,2025-09-12 09:50:04,1967119892956188684,2025-09-12 09:56:04,1967119892956188678,False
1967119895313387520,SO20250912000995,1967119892788416558,1,69533,2025-09-12 14:19:04,1967119892956188679,2025-09-12 14:21:04,1967119892956188681,False
1967119895313387521,SO20250912000995,1967119892788416555,1,19039,2025-09-12 14:19:04,1967119892956188679,2025-09-12 14:21:04,1967119892956188681,False
1967119895313387522,SO20250912000996,1967119892788416557,2,48093,2025-09-12 19:40:04,1967119892956188681,2025-09-12 19:45:04,1967119892956188681,False
1967119895313387523,SO20250912000996,1967119892788416554,2,55663,2025-09-12 19:40:04,1967119892956188681,2025-09-12 19:45:04,1967119892956188681,False
1967119895317581824,SO20250912000997,1967119892788416557,1,48093,2025-09-12 14:15:04,1967119892956188685,2025-09-12 14:20:04,1967119892956188685,False
1967119895317581825,SO20250912000997,1967119892788416562,1,34607,2025-09-12 14:15:04,1967119892956188685,2025-09-12 14:20:04,1967119892956188685,False
1967119895317581826,SO20250912000997,1967119892788416543,3,369310,2025-09-12 14:15:04,1967119892956188685,2025-09-12 14:20:04,1967119892956188685,False
1967119895317581827,SO20250912000997,1967119892788416541,1,205423,2025-09-12 14:15:04,1967119892956188685,2025-09-12 14:20:04,1967119892956188685,False
1967119895317581828,SO20250912000998,1967119892788416560,2,44744,2025-09-12 20:48:04,1967119892956188685,2025-09-12 21:00:04,1967119892956188683,False
1967119895317581829,SO20250912000998,1967119892788416581,4,275969,2025-09-12 20:48:04,1967119892956188685,2025-09-12 21:00:04,1967119892956188683,False
1967119895321776128,SO20250912000999,1967119892788416552,1,65834,2025-09-12 08:30:04,1967119892956188683,2025-09-12 08:36:04,1967119892956188680,False
1967119895321776129,SO20250912000999,1967119892788416559,2,27115,2025-09-12 08:30:04,1967119892956188683,2025-09-12 08:36:04,1967119892956188680,False
1967119895321776130,SO20250912000999,1967119892788416567,1,36517,2025-09-12 08:30:04,1967119892956188683,2025-09-12 08:36:04,1967119892956188680,False
1967119895321776131,SO20250912001000,1967119892788416547,2,495825,2025-09-12 04:17:04,1967119892956188679,2025-09-12 04:26:04,1967119892956188681,False
1967119895321776132,SO20250912001000,1967119892788416572,1,108602,2025-09-12 04:17:04,1967119892956188679,2025-09-12 04:26:04,1967119892956188681,False
1967119895325970432,SO20250912001001,1967119892788416537,1,55424,2025-09-12 20:19:04,1967119892956188684,2025-09-12 20:26:04,1967119892956188681,False
1967119895325970433,SO20250912001002,1967119892788416583,2,788172,2025-09-12 05:59:04,1967119892956188685,2025-09-12 06:06:04,1967119892956188681,False
1967119895325970434,SO20250912001002,1967119892788416581,1,275969,2025-09-12 05:59:04,1967119892956188685,2025-09-12 06:06:04,1967119892956188681,False
1967119895325970435,SO20250912001002,1967119892788416551,2,62582,2025-09-12 05:59:04,1967119892956188685,2025-09-12 06:06:04,1967119892956188681,False
1967119895330164736,SO20250912001003,1967119892788416556,4,19157,2025-09-12 17:36:04,1967119892956188682,2025-09-12 17:44:04,1967119892956188680,False
1967119895330164737,SO20250912001003,1967119892788416555,1,19039,2025-09-12 17:36:04,1967119892956188682,2025-09-12 17:44:04,1967119892956188680,False
1967119895330164738,SO20250912001004,1967119892788416569,2,33054,2025-09-12 08:51:04,1967119892956188680,2025-09-12 08:58:04,1967119892956188685,False
1967119895334359040,SO20250912001005,1967119892788416565,4,19891,2025-09-12 12:35:04,1967119892956188679,2025-09-12 12:47:04,1967119892956188678,False
1967119895334359041,SO20250912001005,1967119892788416555,1,19039,2025-09-12 12:35:04,1967119892956188679,2025-09-12 12:47:04,1967119892956188678,False
1967119895334359042,SO20250912001005,1967119892788416568,1,117335,2025-09-12 12:35:04,1967119892956188679,2025-09-12 12:47:04,1967119892956188678,False
1967119895334359043,SO20250912001006,1967119892788416536,2,224418,2025-09-12 07:55:04,1967119892956188678,2025-09-12 07:56:04,1967119892956188685,False
1967119895334359044,SO20250912001006,1967119892788416546,1,75999,2025-09-12 07:55:04,1967119892956188678,2025-09-12 07:56:04,1967119892956188685,False
1967119895338553344,SO20250913001007,1967119892788416561,1,21699,2025-09-13 19:36:04,1967119892956188679,2025-09-13 19:46:04,1967119892956188684,False
1967119895338553345,SO20250913001008,1967119892788416568,4,117335,2025-09-13 03:56:04,1967119892956188685,2025-09-13 04:07:04,1967119892956188681,False
1967119895338553346,SO20250913001008,1967119892788416542,2,235309,2025-09-13 03:56:04,1967119892956188685,2025-09-13 04:07:04,1967119892956188681,False
1967119895338553347,SO20250913001008,1967119892788416567,2,36517,2025-09-13 03:56:04,1967119892956188685,2025-09-13 04:07:04,1967119892956188681,False
1967119895338553348,SO20250913001009,1967119892788416559,1,27115,2025-09-13 20:06:04,1967119892956188679,2025-09-13 20:08:04,1967119892956188678,False
1967119895338553349,SO20250913001009,1967119892788416541,3,205423,2025-09-13 20:06:04,1967119892956188679,2025-09-13 20:08:04,1967119892956188678,False
1967119895338553350,SO20250913001009,1967119892788416548,1,69868,2025-09-13 20:06:04,1967119892956188679,2025-09-13 20:08:04,1967119892956188678,False
1967119895338553351,SO20250913001009,1967119892788416557,2,48093,2025-09-13 20:06:04,1967119892956188679,2025-09-13 20:08:04,1967119892956188678,False
1967119895342747648,SO20250913001010,1967119892788416581,3,275969,2025-09-13 09:47:04,1967119892956188678,2025-09-13 09:52:04,1967119892956188678,False
1967119895342747649,SO20250913001010,1967119892788416547,1,495825,2025-09-13 09:47:04,1967119892956188678,2025-09-13 09:52:04,1967119892956188678,False
1967119895342747650,SO20250913001011,1967119892788416578,1,114209,2025-09-13 20:27:04,1967119892956188684,2025-09-13 20:36:04,1967119892956188679,False
1967119895342747651,SO20250913001011,1967119892788416561,2,21699,2025-09-13 20:27:04,1967119892956188684,2025-09-13 20:36:04,1967119892956188679,False
1967119895342747652,SO20250913001011,1967119892788416559,1,27115,2025-09-13 20:27:04,1967119892956188684,2025-09-13 20:36:04,1967119892956188679,False
1967119895342747653,SO20250913001011,1967119892788416551,3,62582,2025-09-13 20:27:04,1967119892956188684,2025-09-13 20:36:04,1967119892956188679,False
1967119895342747654,SO20250913001012,1967119892788416554,1,55663,2025-09-13 11:02:04,1967119892956188684,2025-09-13 11:11:04,1967119892956188678,False
1967119895346941952,SO20250913001013,1967119892788416550,1,48004,2025-09-13 11:01:04,1967119892956188681,2025-09-13 11:09:04,1967119892956188681,False
1967119895346941953,SO20250913001013,1967119892788416554,2,55663,2025-09-13 11:01:04,1967119892956188681,2025-09-13 11:09:04,1967119892956188681,False
1967119895346941954,SO20250913001013,1967119892788416540,2,50974,2025-09-13 11:01:04,1967119892956188681,2025-09-13 11:09:04,1967119892956188681,False
1967119895346941955,SO20250913001013,1967119892788416558,1,69533,2025-09-13 11:01:04,1967119892956188681,2025-09-13 11:09:04,1967119892956188681,False
1967119895346941956,SO20250913001014,1967119892788416555,2,19039,2025-09-13 02:09:04,1967119892956188683,2025-09-13 02:14:04,1967119892956188678,False
1967119895346941957,SO20250913001014,1967119892788416546,1,75999,2025-09-13 02:09:04,1967119892956188683,2025-09-13 02:14:04,1967119892956188678,False
1967119895351136256,SO20250913001015,1967119892788416587,1,2015853,2025-09-13 00:53:04,1967119892956188682,2025-09-13 01:00:04,1967119892956188680,False
1967119895351136257,SO20250913001015,1967119892788416540,3,50974,2025-09-13 00:53:04,1967119892956188682,2025-09-13 01:00:04,1967119892956188680,False
1967119895351136258,SO20250913001016,1967119892788416558,3,69533,2025-09-13 12:50:04,1967119892956188680,2025-09-13 12:53:04,1967119892956188683,False
1967119895355330560,SO20250913001017,1967119892788416555,2,19039,2025-09-13 03:25:04,1967119892956188680,2025-09-13 03:29:04,1967119892956188679,False
1967119895355330561,SO20250913001018,1967119892788416556,5,19157,2025-09-13 05:38:04,1967119892956188680,2025-09-13 05:43:04,1967119892956188684,False
1967119895355330562,SO20250913001018,1967119892788416544,3,98337,2025-09-13 05:38:04,1967119892956188680,2025-09-13 05:43:04,1967119892956188684,False
1967119895355330563,SO20250913001018,1967119892788416539,3,443336,2025-09-13 05:38:04,1967119892956188680,2025-09-13 05:43:04,1967119892956188684,False
1967119895355330564,SO20250913001019,1967119892788416584,1,59089,2025-09-13 08:21:04,1967119892956188681,2025-09-13 08:36:04,1967119892956188683,False
1967119895355330565,SO20250913001019,1967119892788416582,1,891870,2025-09-13 08:21:04,1967119892956188681,2025-09-13 08:36:04,1967119892956188683,False
1967119895355330566,SO20250913001019,1967119892788416590,1,2974017,2025-09-13 08:21:04,1967119892956188681,2025-09-13 08:36:04,1967119892956188683,False
1967119895355330567,SO20250913001019,1967119892788416547,3,495825,2025-09-13 08:21:04,1967119892956188681,2025-09-13 08:36:04,1967119892956188683,False
1967119895359524864,SO20250913001020,1967119892788416578,1,114209,2025-09-13 03:05:04,1967119892956188685,2025-09-13 03:20:04,1967119892956188679,False
1967119895359524865,SO20250913001021,1967119892788416568,3,117335,2025-09-13 14:27:04,1967119892956188678,2025-09-13 14:29:04,1967119892956188682,False
1967119895359524866,SO20250913001021,1967119892788416550,1,48004,2025-09-13 14:27:04,1967119892956188678,2025-09-13 14:29:04,1967119892956188682,False
1967119895359524867,SO20250913001021,1967119892788416585,1,2073616,2025-09-13 14:27:04,1967119892956188678,2025-09-13 14:29:04,1967119892956188682,False
1967119895359524868,SO20250913001021,1967119892788416577,1,76278,2025-09-13 14:27:04,1967119892956188678,2025-09-13 14:29:04,1967119892956188682,False
1967119895359524869,SO20250913001021,1967119892788416547,2,495825,2025-09-13 14:27:04,1967119892956188678,2025-09-13 14:29:04,1967119892956188682,False
1967119895363719168,SO20250913001022,1967119892788416564,3,27506,2025-09-13 19:21:04,1967119892956188682,2025-09-13 19:32:04,1967119892956188682,False
1967119895363719169,SO20250913001022,1967119892788416565,2,19891,2025-09-13 19:21:04,1967119892956188682,2025-09-13 19:32:04,1967119892956188682,False
1967119895367913472,SO20250913001023,1967119892788416563,2,44942,2025-09-13 05:42:04,1967119892956188679,2025-09-13 05:56:04,1967119892956188679,False
1967119895367913473,SO20250913001023,1967119892788416538,2,193514,2025-09-13 05:42:04,1967119892956188679,2025-09-13 05:56:04,1967119892956188679,False
1967119895367913474,SO20250913001024,1967119892788416582,1,891870,2025-09-13 03:36:04,1967119892956188679,2025-09-13 03:48:04,1967119892956188680,False
1967119895367913475,SO20250913001024,1967119892788416567,2,36517,2025-09-13 03:36:04,1967119892956188679,2025-09-13 03:48:04,1967119892956188680,False
1967119895367913476,SO20250913001024,1967119892788416547,3,495825,2025-09-13 03:36:04,1967119892956188679,2025-09-13 03:48:04,1967119892956188680,False
1967119895367913477,SO20250913001024,1967119892788416572,1,108602,2025-09-13 03:36:04,1967119892956188679,2025-09-13 03:48:04,1967119892956188680,False
1967119895367913478,SO20250913001025,1967119892788416558,1,69533,2025-09-13 14:12:04,1967119892956188683,2025-09-13 14:22:04,1967119892956188684,False
1967119895367913479,SO20250913001025,1967119892788416562,4,34607,2025-09-13 14:12:04,1967119892956188683,2025-09-13 14:22:04,1967119892956188684,False
1967119895372107776,SO20250913001026,1967119892788416563,1,44942,2025-09-13 11:19:04,1967119892956188678,2025-09-13 11:21:04,1967119892956188679,False
1967119895372107777,SO20250913001027,1967119892788416557,4,48093,2025-09-13 04:06:04,1967119892956188685,2025-09-13 04:16:04,1967119892956188685,False
1967119895372107778,SO20250913001027,1967119892788416543,1,369310,2025-09-13 04:06:04,1967119892956188685,2025-09-13 04:16:04,1967119892956188685,False
1967119895372107779,SO20250913001027,1967119892788416578,3,114209,2025-09-13 04:06:04,1967119892956188685,2025-09-13 04:16:04,1967119892956188685,False
1967119895372107780,SO20250913001027,1967119892788416555,1,19039,2025-09-13 04:06:04,1967119892956188685,2025-09-13 04:16:04,1967119892956188685,False
1967119895372107781,SO20250913001028,1967119892788416554,1,55663,2025-09-13 13:02:04,1967119892956188681,2025-09-13 13:10:04,1967119892956188679,False
1967119895372107782,SO20250913001028,1967119892788416551,3,62582,2025-09-13 13:02:04,1967119892956188681,2025-09-13 13:10:04,1967119892956188679,False
1967119895372107783,SO20250913001028,1967119892788416585,1,2073616,2025-09-13 13:02:04,1967119892956188681,2025-09-13 13:10:04,1967119892956188679,False
1967119895376302080,SO20250913001029,1967119892788416538,2,193514,2025-09-13 13:25:04,1967119892956188685,2025-09-13 13:31:04,1967119892956188685,False
1967119895376302081,SO20250913001029,1967119892788416581,2,275969,2025-09-13 13:25:04,1967119892956188685,2025-09-13 13:31:04,1967119892956188685,False
1967119895376302082,SO20250913001029,1967119892788416537,3,55424,2025-09-13 13:25:04,1967119892956188685,2025-09-13 13:31:04,1967119892956188685,False
1967119895380496384,SO20250913001030,1967119892788416578,2,114209,2025-09-13 07:37:04,1967119892956188683,2025-09-13 07:51:04,1967119892956188682,False
1967119895380496385,SO20250913001030,1967119892788416562,1,34607,2025-09-13 07:37:04,1967119892956188683,2025-09-13 07:51:04,1967119892956188682,False
1967119895380496386,SO20250913001031,1967119892788416561,2,21699,2025-09-13 08:25:04,1967119892956188679,2025-09-13 08:29:04,1967119892956188685,False
1967119895380496387,SO20250913001031,1967119892788416553,4,41380,2025-09-13 08:25:04,1967119892956188679,2025-09-13 08:29:04,1967119892956188685,False
1967119895380496388,SO20250913001032,1967119892788416536,1,224418,2025-09-13 14:10:04,1967119892956188685,2025-09-13 14:18:04,1967119892956188678,False
1967119895380496389,SO20250913001032,1967119892788416582,3,891870,2025-09-13 14:10:04,1967119892956188685,2025-09-13 14:18:04,1967119892956188678,False
1967119895384690688,SO20250913001033,1967119892788416555,1,19039,2025-09-13 17:23:04,1967119892956188683,2025-09-13 17:34:04,1967119892956188681,False
1967119895384690689,SO20250913001034,1967119892788416547,3,495825,2025-09-13 00:50:04,1967119892956188683,2025-09-13 00:53:04,1967119892956188679,False
1967119895384690690,SO20250913001034,1967119892788416562,1,34607,2025-09-13 00:50:04,1967119892956188683,2025-09-13 00:53:04,1967119892956188679,False
1967119895388884992,SO20250914001035,1967119892788416537,3,55424,2025-09-14 14:40:04,1967119892956188685,2025-09-14 14:49:04,1967119892956188685,False
1967119895388884993,SO20250914001035,1967119892788416559,2,27115,2025-09-14 14:40:04,1967119892956188685,2025-09-14 14:49:04,1967119892956188685,False
1967119895388884994,SO20250914001035,1967119892788416558,3,69533,2025-09-14 14:40:04,1967119892956188685,2025-09-14 14:49:04,1967119892956188685,False
1967119895388884995,SO20250914001035,1967119892788416548,1,69868,2025-09-14 14:40:04,1967119892956188685,2025-09-14 14:49:04,1967119892956188685,False
1967119895388884996,SO20250914001035,1967119892788416546,2,75999,2025-09-14 14:40:04,1967119892956188685,2025-09-14 14:49:04,1967119892956188685,False
1967119895388884997,SO20250914001035,1967119892788416539,1,443336,2025-09-14 14:40:04,1967119892956188685,2025-09-14 14:49:04,1967119892956188685,False
1967119895388884998,SO20250914001036,1967119892788416590,1,2974017,2025-09-14 04:31:04,1967119892956188681,2025-09-14 04:38:04,1967119892956188684,False
1967119895388884999,SO20250914001036,1967119892788416554,2,55663,2025-09-14 04:31:04,1967119892956188681,2025-09-14 04:38:04,1967119892956188684,False
1967119895393079296,SO20250914001037,1967119892788416538,2,193514,2025-09-14 06:26:04,1967119892956188685,2025-09-14 06:34:04,1967119892956188684,False
1967119895393079297,SO20250914001037,1967119892788416565,1,19891,2025-09-14 06:26:04,1967119892956188685,2025-09-14 06:34:04,1967119892956188684,False
1967119895393079298,SO20250914001038,1967119892788416546,2,75999,2025-09-14 05:21:04,1967119892956188678,2025-09-14 05:26:04,1967119892956188683,False
1967119895393079299,SO20250914001038,1967119892788416550,3,48004,2025-09-14 05:21:04,1967119892956188678,2025-09-14 05:26:04,1967119892956188683,False
1967119895393079300,SO20250914001038,1967119892788416559,3,27115,2025-09-14 05:21:04,1967119892956188678,2025-09-14 05:26:04,1967119892956188683,False
1967119895393079301,SO20250914001038,1967119892788416582,1,891870,2025-09-14 05:21:04,1967119892956188678,2025-09-14 05:26:04,1967119892956188683,False
1967119895397273600,SO20250914001039,1967119892788416560,1,44744,2025-09-14 05:22:04,1967119892956188680,2025-09-14 05:31:04,1967119892956188680,False
1967119895397273601,SO20250914001039,1967119892788416570,3,79627,2025-09-14 05:22:04,1967119892956188680,2025-09-14 05:31:04,1967119892956188680,False
1967119895397273602,SO20250914001039,1967119892788416542,1,235309,2025-09-14 05:22:04,1967119892956188680,2025-09-14 05:31:04,1967119892956188680,False
1967119895397273603,SO20250914001040,1967119892788416541,2,205423,2025-09-14 17:11:04,1967119892956188681,2025-09-14 17:23:04,1967119892956188684,False
1967119895397273604,SO20250914001040,1967119892788416565,1,19891,2025-09-14 17:11:04,1967119892956188681,2025-09-14 17:23:04,1967119892956188684,False
1967119895401467904,SO20250914001041,1967119892788416557,1,48093,2025-09-14 00:57:04,1967119892956188678,2025-09-14 01:11:04,1967119892956188679,False
1967119895401467905,SO20250914001042,1967119892788416562,1,34607,2025-09-14 19:47:04,1967119892956188685,2025-09-14 19:57:04,1967119892956188683,False
1967119895401467906,SO20250914001042,1967119892788416581,2,275969,2025-09-14 19:47:04,1967119892956188685,2025-09-14 19:57:04,1967119892956188683,False
1967119895401467907,SO20250914001043,1967119892788416551,2,62582,2025-09-14 21:21:04,1967119892956188680,2025-09-14 21:30:04,1967119892956188679,False
1967119895401467908,SO20250914001043,1967119892788416536,1,224418,2025-09-14 21:21:04,1967119892956188680,2025-09-14 21:30:04,1967119892956188679,False
1967119895405662208,SO20250914001044,1967119892788416550,2,48004,2025-09-14 16:54:04,1967119892956188684,2025-09-14 17:04:04,1967119892956188685,False
1967119895405662209,SO20250914001044,1967119892788416537,2,55424,2025-09-14 16:54:04,1967119892956188684,2025-09-14 17:04:04,1967119892956188685,False
1967119895405662210,SO20250914001045,1967119892788416561,1,21699,2025-09-14 08:13:04,1967119892956188681,2025-09-14 08:25:04,1967119892956188681,False
1967119895405662211,SO20250914001045,1967119892788416542,3,235309,2025-09-14 08:13:04,1967119892956188681,2025-09-14 08:25:04,1967119892956188681,False
1967119895405662212,SO20250914001045,1967119892788416565,3,19891,2025-09-14 08:13:04,1967119892956188681,2025-09-14 08:25:04,1967119892956188681,False
1967119895405662213,SO20250914001045,1967119892788416543,3,369310,2025-09-14 08:13:04,1967119892956188681,2025-09-14 08:25:04,1967119892956188681,False
1967119895405662214,SO20250914001045,1967119892788416541,3,205423,2025-09-14 08:13:04,1967119892956188681,2025-09-14 08:25:04,1967119892956188681,False
1967119895405662215,SO20250914001045,1967119892788416540,3,50974,2025-09-14 08:13:04,1967119892956188681,2025-09-14 08:25:04,1967119892956188681,False
1967119895409856512,SO20250914001046,1967119892788416555,3,19039,2025-09-14 01:51:04,1967119892956188681,2025-09-14 02:02:04,1967119892956188683,False
1967119895409856513,SO20250914001046,1967119892788416573,2,90061,2025-09-14 01:51:04,1967119892956188681,2025-09-14 02:02:04,1967119892956188683,False
1967119895409856514,SO20250914001046,1967119892788416557,1,48093,2025-09-14 01:51:04,1967119892956188681,2025-09-14 02:02:04,1967119892956188683,False
1967119895409856515,SO20250914001046,1967119892788416587,1,2015853,2025-09-14 01:51:04,1967119892956188681,2025-09-14 02:02:04,1967119892956188683,False
1967119895409856516,SO20250914001047,1967119892788416544,1,98337,2025-09-14 05:06:04,1967119892956188678,2025-09-14 05:13:04,1967119892956188685,False
1967119895409856517,SO20250914001047,1967119892788416561,5,21699,2025-09-14 05:06:04,1967119892956188678,2025-09-14 05:13:04,1967119892956188685,False
1967119895409856518,SO20250914001047,1967119892788416543,3,369310,2025-09-14 05:06:04,1967119892956188678,2025-09-14 05:13:04,1967119892956188685,False
1967119895409856519,SO20250914001047,1967119892788416564,1,27506,2025-09-14 05:06:04,1967119892956188678,2025-09-14 05:13:04,1967119892956188685,False
1967119895414050816,SO20250914001048,1967119892788416544,2,98337,2025-09-14 07:17:04,1967119892956188678,2025-09-14 07:20:04,1967119892956188679,False
1967119895414050817,SO20250914001048,1967119892788416581,1,275969,2025-09-14 07:17:04,1967119892956188678,2025-09-14 07:20:04,1967119892956188679,False
1967119895414050818,SO20250914001048,1967119892788416566,1,34445,2025-09-14 07:17:04,1967119892956188678,2025-09-14 07:20:04,1967119892956188679,False
1967119895414050819,SO20250914001049,1967119892788416578,1,114209,2025-09-14 04:48:04,1967119892956188684,2025-09-14 04:54:04,1967119892956188681,False
1967119895414050820,SO20250914001049,1967119892788416540,2,50974,2025-09-14 04:48:04,1967119892956188684,2025-09-14 04:54:04,1967119892956188681,False
1967119895414050821,SO20250914001049,1967119892788416554,5,55663,2025-09-14 04:48:04,1967119892956188684,2025-09-14 04:54:04,1967119892956188681,False
1967119895414050822,SO20250914001050,1967119892788416538,2,193514,2025-09-14 08:33:04,1967119892956188679,2025-09-14 08:39:04,1967119892956188679,False
1967119895414050823,SO20250914001050,1967119892788416557,2,48093,2025-09-14 08:33:04,1967119892956188679,2025-09-14 08:39:04,1967119892956188679,False
1967119895418245120,SO20250914001051,1967119892788416560,3,44744,2025-09-14 20:28:04,1967119892956188685,2025-09-14 20:32:04,1967119892956188679,False
1967119895418245121,SO20250914001051,1967119892788416555,1,19039,2025-09-14 20:28:04,1967119892956188685,2025-09-14 20:32:04,1967119892956188679,False
1967119895418245122,SO20250914001051,1967119892788416563,1,44942,2025-09-14 20:28:04,1967119892956188685,2025-09-14 20:32:04,1967119892956188679,False
1967119895418245123,SO20250915001052,1967119892788416579,1,1232489,2025-09-15 21:39:04,1967119892956188678,2025-09-15 21:46:04,1967119892956188681,False
1967119895418245124,SO20250915001052,1967119892788416566,1,34445,2025-09-15 21:39:04,1967119892956188678,2025-09-15 21:46:04,1967119892956188681,False
1967119895422439424,SO20250915001053,1967119892788416577,1,76278,2025-09-15 06:03:04,1967119892956188681,2025-09-15 06:10:04,1967119892956188682,False
1967119895422439425,SO20250915001053,1967119892788416559,1,27115,2025-09-15 06:03:04,1967119892956188681,2025-09-15 06:10:04,1967119892956188682,False
1967119895422439426,SO20250915001053,1967119892788416561,1,21699,2025-09-15 06:03:04,1967119892956188681,2025-09-15 06:10:04,1967119892956188682,False
1967119895422439427,SO20250915001053,1967119892788416556,1,19157,2025-09-15 06:03:04,1967119892956188681,2025-09-15 06:10:04,1967119892956188682,False
1967119895422439428,SO20250915001054,1967119892788416536,2,224418,2025-09-15 19:14:04,1967119892956188680,2025-09-15 19:29:04,1967119892956188684,False
1967119895426633728,SO20250915001055,1967119892788416566,2,34445,2025-09-15 00:37:04,1967119892956188683,2025-09-15 00:44:04,1967119892956188682,False
1967119895426633729,SO20250915001055,1967119892788416565,4,19891,2025-09-15 00:37:04,1967119892956188683,2025-09-15 00:44:04,1967119892956188682,False
1967119895426633730,SO20250915001055,1967119892788416586,1,2202564,2025-09-15 00:37:04,1967119892956188683,2025-09-15 00:44:04,1967119892956188682,False
1967119895426633731,SO20250915001056,1967119892788416565,1,19891,2025-09-15 20:15:04,1967119892956188680,2025-09-15 20:18:04,1967119892956188685,False
1967119895426633732,SO20250915001056,1967119892788416539,3,443336,2025-09-15 20:15:04,1967119892956188680,2025-09-15 20:18:04,1967119892956188685,False
1967119895430828032,SO20250915001057,1967119892788416557,1,48093,2025-09-15 04:59:04,1967119892956188682,2025-09-15 05:03:04,1967119892956188682,False
1967119895430828033,SO20250915001058,1967119892788416539,3,443336,2025-09-15 05:26:04,1967119892956188679,2025-09-15 05:38:04,1967119892956188678,False
1967119895435022336,SO20250915001059,1967119892788416556,3,19157,2025-09-15 03:23:04,1967119892956188678,2025-09-15 03:38:04,1967119892956188682,False
1967119895435022337,SO20250915001060,1967119892788416547,2,495825,2025-09-15 10:49:04,1967119892956188680,2025-09-15 10:56:04,1967119892956188680,False
1967119895435022338,SO20250915001061,1967119892788416550,2,48004,2025-09-15 20:01:04,1967119892956188679,2025-09-15 20:02:04,1967119892956188678,False
1967119895435022339,SO20250915001061,1967119892788416551,5,62582,2025-09-15 20:01:04,1967119892956188679,2025-09-15 20:02:04,1967119892956188678,False
1967119895435022340,SO20250915001061,1967119892788416539,1,443336,2025-09-15 20:01:04,1967119892956188679,2025-09-15 20:02:04,1967119892956188678,False
1967119895439216640,SO20250916001062,1967119892788416545,2,93757,2025-09-16 19:21:04,1967119892956188684,2025-09-16 19:22:04,1967119892956188682,False
1967119895439216641,SO20250916001063,1967119892788416536,2,224418,2025-09-16 15:42:04,1967119892956188680,2025-09-16 15:56:04,1967119892956188681,False
1967119895439216642,SO20250916001063,1967119892788416541,1,205423,2025-09-16 15:42:04,1967119892956188680,2025-09-16 15:56:04,1967119892956188681,False
1967119895439216643,SO20250916001063,1967119892788416587,1,2015853,2025-09-16 15:42:04,1967119892956188680,2025-09-16 15:56:04,1967119892956188681,False
1967119895439216644,SO20250916001063,1967119892788416573,4,90061,2025-09-16 15:42:04,1967119892956188680,2025-09-16 15:56:04,1967119892956188681,False
1967119895443410944,SO20250916001064,1967119892788416586,1,2202564,2025-09-16 09:08:04,1967119892956188679,2025-09-16 09:19:04,1967119892956188683,False
1967119895443410945,SO20250916001064,1967119892788416544,1,98337,2025-09-16 09:08:04,1967119892956188679,2025-09-16 09:19:04,1967119892956188683,False
1967119895443410946,SO20250916001065,1967119892788416539,2,443336,2025-09-16 20:51:04,1967119892956188680,2025-09-16 20:54:04,1967119892956188685,False
1967119895447605248,SO20250916001066,1967119892788416577,1,76278,2025-09-16 19:26:04,1967119892956188684,2025-09-16 19:32:04,1967119892956188685,False
1967119895447605249,SO20250916001066,1967119892788416559,2,27115,2025-09-16 19:26:04,1967119892956188684,2025-09-16 19:32:04,1967119892956188685,False
1967119895447605250,SO20250916001067,1967119892788416551,4,62582,2025-09-16 02:17:04,1967119892956188680,2025-09-16 02:28:04,1967119892956188682,False
1967119895447605251,SO20250916001067,1967119892788416557,3,48093,2025-09-16 02:17:04,1967119892956188680,2025-09-16 02:28:04,1967119892956188682,False
1967119895451799552,SO20250916001068,1967119892788416558,4,69533,2025-09-16 03:04:04,1967119892956188680,2025-09-16 03:18:04,1967119892956188679,False
1967119895451799553,SO20250916001068,1967119892788416578,1,114209,2025-09-16 03:04:04,1967119892956188680,2025-09-16 03:18:04,1967119892956188679,False
1967119895451799554,SO20250916001068,1967119892788416587,1,2015853,2025-09-16 03:04:04,1967119892956188680,2025-09-16 03:18:04,1967119892956188679,False
1967119895451799555,SO20250916001068,1967119892788416572,2,108602,2025-09-16 03:04:04,1967119892956188680,2025-09-16 03:18:04,1967119892956188679,False
1967119895451799556,SO20250916001068,1967119892788416574,3,63691,2025-09-16 03:04:04,1967119892956188680,2025-09-16 03:18:04,1967119892956188679,False
1967119895451799557,SO20250916001068,1967119892788416561,1,21699,2025-09-16 03:04:04,1967119892956188680,2025-09-16 03:18:04,1967119892956188679,False
1967119895451799558,SO20250917001069,1967119892788416566,1,34445,2025-09-17 20:10:04,1967119892956188684,2025-09-17 20:25:04,1967119892956188678,False
1967119895451799559,SO20250917001069,1967119892788416561,2,21699,2025-09-17 20:10:04,1967119892956188684,2025-09-17 20:25:04,1967119892956188678,False
1967119895451799560,SO20250917001069,1967119892788416556,3,19157,2025-09-17 20:10:04,1967119892956188684,2025-09-17 20:25:04,1967119892956188678,False
1967119895451799561,SO20250917001069,1967119892788416537,3,55424,2025-09-17 20:10:04,1967119892956188684,2025-09-17 20:25:04,1967119892956188678,False
1967119895455993856,SO20250917001070,1967119892788416573,1,90061,2025-09-17 21:56:04,1967119892956188683,2025-09-17 22:08:04,1967119892956188681,False
1967119895455993857,SO20250917001070,1967119892788416560,1,44744,2025-09-17 21:56:04,1967119892956188683,2025-09-17 22:08:04,1967119892956188681,False
1967119895455993858,SO20250917001071,1967119892788416561,1,21699,2025-09-17 07:39:04,1967119892956188682,2025-09-17 07:52:04,1967119892956188678,False
1967119895455993859,SO20250917001072,1967119892788416550,2,48004,2025-09-17 06:10:04,1967119892956188685,2025-09-17 06:15:04,1967119892956188682,False
1967119895455993860,SO20250917001072,1967119892788416564,2,27506,2025-09-17 06:10:04,1967119892956188685,2025-09-17 06:15:04,1967119892956188682,False
1967119895460188160,SO20250917001073,1967119892788416553,2,41380,2025-09-17 07:34:04,1967119892956188683,2025-09-17 07:36:04,1967119892956188685,False
1967119895460188161,SO20250917001073,1967119892788416536,2,224418,2025-09-17 07:34:04,1967119892956188683,2025-09-17 07:36:04,1967119892956188685,False
1967119895460188162,SO20250917001073,1967119892788416542,2,235309,2025-09-17 07:34:04,1967119892956188683,2025-09-17 07:36:04,1967119892956188685,False
1967119895460188163,SO20250917001074,1967119892788416565,1,19891,2025-09-17 04:04:04,1967119892956188679,2025-09-17 04:13:04,1967119892956188683,False
1967119895460188164,SO20250917001074,1967119892788416582,3,891870,2025-09-17 04:04:04,1967119892956188679,2025-09-17 04:13:04,1967119892956188683,False
1967119895460188165,SO20250917001074,1967119892788416566,2,34445,2025-09-17 04:04:04,1967119892956188679,2025-09-17 04:13:04,1967119892956188683,False
1967119895464382464,SO20250917001075,1967119892788416582,1,891870,2025-09-17 02:00:04,1967119892956188681,2025-09-17 02:15:04,1967119892956188682,False
1967119895464382465,SO20250917001075,1967119892788416564,1,27506,2025-09-17 02:00:04,1967119892956188681,2025-09-17 02:15:04,1967119892956188682,False
1967119895464382466,SO20250917001075,1967119892788416551,1,62582,2025-09-17 02:00:04,1967119892956188681,2025-09-17 02:15:04,1967119892956188682,False
1967119895464382467,SO20250917001075,1967119892788416546,2,75999,2025-09-17 02:00:04,1967119892956188681,2025-09-17 02:15:04,1967119892956188682,False
1967119895464382468,SO20250917001075,1967119892788416583,1,788172,2025-09-17 02:00:04,1967119892956188681,2025-09-17 02:15:04,1967119892956188682,False
1967119895464382469,SO20250917001076,1967119892788416536,3,224418,2025-09-17 07:57:04,1967119892956188683,2025-09-17 08:12:04,1967119892956188681,False
1967119895468576768,SO20250917001077,1967119892788416554,2,55663,2025-09-17 00:52:04,1967119892956188682,2025-09-17 00:56:04,1967119892956188680,False
1967119895468576769,SO20250917001077,1967119892788416578,2,114209,2025-09-17 00:52:04,1967119892956188682,2025-09-17 00:56:04,1967119892956188680,False
1967119895468576770,SO20250917001078,1967119892788416566,2,34445,2025-09-17 12:13:04,1967119892956188678,2025-09-17 12:15:04,1967119892956188681,False
1967119895468576771,SO20250917001078,1967119892788416536,3,224418,2025-09-17 12:13:04,1967119892956188678,2025-09-17 12:15:04,1967119892956188681,False
1967119895472771072,SO20250918001079,1967119892788416560,3,44744,2025-09-18 08:12:04,1967119892956188683,2025-09-18 08:18:04,1967119892956188684,False
1967119895472771073,SO20250918001079,1967119892788416541,3,205423,2025-09-18 08:12:04,1967119892956188683,2025-09-18 08:18:04,1967119892956188684,False
1967119895472771074,SO20250918001079,1967119892788416554,2,55663,2025-09-18 08:12:04,1967119892956188683,2025-09-18 08:18:04,1967119892956188684,False
1967119895472771075,SO20250918001079,1967119892788416568,4,117335,2025-09-18 08:12:04,1967119892956188683,2025-09-18 08:18:04,1967119892956188684,False
1967119895472771076,SO20250918001079,1967119892788416559,1,27115,2025-09-18 08:12:04,1967119892956188683,2025-09-18 08:18:04,1967119892956188684,False
1967119895472771077,SO20250918001079,1967119892788416550,3,48004,2025-09-18 08:12:04,1967119892956188683,2025-09-18 08:18:04,1967119892956188684,False
1967119895472771078,SO20250918001080,1967119892788416561,2,21699,2025-09-18 08:03:04,1967119892956188678,2025-09-18 08:08:04,1967119892956188683,False
1967119895472771079,SO20250918001080,1967119892788416578,1,114209,2025-09-18 08:03:04,1967119892956188678,2025-09-18 08:08:04,1967119892956188683,False
1967119895476965376,SO20250918001081,1967119892788416542,1,235309,2025-09-18 21:21:04,1967119892956188678,2025-09-18 21:27:04,1967119892956188680,False
1967119895476965377,SO20250918001081,1967119892788416548,1,69868,2025-09-18 21:21:04,1967119892956188678,2025-09-18 21:27:04,1967119892956188680,False
1967119895476965378,SO20250918001081,1967119892788416558,2,69533,2025-09-18 21:21:04,1967119892956188678,2025-09-18 21:27:04,1967119892956188680,False
1967119895476965379,SO20250918001082,1967119892788416541,2,205423,2025-09-18 04:01:04,1967119892956188681,2025-09-18 04:07:04,1967119892956188684,False
1967119895476965380,SO20250918001082,1967119892788416546,2,75999,2025-09-18 04:01:04,1967119892956188681,2025-09-18 04:07:04,1967119892956188684,False
1967119895476965381,SO20250918001082,1967119892788416548,1,69868,2025-09-18 04:01:04,1967119892956188681,2025-09-18 04:07:04,1967119892956188684,False
1967119895476965382,SO20250918001083,1967119892788416542,2,235309,2025-09-18 06:29:04,1967119892956188682,2025-09-18 06:36:04,1967119892956188679,False
1967119895476965383,SO20250918001083,1967119892788416566,2,34445,2025-09-18 06:29:04,1967119892956188682,2025-09-18 06:36:04,1967119892956188679,False
1967119895485353984,SO20250918001084,1967119892788416560,1,44744,2025-09-18 10:20:04,1967119892956188679,2025-09-18 10:30:04,1967119892956188684,False
1967119895485353985,SO20250918001085,1967119892788416565,3,19891,2025-09-18 19:31:04,1967119892956188682,2025-09-18 19:43:04,1967119892956188678,False
1967119895485353986,SO20250918001085,1967119892788416557,1,48093,2025-09-18 19:31:04,1967119892956188682,2025-09-18 19:43:04,1967119892956188678,False
1967119895489548288,SO20250918001086,1967119892788416554,3,55663,2025-09-18 04:03:04,1967119892956188679,2025-09-18 04:05:04,1967119892956188683,False
1967119895489548289,SO20250918001086,1967119892788416585,1,2073616,2025-09-18 04:03:04,1967119892956188679,2025-09-18 04:05:04,1967119892956188683,False
1967119895489548290,SO20250918001086,1967119892788416562,1,34607,2025-09-18 04:03:04,1967119892956188679,2025-09-18 04:05:04,1967119892956188683,False
1967119895489548291,SO20250918001086,1967119892788416557,1,48093,2025-09-18 04:03:04,1967119892956188679,2025-09-18 04:05:04,1967119892956188683,False
1967119895489548292,SO20250918001087,1967119892788416588,1,2719050,2025-09-18 15:00:04,1967119892956188681,2025-09-18 15:05:04,1967119892956188678,False
1967119895489548293,SO20250918001087,1967119892788416579,3,1232489,2025-09-18 15:00:04,1967119892956188681,2025-09-18 15:05:04,1967119892956188678,False
1967119895489548294,SO20250918001087,1967119892788416555,2,19039,2025-09-18 15:00:04,1967119892956188681,2025-09-18 15:05:04,1967119892956188678,False
1967119895489548295,SO20250918001088,1967119892788416559,2,27115,2025-09-18 15:24:04,1967119892956188685,2025-09-18 15:39:04,1967119892956188685,False
1967119895493742592,SO20250919001089,1967119892788416582,1,891870,2025-09-19 15:38:04,1967119892956188678,2025-09-19 15:46:04,1967119892956188685,False
1967119895493742593,SO20250919001089,1967119892788416559,2,27115,2025-09-19 15:38:04,1967119892956188678,2025-09-19 15:46:04,1967119892956188685,False
1967119895493742594,SO20250919001089,1967119892788416552,1,65834,2025-09-19 15:38:04,1967119892956188678,2025-09-19 15:46:04,1967119892956188685,False
1967119895493742595,SO20250919001089,1967119892788416567,1,36517,2025-09-19 15:38:04,1967119892956188678,2025-09-19 15:46:04,1967119892956188685,False
1967119895493742596,SO20250919001090,1967119892788416547,3,495825,2025-09-19 08:44:04,1967119892956188682,2025-09-19 08:58:04,1967119892956188680,False
1967119895493742597,SO20250919001090,1967119892788416557,1,48093,2025-09-19 08:44:04,1967119892956188682,2025-09-19 08:58:04,1967119892956188680,False
1967119895493742598,SO20250919001090,1967119892788416541,3,205423,2025-09-19 08:44:04,1967119892956188682,2025-09-19 08:58:04,1967119892956188680,False
1967119895497936896,SO20250919001091,1967119892788416564,2,27506,2025-09-19 12:56:04,1967119892956188682,2025-09-19 13:05:04,1967119892956188678,False
1967119895497936897,SO20250919001091,1967119892788416584,2,59089,2025-09-19 12:56:04,1967119892956188682,2025-09-19 13:05:04,1967119892956188678,False
1967119895497936898,SO20250919001091,1967119892788416583,1,788172,2025-09-19 12:56:04,1967119892956188682,2025-09-19 13:05:04,1967119892956188678,False
1967119895497936899,SO20250919001091,1967119892788416547,2,495825,2025-09-19 12:56:04,1967119892956188682,2025-09-19 13:05:04,1967119892956188678,False
1967119895497936900,SO20250919001092,1967119892788416537,3,55424,2025-09-19 19:58:04,1967119892956188684,2025-09-19 20:10:04,1967119892956188680,False
1967119895497936901,SO20250919001092,1967119892788416561,3,21699,2025-09-19 19:58:04,1967119892956188684,2025-09-19 20:10:04,1967119892956188680,False
1967119895497936902,SO20250919001092,1967119892788416555,2,19039,2025-09-19 19:58:04,1967119892956188684,2025-09-19 20:10:04,1967119892956188680,False
1967119895497936903,SO20250919001092,1967119892788416542,2,235309,2025-09-19 19:58:04,1967119892956188684,2025-09-19 20:10:04,1967119892956188680,False
1967119895497936904,SO20250919001092,1967119892788416560,2,44744,2025-09-19 19:58:04,1967119892956188684,2025-09-19 20:10:04,1967119892956188680,False
1967119895497936905,SO20250919001092,1967119892788416538,1,193514,2025-09-19 19:58:04,1967119892956188684,2025-09-19 20:10:04,1967119892956188680,False
1967119895497936906,SO20250919001093,1967119892788416557,3,48093,2025-09-19 07:37:04,1967119892956188680,2025-09-19 07:42:04,1967119892956188683,False
1967119895497936907,SO20250919001093,1967119892788416563,1,44942,2025-09-19 07:37:04,1967119892956188680,2025-09-19 07:42:04,1967119892956188683,False
1967119895497936908,SO20250919001093,1967119892788416539,2,443336,2025-09-19 07:37:04,1967119892956188680,2025-09-19 07:42:04,1967119892956188683,False
1967119895502131200,SO20250919001094,1967119892788416559,2,27115,2025-09-19 08:17:04,1967119892956188679,2025-09-19 08:30:04,1967119892956188682,False
1967119895502131201,SO20250919001094,1967119892788416545,2,93757,2025-09-19 08:17:04,1967119892956188679,2025-09-19 08:30:04,1967119892956188682,False
1967119895502131202,SO20250919001094,1967119892788416581,1,275969,2025-09-19 08:17:04,1967119892956188679,2025-09-19 08:30:04,1967119892956188682,False
1967119895502131203,SO20250919001094,1967119892788416572,4,108602,2025-09-19 08:17:04,1967119892956188679,2025-09-19 08:30:04,1967119892956188682,False
1967119895502131204,SO20250919001094,1967119892788416577,1,76278,2025-09-19 08:17:04,1967119892956188679,2025-09-19 08:30:04,1967119892956188682,False
1967119895502131205,SO20250919001094,1967119892788416550,2,48004,2025-09-19 08:17:04,1967119892956188679,2025-09-19 08:30:04,1967119892956188682,False
1967119895506325504,SO20250919001095,1967119892788416589,1,1787307,2025-09-19 14:26:04,1967119892956188682,2025-09-19 14:41:04,1967119892956188680,False
1967119895506325505,SO20250919001095,1967119892788416536,1,224418,2025-09-19 14:26:04,1967119892956188682,2025-09-19 14:41:04,1967119892956188680,False
1967119895506325506,SO20250919001095,1967119892788416575,1,118557,2025-09-19 14:26:04,1967119892956188682,2025-09-19 14:41:04,1967119892956188680,False
1967119895506325507,SO20250919001096,1967119892788416560,1,44744,2025-09-19 03:25:04,1967119892956188684,2025-09-19 03:32:04,1967119892956188681,False
1967119895506325508,SO20250919001096,1967119892788416578,1,114209,2025-09-19 03:25:04,1967119892956188684,2025-09-19 03:32:04,1967119892956188681,False
1967119895506325509,SO20250919001096,1967119892788416579,3,1232489,2025-09-19 03:25:04,1967119892956188684,2025-09-19 03:32:04,1967119892956188681,False
1967119895506325510,SO20250919001097,1967119892788416539,3,443336,2025-09-19 01:25:04,1967119892956188685,2025-09-19 01:35:04,1967119892956188680,False
1967119895506325511,SO20250919001097,1967119892788416565,1,19891,2025-09-19 01:25:04,1967119892956188685,2025-09-19 01:35:04,1967119892956188680,False
1967119895506325512,SO20250919001097,1967119892788416547,3,495825,2025-09-19 01:25:04,1967119892956188685,2025-09-19 01:35:04,1967119892956188680,False
1967119895506325513,SO20250919001097,1967119892788416557,3,48093,2025-09-19 01:25:04,1967119892956188685,2025-09-19 01:35:04,1967119892956188680,False
1967119895506325514,SO20250919001098,1967119892788416552,2,65834,2025-09-19 20:21:04,1967119892956188680,2025-09-19 20:30:04,1967119892956188680,False
1967119895506325515,SO20250919001098,1967119892788416581,4,275969,2025-09-19 20:21:04,1967119892956188680,2025-09-19 20:30:04,1967119892956188680,False
1967119895510519808,SO20250919001099,1967119892788416561,1,21699,2025-09-19 13:40:04,1967119892956188680,2025-09-19 13:51:04,1967119892956188682,False
1967119895510519809,SO20250919001099,1967119892788416555,1,19039,2025-09-19 13:40:04,1967119892956188680,2025-09-19 13:51:04,1967119892956188682,False
1967119895510519810,SO20250919001099,1967119892788416542,1,235309,2025-09-19 13:40:04,1967119892956188680,2025-09-19 13:51:04,1967119892956188682,False
1967119895514714112,SO20250919001100,1967119892788416546,3,75999,2025-09-19 09:13:04,1967119892956188681,2025-09-19 09:22:04,1967119892956188685,False
1967119895514714113,SO20250919001100,1967119892788416538,3,193514,2025-09-19 09:13:04,1967119892956188681,2025-09-19 09:22:04,1967119892956188685,False
1967119895514714114,SO20250919001100,1967119892788416557,4,48093,2025-09-19 09:13:04,1967119892956188681,2025-09-19 09:22:04,1967119892956188685,False
1967119895514714115,SO20250919001101,1967119892788416585,1,2073616,2025-09-19 00:43:04,1967119892956188678,2025-09-19 00:50:04,1967119892956188680,False
1967119895514714116,SO20250919001101,1967119892788416563,1,44942,2025-09-19 00:43:04,1967119892956188678,2025-09-19 00:50:04,1967119892956188680,False
1967119895514714117,SO20250919001101,1967119892788416543,1,369310,2025-09-19 00:43:04,1967119892956188678,2025-09-19 00:50:04,1967119892956188680,False
1967119895518908416,SO20250919001102,1967119892788416547,3,495825,2025-09-19 23:56:04,1967119892956188684,2025-09-20 00:09:04,1967119892956188681,False
1967119895518908417,SO20250919001102,1967119892788416561,2,21699,2025-09-19 23:56:04,1967119892956188684,2025-09-20 00:09:04,1967119892956188681,False
1967119895518908418,SO20250919001102,1967119892788416544,1,98337,2025-09-19 23:56:04,1967119892956188684,2025-09-20 00:09:04,1967119892956188681,False
1967119895518908419,SO20250919001102,1967119892788416560,3,44744,2025-09-19 23:56:04,1967119892956188684,2025-09-20 00:09:04,1967119892956188681,False
1967119895518908420,SO20250919001102,1967119892788416546,3,75999,2025-09-19 23:56:04,1967119892956188684,2025-09-20 00:09:04,1967119892956188681,False
1967119895518908421,SO20250919001103,1967119892788416564,1,27506,2025-09-19 11:15:04,1967119892956188681,2025-09-19 11:23:04,1967119892956188682,False
1967119895523102720,SO20250919001104,1967119892788416568,3,117335,2025-09-19 20:34:04,1967119892956188680,2025-09-19 20:43:04,1967119892956188683,False
1967119895523102721,SO20250919001104,1967119892788416547,1,495825,2025-09-19 20:34:04,1967119892956188680,2025-09-19 20:43:04,1967119892956188683,False
1967119895523102722,SO20250919001105,1967119892788416551,1,62582,2025-09-19 12:14:04,1967119892956188680,2025-09-19 12:29:04,1967119892956188678,False
1967119895527297024,SO20250919001106,1967119892788416575,3,118557,2025-09-19 22:54:04,1967119892956188681,2025-09-19 23:09:04,1967119892956188679,False
1967119895527297025,SO20250919001107,1967119892788416570,1,79627,2025-09-19 08:32:04,1967119892956188680,2025-09-19 08:39:04,1967119892956188683,False
1967119895527297026,SO20250919001107,1967119892788416545,1,93757,2025-09-19 08:32:04,1967119892956188680,2025-09-19 08:39:04,1967119892956188683,False
1967119895527297027,SO20250919001108,1967119892788416584,4,59089,2025-09-19 02:56:04,1967119892956188679,2025-09-19 03:06:04,1967119892956188681,False
1967119895531491328,SO20250919001109,1967119892788416577,1,76278,2025-09-19 20:23:04,1967119892956188678,2025-09-19 20:38:04,1967119892956188681,False
1967119895531491329,SO20250919001109,1967119892788416556,1,19157,2025-09-19 20:23:04,1967119892956188678,2025-09-19 20:38:04,1967119892956188681,False
1967119895531491330,SO20250919001109,1967119892788416550,1,48004,2025-09-19 20:23:04,1967119892956188678,2025-09-19 20:38:04,1967119892956188681,False
1967119895531491331,SO20250919001110,1967119892788416551,1,62582,2025-09-19 03:13:04,1967119892956188682,2025-09-19 03:21:04,1967119892956188678,False
1967119895531491332,SO20250919001110,1967119892788416573,1,90061,2025-09-19 03:13:04,1967119892956188682,2025-09-19 03:21:04,1967119892956188678,False
1967119895535685632,SO20250919001111,1967119892788416543,2,369310,2025-09-19 03:35:04,1967119892956188681,2025-09-19 03:44:04,1967119892956188678,False
1967119895535685633,SO20250919001111,1967119892788416557,1,48093,2025-09-19 03:35:04,1967119892956188681,2025-09-19 03:44:04,1967119892956188678,False
1967119895535685634,SO20250919001111,1967119892788416566,1,34445,2025-09-19 03:35:04,1967119892956188681,2025-09-19 03:44:04,1967119892956188678,False
1967119895539879936,SO20250919001112,1967119892788416538,1,193514,2025-09-19 13:32:04,1967119892956188683,2025-09-19 13:36:04,1967119892956188685,False
1967119895539879937,SO20250920001113,1967119892788416570,5,79627,2025-09-20 17:47:04,1967119892956188682,2025-09-20 17:57:04,1967119892956188685,False
1967119895544074240,SO20250920001114,1967119892788416546,1,75999,2025-09-20 08:21:04,1967119892956188681,2025-09-20 08:32:04,1967119892956188685,False
1967119895544074241,SO20250920001114,1967119892788416560,2,44744,2025-09-20 08:21:04,1967119892956188681,2025-09-20 08:32:04,1967119892956188685,False
1967119895544074242,SO20250920001114,1967119892788416566,3,34445,2025-09-20 08:21:04,1967119892956188681,2025-09-20 08:32:04,1967119892956188685,False
1967119895544074243,SO20250920001115,1967119892788416559,2,27115,2025-09-20 05:49:04,1967119892956188683,2025-09-20 05:56:04,1967119892956188682,False
1967119895544074244,SO20250920001115,1967119892788416554,2,55663,2025-09-20 05:49:04,1967119892956188683,2025-09-20 05:56:04,1967119892956188682,False
1967119895544074245,SO20250920001116,1967119892788416569,4,33054,2025-09-20 19:52:04,1967119892956188678,2025-09-20 20:03:04,1967119892956188684,False
1967119895548268544,SO20250920001117,1967119892788416565,1,19891,2025-09-20 09:58:04,1967119892956188685,2025-09-20 10:06:04,1967119892956188682,False
1967119895548268545,SO20250920001117,1967119892788416564,2,27506,2025-09-20 09:58:04,1967119892956188685,2025-09-20 10:06:04,1967119892956188682,False
1967119895548268546,SO20250920001117,1967119892788416539,2,443336,2025-09-20 09:58:04,1967119892956188685,2025-09-20 10:06:04,1967119892956188682,False
1967119895552462848,SO20250920001118,1967119892788416562,3,34607,2025-09-20 15:48:04,1967119892956188678,2025-09-20 16:01:04,1967119892956188682,False
1967119895552462849,SO20250920001118,1967119892788416560,2,44744,2025-09-20 15:48:04,1967119892956188678,2025-09-20 16:01:04,1967119892956188682,False
1967119895552462850,SO20250920001119,1967119892788416579,1,1232489,2025-09-20 00:38:04,1967119892956188685,2025-09-20 00:52:04,1967119892956188685,False
1967119895552462851,SO20250920001120,1967119892788416551,2,62582,2025-09-20 03:16:04,1967119892956188682,2025-09-20 03:22:04,1967119892956188684,False
1967119895552462852,SO20250920001120,1967119892788416558,3,69533,2025-09-20 03:16:04,1967119892956188682,2025-09-20 03:22:04,1967119892956188684,False
1967119895552462853,SO20250920001121,1967119892788416561,3,21699,2025-09-20 17:48:04,1967119892956188680,2025-09-20 18:00:04,1967119892956188680,False
1967119895552462854,SO20250920001121,1967119892788416559,1,27115,2025-09-20 17:48:04,1967119892956188680,2025-09-20 18:00:04,1967119892956188680,False
1967119895552462855,SO20250920001122,1967119892788416562,1,34607,2025-09-20 03:39:04,1967119892956188683,2025-09-20 03:40:04,1967119892956188684,False
1967119895552462856,SO20250920001123,1967119892788416556,1,19157,2025-09-20 05:48:04,1967119892956188684,2025-09-20 06:02:04,1967119892956188683,False
1967119895552462857,SO20250920001124,1967119892788416564,1,27506,2025-09-20 08:46:04,1967119892956188681,2025-09-20 09:01:04,1967119892956188683,False
1967119895552462858,SO20250920001124,1967119892788416557,2,48093,2025-09-20 08:46:04,1967119892956188681,2025-09-20 09:01:04,1967119892956188683,False
1967119895552462859,SO20250920001124,1967119892788416556,1,19157,2025-09-20 08:46:04,1967119892956188681,2025-09-20 09:01:04,1967119892956188683,False
1967119895552462860,SO20250920001125,1967119892788416559,1,27115,2025-09-20 12:26:04,1967119892956188680,2025-09-20 12:35:04,1967119892956188682,False
1967119895552462861,SO20250920001125,1967119892788416560,2,44744,2025-09-20 12:26:04,1967119892956188680,2025-09-20 12:35:04,1967119892956188682,False
1967119895552462862,SO20250920001125,1967119892788416556,2,19157,2025-09-20 12:26:04,1967119892956188680,2025-09-20 12:35:04,1967119892956188682,False
1967119895552462863,SO20250920001126,1967119892788416558,1,69533,2025-09-20 08:39:04,1967119892956188682,2025-09-20 08:46:04,1967119892956188683,False
1967119895552462864,SO20250920001127,1967119892788416579,1,1232489,2025-09-20 03:46:04,1967119892956188683,2025-09-20 04:00:04,1967119892956188679,False
1967119895552462865,SO20250920001127,1967119892788416561,3,21699,2025-09-20 03:46:04,1967119892956188683,2025-09-20 04:00:04,1967119892956188679,False
1967119895552462866,SO20250920001127,1967119892788416588,1,2719050,2025-09-20 03:46:04,1967119892956188683,2025-09-20 04:00:04,1967119892956188679,False
1967119895552462867,SO20250920001127,1967119892788416560,1,44744,2025-09-20 03:46:04,1967119892956188683,2025-09-20 04:00:04,1967119892956188679,False
1967119895552462868,SO20250920001127,1967119892788416558,1,69533,2025-09-20 03:46:04,1967119892956188683,2025-09-20 04:00:04,1967119892956188679,False
1967119895552462869,SO20250920001128,1967119892788416575,4,118557,2025-09-20 14:10:04,1967119892956188685,2025-09-20 14:25:04,1967119892956188683,False
1967119895552462870,SO20250920001128,1967119892788416555,3,19039,2025-09-20 14:10:04,1967119892956188685,2025-09-20 14:25:04,1967119892956188683,False
1967119895552462871,SO20250920001128,1967119892788416539,1,443336,2025-09-20 14:10:04,1967119892956188685,2025-09-20 14:25:04,1967119892956188683,False
1967119895552462872,SO20250920001128,1967119892788416567,2,36517,2025-09-20 14:10:04,1967119892956188685,2025-09-20 14:25:04,1967119892956188683,False
1967119895552462873,SO20250920001129,1967119892788416552,2,65834,2025-09-20 20:28:04,1967119892956188680,2025-09-20 20:38:04,1967119892956188680,False
1967119895552462874,SO20250920001129,1967119892788416564,1,27506,2025-09-20 20:28:04,1967119892956188680,2025-09-20 20:38:04,1967119892956188680,False
1967119895552462875,SO20250920001129,1967119892788416545,3,93757,2025-09-20 20:28:04,1967119892956188680,2025-09-20 20:38:04,1967119892956188680,False
1967119895552462876,SO20250920001129,1967119892788416557,2,48093,2025-09-20 20:28:04,1967119892956188680,2025-09-20 20:38:04,1967119892956188680,False
1967119895573434368,SO20250920001130,1967119892788416552,3,65834,2025-09-20 19:52:04,1967119892956188679,2025-09-20 20:00:04,1967119892956188680,False
