id,voucher_id,customer_id,issued,created_at,created_by,updated_at,updated_by,deleted
1967119897452482570,1967119892951994379,1967119892876496899,True,2025-05-18 08:48:00,1,2025-05-21 08:48:00,1,False
1967119897452482571,1967119892951994379,1967119892880691207,True,2025-05-18 08:48:00,1,2025-05-21 08:48:00,1,False
1967119897452482572,1967119892951994379,1967119892939411461,True,2025-05-18 08:48:00,1,2025-05-21 08:48:00,1,False
1967119897452482573,1967119892951994379,1967119892880691214,True,2025-05-18 08:48:00,1,2025-05-21 08:48:00,1,False
1967119897452482574,1967119892951994379,1967119892851331088,True,2025-05-18 08:48:00,1,2025-05-21 08:48:00,1,False
1967119897452482575,1967119892951994379,1967119892855525392,False,2025-05-18 08:48:00,1,2025-05-21 08:48:00,1,False
1967119897452482576,1967119892951994379,1967119892914245649,True,2025-05-18 08:48:00,1,2025-05-21 08:48:00,1,False
1967119897452482577,1967119892951994379,1967119892855525379,True,2025-05-18 08:48:00,1,2025-05-21 08:48:00,1,False
1967119897452482578,1967119892951994379,1967119892851331093,False,2025-05-18 08:48:00,1,2025-05-21 08:48:00,1,False
1967119897452482579,1967119892951994379,1967119892922634242,False,2025-05-18 08:48:00,1,2025-05-21 08:48:00,1,False
1967119897452482580,1967119892951994379,1967119892910051340,True,2025-05-18 08:48:00,1,2025-05-21 08:48:00,1,False
1967119897452482581,1967119892951994379,1967119892897468419,False,2025-05-18 08:48:00,1,2025-05-21 08:48:00,1,False
1967119897452482582,1967119892951994379,1967119892893274129,True,2025-05-18 08:48:00,1,2025-05-21 08:48:00,1,False
1967119897452482583,1967119892951994379,1967119892838748324,False,2025-05-18 08:48:00,1,2025-05-21 08:48:00,1,False
1967119897452482584,1967119892951994379,1967119892838748332,False,2025-05-18 08:48:00,1,2025-05-21 08:48:00,1,False
1967119897452482585,1967119892951994379,1967119892905857035,False,2025-05-18 08:48:00,1,2025-05-21 08:48:00,1,False
1967119897452482586,1967119892951994379,1967119892855525399,True,2025-05-18 08:48:00,1,2025-05-21 08:48:00,1,False
1967119897452482587,1967119892951994379,1967119892872302606,True,2025-05-18 08:48:00,1,2025-05-21 08:48:00,1,False
1967119897452482588,1967119892951994379,1967119892939411466,True,2025-05-18 08:48:00,1,2025-05-21 08:48:00,1,False
1967119897452482589,1967119892951994379,1967119892884885508,False,2025-05-18 08:48:00,1,2025-05-21 08:48:00,1,False
1967119897452482590,1967119892951994379,1967119892863913985,True,2025-05-18 08:48:00,1,2025-05-21 08:48:00,1,False
1967119897452482591,1967119892951994379,1967119892905857036,True,2025-05-18 08:48:00,1,2025-05-21 08:48:00,1,False
1967119897452482592,1967119892951994379,1967119892889079821,False,2025-05-18 08:48:00,1,2025-05-21 08:48:00,1,False
1967119897452482593,1967119892951994379,1967119892910051337,True,2025-05-18 08:48:00,1,2025-05-21 08:48:00,1,False
1967119897452482594,1967119892951994379,1967119892947800074,False,2025-05-18 08:48:00,1,2025-05-21 08:48:00,1,False
1967119897452482595,1967119892951994379,1967119892901662726,True,2025-05-18 08:48:00,1,2025-05-21 08:48:00,1,False
1967119897452482596,1967119892951994379,1967119892893274118,True,2025-05-18 08:48:00,1,2025-05-21 08:48:00,1,False
1967119897452482597,1967119892951994379,1967119892859719691,False,2025-05-18 08:48:00,1,2025-05-21 08:48:00,1,False
1967119897452482598,1967119892951994379,1967119892893274126,False,2025-05-18 08:48:00,1,2025-05-21 08:48:00,1,False
1967119897452482599,1967119892951994379,1967119892872302597,True,2025-05-18 08:48:00,1,2025-05-21 08:48:00,1,False
1967119897452482600,1967119892951994379,1967119892951994368,False,2025-05-18 08:48:00,1,2025-05-21 08:48:00,1,False
1967119897452482601,1967119892951994379,1967119892910051333,False,2025-05-18 08:48:00,1,2025-05-21 08:48:00,1,False
1967119897452482602,1967119892951994379,1967119892910051352,True,2025-05-18 08:48:00,1,2025-05-21 08:48:00,1,False
1967119897452482603,1967119892951994379,1967119892838748331,False,2025-05-18 08:48:00,1,2025-05-21 08:48:00,1,False
1967119897452482604,1967119892951994379,1967119892880691212,True,2025-05-18 08:48:00,1,2025-05-21 08:48:00,1,False
1967119897452482605,1967119892951994379,1967119892914245648,True,2025-05-18 08:48:00,1,2025-05-21 08:48:00,1,False
1967119897452482606,1967119892951994379,1967119892910051330,True,2025-05-18 08:48:00,1,2025-05-21 08:48:00,1,False
1967119897452482607,1967119892951994379,1967119892838748370,True,2025-05-18 08:48:00,1,2025-05-21 08:48:00,1,False
1967119897452482608,1967119892951994379,1967119892872302605,False,2025-05-18 08:48:00,1,2025-05-21 08:48:00,1,False
1967119897452482609,1967119892951994379,1967119892901662739,True,2025-05-18 08:48:00,1,2025-05-21 08:48:00,1,False
1967119897452482610,1967119892951994379,1967119892905857031,True,2025-05-18 08:48:00,1,2025-05-21 08:48:00,1,False
1967119897452482611,1967119892951994379,1967119892889079816,True,2025-05-18 08:48:00,1,2025-05-21 08:48:00,1,False
1967119897452482612,1967119892951994379,1967119892901662729,False,2025-05-18 08:48:00,1,2025-05-21 08:48:00,1,False
1967119897452482613,1967119892951994379,1967119892901662721,True,2025-05-18 08:48:00,1,2025-05-21 08:48:00,1,False
1967119897452482614,1967119892951994379,1967119892851331083,True,2025-05-18 08:48:00,1,2025-05-21 08:48:00,1,False
1967119897452482615,1967119892951994379,1967119892838748357,False,2025-05-18 08:48:00,1,2025-05-21 08:48:00,1,False
1967119897452482616,1967119892951994379,1967119892868108292,True,2025-05-18 08:48:00,1,2025-05-21 08:48:00,1,False
1967119897452482617,1967119892951994379,1967119892943605764,False,2025-05-18 08:48:00,1,2025-05-21 08:48:00,1,False
1967119897452482618,1967119892951994379,1967119892918439956,True,2025-05-18 08:48:00,1,2025-05-21 08:48:00,1,False
1967119897452482619,1967119892951994379,1967119892905857029,False,2025-05-18 08:48:00,1,2025-05-21 08:48:00,1,False
1967119897452482620,1967119892951994379,1967119892859719693,False,2025-05-18 08:48:00,1,2025-05-21 08:48:00,1,False
1967119897452482621,1967119892951994379,1967119892859719695,False,2025-05-18 08:48:00,1,2025-05-21 08:48:00,1,False
1967119897452482622,1967119892951994379,1967119892943605775,True,2025-05-18 08:48:00,1,2025-05-21 08:48:00,1,False
1967119897452482623,1967119892951994379,1967119892910051331,False,2025-05-18 08:48:00,1,2025-05-21 08:48:00,1,False
1967119897452482624,1967119892951994379,1967119892889079818,False,2025-05-18 08:48:00,1,2025-05-21 08:48:00,1,False
1967119897452482625,1967119892951994380,1967119892884885505,True,2025-05-27 01:53:53,1,2025-05-28 01:53:53,1,False
1967119897452482626,1967119892951994380,1967119892905857033,True,2025-05-27 01:53:53,1,2025-05-28 01:53:53,1,False
1967119897452482627,1967119892951994380,1967119892947800066,False,2025-05-27 01:53:53,1,2025-05-28 01:53:53,1,False
1967119897452482628,1967119892951994380,1967119892947800069,True,2025-05-27 01:53:53,1,2025-05-28 01:53:53,1,False
1967119897452482629,1967119892951994380,1967119892914245647,True,2025-05-27 01:53:53,1,2025-05-28 01:53:53,1,False
1967119897452482630,1967119892951994380,1967119892914245639,False,2025-05-27 01:53:53,1,2025-05-28 01:53:53,1,False
1967119897452482631,1967119892951994380,1967119892905857039,False,2025-05-27 01:53:53,1,2025-05-28 01:53:53,1,False
1967119897452482632,1967119892951994380,1967119892943605777,False,2025-05-27 01:53:53,1,2025-05-28 01:53:53,1,False
1967119897452482633,1967119892951994380,1967119892838748324,True,2025-05-27 01:53:53,1,2025-05-28 01:53:53,1,False
1967119897452482634,1967119892951994380,1967119892905857040,True,2025-05-27 01:53:53,1,2025-05-28 01:53:53,1,False
1967119897452482635,1967119892951994380,1967119892893274113,True,2025-05-27 01:53:53,1,2025-05-28 01:53:53,1,False
1967119897452482636,1967119892951994380,1967119892897468416,False,2025-05-27 01:53:53,1,2025-05-28 01:53:53,1,False
1967119897452482637,1967119892951994380,1967119892943605789,False,2025-05-27 01:53:53,1,2025-05-28 01:53:53,1,False
1967119897452482638,1967119892951994380,1967119892859719700,True,2025-05-27 01:53:53,1,2025-05-28 01:53:53,1,False
1967119897452482639,1967119892951994380,1967119892863913992,True,2025-05-27 01:53:53,1,2025-05-28 01:53:53,1,False
1967119897452482640,1967119892951994380,1967119892943605781,False,2025-05-27 01:53:53,1,2025-05-28 01:53:53,1,False
1967119897452482641,1967119892951994380,1967119892859719693,True,2025-05-27 01:53:53,1,2025-05-28 01:53:53,1,False
1967119897452482642,1967119892951994380,1967119892893274132,False,2025-05-27 01:53:53,1,2025-05-28 01:53:53,1,False
1967119897452482643,1967119892951994380,1967119892876496900,False,2025-05-27 01:53:53,1,2025-05-28 01:53:53,1,False
1967119897452482644,1967119892951994380,1967119892914245638,False,2025-05-27 01:53:53,1,2025-05-28 01:53:53,1,False
1967119897452482645,1967119892951994380,1967119892939411465,False,2025-05-27 01:53:53,1,2025-05-28 01:53:53,1,False
1967119897452482646,1967119892951994380,1967119892838748366,True,2025-05-27 01:53:53,1,2025-05-28 01:53:53,1,False
1967119897452482647,1967119892951994380,1967119892947800068,True,2025-05-27 01:53:53,1,2025-05-28 01:53:53,1,False
1967119897452482648,1967119892951994380,1967119892838748339,False,2025-05-27 01:53:53,1,2025-05-28 01:53:53,1,False
1967119897452482649,1967119892951994380,1967119892947800087,False,2025-05-27 01:53:53,1,2025-05-28 01:53:53,1,False
1967119897452482650,1967119892951994380,1967119892859719686,False,2025-05-27 01:53:53,1,2025-05-28 01:53:53,1,False
1967119897452482651,1967119892951994380,1967119892939411466,True,2025-05-27 01:53:53,1,2025-05-28 01:53:53,1,False
1967119897452482652,1967119892951994380,1967119892918439949,False,2025-05-27 01:53:53,1,2025-05-28 01:53:53,1,False
1967119897452482653,1967119892951994380,1967119892905857035,False,2025-05-27 01:53:53,1,2025-05-28 01:53:53,1,False
1967119897452482654,1967119892951994380,1967119892889079812,False,2025-05-27 01:53:53,1,2025-05-28 01:53:53,1,False
1967119897452482655,1967119892951994380,1967119892939411463,False,2025-05-27 01:53:53,1,2025-05-28 01:53:53,1,False
1967119897452482656,1967119892951994380,1967119892889079810,False,2025-05-27 01:53:53,1,2025-05-28 01:53:53,1,False
1967119897452482657,1967119892951994380,1967119892943605787,True,2025-05-27 01:53:53,1,2025-05-28 01:53:53,1,False
1967119897452482658,1967119892951994380,1967119892855525396,False,2025-05-27 01:53:53,1,2025-05-28 01:53:53,1,False
1967119897452482659,1967119892951994380,1967119892872302597,False,2025-05-27 01:53:53,1,2025-05-28 01:53:53,1,False
1967119897452482660,1967119892951994380,1967119892880691219,False,2025-05-27 01:53:53,1,2025-05-28 01:53:53,1,False
1967119897452482661,1967119892951994380,1967119892918439952,False,2025-05-27 01:53:53,1,2025-05-28 01:53:53,1,False
1967119897452482662,1967119892951994380,1967119892943605774,True,2025-05-27 01:53:53,1,2025-05-28 01:53:53,1,False
1967119897452482663,1967119892951994380,1967119892859719685,False,2025-05-27 01:53:53,1,2025-05-28 01:53:53,1,False
1967119897452482664,1967119892951994380,1967119892943605773,True,2025-05-27 01:53:53,1,2025-05-28 01:53:53,1,False
1967119897452482665,1967119892951994380,1967119892859719694,False,2025-05-27 01:53:53,1,2025-05-28 01:53:53,1,False
1967119897452482666,1967119892951994380,1967119892939411460,False,2025-05-27 01:53:53,1,2025-05-28 01:53:53,1,False
1967119897452482667,1967119892951994380,1967119892910051355,True,2025-05-27 01:53:53,1,2025-05-28 01:53:53,1,False
1967119897452482668,1967119892951994380,1967119892851331081,True,2025-05-27 01:53:53,1,2025-05-28 01:53:53,1,False
1967119897452482669,1967119892951994380,1967119892935217162,False,2025-05-27 01:53:53,1,2025-05-28 01:53:53,1,False
1967119897452482670,1967119892951994380,1967119892951994371,False,2025-05-27 01:53:53,1,2025-05-28 01:53:53,1,False
1967119897452482671,1967119892951994380,1967119892855525394,False,2025-05-27 01:53:53,1,2025-05-28 01:53:53,1,False
1967119897452482672,1967119892951994380,1967119892947800080,False,2025-05-27 01:53:53,1,2025-05-28 01:53:53,1,False
1967119897452482673,1967119892951994380,1967119892951994370,True,2025-05-27 01:53:53,1,2025-05-28 01:53:53,1,False
1967119897452482674,1967119892951994380,1967119892897468418,False,2025-05-27 01:53:53,1,2025-05-28 01:53:53,1,False
1967119897452482675,1967119892951994380,1967119892838748335,False,2025-05-27 01:53:53,1,2025-05-28 01:53:53,1,False
1967119897452482676,1967119892951994380,1967119892935217160,True,2025-05-27 01:53:53,1,2025-05-28 01:53:53,1,False
1967119897452482677,1967119892951994380,1967119892851331087,False,2025-05-27 01:53:53,1,2025-05-28 01:53:53,1,False
1967119897452482678,1967119892951994380,1967119892910051329,True,2025-05-27 01:53:53,1,2025-05-28 01:53:53,1,False
1967119897452482679,1967119892951994380,1967119892859719687,True,2025-05-27 01:53:53,1,2025-05-28 01:53:53,1,False
1967119897452482680,1967119892951994380,1967119892851331085,False,2025-05-27 01:53:53,1,2025-05-28 01:53:53,1,False
1967119897452482681,1967119892951994380,1967119892914245635,True,2025-05-27 01:53:53,1,2025-05-28 01:53:53,1,False
1967119897452482682,1967119892951994380,1967119892859719692,False,2025-05-27 01:53:53,1,2025-05-28 01:53:53,1,False
1967119897452482683,1967119892951994380,1967119892918439955,True,2025-05-27 01:53:53,1,2025-05-28 01:53:53,1,False
1967119897452482684,1967119892951994380,1967119892943605766,True,2025-05-27 01:53:53,1,2025-05-28 01:53:53,1,False
1967119897452482685,1967119892951994380,1967119892884885512,True,2025-05-27 01:53:53,1,2025-05-28 01:53:53,1,False
1967119897452482686,1967119892951994380,1967119892855525379,True,2025-05-27 01:53:53,1,2025-05-28 01:53:53,1,False
1967119897452482687,1967119892951994380,1967119892943605763,False,2025-05-27 01:53:53,1,2025-05-28 01:53:53,1,False
1967119897452482688,1967119892951994380,1967119892947800078,True,2025-05-27 01:53:53,1,2025-05-28 01:53:53,1,False
1967119897452482689,1967119892951994380,1967119892838748347,False,2025-05-27 01:53:53,1,2025-05-28 01:53:53,1,False
1967119897452482690,1967119892951994380,1967119892838748348,True,2025-05-27 01:53:53,1,2025-05-28 01:53:53,1,False
1967119897452482691,1967119892951994380,1967119892918439962,True,2025-05-27 01:53:53,1,2025-05-28 01:53:53,1,False
1967119897452482692,1967119892951994380,1967119892838748323,False,2025-05-27 01:53:53,1,2025-05-28 01:53:53,1,False
1967119897452482693,1967119892951994380,1967119892838748340,False,2025-05-27 01:53:53,1,2025-05-28 01:53:53,1,False
1967119897452482694,1967119892951994380,1967119892838748352,True,2025-05-27 01:53:53,1,2025-05-28 01:53:53,1,False
1967119897452482695,1967119892951994380,1967119892889079808,False,2025-05-27 01:53:53,1,2025-05-28 01:53:53,1,False
1967119897452482696,1967119892951994380,1967119892918439943,True,2025-05-27 01:53:53,1,2025-05-28 01:53:53,1,False
1967119897452482697,1967119892951994380,1967119892884885507,True,2025-05-27 01:53:53,1,2025-05-28 01:53:53,1,False
1967119897452482698,1967119892951994380,1967119892939411461,False,2025-05-27 01:53:53,1,2025-05-28 01:53:53,1,False
1967119897452482699,1967119892951994380,1967119892859719702,True,2025-05-27 01:53:53,1,2025-05-28 01:53:53,1,False
1967119897452482700,1967119892951994380,1967119892884885510,True,2025-05-27 01:53:53,1,2025-05-28 01:53:53,1,False
1967119897452482701,1967119892951994380,1967119892884885506,False,2025-05-27 01:53:53,1,2025-05-28 01:53:53,1,False
1967119897452482702,1967119892951994380,1967119892897468421,False,2025-05-27 01:53:53,1,2025-05-28 01:53:53,1,False
1967119897452482703,1967119892951994380,1967119892851331092,True,2025-05-27 01:53:53,1,2025-05-28 01:53:53,1,False
1967119897452482704,1967119892951994380,1967119892851331088,True,2025-05-27 01:53:53,1,2025-05-28 01:53:53,1,False
1967119897452482705,1967119892951994380,1967119892859719701,True,2025-05-27 01:53:53,1,2025-05-28 01:53:53,1,False
1967119897452482706,1967119892951994380,1967119892897468426,True,2025-05-27 01:53:53,1,2025-05-28 01:53:53,1,False
1967119897452482707,1967119892951994380,1967119892910051345,True,2025-05-27 01:53:53,1,2025-05-28 01:53:53,1,False
1967119897452482708,1967119892951994380,1967119892859719683,True,2025-05-27 01:53:53,1,2025-05-28 01:53:53,1,False
1967119897452482709,1967119892951994380,1967119892889079817,True,2025-05-27 01:53:53,1,2025-05-28 01:53:53,1,False
1967119897452482710,1967119892951994380,1967119892868108293,False,2025-05-27 01:53:53,1,2025-05-28 01:53:53,1,False
1967119897452482711,1967119892951994381,1967119892838748368,True,2025-07-22 11:31:26,1,2025-07-25 11:31:26,1,False
1967119897452482712,1967119892951994381,1967119892939411469,True,2025-07-22 11:31:26,1,2025-07-25 11:31:26,1,False
1967119897452482713,1967119892951994381,1967119892939411471,True,2025-07-22 11:31:26,1,2025-07-25 11:31:26,1,False
1967119897452482714,1967119892951994381,1967119892943605762,False,2025-07-22 11:31:26,1,2025-07-25 11:31:26,1,False
1967119897452482715,1967119892951994381,1967119892935217156,False,2025-07-22 11:31:26,1,2025-07-25 11:31:26,1,False
1967119897452482716,1967119892951994381,1967119892876496899,False,2025-07-22 11:31:26,1,2025-07-25 11:31:26,1,False
1967119897452482717,1967119892951994381,1967119892935217163,True,2025-07-22 11:31:26,1,2025-07-25 11:31:26,1,False
1967119897452482718,1967119892951994381,1967119892851331093,True,2025-07-22 11:31:26,1,2025-07-25 11:31:26,1,False
1967119897452482719,1967119892951994381,1967119892910051358,True,2025-07-22 11:31:26,1,2025-07-25 11:31:26,1,False
1967119897452482720,1967119892951994381,1967119892897468426,False,2025-07-22 11:31:26,1,2025-07-25 11:31:26,1,False
1967119897452482721,1967119892951994381,1967119892880691211,False,2025-07-22 11:31:26,1,2025-07-25 11:31:26,1,False
1967119897452482722,1967119892951994381,1967119892893274121,False,2025-07-22 11:31:26,1,2025-07-25 11:31:26,1,False
1967119897452482723,1967119892951994381,1967119892838748367,True,2025-07-22 11:31:26,1,2025-07-25 11:31:26,1,False
1967119897452482724,1967119892951994381,1967119892910051335,True,2025-07-22 11:31:26,1,2025-07-25 11:31:26,1,False
1967119897452482725,1967119892951994381,1967119892943605772,False,2025-07-22 11:31:26,1,2025-07-25 11:31:26,1,False
1967119897452482726,1967119892951994381,1967119892838748331,True,2025-07-22 11:31:26,1,2025-07-25 11:31:26,1,False
1967119897452482727,1967119892951994381,1967119892947800091,True,2025-07-22 11:31:26,1,2025-07-25 11:31:26,1,False
1967119897452482728,1967119892951994381,1967119892838748352,False,2025-07-22 11:31:26,1,2025-07-25 11:31:26,1,False
1967119897452482729,1967119892951994381,1967119892838748330,False,2025-07-22 11:31:26,1,2025-07-25 11:31:26,1,False
1967119897452482730,1967119892951994381,1967119892943605785,True,2025-07-22 11:31:26,1,2025-07-25 11:31:26,1,False
1967119897452482731,1967119892951994381,1967119892859719704,False,2025-07-22 11:31:26,1,2025-07-25 11:31:26,1,False
1967119897452482732,1967119892951994381,1967119892910051349,True,2025-07-22 11:31:26,1,2025-07-25 11:31:26,1,False
1967119897452482733,1967119892951994381,1967119892863913988,True,2025-07-22 11:31:26,1,2025-07-25 11:31:26,1,False
1967119897452482734,1967119892951994381,1967119892901662736,False,2025-07-22 11:31:26,1,2025-07-25 11:31:26,1,False
1967119897452482735,1967119892951994381,1967119892855525377,False,2025-07-22 11:31:26,1,2025-07-25 11:31:26,1,False
1967119897456676864,1967119892951994381,1967119892935217154,True,2025-07-22 11:31:26,1,2025-07-25 11:31:26,1,False
1967119897456676865,1967119892951994381,1967119892918439947,True,2025-07-22 11:31:26,1,2025-07-25 11:31:26,1,False
1967119897456676866,1967119892951994381,1967119892897468427,False,2025-07-22 11:31:26,1,2025-07-25 11:31:26,1,False
1967119897456676867,1967119892951994381,1967119892943605774,False,2025-07-22 11:31:26,1,2025-07-25 11:31:26,1,False
1967119897456676868,1967119892951994381,1967119892901662737,False,2025-07-22 11:31:26,1,2025-07-25 11:31:26,1,False
1967119897456676869,1967119892951994381,1967119892901662723,True,2025-07-22 11:31:26,1,2025-07-25 11:31:26,1,False
1967119897456676870,1967119892951994381,1967119892901662742,True,2025-07-22 11:31:26,1,2025-07-25 11:31:26,1,False
1967119897456676871,1967119892951994381,1967119892868108297,True,2025-07-22 11:31:26,1,2025-07-25 11:31:26,1,False
1967119897456676872,1967119892951994381,1967119892943605765,False,2025-07-22 11:31:26,1,2025-07-25 11:31:26,1,False
1967119897456676873,1967119892951994381,1967119892868108289,False,2025-07-22 11:31:26,1,2025-07-25 11:31:26,1,False
1967119897456676874,1967119892951994381,1967119892918439943,True,2025-07-22 11:31:26,1,2025-07-25 11:31:26,1,False
1967119897456676875,1967119892951994381,1967119892884885513,False,2025-07-22 11:31:26,1,2025-07-25 11:31:26,1,False
1967119897456676876,1967119892951994381,1967119892889079809,False,2025-07-22 11:31:26,1,2025-07-25 11:31:26,1,False
1967119897456676877,1967119892951994381,1967119892901662726,True,2025-07-22 11:31:26,1,2025-07-25 11:31:26,1,False
1967119897456676878,1967119892951994381,1967119892910051348,True,2025-07-22 11:31:26,1,2025-07-25 11:31:26,1,False
1967119897456676879,1967119892951994381,1967119892893274112,False,2025-07-22 11:31:26,1,2025-07-25 11:31:26,1,False
1967119897456676880,1967119892951994381,1967119892943605763,False,2025-07-22 11:31:26,1,2025-07-25 11:31:26,1,False
1967119897456676881,1967119892951994381,1967119892880691213,True,2025-07-22 11:31:26,1,2025-07-25 11:31:26,1,False
1967119897456676882,1967119892951994381,1967119892918439951,True,2025-07-22 11:31:26,1,2025-07-25 11:31:26,1,False
1967119897456676883,1967119892951994381,1967119892838748370,True,2025-07-22 11:31:26,1,2025-07-25 11:31:26,1,False
1967119897456676884,1967119892951994381,1967119892943605784,False,2025-07-22 11:31:26,1,2025-07-25 11:31:26,1,False
1967119897456676885,1967119892951994381,1967119892838748357,True,2025-07-22 11:31:26,1,2025-07-25 11:31:26,1,False
1967119897456676886,1967119892951994381,1967119892884885510,False,2025-07-22 11:31:26,1,2025-07-25 11:31:26,1,False
1967119897456676887,1967119892951994381,1967119892905857036,False,2025-07-22 11:31:26,1,2025-07-25 11:31:26,1,False
1967119897456676888,1967119892951994381,1967119892851331091,False,2025-07-22 11:31:26,1,2025-07-25 11:31:26,1,False
1967119897456676889,1967119892951994381,1967119892838748359,True,2025-07-22 11:31:26,1,2025-07-25 11:31:26,1,False
1967119897456676890,1967119892951994381,1967119892910051331,True,2025-07-22 11:31:26,1,2025-07-25 11:31:26,1,False
1967119897456676891,1967119892951994381,1967119892910051334,False,2025-07-22 11:31:26,1,2025-07-25 11:31:26,1,False
1967119897456676892,1967119892951994381,1967119892918439956,False,2025-07-22 11:31:26,1,2025-07-25 11:31:26,1,False
1967119897456676893,1967119892951994381,1967119892918439942,True,2025-07-22 11:31:26,1,2025-07-25 11:31:26,1,False
1967119897456676894,1967119892951994381,1967119892943605782,True,2025-07-22 11:31:26,1,2025-07-25 11:31:26,1,False
1967119897456676895,1967119892951994381,1967119892910051341,False,2025-07-22 11:31:26,1,2025-07-25 11:31:26,1,False
1967119897456676896,1967119892951994381,1967119892889079812,True,2025-07-22 11:31:26,1,2025-07-25 11:31:26,1,False
1967119897456676897,1967119892951994381,1967119892855525379,False,2025-07-22 11:31:26,1,2025-07-25 11:31:26,1,False
1967119897456676898,1967119892951994381,1967119892918439950,True,2025-07-22 11:31:26,1,2025-07-25 11:31:26,1,False
1967119897456676899,1967119892951994381,1967119892943605786,True,2025-07-22 11:31:26,1,2025-07-25 11:31:26,1,False
1967119897456676900,1967119892951994381,1967119892859719697,True,2025-07-22 11:31:26,1,2025-07-25 11:31:26,1,False
1967119897456676901,1967119892951994381,1967119892947800086,True,2025-07-22 11:31:26,1,2025-07-25 11:31:26,1,False
1967119897456676902,1967119892951994381,1967119892880691200,False,2025-07-22 11:31:26,1,2025-07-25 11:31:26,1,False
1967119897456676903,1967119892951994381,1967119892901662734,True,2025-07-22 11:31:26,1,2025-07-25 11:31:26,1,False
1967119897456676904,1967119892951994381,1967119892914245642,True,2025-07-22 11:31:26,1,2025-07-25 11:31:26,1,False
1967119897456676905,1967119892951994381,1967119892905857026,True,2025-07-22 11:31:26,1,2025-07-25 11:31:26,1,False
1967119897456676906,1967119892951994381,1967119892889079820,False,2025-07-22 11:31:26,1,2025-07-25 11:31:26,1,False
1967119897456676907,1967119892951994381,1967119892901662738,True,2025-07-22 11:31:26,1,2025-07-25 11:31:26,1,False
1967119897456676908,1967119892951994381,1967119892838748336,True,2025-07-22 11:31:26,1,2025-07-25 11:31:26,1,False
1967119897456676909,1967119892951994381,1967119892855525381,True,2025-07-22 11:31:26,1,2025-07-25 11:31:26,1,False
1967119897456676910,1967119892951994381,1967119892939411473,True,2025-07-22 11:31:26,1,2025-07-25 11:31:26,1,False
1967119897456676911,1967119892951994381,1967119892905857025,True,2025-07-22 11:31:26,1,2025-07-25 11:31:26,1,False
1967119897456676912,1967119892951994381,1967119892901662741,True,2025-07-22 11:31:26,1,2025-07-25 11:31:26,1,False
1967119897456676913,1967119892951994381,1967119892897468425,False,2025-07-22 11:31:26,1,2025-07-25 11:31:26,1,False
1967119897456676914,1967119892951994381,1967119892880691216,True,2025-07-22 11:31:26,1,2025-07-25 11:31:26,1,False
1967119897456676915,1967119892951994381,1967119892897468429,True,2025-07-22 11:31:26,1,2025-07-25 11:31:26,1,False
1967119897456676916,1967119892951994381,1967119892914245637,False,2025-07-22 11:31:26,1,2025-07-25 11:31:26,1,False
1967119897456676917,1967119892951994381,1967119892855525390,False,2025-07-22 11:31:26,1,2025-07-25 11:31:26,1,False
1967119897456676918,1967119892951994381,1967119892905857042,True,2025-07-22 11:31:26,1,2025-07-25 11:31:26,1,False
1967119897456676919,1967119892951994381,1967119892905857028,False,2025-07-22 11:31:26,1,2025-07-25 11:31:26,1,False
1967119897456676920,1967119892951994381,1967119892901662725,True,2025-07-22 11:31:26,1,2025-07-25 11:31:26,1,False
1967119897456676921,1967119892951994381,1967119892855525392,False,2025-07-22 11:31:26,1,2025-07-25 11:31:26,1,False
1967119897456676922,1967119892951994381,1967119892872302596,False,2025-07-22 11:31:26,1,2025-07-25 11:31:26,1,False
1967119897456676923,1967119892951994381,1967119892880691209,True,2025-07-22 11:31:26,1,2025-07-25 11:31:26,1,False
1967119897456676924,1967119892951994381,1967119892838748355,False,2025-07-22 11:31:26,1,2025-07-25 11:31:26,1,False
1967119897456676925,1967119892951994381,1967119892838748353,False,2025-07-22 11:31:26,1,2025-07-25 11:31:26,1,False
1967119897456676926,1967119892951994381,1967119892947800088,False,2025-07-22 11:31:26,1,2025-07-25 11:31:26,1,False
1967119897456676927,1967119892951994381,1967119892868108296,False,2025-07-22 11:31:26,1,2025-07-25 11:31:26,1,False
1967119897456676928,1967119892951994381,1967119892851331083,True,2025-07-22 11:31:26,1,2025-07-25 11:31:26,1,False
1967119897456676929,1967119892951994381,1967119892868108303,True,2025-07-22 11:31:26,1,2025-07-25 11:31:26,1,False
1967119897456676930,1967119892951994381,1967119892880691212,True,2025-07-22 11:31:26,1,2025-07-25 11:31:26,1,False
1967119897456676931,1967119892951994381,1967119892880691210,False,2025-07-22 11:31:26,1,2025-07-25 11:31:26,1,False
1967119897456676932,1967119892951994381,1967119892935217159,False,2025-07-22 11:31:26,1,2025-07-25 11:31:26,1,False
1967119897456676933,1967119892951994381,1967119892893274113,False,2025-07-22 11:31:26,1,2025-07-25 11:31:26,1,False
1967119897456676934,1967119892951994381,1967119892859719691,True,2025-07-22 11:31:26,1,2025-07-25 11:31:26,1,False
1967119897456676935,1967119892951994381,1967119892910051332,True,2025-07-22 11:31:26,1,2025-07-25 11:31:26,1,False
1967119897456676936,1967119892951994381,1967119892884885508,False,2025-07-22 11:31:26,1,2025-07-25 11:31:26,1,False
1967119897456676937,1967119892951994381,1967119892918439957,False,2025-07-22 11:31:26,1,2025-07-25 11:31:26,1,False
1967119897456676938,1967119892951994381,1967119892855525393,False,2025-07-22 11:31:26,1,2025-07-25 11:31:26,1,False
1967119897456676939,1967119892951994381,1967119892851331085,False,2025-07-22 11:31:26,1,2025-07-25 11:31:26,1,False
1967119897456676940,1967119892951994381,1967119892910051343,True,2025-07-22 11:31:26,1,2025-07-25 11:31:26,1,False
1967119897456676941,1967119892951994381,1967119892855525380,True,2025-07-22 11:31:26,1,2025-07-25 11:31:26,1,False
1967119897456676942,1967119892951994381,1967119892951994370,True,2025-07-22 11:31:26,1,2025-07-25 11:31:26,1,False
1967119897456676943,1967119892951994381,1967119892851331086,True,2025-07-22 11:31:26,1,2025-07-25 11:31:26,1,False
1967119897456676944,1967119892951994381,1967119892838748334,False,2025-07-22 11:31:26,1,2025-07-25 11:31:26,1,False
1967119897456676945,1967119892951994381,1967119892951994369,True,2025-07-22 11:31:26,1,2025-07-25 11:31:26,1,False
1967119897456676946,1967119892951994381,1967119892905857039,False,2025-07-22 11:31:26,1,2025-07-25 11:31:26,1,False
1967119897456676947,1967119892951994381,1967119892910051355,False,2025-07-22 11:31:26,1,2025-07-25 11:31:26,1,False
1967119897456676948,1967119892951994381,1967119892893274115,False,2025-07-22 11:31:26,1,2025-07-25 11:31:26,1,False
1967119897456676949,1967119892951994381,1967119892872302604,True,2025-07-22 11:31:26,1,2025-07-25 11:31:26,1,False
1967119897456676950,1967119892951994381,1967119892926828544,False,2025-07-22 11:31:26,1,2025-07-25 11:31:26,1,False
1967119897456676951,1967119892951994381,1967119892893274116,True,2025-07-22 11:31:26,1,2025-07-25 11:31:26,1,False
1967119897456676952,1967119892951994381,1967119892901662739,False,2025-07-22 11:31:26,1,2025-07-25 11:31:26,1,False
1967119897456676953,1967119892951994381,1967119892939411459,False,2025-07-22 11:31:26,1,2025-07-25 11:31:26,1,False
1967119897456676954,1967119892951994381,1967119892838748325,False,2025-07-22 11:31:26,1,2025-07-25 11:31:26,1,False
1967119897456676955,1967119892951994381,1967119892838748339,True,2025-07-22 11:31:26,1,2025-07-25 11:31:26,1,False
1967119897456676956,1967119892951994381,1967119892838748344,True,2025-07-22 11:31:26,1,2025-07-25 11:31:26,1,False
1967119897456676957,1967119892951994381,1967119892943605783,True,2025-07-22 11:31:26,1,2025-07-25 11:31:26,1,False
1967119897456676958,1967119892951994381,1967119892863913989,False,2025-07-22 11:31:26,1,2025-07-25 11:31:26,1,False
1967119897456676959,1967119892951994381,1967119892855525384,False,2025-07-22 11:31:26,1,2025-07-25 11:31:26,1,False
1967119897456676960,1967119892951994381,1967119892914245645,True,2025-07-22 11:31:26,1,2025-07-25 11:31:26,1,False
1967119897456676961,1967119892951994381,1967119892935217165,True,2025-07-22 11:31:26,1,2025-07-25 11:31:26,1,False
1967119897456676962,1967119892951994381,1967119892872302597,False,2025-07-22 11:31:26,1,2025-07-25 11:31:26,1,False
1967119897456676963,1967119892951994381,1967119892884885514,False,2025-07-22 11:31:26,1,2025-07-25 11:31:26,1,False
1967119897456676964,1967119892951994381,1967119892880691219,False,2025-07-22 11:31:26,1,2025-07-25 11:31:26,1,False
1967119897456676965,1967119892951994381,1967119892884885507,True,2025-07-22 11:31:26,1,2025-07-25 11:31:26,1,False
1967119897456676966,1967119892951994381,1967119892951994373,True,2025-07-22 11:31:26,1,2025-07-25 11:31:26,1,False
1967119897456676967,1967119892951994381,1967119892872302595,False,2025-07-22 11:31:26,1,2025-07-25 11:31:26,1,False
1967119897456676968,1967119892951994381,1967119892947800077,True,2025-07-22 11:31:26,1,2025-07-25 11:31:26,1,False
1967119897456676969,1967119892951994381,1967119892922634246,False,2025-07-22 11:31:26,1,2025-07-25 11:31:26,1,False
1967119897456676970,1967119892951994381,1967119892914245633,False,2025-07-22 11:31:26,1,2025-07-25 11:31:26,1,False
1967119897456676971,1967119892951994381,1967119892859719687,False,2025-07-22 11:31:26,1,2025-07-25 11:31:26,1,False
1967119897456676972,1967119892951994381,1967119892868108290,False,2025-07-22 11:31:26,1,2025-07-25 11:31:26,1,False
1967119897456676973,1967119892951994381,1967119892868108288,True,2025-07-22 11:31:26,1,2025-07-25 11:31:26,1,False
1967119897456676974,1967119892951994381,1967119892901662722,True,2025-07-22 11:31:26,1,2025-07-25 11:31:26,1,False
1967119897456676975,1967119892951994381,1967119892918439953,False,2025-07-22 11:31:26,1,2025-07-25 11:31:26,1,False
1967119897456676976,1967119892951994381,1967119892947800069,False,2025-07-22 11:31:26,1,2025-07-25 11:31:26,1,False
1967119897456676977,1967119892951994381,1967119892893274123,True,2025-07-22 11:31:26,1,2025-07-25 11:31:26,1,False
1967119897456676978,1967119892951994381,1967119892901662732,False,2025-07-22 11:31:26,1,2025-07-25 11:31:26,1,False
1967119897456676979,1967119892951994381,1967119892855525383,False,2025-07-22 11:31:26,1,2025-07-25 11:31:26,1,False
1967119897456676980,1967119892951994381,1967119892947800090,False,2025-07-22 11:31:26,1,2025-07-25 11:31:26,1,False
1967119897456676981,1967119892951994381,1967119892838748366,True,2025-07-22 11:31:26,1,2025-07-25 11:31:26,1,False
1967119897456676982,1967119892951994381,1967119892863913994,False,2025-07-22 11:31:26,1,2025-07-25 11:31:26,1,False
1967119897456676983,1967119892951994382,1967119892859719703,True,2025-06-05 19:08:50,1,2025-06-06 19:08:50,1,False
1967119897456676984,1967119892951994382,1967119892947800067,False,2025-06-05 19:08:50,1,2025-06-06 19:08:50,1,False
1967119897456676985,1967119892951994382,1967119892943605763,True,2025-06-05 19:08:50,1,2025-06-06 19:08:50,1,False
1967119897456676986,1967119892951994382,1967119892855525380,True,2025-06-05 19:08:50,1,2025-06-06 19:08:50,1,False
1967119897456676987,1967119892951994382,1967119892855525398,False,2025-06-05 19:08:50,1,2025-06-06 19:08:50,1,False
1967119897456676988,1967119892951994382,1967119892922634246,True,2025-06-05 19:08:50,1,2025-06-06 19:08:50,1,False
1967119897456676989,1967119892951994382,1967119892947800065,False,2025-06-05 19:08:50,1,2025-06-06 19:08:50,1,False
1967119897456676990,1967119892951994382,1967119892872302605,True,2025-06-05 19:08:50,1,2025-06-06 19:08:50,1,False
1967119897456676991,1967119892951994382,1967119892905857029,False,2025-06-05 19:08:50,1,2025-06-06 19:08:50,1,False
1967119897456676992,1967119892951994382,1967119892863913991,False,2025-06-05 19:08:50,1,2025-06-06 19:08:50,1,False
1967119897456676993,1967119892951994382,1967119892838748368,True,2025-06-05 19:08:50,1,2025-06-06 19:08:50,1,False
1967119897456676994,1967119892951994382,1967119892859719694,False,2025-06-05 19:08:50,1,2025-06-06 19:08:50,1,False
1967119897456676995,1967119892951994382,1967119892863913989,False,2025-06-05 19:08:50,1,2025-06-06 19:08:50,1,False
1967119897456676996,1967119892951994382,1967119892939411472,True,2025-06-05 19:08:50,1,2025-06-06 19:08:50,1,False
1967119897456676997,1967119892951994382,1967119892880691203,True,2025-06-05 19:08:50,1,2025-06-06 19:08:50,1,False
1967119897456676998,1967119892951994382,1967119892889079820,False,2025-06-05 19:08:50,1,2025-06-06 19:08:50,1,False
1967119897456676999,1967119892951994382,1967119892880691210,True,2025-06-05 19:08:50,1,2025-06-06 19:08:50,1,False
1967119897456677000,1967119892951994382,1967119892914245649,False,2025-06-05 19:08:50,1,2025-06-06 19:08:50,1,False
1967119897456677001,1967119892951994382,1967119892943605789,True,2025-06-05 19:08:50,1,2025-06-06 19:08:50,1,False
1967119897456677002,1967119892951994382,1967119892951994372,True,2025-06-05 19:08:50,1,2025-06-06 19:08:50,1,False
1967119897456677003,1967119892951994382,1967119892868108294,True,2025-06-05 19:08:50,1,2025-06-06 19:08:50,1,False
1967119897456677004,1967119892951994382,1967119892918439963,True,2025-06-05 19:08:50,1,2025-06-06 19:08:50,1,False
1967119897456677005,1967119892951994382,1967119892935217156,False,2025-06-05 19:08:50,1,2025-06-06 19:08:50,1,False
1967119897456677006,1967119892951994382,1967119892905857031,False,2025-06-05 19:08:50,1,2025-06-06 19:08:50,1,False
1967119897456677007,1967119892951994382,1967119892863913986,True,2025-06-05 19:08:50,1,2025-06-06 19:08:50,1,False
1967119897456677008,1967119892951994382,1967119892880691214,True,2025-06-05 19:08:50,1,2025-06-06 19:08:50,1,False
1967119897456677009,1967119892951994382,1967119892838748341,False,2025-06-05 19:08:50,1,2025-06-06 19:08:50,1,False
1967119897456677010,1967119892951994382,1967119892905857038,True,2025-06-05 19:08:50,1,2025-06-06 19:08:50,1,False
1967119897456677011,1967119892951994382,1967119892910051332,False,2025-06-05 19:08:50,1,2025-06-06 19:08:50,1,False
1967119897456677012,1967119892951994382,1967119892905857034,True,2025-06-05 19:08:50,1,2025-06-06 19:08:50,1,False
1967119897456677013,1967119892951994382,1967119892880691213,True,2025-06-05 19:08:50,1,2025-06-06 19:08:50,1,False
1967119897456677014,1967119892951994382,1967119892943605779,True,2025-06-05 19:08:50,1,2025-06-06 19:08:50,1,False
1967119897456677015,1967119892951994382,1967119892951994374,True,2025-06-05 19:08:50,1,2025-06-06 19:08:50,1,False
1967119897456677016,1967119892951994382,1967119892905857027,False,2025-06-05 19:08:50,1,2025-06-06 19:08:50,1,False
1967119897456677017,1967119892951994382,1967119892939411461,False,2025-06-05 19:08:50,1,2025-06-06 19:08:50,1,False
1967119897456677018,1967119892951994382,1967119892910051329,True,2025-06-05 19:08:50,1,2025-06-06 19:08:50,1,False
1967119897456677019,1967119892951994382,1967119892855525378,True,2025-06-05 19:08:50,1,2025-06-06 19:08:50,1,False
1967119897456677020,1967119892951994382,1967119892855525385,True,2025-06-05 19:08:50,1,2025-06-06 19:08:50,1,False
1967119897456677021,1967119892951994382,1967119892910051333,True,2025-06-05 19:08:50,1,2025-06-06 19:08:50,1,False
1967119897456677022,1967119892951994382,1967119892914245632,False,2025-06-05 19:08:50,1,2025-06-06 19:08:50,1,False
1967119897456677023,1967119892951994382,1967119892851331085,False,2025-06-05 19:08:50,1,2025-06-06 19:08:50,1,False
1967119897456677024,1967119892951994382,1967119892943605766,True,2025-06-05 19:08:50,1,2025-06-06 19:08:50,1,False
1967119897456677025,1967119892951994382,1967119892905857043,False,2025-06-05 19:08:50,1,2025-06-06 19:08:50,1,False
1967119897456677026,1967119892951994382,1967119892947800085,True,2025-06-05 19:08:50,1,2025-06-06 19:08:50,1,False
1967119897456677027,1967119892951994382,1967119892914245640,False,2025-06-05 19:08:50,1,2025-06-06 19:08:50,1,False
1967119897456677028,1967119892951994382,1967119892897468421,False,2025-06-05 19:08:50,1,2025-06-06 19:08:50,1,False
1967119897456677029,1967119892951994382,1967119892838748327,False,2025-06-05 19:08:50,1,2025-06-06 19:08:50,1,False
1967119897456677030,1967119892951994382,1967119892855525382,True,2025-06-05 19:08:50,1,2025-06-06 19:08:50,1,False
1967119897456677031,1967119892951994382,1967119892855525384,False,2025-06-05 19:08:50,1,2025-06-06 19:08:50,1,False
1967119897456677032,1967119892951994382,1967119892918439953,False,2025-06-05 19:08:50,1,2025-06-06 19:08:50,1,False
1967119897456677033,1967119892951994382,1967119892851331074,True,2025-06-05 19:08:50,1,2025-06-06 19:08:50,1,False
1967119897456677034,1967119892951994382,1967119892838748366,False,2025-06-05 19:08:50,1,2025-06-06 19:08:50,1,False
1967119897456677035,1967119892951994383,1967119892880691210,False,2025-05-17 18:09:16,1,2025-05-21 18:09:16,1,False
1967119897456677036,1967119892951994383,1967119892910051345,False,2025-05-17 18:09:16,1,2025-05-21 18:09:16,1,False
1967119897456677037,1967119892951994383,1967119892947800090,True,2025-05-17 18:09:16,1,2025-05-21 18:09:16,1,False
1967119897456677038,1967119892951994383,1967119892897468418,False,2025-05-17 18:09:16,1,2025-05-21 18:09:16,1,False
1967119897456677039,1967119892951994383,1967119892910051349,False,2025-05-17 18:09:16,1,2025-05-21 18:09:16,1,False
1967119897456677040,1967119892951994383,1967119892905857032,True,2025-05-17 18:09:16,1,2025-05-21 18:09:16,1,False
1967119897456677041,1967119892951994383,1967119892851331081,False,2025-05-17 18:09:16,1,2025-05-21 18:09:16,1,False
1967119897456677042,1967119892951994383,1967119892868108289,True,2025-05-17 18:09:16,1,2025-05-21 18:09:16,1,False
1967119897456677043,1967119892951994383,1967119892897468433,True,2025-05-17 18:09:16,1,2025-05-21 18:09:16,1,False
1967119897456677044,1967119892951994383,1967119892914245636,True,2025-05-17 18:09:16,1,2025-05-21 18:09:16,1,False
1967119897456677045,1967119892951994383,1967119892901662735,True,2025-05-17 18:09:16,1,2025-05-21 18:09:16,1,False
1967119897456677046,1967119892951994383,1967119892859719693,False,2025-05-17 18:09:16,1,2025-05-21 18:09:16,1,False
1967119897456677047,1967119892951994383,1967119892838748360,True,2025-05-17 18:09:16,1,2025-05-21 18:09:16,1,False
1967119897456677048,1967119892951994383,1967119892859719698,False,2025-05-17 18:09:16,1,2025-05-21 18:09:16,1,False
1967119897456677049,1967119892951994383,1967119892880691208,True,2025-05-17 18:09:16,1,2025-05-21 18:09:16,1,False
1967119897456677050,1967119892951994383,1967119892838748348,True,2025-05-17 18:09:16,1,2025-05-21 18:09:16,1,False
1967119897456677051,1967119892951994383,1967119892951994373,False,2025-05-17 18:09:16,1,2025-05-21 18:09:16,1,False
1967119897456677052,1967119892951994383,1967119892935217153,False,2025-05-17 18:09:16,1,2025-05-21 18:09:16,1,False
1967119897456677053,1967119892951994383,1967119892935217161,False,2025-05-17 18:09:16,1,2025-05-21 18:09:16,1,False
1967119897456677054,1967119892951994383,1967119892943605779,False,2025-05-17 18:09:16,1,2025-05-21 18:09:16,1,False
1967119897456677055,1967119892951994383,1967119892893274115,False,2025-05-17 18:09:16,1,2025-05-21 18:09:16,1,False
1967119897456677056,1967119892951994383,1967119892918439939,False,2025-05-17 18:09:16,1,2025-05-21 18:09:16,1,False
1967119897456677057,1967119892951994383,1967119892918439940,False,2025-05-17 18:09:16,1,2025-05-21 18:09:16,1,False
1967119897456677058,1967119892951994383,1967119892838748334,False,2025-05-17 18:09:16,1,2025-05-21 18:09:16,1,False
1967119897456677059,1967119892951994383,1967119892859719696,False,2025-05-17 18:09:16,1,2025-05-21 18:09:16,1,False
1967119897456677060,1967119892951994383,1967119892910051336,False,2025-05-17 18:09:16,1,2025-05-21 18:09:16,1,False
1967119897456677061,1967119892951994383,1967119892897468426,False,2025-05-17 18:09:16,1,2025-05-21 18:09:16,1,False
1967119897456677062,1967119892951994383,1967119892838748323,False,2025-05-17 18:09:16,1,2025-05-21 18:09:16,1,False
1967119897456677063,1967119892951994383,1967119892851331093,False,2025-05-17 18:09:16,1,2025-05-21 18:09:16,1,False
1967119897456677064,1967119892951994383,1967119892918439955,False,2025-05-17 18:09:16,1,2025-05-21 18:09:16,1,False
1967119897456677065,1967119892951994383,1967119892918439950,True,2025-05-17 18:09:16,1,2025-05-21 18:09:16,1,False
1967119897456677066,1967119892951994383,1967119892851331083,False,2025-05-17 18:09:16,1,2025-05-21 18:09:16,1,False
1967119897456677067,1967119892951994383,1967119892947800073,False,2025-05-17 18:09:16,1,2025-05-21 18:09:16,1,False
1967119897456677068,1967119892951994383,1967119892838748355,False,2025-05-17 18:09:16,1,2025-05-21 18:09:16,1,False
1967119897456677069,1967119892951994383,1967119892838748357,False,2025-05-17 18:09:16,1,2025-05-21 18:09:16,1,False
1967119897456677070,1967119892951994383,1967119892838748364,False,2025-05-17 18:09:16,1,2025-05-21 18:09:16,1,False
1967119897456677071,1967119892951994383,1967119892939411457,True,2025-05-17 18:09:16,1,2025-05-21 18:09:16,1,False
1967119897456677072,1967119892951994383,1967119892893274121,False,2025-05-17 18:09:16,1,2025-05-21 18:09:16,1,False
1967119897456677073,1967119892951994383,1967119892947800074,True,2025-05-17 18:09:16,1,2025-05-21 18:09:16,1,False
1967119897456677074,1967119892951994383,1967119892905857041,False,2025-05-17 18:09:16,1,2025-05-21 18:09:16,1,False
1967119897456677075,1967119892951994383,1967119892947800091,False,2025-05-17 18:09:16,1,2025-05-21 18:09:16,1,False
1967119897456677076,1967119892951994383,1967119892876496897,True,2025-05-17 18:09:16,1,2025-05-21 18:09:16,1,False
1967119897456677077,1967119892951994383,1967119892943605778,False,2025-05-17 18:09:16,1,2025-05-21 18:09:16,1,False
1967119897456677078,1967119892951994383,1967119892901662738,False,2025-05-17 18:09:16,1,2025-05-21 18:09:16,1,False
1967119897456677079,1967119892951994383,1967119892851331078,False,2025-05-17 18:09:16,1,2025-05-21 18:09:16,1,False
1967119897456677080,1967119892951994383,1967119892905857040,True,2025-05-17 18:09:16,1,2025-05-21 18:09:16,1,False
1967119897456677081,1967119892951994383,1967119892939411460,False,2025-05-17 18:09:16,1,2025-05-21 18:09:16,1,False
1967119897456677082,1967119892951994383,1967119892872302602,True,2025-05-17 18:09:16,1,2025-05-21 18:09:16,1,False
1967119897456677083,1967119892951994383,1967119892918439965,True,2025-05-17 18:09:16,1,2025-05-21 18:09:16,1,False
1967119897456677084,1967119892951994383,1967119892926828544,True,2025-05-17 18:09:16,1,2025-05-21 18:09:16,1,False
1967119897456677085,1967119892951994383,1967119892838748356,True,2025-05-17 18:09:16,1,2025-05-21 18:09:16,1,False
1967119897456677086,1967119892951994383,1967119892859719682,False,2025-05-17 18:09:16,1,2025-05-21 18:09:16,1,False
1967119897456677087,1967119892951994383,1967119892901662733,True,2025-05-17 18:09:16,1,2025-05-21 18:09:16,1,False
1967119897456677088,1967119892951994383,1967119892893274114,False,2025-05-17 18:09:16,1,2025-05-21 18:09:16,1,False
1967119897456677089,1967119892951994383,1967119892868108291,True,2025-05-17 18:09:16,1,2025-05-21 18:09:16,1,False
1967119897456677090,1967119892951994383,1967119892868108303,True,2025-05-17 18:09:16,1,2025-05-21 18:09:16,1,False
1967119897456677091,1967119892951994383,1967119892893274125,True,2025-05-17 18:09:16,1,2025-05-21 18:09:16,1,False
1967119897456677092,1967119892951994383,1967119892884885504,False,2025-05-17 18:09:16,1,2025-05-21 18:09:16,1,False
1967119897456677093,1967119892951994383,1967119892951994368,True,2025-05-17 18:09:16,1,2025-05-21 18:09:16,1,False
1967119897456677094,1967119892951994383,1967119892838748362,False,2025-05-17 18:09:16,1,2025-05-21 18:09:16,1,False
1967119897456677095,1967119892951994383,1967119892855525396,True,2025-05-17 18:09:16,1,2025-05-21 18:09:16,1,False
1967119897456677096,1967119892951994383,1967119892872302605,False,2025-05-17 18:09:16,1,2025-05-21 18:09:16,1,False
1967119897456677097,1967119892951994383,1967119892943605789,False,2025-05-17 18:09:16,1,2025-05-21 18:09:16,1,False
1967119897456677098,1967119892951994383,1967119892855525387,True,2025-05-17 18:09:16,1,2025-05-21 18:09:16,1,False
1967119897456677099,1967119892951994383,1967119892905857036,True,2025-05-17 18:09:16,1,2025-05-21 18:09:16,1,False
1967119897456677100,1967119892951994383,1967119892863913996,True,2025-05-17 18:09:16,1,2025-05-21 18:09:16,1,False
1967119897456677101,1967119892951994383,1967119892838748328,False,2025-05-17 18:09:16,1,2025-05-21 18:09:16,1,False
1967119897456677102,1967119892951994383,1967119892897468419,False,2025-05-17 18:09:16,1,2025-05-21 18:09:16,1,False
1967119897456677103,1967119892951994383,1967119892910051343,True,2025-05-17 18:09:16,1,2025-05-21 18:09:16,1,False
1967119897456677104,1967119892951994383,1967119892838748365,True,2025-05-17 18:09:16,1,2025-05-21 18:09:16,1,False
1967119897456677105,1967119892951994383,1967119892914245633,True,2025-05-17 18:09:16,1,2025-05-21 18:09:16,1,False
1967119897456677106,1967119892951994383,1967119892889079811,False,2025-05-17 18:09:16,1,2025-05-21 18:09:16,1,False
1967119897456677107,1967119892951994383,1967119892918439956,False,2025-05-17 18:09:16,1,2025-05-21 18:09:16,1,False
1967119897456677108,1967119892951994383,1967119892855525394,True,2025-05-17 18:09:16,1,2025-05-21 18:09:16,1,False
1967119897456677109,1967119892951994383,1967119892838748344,False,2025-05-17 18:09:16,1,2025-05-21 18:09:16,1,False
1967119897456677110,1967119892951994383,1967119892893274124,True,2025-05-17 18:09:16,1,2025-05-21 18:09:16,1,False
1967119897456677111,1967119892951994383,1967119892910051330,True,2025-05-17 18:09:16,1,2025-05-21 18:09:16,1,False
1967119897456677112,1967119892951994383,1967119892905857026,True,2025-05-17 18:09:16,1,2025-05-21 18:09:16,1,False
1967119897456677113,1967119892951994383,1967119892901662736,False,2025-05-17 18:09:16,1,2025-05-21 18:09:16,1,False
1967119897456677114,1967119892951994383,1967119892859719702,False,2025-05-17 18:09:16,1,2025-05-21 18:09:16,1,False
1967119897456677115,1967119892951994383,1967119892880691218,True,2025-05-17 18:09:16,1,2025-05-21 18:09:16,1,False
1967119897456677116,1967119892951994383,1967119892838748325,False,2025-05-17 18:09:16,1,2025-05-21 18:09:16,1,False
1967119897456677117,1967119892951994383,1967119892939411469,False,2025-05-17 18:09:16,1,2025-05-21 18:09:16,1,False
1967119897456677118,1967119892951994383,1967119892880691209,True,2025-05-17 18:09:16,1,2025-05-21 18:09:16,1,False
1967119897456677119,1967119892951994383,1967119892914245638,False,2025-05-17 18:09:16,1,2025-05-21 18:09:16,1,False
1967119897456677120,1967119892951994383,1967119892939411468,True,2025-05-17 18:09:16,1,2025-05-21 18:09:16,1,False
1967119897456677121,1967119892951994383,1967119892851331074,False,2025-05-17 18:09:16,1,2025-05-21 18:09:16,1,False
1967119897456677122,1967119892951994383,1967119892918439953,True,2025-05-17 18:09:16,1,2025-05-21 18:09:16,1,False
1967119897456677123,1967119892951994383,1967119892897468431,True,2025-05-17 18:09:16,1,2025-05-21 18:09:16,1,False
1967119897456677124,1967119892951994383,1967119892838748353,False,2025-05-17 18:09:16,1,2025-05-21 18:09:16,1,False
1967119897456677125,1967119892951994383,1967119892905857029,False,2025-05-17 18:09:16,1,2025-05-21 18:09:16,1,False
1967119897456677126,1967119892951994383,1967119892939411473,True,2025-05-17 18:09:16,1,2025-05-21 18:09:16,1,False
1967119897456677127,1967119892951994383,1967119892872302600,True,2025-05-17 18:09:16,1,2025-05-21 18:09:16,1,False
1967119897456677128,1967119892951994383,1967119892926828545,False,2025-05-17 18:09:16,1,2025-05-21 18:09:16,1,False
1967119897456677129,1967119892951994383,1967119892884885509,True,2025-05-17 18:09:16,1,2025-05-21 18:09:16,1,False
1967119897456677130,1967119892951994383,1967119892943605767,False,2025-05-17 18:09:16,1,2025-05-21 18:09:16,1,False
1967119897456677131,1967119892951994383,1967119892893274113,True,2025-05-17 18:09:16,1,2025-05-21 18:09:16,1,False
1967119897456677132,1967119892951994383,1967119892880691215,True,2025-05-17 18:09:16,1,2025-05-21 18:09:16,1,False
1967119897456677133,1967119892951994383,1967119892897468429,False,2025-05-17 18:09:16,1,2025-05-21 18:09:16,1,False
1967119897456677134,1967119892951994383,1967119892918439937,False,2025-05-17 18:09:16,1,2025-05-21 18:09:16,1,False
1967119897456677135,1967119892951994383,1967119892918439942,False,2025-05-17 18:09:16,1,2025-05-21 18:09:16,1,False
1967119897456677136,1967119892951994383,1967119892884885511,True,2025-05-17 18:09:16,1,2025-05-21 18:09:16,1,False
1967119897456677137,1967119892951994383,1967119892935217154,True,2025-05-17 18:09:16,1,2025-05-21 18:09:16,1,False
1967119897456677138,1967119892951994383,1967119892880691217,True,2025-05-17 18:09:16,1,2025-05-21 18:09:16,1,False
1967119897456677139,1967119892951994383,1967119892951994374,False,2025-05-17 18:09:16,1,2025-05-21 18:09:16,1,False
1967119897456677140,1967119892951994383,1967119892851331084,True,2025-05-17 18:09:16,1,2025-05-21 18:09:16,1,False
1967119897456677141,1967119892951994383,1967119892951994377,False,2025-05-17 18:09:16,1,2025-05-21 18:09:16,1,False
1967119897456677142,1967119892951994384,1967119892851331073,True,2025-07-18 22:42:20,1,2025-07-19 22:42:20,1,False
1967119897456677143,1967119892951994384,1967119892838748367,False,2025-07-18 22:42:20,1,2025-07-19 22:42:20,1,False
1967119897456677144,1967119892951994384,1967119892947800092,False,2025-07-18 22:42:20,1,2025-07-19 22:42:20,1,False
1967119897456677145,1967119892951994384,1967119892897468425,True,2025-07-18 22:42:20,1,2025-07-19 22:42:20,1,False
1967119897456677146,1967119892951994384,1967119892918439962,False,2025-07-18 22:42:20,1,2025-07-19 22:42:20,1,False
1967119897456677147,1967119892951994384,1967119892897468422,True,2025-07-18 22:42:20,1,2025-07-19 22:42:20,1,False
1967119897456677148,1967119892951994384,1967119892910051342,True,2025-07-18 22:42:20,1,2025-07-19 22:42:20,1,False
1967119897456677149,1967119892951994384,1967119892859719704,False,2025-07-18 22:42:20,1,2025-07-19 22:42:20,1,False
1967119897456677150,1967119892951994384,1967119892910051332,False,2025-07-18 22:42:20,1,2025-07-19 22:42:20,1,False
1967119897456677151,1967119892951994384,1967119892872302602,False,2025-07-18 22:42:20,1,2025-07-19 22:42:20,1,False
1967119897456677152,1967119892951994384,1967119892880691213,True,2025-07-18 22:42:20,1,2025-07-19 22:42:20,1,False
1967119897456677153,1967119892951994384,1967119892943605764,False,2025-07-18 22:42:20,1,2025-07-19 22:42:20,1,False
1967119897456677154,1967119892951994384,1967119892918439951,True,2025-07-18 22:42:20,1,2025-07-19 22:42:20,1,False
1967119897456677155,1967119892951994384,1967119892863913989,True,2025-07-18 22:42:20,1,2025-07-19 22:42:20,1,False
1967119897456677156,1967119892951994384,1967119892947800076,False,2025-07-18 22:42:20,1,2025-07-19 22:42:20,1,False
1967119897456677157,1967119892951994384,1967119892943605761,False,2025-07-18 22:42:20,1,2025-07-19 22:42:20,1,False
1967119897456677158,1967119892951994384,1967119892855525377,True,2025-07-18 22:42:20,1,2025-07-19 22:42:20,1,False
1967119897456677159,1967119892951994384,1967119892880691205,False,2025-07-18 22:42:20,1,2025-07-19 22:42:20,1,False
1967119897456677160,1967119892951994384,1967119892868108291,True,2025-07-18 22:42:20,1,2025-07-19 22:42:20,1,False
1967119897456677161,1967119892951994384,1967119892918439954,True,2025-07-18 22:42:20,1,2025-07-19 22:42:20,1,False
1967119897456677162,1967119892951994384,1967119892876496897,False,2025-07-18 22:42:20,1,2025-07-19 22:42:20,1,False
1967119897456677163,1967119892951994384,1967119892880691219,True,2025-07-18 22:42:20,1,2025-07-19 22:42:20,1,False
1967119897456677164,1967119892951994384,1967119892897468430,True,2025-07-18 22:42:20,1,2025-07-19 22:42:20,1,False
1967119897456677165,1967119892951994384,1967119892947800086,True,2025-07-18 22:42:20,1,2025-07-19 22:42:20,1,False
1967119897456677166,1967119892951994384,1967119892922634244,False,2025-07-18 22:42:20,1,2025-07-19 22:42:20,1,False
1967119897456677167,1967119892951994384,1967119892910051328,True,2025-07-18 22:42:20,1,2025-07-19 22:42:20,1,False
1967119897456677168,1967119892951994384,1967119892893274115,False,2025-07-18 22:42:20,1,2025-07-19 22:42:20,1,False
1967119897456677169,1967119892951994384,1967119892838748331,True,2025-07-18 22:42:20,1,2025-07-19 22:42:20,1,False
1967119897456677170,1967119892951994384,1967119892838748355,True,2025-07-18 22:42:20,1,2025-07-19 22:42:20,1,False
1967119897456677171,1967119892951994384,1967119892897468423,True,2025-07-18 22:42:20,1,2025-07-19 22:42:20,1,False
1967119897456677172,1967119892951994384,1967119892872302607,True,2025-07-18 22:42:20,1,2025-07-19 22:42:20,1,False
1967119897456677173,1967119892951994384,1967119892918439944,False,2025-07-18 22:42:20,1,2025-07-19 22:42:20,1,False
1967119897456677174,1967119892951994384,1967119892951994373,False,2025-07-18 22:42:20,1,2025-07-19 22:42:20,1,False
1967119897456677175,1967119892951994384,1967119892838748326,True,2025-07-18 22:42:20,1,2025-07-19 22:42:20,1,False
1967119897456677176,1967119892951994384,1967119892838748371,False,2025-07-18 22:42:20,1,2025-07-19 22:42:20,1,False
1967119897456677177,1967119892951994384,1967119892872302604,False,2025-07-18 22:42:20,1,2025-07-19 22:42:20,1,False
1967119897456677178,1967119892951994384,1967119892918439961,False,2025-07-18 22:42:20,1,2025-07-19 22:42:20,1,False
1967119897456677179,1967119892951994384,1967119892855525381,False,2025-07-18 22:42:20,1,2025-07-19 22:42:20,1,False
1967119897456677180,1967119892951994384,1967119892914245649,True,2025-07-18 22:42:20,1,2025-07-19 22:42:20,1,False
1967119897456677181,1967119892951994384,1967119892855525392,True,2025-07-18 22:42:20,1,2025-07-19 22:42:20,1,False
1967119897456677182,1967119892951994384,1967119892905857038,False,2025-07-18 22:42:20,1,2025-07-19 22:42:20,1,False
1967119897456677183,1967119892951994384,1967119892910051359,True,2025-07-18 22:42:20,1,2025-07-19 22:42:20,1,False
1967119897456677184,1967119892951994384,1967119892868108303,True,2025-07-18 22:42:20,1,2025-07-19 22:42:20,1,False
1967119897456677185,1967119892951994384,1967119892872302603,False,2025-07-18 22:42:20,1,2025-07-19 22:42:20,1,False
1967119897456677186,1967119892951994384,1967119892880691212,True,2025-07-18 22:42:20,1,2025-07-19 22:42:20,1,False
1967119897456677187,1967119892951994384,1967119892851331094,True,2025-07-18 22:42:20,1,2025-07-19 22:42:20,1,False
1967119897456677188,1967119892951994384,1967119892905857028,False,2025-07-18 22:42:20,1,2025-07-19 22:42:20,1,False
1967119897456677189,1967119892951994384,1967119892851331074,True,2025-07-18 22:42:20,1,2025-07-19 22:42:20,1,False
1967119897456677190,1967119892951994384,1967119892922634245,True,2025-07-18 22:42:20,1,2025-07-19 22:42:20,1,False
1967119897456677191,1967119892951994384,1967119892905857043,False,2025-07-18 22:42:20,1,2025-07-19 22:42:20,1,False
1967119897456677192,1967119892951994384,1967119892884885505,False,2025-07-18 22:42:20,1,2025-07-19 22:42:20,1,False
1967119897456677193,1967119892951994384,1967119892905857035,False,2025-07-18 22:42:20,1,2025-07-19 22:42:20,1,False
1967119897456677194,1967119892951994384,1967119892851331089,False,2025-07-18 22:42:20,1,2025-07-19 22:42:20,1,False
1967119897456677195,1967119892951994384,1967119892884885507,False,2025-07-18 22:42:20,1,2025-07-19 22:42:20,1,False
1967119897456677196,1967119892951994384,1967119892889079820,False,2025-07-18 22:42:20,1,2025-07-19 22:42:20,1,False
1967119897456677197,1967119892951994384,1967119892859719700,False,2025-07-18 22:42:20,1,2025-07-19 22:42:20,1,False
1967119897456677198,1967119892951994384,1967119892901662721,False,2025-07-18 22:42:20,1,2025-07-19 22:42:20,1,False
1967119897456677199,1967119892951994384,1967119892876496899,False,2025-07-18 22:42:20,1,2025-07-19 22:42:20,1,False
1967119897456677200,1967119892951994384,1967119892880691209,False,2025-07-18 22:42:20,1,2025-07-19 22:42:20,1,False
1967119897456677201,1967119892951994384,1967119892868108296,True,2025-07-18 22:42:20,1,2025-07-19 22:42:20,1,False
1967119897456677202,1967119892951994384,1967119892943605774,True,2025-07-18 22:42:20,1,2025-07-19 22:42:20,1,False
1967119897456677203,1967119892951994384,1967119892893274119,True,2025-07-18 22:42:20,1,2025-07-19 22:42:20,1,False
1967119897456677204,1967119892951994384,1967119892939411459,True,2025-07-18 22:42:20,1,2025-07-19 22:42:20,1,False
1967119897456677205,1967119892951994384,1967119892893274112,True,2025-07-18 22:42:20,1,2025-07-19 22:42:20,1,False
1967119897456677206,1967119892951994384,1967119892851331077,False,2025-07-18 22:42:20,1,2025-07-19 22:42:20,1,False
1967119897456677207,1967119892951994384,1967119892914245648,True,2025-07-18 22:42:20,1,2025-07-19 22:42:20,1,False
1967119897456677208,1967119892951994384,1967119892893274123,True,2025-07-18 22:42:20,1,2025-07-19 22:42:20,1,False
1967119897456677209,1967119892951994384,1967119892897468432,True,2025-07-18 22:42:20,1,2025-07-19 22:42:20,1,False
1967119897456677210,1967119892951994384,1967119892910051334,True,2025-07-18 22:42:20,1,2025-07-19 22:42:20,1,False
1967119897456677211,1967119892951994384,1967119892872302608,True,2025-07-18 22:42:20,1,2025-07-19 22:42:20,1,False
1967119897456677212,1967119892951994384,1967119892918439963,True,2025-07-18 22:42:20,1,2025-07-19 22:42:20,1,False
1967119897456677213,1967119892951994384,1967119892838748328,True,2025-07-18 22:42:20,1,2025-07-19 22:42:20,1,False
1967119897456677214,1967119892951994384,1967119892922634246,False,2025-07-18 22:42:20,1,2025-07-19 22:42:20,1,False
1967119897456677215,1967119892951994384,1967119892880691208,True,2025-07-18 22:42:20,1,2025-07-19 22:42:20,1,False
1967119897456677216,1967119892951994384,1967119892935217163,False,2025-07-18 22:42:20,1,2025-07-19 22:42:20,1,False
1967119897456677217,1967119892951994384,1967119892897468431,False,2025-07-18 22:42:20,1,2025-07-19 22:42:20,1,False
1967119897456677218,1967119892951994384,1967119892901662722,False,2025-07-18 22:42:20,1,2025-07-19 22:42:20,1,False
1967119897456677219,1967119892951994384,1967119892914245636,True,2025-07-18 22:42:20,1,2025-07-19 22:42:20,1,False
1967119897456677220,1967119892951994384,1967119892863913994,True,2025-07-18 22:42:20,1,2025-07-19 22:42:20,1,False
1967119897456677221,1967119892951994384,1967119892918439959,False,2025-07-18 22:42:20,1,2025-07-19 22:42:20,1,False
1967119897456677222,1967119892951994385,1967119892872302598,True,2025-06-28 03:12:59,1,2025-07-03 03:12:59,1,False
1967119897456677223,1967119892951994385,1967119892910051344,True,2025-06-28 03:12:59,1,2025-07-03 03:12:59,1,False
1967119897456677224,1967119892951994385,1967119892901662742,True,2025-06-28 03:12:59,1,2025-07-03 03:12:59,1,False
1967119897456677225,1967119892951994385,1967119892918439957,True,2025-06-28 03:12:59,1,2025-07-03 03:12:59,1,False
1967119897456677226,1967119892951994385,1967119892918439963,False,2025-06-28 03:12:59,1,2025-07-03 03:12:59,1,False
1967119897456677227,1967119892951994385,1967119892897468416,False,2025-06-28 03:12:59,1,2025-07-03 03:12:59,1,False
1967119897456677228,1967119892951994385,1967119892918439950,False,2025-06-28 03:12:59,1,2025-07-03 03:12:59,1,False
1967119897456677229,1967119892951994385,1967119892851331087,False,2025-06-28 03:12:59,1,2025-07-03 03:12:59,1,False
1967119897456677230,1967119892951994385,1967119892905857028,False,2025-06-28 03:12:59,1,2025-07-03 03:12:59,1,False
1967119897456677231,1967119892951994385,1967119892910051347,True,2025-06-28 03:12:59,1,2025-07-03 03:12:59,1,False
1967119897456677232,1967119892951994385,1967119892838748338,True,2025-06-28 03:12:59,1,2025-07-03 03:12:59,1,False
1967119897456677233,1967119892951994385,1967119892897468420,False,2025-06-28 03:12:59,1,2025-07-03 03:12:59,1,False
1967119897456677234,1967119892951994385,1967119892838748329,False,2025-06-28 03:12:59,1,2025-07-03 03:12:59,1,False
1967119897456677235,1967119892951994385,1967119892872302601,False,2025-06-28 03:12:59,1,2025-07-03 03:12:59,1,False
1967119897456677236,1967119892951994385,1967119892914245639,True,2025-06-28 03:12:59,1,2025-07-03 03:12:59,1,False
1967119897456677237,1967119892951994385,1967119892868108304,True,2025-06-28 03:12:59,1,2025-07-03 03:12:59,1,False
1967119897456677238,1967119892951994385,1967119892889079814,False,2025-06-28 03:12:59,1,2025-07-03 03:12:59,1,False
1967119897456677239,1967119892951994385,1967119892910051337,True,2025-06-28 03:12:59,1,2025-07-03 03:12:59,1,False
1967119897456677240,1967119892951994385,1967119892868108291,False,2025-06-28 03:12:59,1,2025-07-03 03:12:59,1,False
1967119897456677241,1967119892951994385,1967119892851331091,False,2025-06-28 03:12:59,1,2025-07-03 03:12:59,1,False
1967119897456677242,1967119892951994385,1967119892838748335,False,2025-06-28 03:12:59,1,2025-07-03 03:12:59,1,False
1967119897456677243,1967119892951994385,1967119892880691200,False,2025-06-28 03:12:59,1,2025-07-03 03:12:59,1,False
1967119897456677244,1967119892951994385,1967119892943605768,True,2025-06-28 03:12:59,1,2025-07-03 03:12:59,1,False
1967119897456677245,1967119892951994385,1967119892918439967,False,2025-06-28 03:12:59,1,2025-07-03 03:12:59,1,False
1967119897456677246,1967119892951994385,1967119892851331072,False,2025-06-28 03:12:59,1,2025-07-03 03:12:59,1,False
1967119897456677247,1967119892951994385,1967119892918439939,True,2025-06-28 03:12:59,1,2025-07-03 03:12:59,1,False
1967119897456677248,1967119892951994385,1967119892838748331,False,2025-06-28 03:12:59,1,2025-07-03 03:12:59,1,False
1967119897456677249,1967119892951994385,1967119892901662732,True,2025-06-28 03:12:59,1,2025-07-03 03:12:59,1,False
1967119897456677250,1967119892951994385,1967119892943605780,False,2025-06-28 03:12:59,1,2025-07-03 03:12:59,1,False
1967119897456677251,1967119892951994385,1967119892905857039,False,2025-06-28 03:12:59,1,2025-07-03 03:12:59,1,False
1967119897456677252,1967119892951994385,1967119892943605762,True,2025-06-28 03:12:59,1,2025-07-03 03:12:59,1,False
1967119897456677253,1967119892951994385,1967119892880691201,True,2025-06-28 03:12:59,1,2025-07-03 03:12:59,1,False
1967119897456677254,1967119892951994385,1967119892910051358,False,2025-06-28 03:12:59,1,2025-07-03 03:12:59,1,False
1967119897456677255,1967119892951994385,1967119892947800067,False,2025-06-28 03:12:59,1,2025-07-03 03:12:59,1,False
1967119897456677256,1967119892951994385,1967119892838748341,False,2025-06-28 03:12:59,1,2025-07-03 03:12:59,1,False
1967119897456677257,1967119892951994385,1967119892872302597,True,2025-06-28 03:12:59,1,2025-07-03 03:12:59,1,False
1967119897456677258,1967119892951994385,1967119892889079819,False,2025-06-28 03:12:59,1,2025-07-03 03:12:59,1,False
1967119897456677259,1967119892951994385,1967119892922634246,True,2025-06-28 03:12:59,1,2025-07-03 03:12:59,1,False
1967119897456677260,1967119892951994385,1967119892838748367,True,2025-06-28 03:12:59,1,2025-07-03 03:12:59,1,False
1967119897456677261,1967119892951994385,1967119892893274116,True,2025-06-28 03:12:59,1,2025-07-03 03:12:59,1,False
1967119897456677262,1967119892951994385,1967119892868108303,True,2025-06-28 03:12:59,1,2025-07-03 03:12:59,1,False
1967119897456677263,1967119892951994385,1967119892838748339,False,2025-06-28 03:12:59,1,2025-07-03 03:12:59,1,False
1967119897456677264,1967119892951994385,1967119892859719683,False,2025-06-28 03:12:59,1,2025-07-03 03:12:59,1,False
1967119897456677265,1967119892951994385,1967119892859719701,False,2025-06-28 03:12:59,1,2025-07-03 03:12:59,1,False
1967119897456677266,1967119892951994385,1967119892914245642,True,2025-06-28 03:12:59,1,2025-07-03 03:12:59,1,False
1967119897456677267,1967119892951994385,1967119892947800084,False,2025-06-28 03:12:59,1,2025-07-03 03:12:59,1,False
1967119897456677268,1967119892951994385,1967119892943605788,True,2025-06-28 03:12:59,1,2025-07-03 03:12:59,1,False
1967119897456677269,1967119892951994385,1967119892914245636,False,2025-06-28 03:12:59,1,2025-07-03 03:12:59,1,False
1967119897456677270,1967119892951994385,1967119892918439960,True,2025-06-28 03:12:59,1,2025-07-03 03:12:59,1,False
1967119897456677271,1967119892951994385,1967119892893274123,False,2025-06-28 03:12:59,1,2025-07-03 03:12:59,1,False
1967119897456677272,1967119892951994385,1967119892859719698,True,2025-06-28 03:12:59,1,2025-07-03 03:12:59,1,False
1967119897456677273,1967119892951994385,1967119892838748358,True,2025-06-28 03:12:59,1,2025-07-03 03:12:59,1,False
1967119897456677274,1967119892951994385,1967119892910051332,False,2025-06-28 03:12:59,1,2025-07-03 03:12:59,1,False
1967119897456677275,1967119892951994385,1967119892889079818,True,2025-06-28 03:12:59,1,2025-07-03 03:12:59,1,False
1967119897456677276,1967119892951994385,1967119892905857026,True,2025-06-28 03:12:59,1,2025-07-03 03:12:59,1,False
1967119897456677277,1967119892951994385,1967119892943605763,False,2025-06-28 03:12:59,1,2025-07-03 03:12:59,1,False
1967119897456677278,1967119892951994385,1967119892914245633,False,2025-06-28 03:12:59,1,2025-07-03 03:12:59,1,False
1967119897456677279,1967119892951994385,1967119892855525384,False,2025-06-28 03:12:59,1,2025-07-03 03:12:59,1,False
1967119897456677280,1967119892951994385,1967119892914245637,False,2025-06-28 03:12:59,1,2025-07-03 03:12:59,1,False
1967119897456677281,1967119892951994385,1967119892893274112,False,2025-06-28 03:12:59,1,2025-07-03 03:12:59,1,False
1967119897456677282,1967119892951994385,1967119892901662738,False,2025-06-28 03:12:59,1,2025-07-03 03:12:59,1,False
1967119897456677283,1967119892951994385,1967119892855525397,True,2025-06-28 03:12:59,1,2025-07-03 03:12:59,1,False
1967119897456677284,1967119892951994385,1967119892872302596,False,2025-06-28 03:12:59,1,2025-07-03 03:12:59,1,False
1967119897456677285,1967119892951994385,1967119892905857031,True,2025-06-28 03:12:59,1,2025-07-03 03:12:59,1,False
1967119897456677286,1967119892951994385,1967119892838748352,False,2025-06-28 03:12:59,1,2025-07-03 03:12:59,1,False
1967119897456677287,1967119892951994385,1967119892897468423,True,2025-06-28 03:12:59,1,2025-07-03 03:12:59,1,False
1967119897456677288,1967119892951994385,1967119892889079813,True,2025-06-28 03:12:59,1,2025-07-03 03:12:59,1,False
1967119897456677289,1967119892951994385,1967119892880691203,True,2025-06-28 03:12:59,1,2025-07-03 03:12:59,1,False
1967119897456677290,1967119892951994385,1967119892951994369,True,2025-06-28 03:12:59,1,2025-07-03 03:12:59,1,False
1967119897456677291,1967119892951994385,1967119892859719699,True,2025-06-28 03:12:59,1,2025-07-03 03:12:59,1,False
1967119897456677292,1967119892951994385,1967119892943605777,False,2025-06-28 03:12:59,1,2025-07-03 03:12:59,1,False
1967119897456677293,1967119892951994385,1967119892943605787,False,2025-06-28 03:12:59,1,2025-07-03 03:12:59,1,False
1967119897456677294,1967119892951994385,1967119892943605790,False,2025-06-28 03:12:59,1,2025-07-03 03:12:59,1,False
1967119897456677295,1967119892951994385,1967119892939411465,False,2025-06-28 03:12:59,1,2025-07-03 03:12:59,1,False
1967119897456677296,1967119892951994385,1967119892868108301,True,2025-06-28 03:12:59,1,2025-07-03 03:12:59,1,False
1967119897456677297,1967119892951994385,1967119892951994378,False,2025-06-28 03:12:59,1,2025-07-03 03:12:59,1,False
1967119897456677298,1967119892951994385,1967119892863913994,True,2025-06-28 03:12:59,1,2025-07-03 03:12:59,1,False
1967119897456677299,1967119892951994385,1967119892939411473,False,2025-06-28 03:12:59,1,2025-07-03 03:12:59,1,False
1967119897456677300,1967119892951994385,1967119892922634247,False,2025-06-28 03:12:59,1,2025-07-03 03:12:59,1,False
1967119897456677301,1967119892951994385,1967119892918439961,False,2025-06-28 03:12:59,1,2025-07-03 03:12:59,1,False
1967119897456677302,1967119892951994385,1967119892910051340,False,2025-06-28 03:12:59,1,2025-07-03 03:12:59,1,False
1967119897456677303,1967119892951994385,1967119892872302599,True,2025-06-28 03:12:59,1,2025-07-03 03:12:59,1,False
1967119897456677304,1967119892951994385,1967119892859719680,False,2025-06-28 03:12:59,1,2025-07-03 03:12:59,1,False
1967119897456677305,1967119892951994385,1967119892910051351,True,2025-06-28 03:12:59,1,2025-07-03 03:12:59,1,False
1967119897456677306,1967119892951994385,1967119892922634243,True,2025-06-28 03:12:59,1,2025-07-03 03:12:59,1,False
1967119897456677307,1967119892951994385,1967119892918439953,False,2025-06-28 03:12:59,1,2025-07-03 03:12:59,1,False
1967119897456677308,1967119892951994385,1967119892851331077,True,2025-06-28 03:12:59,1,2025-07-03 03:12:59,1,False
1967119897456677309,1967119892951994385,1967119892935217162,True,2025-06-28 03:12:59,1,2025-07-03 03:12:59,1,False
1967119897456677310,1967119892951994385,1967119892855525380,True,2025-06-28 03:12:59,1,2025-07-03 03:12:59,1,False
1967119897456677311,1967119892951994385,1967119892859719695,True,2025-06-28 03:12:59,1,2025-07-03 03:12:59,1,False
1967119897456677312,1967119892951994385,1967119892855525399,False,2025-06-28 03:12:59,1,2025-07-03 03:12:59,1,False
1967119897456677313,1967119892951994385,1967119892910051356,True,2025-06-28 03:12:59,1,2025-07-03 03:12:59,1,False
1967119897456677314,1967119892951994385,1967119892884885509,True,2025-06-28 03:12:59,1,2025-07-03 03:12:59,1,False
1967119897456677315,1967119892951994385,1967119892855525385,True,2025-06-28 03:12:59,1,2025-07-03 03:12:59,1,False
1967119897456677316,1967119892951994385,1967119892880691216,True,2025-06-28 03:12:59,1,2025-07-03 03:12:59,1,False
1967119897456677317,1967119892951994385,1967119892905857034,False,2025-06-28 03:12:59,1,2025-07-03 03:12:59,1,False
1967119897456677318,1967119892951994385,1967119892838748364,True,2025-06-28 03:12:59,1,2025-07-03 03:12:59,1,False
1967119897456677319,1967119892951994385,1967119892910051334,False,2025-06-28 03:12:59,1,2025-07-03 03:12:59,1,False
1967119897456677320,1967119892951994385,1967119892901662728,True,2025-06-28 03:12:59,1,2025-07-03 03:12:59,1,False
1967119897456677321,1967119892951994385,1967119892905857040,True,2025-06-28 03:12:59,1,2025-07-03 03:12:59,1,False
1967119897456677322,1967119892951994385,1967119892838748357,False,2025-06-28 03:12:59,1,2025-07-03 03:12:59,1,False
1967119897456677323,1967119892951994385,1967119892947800092,True,2025-06-28 03:12:59,1,2025-07-03 03:12:59,1,False
1967119897456677324,1967119892951994385,1967119892947800088,False,2025-06-28 03:12:59,1,2025-07-03 03:12:59,1,False
1967119897456677325,1967119892951994385,1967119892889079816,True,2025-06-28 03:12:59,1,2025-07-03 03:12:59,1,False
1967119897456677326,1967119892951994385,1967119892868108290,True,2025-06-28 03:12:59,1,2025-07-03 03:12:59,1,False
1967119897456677327,1967119892951994385,1967119892893274125,False,2025-06-28 03:12:59,1,2025-07-03 03:12:59,1,False
1967119897456677328,1967119892951994385,1967119892922634242,False,2025-06-28 03:12:59,1,2025-07-03 03:12:59,1,False
1967119897456677329,1967119892951994385,1967119892910051338,False,2025-06-28 03:12:59,1,2025-07-03 03:12:59,1,False
1967119897456677330,1967119892951994385,1967119892897468429,True,2025-06-28 03:12:59,1,2025-07-03 03:12:59,1,False
1967119897456677331,1967119892951994385,1967119892943605767,False,2025-06-28 03:12:59,1,2025-07-03 03:12:59,1,False
1967119897456677332,1967119892951994385,1967119892918439958,True,2025-06-28 03:12:59,1,2025-07-03 03:12:59,1,False
1967119897456677333,1967119892951994385,1967119892943605761,False,2025-06-28 03:12:59,1,2025-07-03 03:12:59,1,False
1967119897456677334,1967119892951994385,1967119892901662730,True,2025-06-28 03:12:59,1,2025-07-03 03:12:59,1,False
1967119897456677335,1967119892951994386,1967119892863913996,False,2025-06-01 16:26:53,1,2025-06-03 16:26:53,1,False
1967119897456677336,1967119892951994386,1967119892947800081,True,2025-06-01 16:26:53,1,2025-06-03 16:26:53,1,False
1967119897456677337,1967119892951994386,1967119892918439936,True,2025-06-01 16:26:53,1,2025-06-03 16:26:53,1,False
1967119897456677338,1967119892951994386,1967119892951994372,True,2025-06-01 16:26:53,1,2025-06-03 16:26:53,1,False
1967119897456677339,1967119892951994386,1967119892935217158,True,2025-06-01 16:26:53,1,2025-06-03 16:26:53,1,False
1967119897456677340,1967119892951994386,1967119892901662727,False,2025-06-01 16:26:53,1,2025-06-03 16:26:53,1,False
1967119897460871168,1967119892951994386,1967119892947800088,False,2025-06-01 16:26:53,1,2025-06-03 16:26:53,1,False
1967119897460871169,1967119892951994386,1967119892910051351,True,2025-06-01 16:26:53,1,2025-06-03 16:26:53,1,False
1967119897460871170,1967119892951994386,1967119892859719680,False,2025-06-01 16:26:53,1,2025-06-03 16:26:53,1,False
1967119897460871171,1967119892951994386,1967119892943605786,False,2025-06-01 16:26:53,1,2025-06-03 16:26:53,1,False
1967119897460871172,1967119892951994386,1967119892918439962,True,2025-06-01 16:26:53,1,2025-06-03 16:26:53,1,False
1967119897460871173,1967119892951994386,1967119892947800085,True,2025-06-01 16:26:53,1,2025-06-03 16:26:53,1,False
1967119897460871174,1967119892951994386,1967119892876496899,True,2025-06-01 16:26:53,1,2025-06-03 16:26:53,1,False
1967119897460871175,1967119892951994386,1967119892897468427,True,2025-06-01 16:26:53,1,2025-06-03 16:26:53,1,False
1967119897460871176,1967119892951994386,1967119892897468433,False,2025-06-01 16:26:53,1,2025-06-03 16:26:53,1,False
1967119897460871177,1967119892951994386,1967119892922634242,True,2025-06-01 16:26:53,1,2025-06-03 16:26:53,1,False
1967119897460871178,1967119892951994386,1967119892855525380,True,2025-06-01 16:26:53,1,2025-06-03 16:26:53,1,False
1967119897460871179,1967119892951994386,1967119892859719701,True,2025-06-01 16:26:53,1,2025-06-03 16:26:53,1,False
1967119897460871180,1967119892951994386,1967119892901662735,False,2025-06-01 16:26:53,1,2025-06-03 16:26:53,1,False
1967119897460871181,1967119892951994386,1967119892943605760,True,2025-06-01 16:26:53,1,2025-06-03 16:26:53,1,False
1967119897460871182,1967119892951994386,1967119892901662723,True,2025-06-01 16:26:53,1,2025-06-03 16:26:53,1,False
1967119897460871183,1967119892951994386,1967119892943605785,True,2025-06-01 16:26:53,1,2025-06-03 16:26:53,1,False
1967119897460871184,1967119892951994386,1967119892872302594,True,2025-06-01 16:26:53,1,2025-06-03 16:26:53,1,False
1967119897460871185,1967119892951994386,1967119892951994373,False,2025-06-01 16:26:53,1,2025-06-03 16:26:53,1,False
1967119897460871186,1967119892951994386,1967119892838748369,True,2025-06-01 16:26:53,1,2025-06-03 16:26:53,1,False
1967119897460871187,1967119892951994386,1967119892880691205,True,2025-06-01 16:26:53,1,2025-06-03 16:26:53,1,False
1967119897460871188,1967119892951994386,1967119892926828544,False,2025-06-01 16:26:53,1,2025-06-03 16:26:53,1,False
1967119897460871189,1967119892951994386,1967119892901662729,True,2025-06-01 16:26:53,1,2025-06-03 16:26:53,1,False
1967119897460871190,1967119892951994386,1967119892910051344,False,2025-06-01 16:26:53,1,2025-06-03 16:26:53,1,False
1967119897460871191,1967119892951994386,1967119892880691208,True,2025-06-01 16:26:53,1,2025-06-03 16:26:53,1,False
1967119897460871192,1967119892951994386,1967119892851331076,True,2025-06-01 16:26:53,1,2025-06-03 16:26:53,1,False
1967119897460871193,1967119892951994386,1967119892872302597,True,2025-06-01 16:26:53,1,2025-06-03 16:26:53,1,False
1967119897460871194,1967119892951994386,1967119892889079820,True,2025-06-01 16:26:53,1,2025-06-03 16:26:53,1,False
1967119897460871195,1967119892951994386,1967119892939411458,False,2025-06-01 16:26:53,1,2025-06-03 16:26:53,1,False
1967119897460871196,1967119892951994386,1967119892905857036,True,2025-06-01 16:26:53,1,2025-06-03 16:26:53,1,False
1967119897460871197,1967119892951994386,1967119892851331072,True,2025-06-01 16:26:53,1,2025-06-03 16:26:53,1,False
1967119897460871198,1967119892951994386,1967119892863913993,True,2025-06-01 16:26:53,1,2025-06-03 16:26:53,1,False
1967119897460871199,1967119892951994386,1967119892901662728,True,2025-06-01 16:26:53,1,2025-06-03 16:26:53,1,False
1967119897460871200,1967119892951994386,1967119892868108303,True,2025-06-01 16:26:53,1,2025-06-03 16:26:53,1,False
1967119897460871201,1967119892951994386,1967119892855525389,True,2025-06-01 16:26:53,1,2025-06-03 16:26:53,1,False
1967119897460871202,1967119892951994386,1967119892855525396,False,2025-06-01 16:26:53,1,2025-06-03 16:26:53,1,False
1967119897460871203,1967119892951994386,1967119892910051349,True,2025-06-01 16:26:53,1,2025-06-03 16:26:53,1,False
1967119897460871204,1967119892951994386,1967119892838748371,False,2025-06-01 16:26:53,1,2025-06-03 16:26:53,1,False
1967119897460871205,1967119892951994386,1967119892880691216,False,2025-06-01 16:26:53,1,2025-06-03 16:26:53,1,False
1967119897460871206,1967119892951994386,1967119892947800064,False,2025-06-01 16:26:53,1,2025-06-03 16:26:53,1,False
1967119897460871207,1967119892951994386,1967119892943605774,False,2025-06-01 16:26:53,1,2025-06-03 16:26:53,1,False
1967119897460871208,1967119892951994386,1967119892868108292,True,2025-06-01 16:26:53,1,2025-06-03 16:26:53,1,False
1967119897460871209,1967119892951994386,1967119892872302606,False,2025-06-01 16:26:53,1,2025-06-03 16:26:53,1,False
1967119897460871210,1967119892951994386,1967119892935217160,False,2025-06-01 16:26:53,1,2025-06-03 16:26:53,1,False
1967119897460871211,1967119892951994386,1967119892863913987,False,2025-06-01 16:26:53,1,2025-06-03 16:26:53,1,False
1967119897460871212,1967119892951994386,1967119892868108299,False,2025-06-01 16:26:53,1,2025-06-03 16:26:53,1,False
1967119897460871213,1967119892951994386,1967119892872302600,True,2025-06-01 16:26:53,1,2025-06-03 16:26:53,1,False
1967119897460871214,1967119892951994386,1967119892880691212,False,2025-06-01 16:26:53,1,2025-06-03 16:26:53,1,False
1967119897460871215,1967119892951994386,1967119892872302607,True,2025-06-01 16:26:53,1,2025-06-03 16:26:53,1,False
1967119897460871216,1967119892951994386,1967119892876496901,True,2025-06-01 16:26:53,1,2025-06-03 16:26:53,1,False
1967119897460871217,1967119892951994386,1967119892855525399,False,2025-06-01 16:26:53,1,2025-06-03 16:26:53,1,False
1967119897460871218,1967119892951994386,1967119892951994376,True,2025-06-01 16:26:53,1,2025-06-03 16:26:53,1,False
1967119897460871219,1967119892951994386,1967119892838748323,True,2025-06-01 16:26:53,1,2025-06-03 16:26:53,1,False
1967119897460871220,1967119892951994386,1967119892951994369,True,2025-06-01 16:26:53,1,2025-06-03 16:26:53,1,False
1967119897460871221,1967119892951994386,1967119892901662741,False,2025-06-01 16:26:53,1,2025-06-03 16:26:53,1,False
1967119897460871222,1967119892951994386,1967119892855525387,False,2025-06-01 16:26:53,1,2025-06-03 16:26:53,1,False
1967119897460871223,1967119892951994386,1967119892893274127,True,2025-06-01 16:26:53,1,2025-06-03 16:26:53,1,False
1967119897460871224,1967119892951994386,1967119892893274118,True,2025-06-01 16:26:53,1,2025-06-03 16:26:53,1,False
1967119897460871225,1967119892951994386,1967119892901662726,True,2025-06-01 16:26:53,1,2025-06-03 16:26:53,1,False
1967119897460871226,1967119892951994386,1967119892914245649,False,2025-06-01 16:26:53,1,2025-06-03 16:26:53,1,False
1967119897460871227,1967119892951994386,1967119892855525393,True,2025-06-01 16:26:53,1,2025-06-03 16:26:53,1,False
1967119897460871228,1967119892951994386,1967119892838748326,False,2025-06-01 16:26:53,1,2025-06-03 16:26:53,1,False
1967119897460871229,1967119892951994386,1967119892918439949,False,2025-06-01 16:26:53,1,2025-06-03 16:26:53,1,False
1967119897460871230,1967119892951994386,1967119892838748368,False,2025-06-01 16:26:53,1,2025-06-03 16:26:53,1,False
1967119897460871231,1967119892951994386,1967119892910051358,True,2025-06-01 16:26:53,1,2025-06-03 16:26:53,1,False
1967119897460871232,1967119892951994386,1967119892939411464,False,2025-06-01 16:26:53,1,2025-06-03 16:26:53,1,False
1967119897460871233,1967119892951994386,1967119892872302608,False,2025-06-01 16:26:53,1,2025-06-03 16:26:53,1,False
1967119897460871234,1967119892951994386,1967119892910051340,False,2025-06-01 16:26:53,1,2025-06-03 16:26:53,1,False
1967119897460871235,1967119892951994386,1967119892905857030,True,2025-06-01 16:26:53,1,2025-06-03 16:26:53,1,False
1967119897460871236,1967119892951994386,1967119892859719703,False,2025-06-01 16:26:53,1,2025-06-03 16:26:53,1,False
1967119897460871237,1967119892951994387,1967119892889079811,False,2025-06-16 21:06:55,1,2025-06-19 21:06:55,1,False
1967119897460871238,1967119892951994387,1967119892939411464,False,2025-06-16 21:06:55,1,2025-06-19 21:06:55,1,False
1967119897460871239,1967119892951994387,1967119892863913989,True,2025-06-16 21:06:55,1,2025-06-19 21:06:55,1,False
1967119897460871240,1967119892951994387,1967119892939411470,True,2025-06-16 21:06:55,1,2025-06-19 21:06:55,1,False
1967119897460871241,1967119892951994387,1967119892868108295,True,2025-06-16 21:06:55,1,2025-06-19 21:06:55,1,False
1967119897460871242,1967119892951994387,1967119892893274123,True,2025-06-16 21:06:55,1,2025-06-19 21:06:55,1,False
1967119897460871243,1967119892951994387,1967119892918439939,False,2025-06-16 21:06:55,1,2025-06-19 21:06:55,1,False
1967119897460871244,1967119892951994387,1967119892855525385,True,2025-06-16 21:06:55,1,2025-06-19 21:06:55,1,False
1967119897460871245,1967119892951994387,1967119892884885512,False,2025-06-16 21:06:55,1,2025-06-19 21:06:55,1,False
1967119897460871246,1967119892951994387,1967119892863913993,True,2025-06-16 21:06:55,1,2025-06-19 21:06:55,1,False
1967119897460871247,1967119892951994387,1967119892910051356,True,2025-06-16 21:06:55,1,2025-06-19 21:06:55,1,False
1967119897460871248,1967119892951994387,1967119892863913996,True,2025-06-16 21:06:55,1,2025-06-19 21:06:55,1,False
1967119897460871249,1967119892951994387,1967119892838748328,True,2025-06-16 21:06:55,1,2025-06-19 21:06:55,1,False
1967119897460871250,1967119892951994387,1967119892859719682,False,2025-06-16 21:06:55,1,2025-06-19 21:06:55,1,False
1967119897460871251,1967119892951994387,1967119892851331082,True,2025-06-16 21:06:55,1,2025-06-19 21:06:55,1,False
1967119897460871252,1967119892951994387,1967119892855525386,False,2025-06-16 21:06:55,1,2025-06-19 21:06:55,1,False
1967119897460871253,1967119892951994387,1967119892947800092,False,2025-06-16 21:06:55,1,2025-06-19 21:06:55,1,False
1967119897460871254,1967119892951994387,1967119892851331087,False,2025-06-16 21:06:55,1,2025-06-19 21:06:55,1,False
1967119897460871255,1967119892951994387,1967119892863913984,True,2025-06-16 21:06:55,1,2025-06-19 21:06:55,1,False
1967119897460871256,1967119892951994387,1967119892943605774,False,2025-06-16 21:06:55,1,2025-06-19 21:06:55,1,False
1967119897460871257,1967119892951994387,1967119892838748323,True,2025-06-16 21:06:55,1,2025-06-19 21:06:55,1,False
1967119897460871258,1967119892951994387,1967119892914245647,False,2025-06-16 21:06:55,1,2025-06-19 21:06:55,1,False
1967119897460871259,1967119892951994387,1967119892901662736,True,2025-06-16 21:06:55,1,2025-06-19 21:06:55,1,False
1967119897460871260,1967119892951994387,1967119892868108290,False,2025-06-16 21:06:55,1,2025-06-19 21:06:55,1,False
1967119897460871261,1967119892951994387,1967119892838748333,False,2025-06-16 21:06:55,1,2025-06-19 21:06:55,1,False
1967119897460871262,1967119892951994387,1967119892880691204,True,2025-06-16 21:06:55,1,2025-06-19 21:06:55,1,False
1967119897460871263,1967119892951994387,1967119892905857025,False,2025-06-16 21:06:55,1,2025-06-19 21:06:55,1,False
1967119897460871264,1967119892951994387,1967119892922634245,True,2025-06-16 21:06:55,1,2025-06-19 21:06:55,1,False
1967119897460871265,1967119892951994387,1967119892872302594,True,2025-06-16 21:06:55,1,2025-06-19 21:06:55,1,False
1967119897460871266,1967119892951994387,1967119892872302600,False,2025-06-16 21:06:55,1,2025-06-19 21:06:55,1,False
1967119897460871267,1967119892951994387,1967119892859719702,True,2025-06-16 21:06:55,1,2025-06-19 21:06:55,1,False
1967119897460871268,1967119892951994387,1967119892943605788,False,2025-06-16 21:06:55,1,2025-06-19 21:06:55,1,False
1967119897460871269,1967119892951994387,1967119892910051345,True,2025-06-16 21:06:55,1,2025-06-19 21:06:55,1,False
1967119897460871270,1967119892951994387,1967119892838748357,True,2025-06-16 21:06:55,1,2025-06-19 21:06:55,1,False
1967119897460871271,1967119892951994387,1967119892851331079,False,2025-06-16 21:06:55,1,2025-06-19 21:06:55,1,False
1967119897460871272,1967119892951994387,1967119892910051338,False,2025-06-16 21:06:55,1,2025-06-19 21:06:55,1,False
1967119897460871273,1967119892951994387,1967119892855525379,False,2025-06-16 21:06:55,1,2025-06-19 21:06:55,1,False
1967119897460871274,1967119892951994387,1967119892893274112,False,2025-06-16 21:06:55,1,2025-06-19 21:06:55,1,False
1967119897460871275,1967119892951994387,1967119892901662722,True,2025-06-16 21:06:55,1,2025-06-19 21:06:55,1,False
1967119897460871276,1967119892951994387,1967119892910051332,True,2025-06-16 21:06:55,1,2025-06-19 21:06:55,1,False
1967119897460871277,1967119892951994387,1967119892880691201,True,2025-06-16 21:06:55,1,2025-06-19 21:06:55,1,False
1967119897460871278,1967119892951994387,1967119892905857026,True,2025-06-16 21:06:55,1,2025-06-19 21:06:55,1,False
1967119897460871279,1967119892951994387,1967119892905857035,True,2025-06-16 21:06:55,1,2025-06-19 21:06:55,1,False
1967119897460871280,1967119892951994387,1967119892838748364,True,2025-06-16 21:06:55,1,2025-06-19 21:06:55,1,False
1967119897460871281,1967119892951994387,1967119892905857033,False,2025-06-16 21:06:55,1,2025-06-19 21:06:55,1,False
1967119897460871282,1967119892951994387,1967119892889079814,True,2025-06-16 21:06:55,1,2025-06-19 21:06:55,1,False
1967119897460871283,1967119892951994387,1967119892868108289,True,2025-06-16 21:06:55,1,2025-06-19 21:06:55,1,False
1967119897460871284,1967119892951994387,1967119892935217163,False,2025-06-16 21:06:55,1,2025-06-19 21:06:55,1,False
1967119897460871285,1967119892951994387,1967119892947800070,True,2025-06-16 21:06:55,1,2025-06-19 21:06:55,1,False
1967119897460871286,1967119892951994387,1967119892901662728,True,2025-06-16 21:06:55,1,2025-06-19 21:06:55,1,False
1967119897460871287,1967119892951994387,1967119892851331072,False,2025-06-16 21:06:55,1,2025-06-19 21:06:55,1,False
1967119897460871288,1967119892951994387,1967119892889079812,False,2025-06-16 21:06:55,1,2025-06-19 21:06:55,1,False
1967119897460871289,1967119892951994387,1967119892910051335,True,2025-06-16 21:06:55,1,2025-06-19 21:06:55,1,False
1967119897460871290,1967119892951994387,1967119892851331086,True,2025-06-16 21:06:55,1,2025-06-19 21:06:55,1,False
1967119897460871291,1967119892951994387,1967119892918439940,False,2025-06-16 21:06:55,1,2025-06-19 21:06:55,1,False
1967119897460871292,1967119892951994387,1967119892943605764,False,2025-06-16 21:06:55,1,2025-06-19 21:06:55,1,False
1967119897460871293,1967119892951994387,1967119892910051348,False,2025-06-16 21:06:55,1,2025-06-19 21:06:55,1,False
1967119897460871294,1967119892951994387,1967119892951994374,True,2025-06-16 21:06:55,1,2025-06-19 21:06:55,1,False
1967119897460871295,1967119892951994387,1967119892868108301,True,2025-06-16 21:06:55,1,2025-06-19 21:06:55,1,False
1967119897460871296,1967119892951994387,1967119892859719694,True,2025-06-16 21:06:55,1,2025-06-19 21:06:55,1,False
1967119897460871297,1967119892951994387,1967119892851331094,False,2025-06-16 21:06:55,1,2025-06-19 21:06:55,1,False
1967119897460871298,1967119892951994387,1967119892868108294,True,2025-06-16 21:06:55,1,2025-06-19 21:06:55,1,False
1967119897460871299,1967119892951994387,1967119892947800065,True,2025-06-16 21:06:55,1,2025-06-19 21:06:55,1,False
1967119897460871300,1967119892951994387,1967119892838748350,True,2025-06-16 21:06:55,1,2025-06-19 21:06:55,1,False
1967119897460871301,1967119892951994387,1967119892897468432,False,2025-06-16 21:06:55,1,2025-06-19 21:06:55,1,False
1967119897460871302,1967119892951994387,1967119892859719680,False,2025-06-16 21:06:55,1,2025-06-19 21:06:55,1,False
1967119897460871303,1967119892951994387,1967119892901662721,False,2025-06-16 21:06:55,1,2025-06-19 21:06:55,1,False
1967119897460871304,1967119892951994387,1967119892947800089,True,2025-06-16 21:06:55,1,2025-06-19 21:06:55,1,False
1967119897460871305,1967119892951994387,1967119892893274117,True,2025-06-16 21:06:55,1,2025-06-19 21:06:55,1,False
1967119897460871306,1967119892951994387,1967119892859719697,True,2025-06-16 21:06:55,1,2025-06-19 21:06:55,1,False
1967119897460871307,1967119892951994387,1967119892859719699,False,2025-06-16 21:06:55,1,2025-06-19 21:06:55,1,False
1967119897460871308,1967119892951994387,1967119892918439961,False,2025-06-16 21:06:55,1,2025-06-19 21:06:55,1,False
1967119897460871309,1967119892951994387,1967119892838748330,True,2025-06-16 21:06:55,1,2025-06-19 21:06:55,1,False
1967119897460871310,1967119892951994387,1967119892935217161,False,2025-06-16 21:06:55,1,2025-06-19 21:06:55,1,False
1967119897460871311,1967119892951994387,1967119892947800090,False,2025-06-16 21:06:55,1,2025-06-19 21:06:55,1,False
1967119897460871312,1967119892951994387,1967119892943605775,False,2025-06-16 21:06:55,1,2025-06-19 21:06:55,1,False
1967119897460871313,1967119892951994387,1967119892910051346,False,2025-06-16 21:06:55,1,2025-06-19 21:06:55,1,False
1967119897460871314,1967119892951994387,1967119892884885509,False,2025-06-16 21:06:55,1,2025-06-19 21:06:55,1,False
1967119897460871315,1967119892951994387,1967119892943605773,False,2025-06-16 21:06:55,1,2025-06-19 21:06:55,1,False
1967119897460871316,1967119892951994387,1967119892868108300,True,2025-06-16 21:06:55,1,2025-06-19 21:06:55,1,False
1967119897460871317,1967119892951994387,1967119892855525382,True,2025-06-16 21:06:55,1,2025-06-19 21:06:55,1,False
1967119897460871318,1967119892951994387,1967119892947800080,False,2025-06-16 21:06:55,1,2025-06-19 21:06:55,1,False
1967119897460871319,1967119892951994387,1967119892947800084,True,2025-06-16 21:06:55,1,2025-06-19 21:06:55,1,False
1967119897460871320,1967119892951994387,1967119892943605772,False,2025-06-16 21:06:55,1,2025-06-19 21:06:55,1,False
1967119897460871321,1967119892951994387,1967119892880691212,True,2025-06-16 21:06:55,1,2025-06-19 21:06:55,1,False
1967119897460871322,1967119892951994387,1967119892939411468,False,2025-06-16 21:06:55,1,2025-06-19 21:06:55,1,False
1967119897460871323,1967119892951994387,1967119892951994377,False,2025-06-16 21:06:55,1,2025-06-19 21:06:55,1,False
1967119897460871324,1967119892951994387,1967119892897468423,False,2025-06-16 21:06:55,1,2025-06-19 21:06:55,1,False
1967119897460871325,1967119892951994387,1967119892926828546,True,2025-06-16 21:06:55,1,2025-06-19 21:06:55,1,False
1967119897460871326,1967119892951994387,1967119892905857029,True,2025-06-16 21:06:55,1,2025-06-19 21:06:55,1,False
1967119897460871327,1967119892951994387,1967119892939411462,False,2025-06-16 21:06:55,1,2025-06-19 21:06:55,1,False
1967119897460871328,1967119892951994387,1967119892943605767,False,2025-06-16 21:06:55,1,2025-06-19 21:06:55,1,False
1967119897460871329,1967119892951994387,1967119892863913986,False,2025-06-16 21:06:55,1,2025-06-19 21:06:55,1,False
1967119897460871330,1967119892951994387,1967119892939411465,True,2025-06-16 21:06:55,1,2025-06-19 21:06:55,1,False
1967119897460871331,1967119892951994387,1967119892943605786,True,2025-06-16 21:06:55,1,2025-06-19 21:06:55,1,False
1967119897460871332,1967119892951994387,1967119892884885508,False,2025-06-16 21:06:55,1,2025-06-19 21:06:55,1,False
1967119897460871333,1967119892951994387,1967119892872302597,True,2025-06-16 21:06:55,1,2025-06-19 21:06:55,1,False
1967119897460871334,1967119892951994388,1967119892838748341,False,2025-08-10 05:33:54,1,2025-08-12 05:33:54,1,False
1967119897460871335,1967119892951994388,1967119892838748326,False,2025-08-10 05:33:54,1,2025-08-12 05:33:54,1,False
1967119897460871336,1967119892951994388,1967119892838748340,False,2025-08-10 05:33:54,1,2025-08-12 05:33:54,1,False
1967119897460871337,1967119892951994388,1967119892838748323,True,2025-08-10 05:33:54,1,2025-08-12 05:33:54,1,False
1967119897460871338,1967119892951994388,1967119892838748343,True,2025-08-10 05:33:54,1,2025-08-12 05:33:54,1,False
1967119897460871339,1967119892951994388,1967119892838748369,True,2025-08-10 05:33:54,1,2025-08-12 05:33:54,1,False
1967119897460871340,1967119892951994388,1967119892838748354,True,2025-08-10 05:33:54,1,2025-08-12 05:33:54,1,False
1967119897460871341,1967119892951994388,1967119892838748342,False,2025-08-10 05:33:54,1,2025-08-12 05:33:54,1,False
1967119897460871342,1967119892951994388,1967119892838748363,True,2025-08-10 05:33:54,1,2025-08-12 05:33:54,1,False
1967119897460871343,1967119892951994388,1967119892838748349,False,2025-08-10 05:33:54,1,2025-08-12 05:33:54,1,False
1967119897460871344,1967119892951994388,1967119892838748360,False,2025-08-10 05:33:54,1,2025-08-12 05:33:54,1,False
1967119897460871345,1967119892951994389,1967119892939411456,True,2025-06-09 00:23:32,1,2025-06-11 00:23:32,1,False
1967119897460871346,1967119892951994389,1967119892918439944,False,2025-06-09 00:23:32,1,2025-06-11 00:23:32,1,False
1967119897460871347,1967119892951994389,1967119892935217153,True,2025-06-09 00:23:32,1,2025-06-11 00:23:32,1,False
1967119897460871348,1967119892951994389,1967119892951994372,False,2025-06-09 00:23:32,1,2025-06-11 00:23:32,1,False
1967119897460871349,1967119892951994389,1967119892939411459,True,2025-06-09 00:23:32,1,2025-06-11 00:23:32,1,False
1967119897460871350,1967119892951994389,1967119892939411473,False,2025-06-09 00:23:32,1,2025-06-11 00:23:32,1,False
1967119897460871351,1967119892951994389,1967119892918439957,False,2025-06-09 00:23:32,1,2025-06-11 00:23:32,1,False
1967119897460871352,1967119892951994389,1967119892943605763,False,2025-06-09 00:23:32,1,2025-06-11 00:23:32,1,False
1967119897460871353,1967119892951994389,1967119892918439963,False,2025-06-09 00:23:32,1,2025-06-11 00:23:32,1,False
1967119897460871354,1967119892951994389,1967119892918439962,False,2025-06-09 00:23:32,1,2025-06-11 00:23:32,1,False
1967119897460871355,1967119892951994389,1967119892914245649,True,2025-06-09 00:23:32,1,2025-06-11 00:23:32,1,False
1967119897460871356,1967119892951994389,1967119892935217163,False,2025-06-09 00:23:32,1,2025-06-11 00:23:32,1,False
1967119897460871357,1967119892951994389,1967119892918439947,True,2025-06-09 00:23:32,1,2025-06-11 00:23:32,1,False
1967119897460871358,1967119892951994389,1967119892935217157,False,2025-06-09 00:23:32,1,2025-06-11 00:23:32,1,False
1967119897460871359,1967119892951994389,1967119892918439960,False,2025-06-09 00:23:32,1,2025-06-11 00:23:32,1,False
1967119897460871360,1967119892951994389,1967119892951994370,True,2025-06-09 00:23:32,1,2025-06-11 00:23:32,1,False
1967119897460871361,1967119892951994389,1967119892935217158,True,2025-06-09 00:23:32,1,2025-06-11 00:23:32,1,False
1967119897460871362,1967119892951994389,1967119892943605764,False,2025-06-09 00:23:32,1,2025-06-11 00:23:32,1,False
1967119897460871363,1967119892951994390,1967119892951994370,True,2025-06-20 23:08:15,1,2025-06-25 23:08:15,1,False
1967119897460871364,1967119892951994390,1967119892947800065,False,2025-06-20 23:08:15,1,2025-06-25 23:08:15,1,False
1967119897460871365,1967119892951994390,1967119892935217158,True,2025-06-20 23:08:15,1,2025-06-25 23:08:15,1,False
1967119897460871366,1967119892951994390,1967119892918439939,False,2025-06-20 23:08:15,1,2025-06-25 23:08:15,1,False
1967119897460871367,1967119892951994390,1967119892918439958,True,2025-06-20 23:08:15,1,2025-06-25 23:08:15,1,False
1967119897460871368,1967119892951994390,1967119892947800070,True,2025-06-20 23:08:15,1,2025-06-25 23:08:15,1,False
1967119897460871369,1967119892951994390,1967119892918439942,True,2025-06-20 23:08:15,1,2025-06-25 23:08:15,1,False
1967119897460871370,1967119892951994390,1967119892943605784,True,2025-06-20 23:08:15,1,2025-06-25 23:08:15,1,False
1967119897460871371,1967119892951994390,1967119892943605761,True,2025-06-20 23:08:15,1,2025-06-25 23:08:15,1,False
1967119897460871372,1967119892951994390,1967119892935217155,True,2025-06-20 23:08:15,1,2025-06-25 23:08:15,1,False
1967119897460871373,1967119892951994390,1967119892926828546,True,2025-06-20 23:08:15,1,2025-06-25 23:08:15,1,False
1967119897460871374,1967119892951994390,1967119892947800072,False,2025-06-20 23:08:15,1,2025-06-25 23:08:15,1,False
1967119897460871375,1967119892951994390,1967119892935217162,True,2025-06-20 23:08:15,1,2025-06-25 23:08:15,1,False
1967119897460871376,1967119892951994390,1967119892951994374,False,2025-06-20 23:08:15,1,2025-06-25 23:08:15,1,False
1967119897460871377,1967119892951994390,1967119892947800086,True,2025-06-20 23:08:15,1,2025-06-25 23:08:15,1,False
1967119897460871378,1967119892951994390,1967119892943605771,False,2025-06-20 23:08:15,1,2025-06-25 23:08:15,1,False
1967119897460871379,1967119892951994390,1967119892918439950,False,2025-06-20 23:08:15,1,2025-06-25 23:08:15,1,False
1967119897460871380,1967119892951994390,1967119892951994377,True,2025-06-20 23:08:15,1,2025-06-25 23:08:15,1,False
1967119897460871381,1967119892951994390,1967119892947800068,True,2025-06-20 23:08:15,1,2025-06-25 23:08:15,1,False
1967119897460871382,1967119892951994390,1967119892943605760,False,2025-06-20 23:08:15,1,2025-06-25 23:08:15,1,False
1967119897460871383,1967119892951994390,1967119892947800067,True,2025-06-20 23:08:15,1,2025-06-25 23:08:15,1,False
1967119897460871384,1967119892951994390,1967119892947800074,True,2025-06-20 23:08:15,1,2025-06-25 23:08:15,1,False
1967119897460871385,1967119892951994390,1967119892947800073,False,2025-06-20 23:08:15,1,2025-06-25 23:08:15,1,False
1967119897460871386,1967119892951994390,1967119892947800089,False,2025-06-20 23:08:15,1,2025-06-25 23:08:15,1,False
1967119897460871387,1967119892951994390,1967119892943605787,False,2025-06-20 23:08:15,1,2025-06-25 23:08:15,1,False
1967119897460871388,1967119892951994390,1967119892943605769,False,2025-06-20 23:08:15,1,2025-06-25 23:08:15,1,False
1967119897460871389,1967119892951994390,1967119892951994368,False,2025-06-20 23:08:15,1,2025-06-25 23:08:15,1,False
1967119897460871390,1967119892951994390,1967119892935217152,False,2025-06-20 23:08:15,1,2025-06-25 23:08:15,1,False
1967119897460871391,1967119892951994390,1967119892935217157,False,2025-06-20 23:08:15,1,2025-06-25 23:08:15,1,False
1967119897460871392,1967119892951994391,1967119892935217152,False,2025-08-09 05:39:45,1,2025-08-15 05:39:45,1,False
1967119897460871393,1967119892951994391,1967119892918439954,True,2025-08-09 05:39:45,1,2025-08-15 05:39:45,1,False
1967119897460871394,1967119892951994391,1967119892947800080,False,2025-08-09 05:39:45,1,2025-08-15 05:39:45,1,False
1967119897460871395,1967119892951994391,1967119892939411467,False,2025-08-09 05:39:45,1,2025-08-15 05:39:45,1,False
1967119897460871396,1967119892951994391,1967119892939411466,True,2025-08-09 05:39:45,1,2025-08-15 05:39:45,1,False
1967119897460871397,1967119892951994391,1967119892918439967,True,2025-08-09 05:39:45,1,2025-08-15 05:39:45,1,False
1967119897460871398,1967119892951994391,1967119892943605762,False,2025-08-09 05:39:45,1,2025-08-15 05:39:45,1,False
1967119897460871399,1967119892951994391,1967119892918439961,False,2025-08-09 05:39:45,1,2025-08-15 05:39:45,1,False
1967119897460871400,1967119892951994391,1967119892926828547,True,2025-08-09 05:39:45,1,2025-08-15 05:39:45,1,False
1967119897460871401,1967119892951994391,1967119892943605761,False,2025-08-09 05:39:45,1,2025-08-15 05:39:45,1,False
1967119897460871402,1967119892951994391,1967119892947800065,True,2025-08-09 05:39:45,1,2025-08-15 05:39:45,1,False
1967119897460871403,1967119892951994391,1967119892943605763,True,2025-08-09 05:39:45,1,2025-08-15 05:39:45,1,False
1967119897460871404,1967119892951994391,1967119892943605771,True,2025-08-09 05:39:45,1,2025-08-15 05:39:45,1,False
1967119897460871405,1967119892951994391,1967119892947800083,False,2025-08-09 05:39:45,1,2025-08-15 05:39:45,1,False
1967119897460871406,1967119892951994391,1967119892918439959,False,2025-08-09 05:39:45,1,2025-08-15 05:39:45,1,False
1967119897460871407,1967119892951994391,1967119892935217153,True,2025-08-09 05:39:45,1,2025-08-15 05:39:45,1,False
1967119897460871408,1967119892951994391,1967119892951994373,True,2025-08-09 05:39:45,1,2025-08-15 05:39:45,1,False
1967119897460871409,1967119892951994391,1967119892951994378,True,2025-08-09 05:39:45,1,2025-08-15 05:39:45,1,False
1967119897460871410,1967119892951994391,1967119892918439957,True,2025-08-09 05:39:45,1,2025-08-15 05:39:45,1,False
1967119897460871411,1967119892951994391,1967119892939411460,True,2025-08-09 05:39:45,1,2025-08-15 05:39:45,1,False
1967119897460871412,1967119892951994391,1967119892935217156,True,2025-08-09 05:39:45,1,2025-08-15 05:39:45,1,False
1967119897460871413,1967119892951994392,1967119892838748353,True,2025-06-04 01:14:15,1,2025-06-11 01:14:15,1,False
1967119897460871414,1967119892951994392,1967119892838748348,False,2025-06-04 01:14:15,1,2025-06-11 01:14:15,1,False
1967119897460871415,1967119892951994392,1967119892838748347,False,2025-06-04 01:14:15,1,2025-06-11 01:14:15,1,False
1967119897460871416,1967119892951994392,1967119892838748365,True,2025-06-04 01:14:15,1,2025-06-11 01:14:15,1,False
1967119897460871417,1967119892951994392,1967119892838748336,False,2025-06-04 01:14:15,1,2025-06-11 01:14:15,1,False
1967119897460871418,1967119892951994392,1967119892838748343,True,2025-06-04 01:14:15,1,2025-06-11 01:14:15,1,False
1967119897460871419,1967119892951994392,1967119892838748331,False,2025-06-04 01:14:15,1,2025-06-11 01:14:15,1,False
1967119897460871420,1967119892951994392,1967119892838748370,True,2025-06-04 01:14:15,1,2025-06-11 01:14:15,1,False
1967119897460871421,1967119892951994393,1967119892838748349,True,2025-08-07 02:27:58,1,2025-08-14 02:27:58,1,False
1967119897460871422,1967119892951994393,1967119892838748347,False,2025-08-07 02:27:58,1,2025-08-14 02:27:58,1,False
1967119897460871423,1967119892951994393,1967119892838748330,False,2025-08-07 02:27:58,1,2025-08-14 02:27:58,1,False
1967119897460871424,1967119892951994393,1967119892838748336,False,2025-08-07 02:27:58,1,2025-08-14 02:27:58,1,False
1967119897460871425,1967119892951994393,1967119892838748350,False,2025-08-07 02:27:58,1,2025-08-14 02:27:58,1,False
1967119897460871426,1967119892951994393,1967119892838748337,False,2025-08-07 02:27:58,1,2025-08-14 02:27:58,1,False
1967119897460871427,1967119892951994393,1967119892838748364,True,2025-08-07 02:27:58,1,2025-08-14 02:27:58,1,False
1967119897460871428,1967119892951994393,1967119892838748366,True,2025-08-07 02:27:58,1,2025-08-14 02:27:58,1,False
1967119897460871429,1967119892951994393,1967119892838748341,False,2025-08-07 02:27:58,1,2025-08-14 02:27:58,1,False
1967119897460871430,1967119892951994393,1967119892838748340,True,2025-08-07 02:27:58,1,2025-08-14 02:27:58,1,False
1967119897460871431,1967119892956188672,1967119892880691212,True,2025-06-07 03:49:06,1,2025-06-10 03:49:06,1,False
1967119897460871432,1967119892956188672,1967119892876496896,True,2025-06-07 03:49:06,1,2025-06-10 03:49:06,1,False
1967119897460871433,1967119892956188672,1967119892943605776,False,2025-06-07 03:49:06,1,2025-06-10 03:49:06,1,False
1967119897460871434,1967119892956188672,1967119892901662721,True,2025-06-07 03:49:06,1,2025-06-10 03:49:06,1,False
1967119897460871435,1967119892956188672,1967119892855525376,True,2025-06-07 03:49:06,1,2025-06-10 03:49:06,1,False
1967119897460871436,1967119892956188672,1967119892943605785,False,2025-06-07 03:49:06,1,2025-06-10 03:49:06,1,False
1967119897460871437,1967119892956188672,1967119892859719698,False,2025-06-07 03:49:06,1,2025-06-10 03:49:06,1,False
1967119897460871438,1967119892956188672,1967119892838748367,False,2025-06-07 03:49:06,1,2025-06-10 03:49:06,1,False
1967119897460871439,1967119892956188672,1967119892918439967,True,2025-06-07 03:49:06,1,2025-06-10 03:49:06,1,False
1967119897460871440,1967119892956188672,1967119892884885509,True,2025-06-07 03:49:06,1,2025-06-10 03:49:06,1,False
1967119897460871441,1967119892956188672,1967119892855525377,False,2025-06-07 03:49:06,1,2025-06-10 03:49:06,1,False
1967119897460871442,1967119892956188672,1967119892859719685,True,2025-06-07 03:49:06,1,2025-06-10 03:49:06,1,False
1967119897460871443,1967119892956188672,1967119892918439964,False,2025-06-07 03:49:06,1,2025-06-10 03:49:06,1,False
1967119897460871444,1967119892956188672,1967119892897468423,False,2025-06-07 03:49:06,1,2025-06-10 03:49:06,1,False
1967119897460871445,1967119892956188672,1967119892951994377,True,2025-06-07 03:49:06,1,2025-06-10 03:49:06,1,False
1967119897460871446,1967119892956188672,1967119892876496898,True,2025-06-07 03:49:06,1,2025-06-10 03:49:06,1,False
1967119897460871447,1967119892956188672,1967119892838748366,True,2025-06-07 03:49:06,1,2025-06-10 03:49:06,1,False
1967119897460871448,1967119892956188672,1967119892943605786,True,2025-06-07 03:49:06,1,2025-06-10 03:49:06,1,False
1967119897460871449,1967119892956188672,1967119892910051329,False,2025-06-07 03:49:06,1,2025-06-10 03:49:06,1,False
1967119897460871450,1967119892956188672,1967119892943605787,True,2025-06-07 03:49:06,1,2025-06-10 03:49:06,1,False
1967119897460871451,1967119892956188672,1967119892943605778,True,2025-06-07 03:49:06,1,2025-06-10 03:49:06,1,False
1967119897460871452,1967119892956188672,1967119892897468432,False,2025-06-07 03:49:06,1,2025-06-10 03:49:06,1,False
1967119897460871453,1967119892956188672,1967119892897468418,False,2025-06-07 03:49:06,1,2025-06-10 03:49:06,1,False
1967119897460871454,1967119892956188672,1967119892868108288,False,2025-06-07 03:49:06,1,2025-06-10 03:49:06,1,False
1967119897460871455,1967119892956188672,1967119892922634241,False,2025-06-07 03:49:06,1,2025-06-10 03:49:06,1,False
1967119897460871456,1967119892956188672,1967119892918439949,False,2025-06-07 03:49:06,1,2025-06-10 03:49:06,1,False
1967119897460871457,1967119892956188672,1967119892838748336,False,2025-06-07 03:49:06,1,2025-06-10 03:49:06,1,False
1967119897460871458,1967119892956188672,1967119892910051344,True,2025-06-07 03:49:06,1,2025-06-10 03:49:06,1,False
1967119897460871459,1967119892956188672,1967119892855525383,False,2025-06-07 03:49:06,1,2025-06-10 03:49:06,1,False
1967119897460871460,1967119892956188672,1967119892872302606,False,2025-06-07 03:49:06,1,2025-06-10 03:49:06,1,False
1967119897460871461,1967119892956188672,1967119892939411457,False,2025-06-07 03:49:06,1,2025-06-10 03:49:06,1,False
1967119897460871462,1967119892956188672,1967119892889079817,False,2025-06-07 03:49:06,1,2025-06-10 03:49:06,1,False
1967119897460871463,1967119892956188672,1967119892943605761,True,2025-06-07 03:49:06,1,2025-06-10 03:49:06,1,False
1967119897460871464,1967119892956188672,1967119892859719686,True,2025-06-07 03:49:06,1,2025-06-10 03:49:06,1,False
1967119897460871465,1967119892956188672,1967119892951994376,True,2025-06-07 03:49:06,1,2025-06-10 03:49:06,1,False
1967119897460871466,1967119892956188672,1967119892838748330,False,2025-06-07 03:49:06,1,2025-06-10 03:49:06,1,False
1967119897460871467,1967119892956188672,1967119892876496900,False,2025-06-07 03:49:06,1,2025-06-10 03:49:06,1,False
1967119897460871468,1967119892956188672,1967119892872302595,True,2025-06-07 03:49:06,1,2025-06-10 03:49:06,1,False
1967119897460871469,1967119892956188672,1967119892901662720,False,2025-06-07 03:49:06,1,2025-06-10 03:49:06,1,False
1967119897460871470,1967119892956188672,1967119892939411456,False,2025-06-07 03:49:06,1,2025-06-10 03:49:06,1,False
1967119897460871471,1967119892956188672,1967119892905857033,False,2025-06-07 03:49:06,1,2025-06-10 03:49:06,1,False
1967119897460871472,1967119892956188672,1967119892851331089,False,2025-06-07 03:49:06,1,2025-06-10 03:49:06,1,False
1967119897460871473,1967119892956188672,1967119892838748329,False,2025-06-07 03:49:06,1,2025-06-10 03:49:06,1,False
1967119897460871474,1967119892956188672,1967119892838748359,True,2025-06-07 03:49:06,1,2025-06-10 03:49:06,1,False
1967119897460871475,1967119892956188672,1967119892893274125,False,2025-06-07 03:49:06,1,2025-06-10 03:49:06,1,False
1967119897460871476,1967119892956188672,1967119892868108295,True,2025-06-07 03:49:06,1,2025-06-10 03:49:06,1,False
1967119897460871477,1967119892956188672,1967119892838748361,False,2025-06-07 03:49:06,1,2025-06-10 03:49:06,1,False
1967119897460871478,1967119892956188672,1967119892901662738,True,2025-06-07 03:49:06,1,2025-06-10 03:49:06,1,False
1967119897460871479,1967119892956188672,1967119892880691201,False,2025-06-07 03:49:06,1,2025-06-10 03:49:06,1,False
1967119897460871480,1967119892956188672,1967119892889079815,False,2025-06-07 03:49:06,1,2025-06-10 03:49:06,1,False
1967119897460871481,1967119892956188672,1967119892914245634,False,2025-06-07 03:49:06,1,2025-06-10 03:49:06,1,False
1967119897460871482,1967119892956188672,1967119892922634243,False,2025-06-07 03:49:06,1,2025-06-10 03:49:06,1,False
1967119897460871483,1967119892956188672,1967119892914245646,False,2025-06-07 03:49:06,1,2025-06-10 03:49:06,1,False
1967119897460871484,1967119892956188672,1967119892868108301,False,2025-06-07 03:49:06,1,2025-06-10 03:49:06,1,False
1967119897460871485,1967119892956188672,1967119892910051346,True,2025-06-07 03:49:06,1,2025-06-10 03:49:06,1,False
1967119897460871486,1967119892956188672,1967119892838748365,False,2025-06-07 03:49:06,1,2025-06-10 03:49:06,1,False
1967119897460871487,1967119892956188672,1967119892884885508,True,2025-06-07 03:49:06,1,2025-06-10 03:49:06,1,False
1967119897460871488,1967119892956188672,1967119892838748344,False,2025-06-07 03:49:06,1,2025-06-10 03:49:06,1,False
1967119897460871489,1967119892956188672,1967119892872302608,False,2025-06-07 03:49:06,1,2025-06-10 03:49:06,1,False
1967119897460871490,1967119892956188672,1967119892838748369,False,2025-06-07 03:49:06,1,2025-06-10 03:49:06,1,False
1967119897460871491,1967119892956188672,1967119892918439947,False,2025-06-07 03:49:06,1,2025-06-10 03:49:06,1,False
1967119897460871492,1967119892956188672,1967119892851331083,False,2025-06-07 03:49:06,1,2025-06-10 03:49:06,1,False
1967119897460871493,1967119892956188672,1967119892910051338,True,2025-06-07 03:49:06,1,2025-06-10 03:49:06,1,False
1967119897460871494,1967119892956188672,1967119892897468426,False,2025-06-07 03:49:06,1,2025-06-10 03:49:06,1,False
1967119897460871495,1967119892956188672,1967119892935217163,True,2025-06-07 03:49:06,1,2025-06-10 03:49:06,1,False
1967119897460871496,1967119892956188672,1967119892851331078,True,2025-06-07 03:49:06,1,2025-06-10 03:49:06,1,False
1967119897460871497,1967119892956188672,1967119892872302592,True,2025-06-07 03:49:06,1,2025-06-10 03:49:06,1,False
1967119897460871498,1967119892956188672,1967119892939411473,True,2025-06-07 03:49:06,1,2025-06-10 03:49:06,1,False
1967119897460871499,1967119892956188672,1967119892897468424,True,2025-06-07 03:49:06,1,2025-06-10 03:49:06,1,False
1967119897460871500,1967119892956188672,1967119892880691216,False,2025-06-07 03:49:06,1,2025-06-10 03:49:06,1,False
1967119897460871501,1967119892956188672,1967119892943605767,True,2025-06-07 03:49:06,1,2025-06-10 03:49:06,1,False
1967119897460871502,1967119892956188672,1967119892947800076,True,2025-06-07 03:49:06,1,2025-06-10 03:49:06,1,False
1967119897460871503,1967119892956188672,1967119892893274124,True,2025-06-07 03:49:06,1,2025-06-10 03:49:06,1,False
1967119897460871504,1967119892956188672,1967119892918439943,True,2025-06-07 03:49:06,1,2025-06-10 03:49:06,1,False
1967119897460871505,1967119892956188672,1967119892851331073,False,2025-06-07 03:49:06,1,2025-06-10 03:49:06,1,False
1967119897460871506,1967119892956188672,1967119892901662737,False,2025-06-07 03:49:06,1,2025-06-10 03:49:06,1,False
1967119897460871507,1967119892956188672,1967119892947800078,False,2025-06-07 03:49:06,1,2025-06-10 03:49:06,1,False
1967119897460871508,1967119892956188672,1967119892859719692,False,2025-06-07 03:49:06,1,2025-06-10 03:49:06,1,False
1967119897460871509,1967119892956188672,1967119892889079814,False,2025-06-07 03:49:06,1,2025-06-10 03:49:06,1,False
1967119897460871510,1967119892956188672,1967119892838748351,True,2025-06-07 03:49:06,1,2025-06-10 03:49:06,1,False
1967119897460871511,1967119892956188672,1967119892910051355,True,2025-06-07 03:49:06,1,2025-06-10 03:49:06,1,False
1967119897460871512,1967119892956188672,1967119892914245640,True,2025-06-07 03:49:06,1,2025-06-10 03:49:06,1,False
1967119897460871513,1967119892956188672,1967119892943605789,False,2025-06-07 03:49:06,1,2025-06-10 03:49:06,1,False
1967119897460871514,1967119892956188672,1967119892910051341,True,2025-06-07 03:49:06,1,2025-06-10 03:49:06,1,False
1967119897460871515,1967119892956188672,1967119892939411460,True,2025-06-07 03:49:06,1,2025-06-10 03:49:06,1,False
1967119897460871516,1967119892956188672,1967119892905857031,True,2025-06-07 03:49:06,1,2025-06-10 03:49:06,1,False
1967119897460871517,1967119892956188672,1967119892905857043,True,2025-06-07 03:49:06,1,2025-06-10 03:49:06,1,False
1967119897460871518,1967119892956188672,1967119892926828545,False,2025-06-07 03:49:06,1,2025-06-10 03:49:06,1,False
1967119897460871519,1967119892956188672,1967119892901662741,False,2025-06-07 03:49:06,1,2025-06-10 03:49:06,1,False
1967119897460871520,1967119892956188672,1967119892893274117,True,2025-06-07 03:49:06,1,2025-06-10 03:49:06,1,False
1967119897460871521,1967119892956188672,1967119892893274132,False,2025-06-07 03:49:06,1,2025-06-10 03:49:06,1,False
1967119897460871522,1967119892956188672,1967119892918439937,False,2025-06-07 03:49:06,1,2025-06-10 03:49:06,1,False
1967119897460871523,1967119892956188672,1967119892893274113,True,2025-06-07 03:49:06,1,2025-06-10 03:49:06,1,False
1967119897460871524,1967119892956188672,1967119892859719690,True,2025-06-07 03:49:06,1,2025-06-10 03:49:06,1,False
1967119897460871525,1967119892956188672,1967119892918439953,True,2025-06-07 03:49:06,1,2025-06-10 03:49:06,1,False
1967119897460871526,1967119892956188672,1967119892914245649,True,2025-06-07 03:49:06,1,2025-06-10 03:49:06,1,False
1967119897460871527,1967119892956188672,1967119892838748370,False,2025-06-07 03:49:06,1,2025-06-10 03:49:06,1,False
1967119897460871528,1967119892956188672,1967119892939411465,True,2025-06-07 03:49:06,1,2025-06-10 03:49:06,1,False
1967119897460871529,1967119892956188672,1967119892905857040,False,2025-06-07 03:49:06,1,2025-06-10 03:49:06,1,False
1967119897460871530,1967119892956188672,1967119892947800080,False,2025-06-07 03:49:06,1,2025-06-10 03:49:06,1,False
1967119897460871531,1967119892956188672,1967119892935217159,False,2025-06-07 03:49:06,1,2025-06-10 03:49:06,1,False
1967119897460871532,1967119892956188672,1967119892876496897,False,2025-06-07 03:49:06,1,2025-06-10 03:49:06,1,False
1967119897460871533,1967119892956188672,1967119892905857026,True,2025-06-07 03:49:06,1,2025-06-10 03:49:06,1,False
1967119897460871534,1967119892956188672,1967119892947800065,True,2025-06-07 03:49:06,1,2025-06-10 03:49:06,1,False
1967119897460871535,1967119892956188672,1967119892880691208,False,2025-06-07 03:49:06,1,2025-06-10 03:49:06,1,False
1967119897460871536,1967119892956188672,1967119892838748341,True,2025-06-07 03:49:06,1,2025-06-10 03:49:06,1,False
1967119897460871537,1967119892956188672,1967119892951994369,True,2025-06-07 03:49:06,1,2025-06-10 03:49:06,1,False
1967119897460871538,1967119892956188672,1967119892838748368,True,2025-06-07 03:49:06,1,2025-06-10 03:49:06,1,False
1967119897460871539,1967119892956188672,1967119892880691213,False,2025-06-07 03:49:06,1,2025-06-10 03:49:06,1,False
1967119897465065472,1967119892956188672,1967119892947800088,False,2025-06-07 03:49:06,1,2025-06-10 03:49:06,1,False
1967119897465065473,1967119892956188672,1967119892947800067,False,2025-06-07 03:49:06,1,2025-06-10 03:49:06,1,False
1967119897465065474,1967119892956188672,1967119892880691205,True,2025-06-07 03:49:06,1,2025-06-10 03:49:06,1,False
1967119897465065475,1967119892956188672,1967119892889079820,False,2025-06-07 03:49:06,1,2025-06-10 03:49:06,1,False
1967119897465065476,1967119892956188672,1967119892889079816,True,2025-06-07 03:49:06,1,2025-06-10 03:49:06,1,False
1967119897465065477,1967119892956188672,1967119892905857025,False,2025-06-07 03:49:06,1,2025-06-10 03:49:06,1,False
1967119897465065478,1967119892956188672,1967119892943605781,False,2025-06-07 03:49:06,1,2025-06-10 03:49:06,1,False
1967119897465065479,1967119892956188672,1967119892947800064,True,2025-06-07 03:49:06,1,2025-06-10 03:49:06,1,False
1967119897465065480,1967119892956188672,1967119892939411469,True,2025-06-07 03:49:06,1,2025-06-10 03:49:06,1,False
1967119897465065481,1967119892956188672,1967119892943605771,True,2025-06-07 03:49:06,1,2025-06-10 03:49:06,1,False
1967119897465065482,1967119892956188672,1967119892859719691,False,2025-06-07 03:49:06,1,2025-06-10 03:49:06,1,False
1967119897465065483,1967119892956188672,1967119892855525384,False,2025-06-07 03:49:06,1,2025-06-10 03:49:06,1,False
1967119897465065484,1967119892956188672,1967119892918439938,False,2025-06-07 03:49:06,1,2025-06-10 03:49:06,1,False
1967119897465065485,1967119892956188672,1967119892922634244,True,2025-06-07 03:49:06,1,2025-06-10 03:49:06,1,False
1967119897465065486,1967119892956188672,1967119892859719699,False,2025-06-07 03:49:06,1,2025-06-10 03:49:06,1,False
1967119897465065487,1967119892956188672,1967119892880691211,False,2025-06-07 03:49:06,1,2025-06-10 03:49:06,1,False
1967119897465065488,1967119892956188672,1967119892939411467,True,2025-06-07 03:49:06,1,2025-06-10 03:49:06,1,False
1967119897465065489,1967119892956188673,1967119892910051355,False,2025-07-24 07:38:06,1,2025-07-29 07:38:06,1,False
1967119897465065490,1967119892956188673,1967119892880691208,True,2025-07-24 07:38:06,1,2025-07-29 07:38:06,1,False
1967119897465065491,1967119892956188673,1967119892855525398,True,2025-07-24 07:38:06,1,2025-07-29 07:38:06,1,False
1967119897465065492,1967119892956188673,1967119892943605786,False,2025-07-24 07:38:06,1,2025-07-29 07:38:06,1,False
1967119897465065493,1967119892956188673,1967119892868108291,False,2025-07-24 07:38:06,1,2025-07-29 07:38:06,1,False
1967119897465065494,1967119892956188673,1967119892868108290,True,2025-07-24 07:38:06,1,2025-07-29 07:38:06,1,False
1967119897465065495,1967119892956188673,1967119892905857043,True,2025-07-24 07:38:06,1,2025-07-29 07:38:06,1,False
1967119897465065496,1967119892956188673,1967119892905857027,False,2025-07-24 07:38:06,1,2025-07-29 07:38:06,1,False
1967119897465065497,1967119892956188673,1967119892910051346,False,2025-07-24 07:38:06,1,2025-07-29 07:38:06,1,False
1967119897465065498,1967119892956188673,1967119892859719700,True,2025-07-24 07:38:06,1,2025-07-29 07:38:06,1,False
1967119897465065499,1967119892956188673,1967119892951994376,False,2025-07-24 07:38:06,1,2025-07-29 07:38:06,1,False
1967119897465065500,1967119892956188673,1967119892851331094,False,2025-07-24 07:38:06,1,2025-07-29 07:38:06,1,False
1967119897465065501,1967119892956188673,1967119892855525387,False,2025-07-24 07:38:06,1,2025-07-29 07:38:06,1,False
1967119897465065502,1967119892956188673,1967119892838748329,True,2025-07-24 07:38:06,1,2025-07-29 07:38:06,1,False
1967119897465065503,1967119892956188673,1967119892855525377,True,2025-07-24 07:38:06,1,2025-07-29 07:38:06,1,False
1967119897465065504,1967119892956188673,1967119892905857031,True,2025-07-24 07:38:06,1,2025-07-29 07:38:06,1,False
1967119897465065505,1967119892956188673,1967119892859719685,True,2025-07-24 07:38:06,1,2025-07-29 07:38:06,1,False
1967119897465065506,1967119892956188673,1967119892905857044,True,2025-07-24 07:38:06,1,2025-07-29 07:38:06,1,False
1967119897465065507,1967119892956188673,1967119892884885509,True,2025-07-24 07:38:06,1,2025-07-29 07:38:06,1,False
1967119897465065508,1967119892956188673,1967119892868108301,False,2025-07-24 07:38:06,1,2025-07-29 07:38:06,1,False
1967119897465065509,1967119892956188673,1967119892947800078,False,2025-07-24 07:38:06,1,2025-07-29 07:38:06,1,False
1967119897465065510,1967119892956188673,1967119892863913987,False,2025-07-24 07:38:06,1,2025-07-29 07:38:06,1,False
1967119897465065511,1967119892956188673,1967119892863913991,True,2025-07-24 07:38:06,1,2025-07-29 07:38:06,1,False
1967119897465065512,1967119892956188673,1967119892910051344,False,2025-07-24 07:38:06,1,2025-07-29 07:38:06,1,False
1967119897465065513,1967119892956188673,1967119892939411466,True,2025-07-24 07:38:06,1,2025-07-29 07:38:06,1,False
1967119897465065514,1967119892956188673,1967119892872302604,False,2025-07-24 07:38:06,1,2025-07-29 07:38:06,1,False
1967119897465065515,1967119892956188673,1967119892863913986,False,2025-07-24 07:38:06,1,2025-07-29 07:38:06,1,False
1967119897465065516,1967119892956188673,1967119892880691211,False,2025-07-24 07:38:06,1,2025-07-29 07:38:06,1,False
1967119897465065517,1967119892956188673,1967119892914245636,True,2025-07-24 07:38:06,1,2025-07-29 07:38:06,1,False
1967119897465065518,1967119892956188673,1967119892872302608,False,2025-07-24 07:38:06,1,2025-07-29 07:38:06,1,False
1967119897465065519,1967119892956188673,1967119892901662724,True,2025-07-24 07:38:06,1,2025-07-29 07:38:06,1,False
1967119897465065520,1967119892956188673,1967119892943605780,True,2025-07-24 07:38:06,1,2025-07-29 07:38:06,1,False
1967119897465065521,1967119892956188673,1967119892943605764,True,2025-07-24 07:38:06,1,2025-07-29 07:38:06,1,False
1967119897465065522,1967119892956188673,1967119892943605766,True,2025-07-24 07:38:06,1,2025-07-29 07:38:06,1,False
1967119897465065523,1967119892956188673,1967119892910051333,False,2025-07-24 07:38:06,1,2025-07-29 07:38:06,1,False
1967119897465065524,1967119892956188673,1967119892855525378,True,2025-07-24 07:38:06,1,2025-07-29 07:38:06,1,False
1967119897465065525,1967119892956188673,1967119892901662730,True,2025-07-24 07:38:06,1,2025-07-29 07:38:06,1,False
1967119897465065526,1967119892956188673,1967119892863913989,True,2025-07-24 07:38:06,1,2025-07-29 07:38:06,1,False
1967119897465065527,1967119892956188673,1967119892914245633,True,2025-07-24 07:38:06,1,2025-07-29 07:38:06,1,False
1967119897465065528,1967119892956188673,1967119892880691205,False,2025-07-24 07:38:06,1,2025-07-29 07:38:06,1,False
1967119897465065529,1967119892956188673,1967119892859719681,False,2025-07-24 07:38:06,1,2025-07-29 07:38:06,1,False
1967119897465065530,1967119892956188673,1967119892943605777,False,2025-07-24 07:38:06,1,2025-07-29 07:38:06,1,False
1967119897465065531,1967119892956188673,1967119892914245638,True,2025-07-24 07:38:06,1,2025-07-29 07:38:06,1,False
1967119897465065532,1967119892956188673,1967119892918439944,False,2025-07-24 07:38:06,1,2025-07-29 07:38:06,1,False
1967119897465065533,1967119892956188673,1967119892897468416,True,2025-07-24 07:38:06,1,2025-07-29 07:38:06,1,False
1967119897465065534,1967119892956188673,1967119892872302594,True,2025-07-24 07:38:06,1,2025-07-29 07:38:06,1,False
1967119897465065535,1967119892956188673,1967119892872302597,False,2025-07-24 07:38:06,1,2025-07-29 07:38:06,1,False
1967119897465065536,1967119892956188673,1967119892838748366,True,2025-07-24 07:38:06,1,2025-07-29 07:38:06,1,False
1967119897465065537,1967119892956188673,1967119892893274120,True,2025-07-24 07:38:06,1,2025-07-29 07:38:06,1,False
1967119897465065538,1967119892956188673,1967119892947800073,False,2025-07-24 07:38:06,1,2025-07-29 07:38:06,1,False
1967119897465065539,1967119892956188673,1967119892838748353,False,2025-07-24 07:38:06,1,2025-07-29 07:38:06,1,False
1967119897465065540,1967119892956188674,1967119892838748371,True,2025-06-24 12:15:46,1,2025-06-25 12:15:46,1,False
1967119897465065541,1967119892956188674,1967119892884885510,False,2025-06-24 12:15:46,1,2025-06-25 12:15:46,1,False
1967119897465065542,1967119892956188674,1967119892855525383,True,2025-06-24 12:15:46,1,2025-06-25 12:15:46,1,False
1967119897465065543,1967119892956188674,1967119892901662725,False,2025-06-24 12:15:46,1,2025-06-25 12:15:46,1,False
1967119897465065544,1967119892956188674,1967119892922634246,True,2025-06-24 12:15:46,1,2025-06-25 12:15:46,1,False
1967119897465065545,1967119892956188674,1967119892905857036,False,2025-06-24 12:15:46,1,2025-06-25 12:15:46,1,False
1967119897465065546,1967119892956188674,1967119892905857040,False,2025-06-24 12:15:46,1,2025-06-25 12:15:46,1,False
1967119897465065547,1967119892956188674,1967119892838748351,False,2025-06-24 12:15:46,1,2025-06-25 12:15:46,1,False
1967119897465065548,1967119892956188674,1967119892947800064,False,2025-06-24 12:15:46,1,2025-06-25 12:15:46,1,False
1967119897465065549,1967119892956188674,1967119892851331085,True,2025-06-24 12:15:46,1,2025-06-25 12:15:46,1,False
1967119897465065550,1967119892956188674,1967119892943605765,True,2025-06-24 12:15:46,1,2025-06-25 12:15:46,1,False
1967119897465065551,1967119892956188674,1967119892943605763,False,2025-06-24 12:15:46,1,2025-06-25 12:15:46,1,False
1967119897465065552,1967119892956188674,1967119892951994375,True,2025-06-24 12:15:46,1,2025-06-25 12:15:46,1,False
1967119897465065553,1967119892956188674,1967119892868108295,True,2025-06-24 12:15:46,1,2025-06-25 12:15:46,1,False
1967119897465065554,1967119892956188674,1967119892872302598,True,2025-06-24 12:15:46,1,2025-06-25 12:15:46,1,False
1967119897465065555,1967119892956188674,1967119892897468430,False,2025-06-24 12:15:46,1,2025-06-25 12:15:46,1,False
1967119897465065556,1967119892956188674,1967119892884885514,False,2025-06-24 12:15:46,1,2025-06-25 12:15:46,1,False
1967119897465065557,1967119892956188674,1967119892897468426,True,2025-06-24 12:15:46,1,2025-06-25 12:15:46,1,False
1967119897465065558,1967119892956188674,1967119892838748331,True,2025-06-24 12:15:46,1,2025-06-25 12:15:46,1,False
1967119897465065559,1967119892956188674,1967119892859719703,True,2025-06-24 12:15:46,1,2025-06-25 12:15:46,1,False
1967119897465065560,1967119892956188674,1967119892859719686,True,2025-06-24 12:15:46,1,2025-06-25 12:15:46,1,False
1967119897465065561,1967119892956188674,1967119892851331072,True,2025-06-24 12:15:46,1,2025-06-25 12:15:46,1,False
1967119897465065562,1967119892956188674,1967119892939411465,False,2025-06-24 12:15:46,1,2025-06-25 12:15:46,1,False
1967119897465065563,1967119892956188674,1967119892914245641,False,2025-06-24 12:15:46,1,2025-06-25 12:15:46,1,False
1967119897465065564,1967119892956188674,1967119892884885509,False,2025-06-24 12:15:46,1,2025-06-25 12:15:46,1,False
1967119897465065565,1967119892956188674,1967119892918439936,False,2025-06-24 12:15:46,1,2025-06-25 12:15:46,1,False
1967119897465065566,1967119892956188674,1967119892918439958,False,2025-06-24 12:15:46,1,2025-06-25 12:15:46,1,False
1967119897465065567,1967119892956188674,1967119892855525394,False,2025-06-24 12:15:46,1,2025-06-25 12:15:46,1,False
1967119897465065568,1967119892956188674,1967119892859719680,False,2025-06-24 12:15:46,1,2025-06-25 12:15:46,1,False
1967119897465065569,1967119892956188674,1967119892880691203,True,2025-06-24 12:15:46,1,2025-06-25 12:15:46,1,False
1967119897465065570,1967119892956188674,1967119892893274125,True,2025-06-24 12:15:46,1,2025-06-25 12:15:46,1,False
1967119897465065571,1967119892956188674,1967119892884885513,True,2025-06-24 12:15:46,1,2025-06-25 12:15:46,1,False
1967119897465065572,1967119892956188674,1967119892838748343,False,2025-06-24 12:15:46,1,2025-06-25 12:15:46,1,False
1967119897465065573,1967119892956188674,1967119892876496898,True,2025-06-24 12:15:46,1,2025-06-25 12:15:46,1,False
1967119897465065574,1967119892956188674,1967119892918439959,True,2025-06-24 12:15:46,1,2025-06-25 12:15:46,1,False
1967119897465065575,1967119892956188674,1967119892901662729,False,2025-06-24 12:15:46,1,2025-06-25 12:15:46,1,False
1967119897465065576,1967119892956188674,1967119892863913994,True,2025-06-24 12:15:46,1,2025-06-25 12:15:46,1,False
1967119897465065577,1967119892956188674,1967119892838748330,True,2025-06-24 12:15:46,1,2025-06-25 12:15:46,1,False
1967119897465065578,1967119892956188674,1967119892893274112,True,2025-06-24 12:15:46,1,2025-06-25 12:15:46,1,False
1967119897465065579,1967119892956188674,1967119892951994376,False,2025-06-24 12:15:46,1,2025-06-25 12:15:46,1,False
1967119897465065580,1967119892956188674,1967119892947800071,True,2025-06-24 12:15:46,1,2025-06-25 12:15:46,1,False
1967119897465065581,1967119892956188674,1967119892855525385,True,2025-06-24 12:15:46,1,2025-06-25 12:15:46,1,False
1967119897465065582,1967119892956188674,1967119892918439952,False,2025-06-24 12:15:46,1,2025-06-25 12:15:46,1,False
1967119897465065583,1967119892956188674,1967119892901662722,True,2025-06-24 12:15:46,1,2025-06-25 12:15:46,1,False
1967119897465065584,1967119892956188674,1967119892868108290,False,2025-06-24 12:15:46,1,2025-06-25 12:15:46,1,False
1967119897465065585,1967119892956188674,1967119892838748356,True,2025-06-24 12:15:46,1,2025-06-25 12:15:46,1,False
1967119897465065586,1967119892956188674,1967119892855525391,False,2025-06-24 12:15:46,1,2025-06-25 12:15:46,1,False
1967119897465065587,1967119892956188674,1967119892897468431,True,2025-06-24 12:15:46,1,2025-06-25 12:15:46,1,False
1967119897465065588,1967119892956188674,1967119892880691200,False,2025-06-24 12:15:46,1,2025-06-25 12:15:46,1,False
1967119897465065589,1967119892956188674,1967119892838748353,True,2025-06-24 12:15:46,1,2025-06-25 12:15:46,1,False
1967119897465065590,1967119892956188674,1967119892901662727,True,2025-06-24 12:15:46,1,2025-06-25 12:15:46,1,False
1967119897465065591,1967119892956188674,1967119892918439946,False,2025-06-24 12:15:46,1,2025-06-25 12:15:46,1,False
1967119897465065592,1967119892956188674,1967119892943605781,True,2025-06-24 12:15:46,1,2025-06-25 12:15:46,1,False
1967119897465065593,1967119892956188674,1967119892851331084,True,2025-06-24 12:15:46,1,2025-06-25 12:15:46,1,False
1967119897465065594,1967119892956188674,1967119892939411468,False,2025-06-24 12:15:46,1,2025-06-25 12:15:46,1,False
1967119897465065595,1967119892956188674,1967119892893274126,True,2025-06-24 12:15:46,1,2025-06-25 12:15:46,1,False
1967119897465065596,1967119892956188674,1967119892838748328,False,2025-06-24 12:15:46,1,2025-06-25 12:15:46,1,False
1967119897465065597,1967119892956188674,1967119892947800073,False,2025-06-24 12:15:46,1,2025-06-25 12:15:46,1,False
1967119897465065598,1967119892956188674,1967119892859719696,True,2025-06-24 12:15:46,1,2025-06-25 12:15:46,1,False
1967119897465065599,1967119892956188674,1967119892914245632,True,2025-06-24 12:15:46,1,2025-06-25 12:15:46,1,False
1967119897465065600,1967119892956188674,1967119892855525399,False,2025-06-24 12:15:46,1,2025-06-25 12:15:46,1,False
1967119897465065601,1967119892956188674,1967119892922634244,True,2025-06-24 12:15:46,1,2025-06-25 12:15:46,1,False
1967119897465065602,1967119892956188674,1967119892905857041,False,2025-06-24 12:15:46,1,2025-06-25 12:15:46,1,False
1967119897465065603,1967119892956188674,1967119892939411471,False,2025-06-24 12:15:46,1,2025-06-25 12:15:46,1,False
1967119897465065604,1967119892956188674,1967119892893274117,True,2025-06-24 12:15:46,1,2025-06-25 12:15:46,1,False
1967119897465065605,1967119892956188674,1967119892855525392,False,2025-06-24 12:15:46,1,2025-06-25 12:15:46,1,False
1967119897465065606,1967119892956188674,1967119892905857042,True,2025-06-24 12:15:46,1,2025-06-25 12:15:46,1,False
1967119897465065607,1967119892956188674,1967119892910051348,False,2025-06-24 12:15:46,1,2025-06-25 12:15:46,1,False
1967119897465065608,1967119892956188674,1967119892935217165,False,2025-06-24 12:15:46,1,2025-06-25 12:15:46,1,False
1967119897465065609,1967119892956188674,1967119892901662735,True,2025-06-24 12:15:46,1,2025-06-25 12:15:46,1,False
1967119897465065610,1967119892956188675,1967119892851331072,True,2025-05-20 22:13:08,1,2025-05-25 22:13:08,1,False
1967119897465065611,1967119892956188675,1967119892918439943,True,2025-05-20 22:13:08,1,2025-05-25 22:13:08,1,False
1967119897465065612,1967119892956188675,1967119892893274124,False,2025-05-20 22:13:08,1,2025-05-25 22:13:08,1,False
1967119897465065613,1967119892956188675,1967119892859719695,False,2025-05-20 22:13:08,1,2025-05-25 22:13:08,1,False
1967119897465065614,1967119892956188675,1967119892868108288,True,2025-05-20 22:13:08,1,2025-05-25 22:13:08,1,False
1967119897465065615,1967119892956188675,1967119892855525399,True,2025-05-20 22:13:08,1,2025-05-25 22:13:08,1,False
1967119897465065616,1967119892956188675,1967119892918439961,True,2025-05-20 22:13:08,1,2025-05-25 22:13:08,1,False
1967119897465065617,1967119892956188675,1967119892943605777,True,2025-05-20 22:13:08,1,2025-05-25 22:13:08,1,False
1967119897465065618,1967119892956188675,1967119892939411457,True,2025-05-20 22:13:08,1,2025-05-25 22:13:08,1,False
1967119897465065619,1967119892956188675,1967119892926828547,True,2025-05-20 22:13:08,1,2025-05-25 22:13:08,1,False
1967119897465065620,1967119892956188675,1967119892947800080,True,2025-05-20 22:13:08,1,2025-05-25 22:13:08,1,False
1967119897465065621,1967119892956188675,1967119892914245649,True,2025-05-20 22:13:08,1,2025-05-25 22:13:08,1,False
1967119897465065622,1967119892956188675,1967119892918439950,False,2025-05-20 22:13:08,1,2025-05-25 22:13:08,1,False
1967119897465065623,1967119892956188675,1967119892910051336,False,2025-05-20 22:13:08,1,2025-05-25 22:13:08,1,False
1967119897465065624,1967119892956188675,1967119892905857039,False,2025-05-20 22:13:08,1,2025-05-25 22:13:08,1,False
1967119897465065625,1967119892956188675,1967119892868108299,True,2025-05-20 22:13:08,1,2025-05-25 22:13:08,1,False
1967119897465065626,1967119892956188675,1967119892947800074,True,2025-05-20 22:13:08,1,2025-05-25 22:13:08,1,False
1967119897465065627,1967119892956188675,1967119892893274118,False,2025-05-20 22:13:08,1,2025-05-25 22:13:08,1,False
1967119897465065628,1967119892956188675,1967119892943605769,True,2025-05-20 22:13:08,1,2025-05-25 22:13:08,1,False
1967119897465065629,1967119892956188675,1967119892884885507,True,2025-05-20 22:13:08,1,2025-05-25 22:13:08,1,False
1967119897465065630,1967119892956188675,1967119892914245634,True,2025-05-20 22:13:08,1,2025-05-25 22:13:08,1,False
1967119897465065631,1967119892956188675,1967119892918439941,False,2025-05-20 22:13:08,1,2025-05-25 22:13:08,1,False
1967119897469259776,1967119892956188675,1967119892918439960,False,2025-05-20 22:13:08,1,2025-05-25 22:13:08,1,False
1967119897469259777,1967119892956188675,1967119892838748335,True,2025-05-20 22:13:08,1,2025-05-25 22:13:08,1,False
1967119897469259778,1967119892956188675,1967119892893274125,True,2025-05-20 22:13:08,1,2025-05-25 22:13:08,1,False
1967119897469259779,1967119892956188675,1967119892905857034,False,2025-05-20 22:13:08,1,2025-05-25 22:13:08,1,False
1967119897469259780,1967119892956188675,1967119892851331084,False,2025-05-20 22:13:08,1,2025-05-25 22:13:08,1,False
1967119897469259781,1967119892956188675,1967119892880691219,False,2025-05-20 22:13:08,1,2025-05-25 22:13:08,1,False
1967119897469259782,1967119892956188675,1967119892914245648,True,2025-05-20 22:13:08,1,2025-05-25 22:13:08,1,False
1967119897469259783,1967119892956188675,1967119892880691202,False,2025-05-20 22:13:08,1,2025-05-25 22:13:08,1,False
1967119897469259784,1967119892956188675,1967119892863913994,True,2025-05-20 22:13:08,1,2025-05-25 22:13:08,1,False
1967119897469259785,1967119892956188675,1967119892939411459,True,2025-05-20 22:13:08,1,2025-05-25 22:13:08,1,False
1967119897469259786,1967119892956188675,1967119892943605781,True,2025-05-20 22:13:08,1,2025-05-25 22:13:08,1,False
1967119897469259787,1967119892956188675,1967119892947800082,False,2025-05-20 22:13:08,1,2025-05-25 22:13:08,1,False
1967119897469259788,1967119892956188675,1967119892893274123,True,2025-05-20 22:13:08,1,2025-05-25 22:13:08,1,False
1967119897469259789,1967119892956188675,1967119892838748370,False,2025-05-20 22:13:08,1,2025-05-25 22:13:08,1,False
1967119897469259790,1967119892956188675,1967119892884885510,True,2025-05-20 22:13:08,1,2025-05-25 22:13:08,1,False
1967119897469259791,1967119892956188675,1967119892918439942,True,2025-05-20 22:13:08,1,2025-05-25 22:13:08,1,False
1967119897469259792,1967119892956188675,1967119892838748364,False,2025-05-20 22:13:08,1,2025-05-25 22:13:08,1,False
1967119897469259793,1967119892956188675,1967119892901662732,True,2025-05-20 22:13:08,1,2025-05-25 22:13:08,1,False
1967119897469259794,1967119892956188675,1967119892838748347,False,2025-05-20 22:13:08,1,2025-05-25 22:13:08,1,False
1967119897469259795,1967119892956188675,1967119892859719690,False,2025-05-20 22:13:08,1,2025-05-25 22:13:08,1,False
1967119897469259796,1967119892956188675,1967119892935217155,False,2025-05-20 22:13:08,1,2025-05-25 22:13:08,1,False
1967119897469259797,1967119892956188675,1967119892910051342,True,2025-05-20 22:13:08,1,2025-05-25 22:13:08,1,False
1967119897469259798,1967119892956188675,1967119892947800083,True,2025-05-20 22:13:08,1,2025-05-25 22:13:08,1,False
1967119897469259799,1967119892956188675,1967119892855525393,False,2025-05-20 22:13:08,1,2025-05-25 22:13:08,1,False
1967119897469259800,1967119892956188675,1967119892889079815,True,2025-05-20 22:13:08,1,2025-05-25 22:13:08,1,False
1967119897469259801,1967119892956188675,1967119892939411469,False,2025-05-20 22:13:08,1,2025-05-25 22:13:08,1,False
1967119897469259802,1967119892956188675,1967119892838748331,True,2025-05-20 22:13:08,1,2025-05-25 22:13:08,1,False
1967119897469259803,1967119892956188675,1967119892880691213,True,2025-05-20 22:13:08,1,2025-05-25 22:13:08,1,False
1967119897469259804,1967119892956188675,1967119892868108300,False,2025-05-20 22:13:08,1,2025-05-25 22:13:08,1,False
1967119897469259805,1967119892956188675,1967119892947800071,True,2025-05-20 22:13:08,1,2025-05-25 22:13:08,1,False
1967119897469259806,1967119892956188675,1967119892863913992,True,2025-05-20 22:13:08,1,2025-05-25 22:13:08,1,False
1967119897469259807,1967119892956188675,1967119892859719694,False,2025-05-20 22:13:08,1,2025-05-25 22:13:08,1,False
1967119897469259808,1967119892956188675,1967119892863913984,True,2025-05-20 22:13:08,1,2025-05-25 22:13:08,1,False
1967119897469259809,1967119892956188675,1967119892884885512,True,2025-05-20 22:13:08,1,2025-05-25 22:13:08,1,False
1967119897469259810,1967119892956188675,1967119892901662730,False,2025-05-20 22:13:08,1,2025-05-25 22:13:08,1,False
1967119897469259811,1967119892956188675,1967119892939411456,True,2025-05-20 22:13:08,1,2025-05-25 22:13:08,1,False
1967119897469259812,1967119892956188675,1967119892838748344,False,2025-05-20 22:13:08,1,2025-05-25 22:13:08,1,False
1967119897469259813,1967119892956188675,1967119892901662722,False,2025-05-20 22:13:08,1,2025-05-25 22:13:08,1,False
1967119897469259814,1967119892956188675,1967119892838748371,False,2025-05-20 22:13:08,1,2025-05-25 22:13:08,1,False
1967119897469259815,1967119892956188675,1967119892859719689,False,2025-05-20 22:13:08,1,2025-05-25 22:13:08,1,False
1967119897469259816,1967119892956188675,1967119892914245638,True,2025-05-20 22:13:08,1,2025-05-25 22:13:08,1,False
1967119897469259817,1967119892956188675,1967119892880691205,True,2025-05-20 22:13:08,1,2025-05-25 22:13:08,1,False
1967119897469259818,1967119892956188675,1967119892901662737,True,2025-05-20 22:13:08,1,2025-05-25 22:13:08,1,False
1967119897469259819,1967119892956188675,1967119892872302594,True,2025-05-20 22:13:08,1,2025-05-25 22:13:08,1,False
1967119897469259820,1967119892956188675,1967119892910051333,False,2025-05-20 22:13:08,1,2025-05-25 22:13:08,1,False
1967119897469259821,1967119892956188675,1967119892943605760,False,2025-05-20 22:13:08,1,2025-05-25 22:13:08,1,False
1967119897469259822,1967119892956188675,1967119892943605778,True,2025-05-20 22:13:08,1,2025-05-25 22:13:08,1,False
1967119897469259823,1967119892956188675,1967119892880691218,True,2025-05-20 22:13:08,1,2025-05-25 22:13:08,1,False
1967119897469259824,1967119892956188675,1967119892910051343,False,2025-05-20 22:13:08,1,2025-05-25 22:13:08,1,False
1967119897469259825,1967119892956188675,1967119892905857030,True,2025-05-20 22:13:08,1,2025-05-25 22:13:08,1,False
1967119897469259826,1967119892956188675,1967119892893274128,True,2025-05-20 22:13:08,1,2025-05-25 22:13:08,1,False
1967119897469259827,1967119892956188675,1967119892838748350,True,2025-05-20 22:13:08,1,2025-05-25 22:13:08,1,False
1967119897469259828,1967119892956188675,1967119892838748345,True,2025-05-20 22:13:08,1,2025-05-25 22:13:08,1,False
1967119897469259829,1967119892956188675,1967119892905857037,True,2025-05-20 22:13:08,1,2025-05-25 22:13:08,1,False
1967119897469259830,1967119892956188675,1967119892905857036,False,2025-05-20 22:13:08,1,2025-05-25 22:13:08,1,False
1967119897469259831,1967119892956188675,1967119892914245633,False,2025-05-20 22:13:08,1,2025-05-25 22:13:08,1,False
1967119897469259832,1967119892956188675,1967119892901662725,True,2025-05-20 22:13:08,1,2025-05-25 22:13:08,1,False
1967119897469259833,1967119892956188675,1967119892838748334,True,2025-05-20 22:13:08,1,2025-05-25 22:13:08,1,False
1967119897469259834,1967119892956188675,1967119892859719693,False,2025-05-20 22:13:08,1,2025-05-25 22:13:08,1,False
1967119897469259835,1967119892956188675,1967119892876496896,True,2025-05-20 22:13:08,1,2025-05-25 22:13:08,1,False
1967119897469259836,1967119892956188675,1967119892943605787,False,2025-05-20 22:13:08,1,2025-05-25 22:13:08,1,False
1967119897469259837,1967119892956188675,1967119892910051338,False,2025-05-20 22:13:08,1,2025-05-25 22:13:08,1,False
1967119897469259838,1967119892956188675,1967119892943605782,False,2025-05-20 22:13:08,1,2025-05-25 22:13:08,1,False
1967119897469259839,1967119892956188675,1967119892893274113,True,2025-05-20 22:13:08,1,2025-05-25 22:13:08,1,False
1967119897469259840,1967119892956188675,1967119892935217165,False,2025-05-20 22:13:08,1,2025-05-25 22:13:08,1,False
1967119897469259841,1967119892956188675,1967119892910051350,False,2025-05-20 22:13:08,1,2025-05-25 22:13:08,1,False
1967119897469259842,1967119892956188675,1967119892863913987,False,2025-05-20 22:13:08,1,2025-05-25 22:13:08,1,False
1967119897469259843,1967119892956188675,1967119892876496899,True,2025-05-20 22:13:08,1,2025-05-25 22:13:08,1,False
1967119897469259844,1967119892956188675,1967119892855525387,True,2025-05-20 22:13:08,1,2025-05-25 22:13:08,1,False
1967119897469259845,1967119892956188675,1967119892880691207,True,2025-05-20 22:13:08,1,2025-05-25 22:13:08,1,False
1967119897469259846,1967119892956188675,1967119892893274126,False,2025-05-20 22:13:08,1,2025-05-25 22:13:08,1,False
1967119897469259847,1967119892956188675,1967119892851331073,False,2025-05-20 22:13:08,1,2025-05-25 22:13:08,1,False
1967119897469259848,1967119892956188675,1967119892939411458,False,2025-05-20 22:13:08,1,2025-05-25 22:13:08,1,False
1967119897469259849,1967119892956188675,1967119892859719681,False,2025-05-20 22:13:08,1,2025-05-25 22:13:08,1,False
1967119897469259850,1967119892956188675,1967119892838748333,False,2025-05-20 22:13:08,1,2025-05-25 22:13:08,1,False
1967119897469259851,1967119892956188675,1967119892905857043,True,2025-05-20 22:13:08,1,2025-05-25 22:13:08,1,False
1967119897469259852,1967119892956188675,1967119892889079816,False,2025-05-20 22:13:08,1,2025-05-25 22:13:08,1,False
1967119897469259853,1967119892956188675,1967119892884885509,True,2025-05-20 22:13:08,1,2025-05-25 22:13:08,1,False
1967119897469259854,1967119892956188675,1967119892855525394,True,2025-05-20 22:13:08,1,2025-05-25 22:13:08,1,False
1967119897469259855,1967119892956188675,1967119892910051346,True,2025-05-20 22:13:08,1,2025-05-25 22:13:08,1,False
1967119897469259856,1967119892956188675,1967119892905857044,False,2025-05-20 22:13:08,1,2025-05-25 22:13:08,1,False
1967119897469259857,1967119892956188675,1967119892926828546,True,2025-05-20 22:13:08,1,2025-05-25 22:13:08,1,False
1967119897469259858,1967119892956188675,1967119892951994374,True,2025-05-20 22:13:08,1,2025-05-25 22:13:08,1,False
1967119897469259859,1967119892956188675,1967119892838748362,False,2025-05-20 22:13:08,1,2025-05-25 22:13:08,1,False
1967119897469259860,1967119892956188675,1967119892905857041,False,2025-05-20 22:13:08,1,2025-05-25 22:13:08,1,False
1967119897469259861,1967119892956188675,1967119892947800084,True,2025-05-20 22:13:08,1,2025-05-25 22:13:08,1,False
1967119897469259862,1967119892956188675,1967119892855525380,False,2025-05-20 22:13:08,1,2025-05-25 22:13:08,1,False
1967119897469259863,1967119892956188675,1967119892880691210,False,2025-05-20 22:13:08,1,2025-05-25 22:13:08,1,False
1967119897469259864,1967119892956188675,1967119892926828545,True,2025-05-20 22:13:08,1,2025-05-25 22:13:08,1,False
1967119897469259865,1967119892956188675,1967119892951994373,True,2025-05-20 22:13:08,1,2025-05-25 22:13:08,1,False
1967119897469259866,1967119892956188675,1967119892922634241,False,2025-05-20 22:13:08,1,2025-05-25 22:13:08,1,False
1967119897469259867,1967119892956188675,1967119892901662738,False,2025-05-20 22:13:08,1,2025-05-25 22:13:08,1,False
1967119897469259868,1967119892956188675,1967119892947800087,True,2025-05-20 22:13:08,1,2025-05-25 22:13:08,1,False
1967119897469259869,1967119892956188675,1967119892838748329,False,2025-05-20 22:13:08,1,2025-05-25 22:13:08,1,False
1967119897469259870,1967119892956188675,1967119892910051337,False,2025-05-20 22:13:08,1,2025-05-25 22:13:08,1,False
1967119897469259871,1967119892956188675,1967119892901662741,True,2025-05-20 22:13:08,1,2025-05-25 22:13:08,1,False
1967119897469259872,1967119892956188675,1967119892838748351,True,2025-05-20 22:13:08,1,2025-05-25 22:13:08,1,False
1967119897469259873,1967119892956188675,1967119892901662724,True,2025-05-20 22:13:08,1,2025-05-25 22:13:08,1,False
1967119897469259874,1967119892956188675,1967119892897468417,False,2025-05-20 22:13:08,1,2025-05-25 22:13:08,1,False
1967119897469259875,1967119892956188675,1967119892910051331,False,2025-05-20 22:13:08,1,2025-05-25 22:13:08,1,False
1967119897469259876,1967119892956188675,1967119892897468420,False,2025-05-20 22:13:08,1,2025-05-25 22:13:08,1,False
1967119897469259877,1967119892956188675,1967119892905857024,False,2025-05-20 22:13:08,1,2025-05-25 22:13:08,1,False
1967119897469259878,1967119892956188675,1967119892947800070,True,2025-05-20 22:13:08,1,2025-05-25 22:13:08,1,False
1967119897469259879,1967119892956188675,1967119892838748354,True,2025-05-20 22:13:08,1,2025-05-25 22:13:08,1,False
1967119897469259880,1967119892956188675,1967119892901662729,True,2025-05-20 22:13:08,1,2025-05-25 22:13:08,1,False
1967119897469259881,1967119892956188675,1967119892893274130,True,2025-05-20 22:13:08,1,2025-05-25 22:13:08,1,False
1967119897469259882,1967119892956188675,1967119892947800088,False,2025-05-20 22:13:08,1,2025-05-25 22:13:08,1,False
1967119897469259883,1967119892956188675,1967119892914245646,True,2025-05-20 22:13:08,1,2025-05-25 22:13:08,1,False
1967119897469259884,1967119892956188675,1967119892868108293,False,2025-05-20 22:13:08,1,2025-05-25 22:13:08,1,False
1967119897469259885,1967119892956188675,1967119892951994378,True,2025-05-20 22:13:08,1,2025-05-25 22:13:08,1,False
1967119897469259886,1967119892956188675,1967119892897468432,True,2025-05-20 22:13:08,1,2025-05-25 22:13:08,1,False
1967119897469259887,1967119892956188675,1967119892922634245,False,2025-05-20 22:13:08,1,2025-05-25 22:13:08,1,False
1967119897469259888,1967119892956188676,1967119892939411469,True,2025-08-06 22:17:44,1,2025-08-12 22:17:44,1,False
1967119897469259889,1967119892956188676,1967119892838748338,False,2025-08-06 22:17:44,1,2025-08-12 22:17:44,1,False
1967119897469259890,1967119892956188676,1967119892876496899,True,2025-08-06 22:17:44,1,2025-08-12 22:17:44,1,False
1967119897469259891,1967119892956188676,1967119892939411466,False,2025-08-06 22:17:44,1,2025-08-12 22:17:44,1,False
1967119897469259892,1967119892956188676,1967119892868108292,True,2025-08-06 22:17:44,1,2025-08-12 22:17:44,1,False
1967119897469259893,1967119892956188676,1967119892855525382,False,2025-08-06 22:17:44,1,2025-08-12 22:17:44,1,False
1967119897469259894,1967119892956188676,1967119892943605769,True,2025-08-06 22:17:44,1,2025-08-12 22:17:44,1,False
1967119897469259895,1967119892956188676,1967119892889079820,False,2025-08-06 22:17:44,1,2025-08-12 22:17:44,1,False
1967119897469259896,1967119892956188676,1967119892838748364,True,2025-08-06 22:17:44,1,2025-08-12 22:17:44,1,False
1967119897469259897,1967119892956188676,1967119892880691213,False,2025-08-06 22:17:44,1,2025-08-12 22:17:44,1,False
1967119897469259898,1967119892956188676,1967119892859719699,False,2025-08-06 22:17:44,1,2025-08-12 22:17:44,1,False
1967119897469259899,1967119892956188676,1967119892905857033,True,2025-08-06 22:17:44,1,2025-08-12 22:17:44,1,False
1967119897469259900,1967119892956188676,1967119892918439955,False,2025-08-06 22:17:44,1,2025-08-12 22:17:44,1,False
1967119897469259901,1967119892956188676,1967119892868108302,True,2025-08-06 22:17:44,1,2025-08-12 22:17:44,1,False
1967119897469259902,1967119892956188676,1967119892905857044,True,2025-08-06 22:17:44,1,2025-08-12 22:17:44,1,False
1967119897469259903,1967119892956188676,1967119892943605784,False,2025-08-06 22:17:44,1,2025-08-12 22:17:44,1,False
1967119897469259904,1967119892956188676,1967119892943605787,True,2025-08-06 22:17:44,1,2025-08-12 22:17:44,1,False
1967119897469259905,1967119892956188676,1967119892935217163,False,2025-08-06 22:17:44,1,2025-08-12 22:17:44,1,False
1967119897469259906,1967119892956188676,1967119892838748370,False,2025-08-06 22:17:44,1,2025-08-12 22:17:44,1,False
1967119897469259907,1967119892956188676,1967119892838748366,True,2025-08-06 22:17:44,1,2025-08-12 22:17:44,1,False
1967119897469259908,1967119892956188676,1967119892905857031,False,2025-08-06 22:17:44,1,2025-08-12 22:17:44,1,False
1967119897469259909,1967119892956188676,1967119892939411465,False,2025-08-06 22:17:44,1,2025-08-12 22:17:44,1,False
1967119897469259910,1967119892956188676,1967119892910051344,False,2025-08-06 22:17:44,1,2025-08-12 22:17:44,1,False
1967119897469259911,1967119892956188676,1967119892910051349,False,2025-08-06 22:17:44,1,2025-08-12 22:17:44,1,False
1967119897469259912,1967119892956188676,1967119892855525378,True,2025-08-06 22:17:44,1,2025-08-12 22:17:44,1,False
1967119897469259913,1967119892956188676,1967119892939411464,False,2025-08-06 22:17:44,1,2025-08-12 22:17:44,1,False
1967119897469259914,1967119892956188676,1967119892918439945,True,2025-08-06 22:17:44,1,2025-08-12 22:17:44,1,False
1967119897469259915,1967119892956188676,1967119892947800080,True,2025-08-06 22:17:44,1,2025-08-12 22:17:44,1,False
1967119897469259916,1967119892956188676,1967119892893274116,False,2025-08-06 22:17:44,1,2025-08-12 22:17:44,1,False
1967119897469259917,1967119892956188676,1967119892855525392,False,2025-08-06 22:17:44,1,2025-08-12 22:17:44,1,False
1967119897469259918,1967119892956188676,1967119892851331085,False,2025-08-06 22:17:44,1,2025-08-12 22:17:44,1,False
1967119897469259919,1967119892956188676,1967119892838748361,True,2025-08-06 22:17:44,1,2025-08-12 22:17:44,1,False
1967119897469259920,1967119892956188676,1967119892905857036,False,2025-08-06 22:17:44,1,2025-08-12 22:17:44,1,False
1967119897469259921,1967119892956188676,1967119892897468421,False,2025-08-06 22:17:44,1,2025-08-12 22:17:44,1,False
1967119897469259922,1967119892956188676,1967119892889079819,True,2025-08-06 22:17:44,1,2025-08-12 22:17:44,1,False
1967119897469259923,1967119892956188676,1967119892901662742,False,2025-08-06 22:17:44,1,2025-08-12 22:17:44,1,False
1967119897469259924,1967119892956188676,1967119892910051351,True,2025-08-06 22:17:44,1,2025-08-12 22:17:44,1,False
1967119897469259925,1967119892956188676,1967119892943605789,False,2025-08-06 22:17:44,1,2025-08-12 22:17:44,1,False
1967119897469259926,1967119892956188676,1967119892943605780,False,2025-08-06 22:17:44,1,2025-08-12 22:17:44,1,False
1967119897469259927,1967119892956188676,1967119892851331094,False,2025-08-06 22:17:44,1,2025-08-12 22:17:44,1,False
1967119897469259928,1967119892956188676,1967119892905857030,True,2025-08-06 22:17:44,1,2025-08-12 22:17:44,1,False
1967119897469259929,1967119892956188676,1967119892859719695,True,2025-08-06 22:17:44,1,2025-08-12 22:17:44,1,False
1967119897469259930,1967119892956188676,1967119892935217161,True,2025-08-06 22:17:44,1,2025-08-12 22:17:44,1,False
1967119897469259931,1967119892956188676,1967119892863913988,True,2025-08-06 22:17:44,1,2025-08-12 22:17:44,1,False
1967119897469259932,1967119892956188676,1967119892897468433,False,2025-08-06 22:17:44,1,2025-08-12 22:17:44,1,False
1967119897469259933,1967119892956188676,1967119892935217153,False,2025-08-06 22:17:44,1,2025-08-12 22:17:44,1,False
1967119897469259934,1967119892956188676,1967119892935217165,False,2025-08-06 22:17:44,1,2025-08-12 22:17:44,1,False
1967119897469259935,1967119892956188676,1967119892910051342,False,2025-08-06 22:17:44,1,2025-08-12 22:17:44,1,False
1967119897469259936,1967119892956188676,1967119892918439937,False,2025-08-06 22:17:44,1,2025-08-12 22:17:44,1,False
1967119897469259937,1967119892956188676,1967119892914245633,False,2025-08-06 22:17:44,1,2025-08-12 22:17:44,1,False
1967119897469259938,1967119892956188676,1967119892872302605,True,2025-08-06 22:17:44,1,2025-08-12 22:17:44,1,False
1967119897469259939,1967119892956188676,1967119892922634246,True,2025-08-06 22:17:44,1,2025-08-12 22:17:44,1,False
1967119897469259940,1967119892956188676,1967119892951994368,True,2025-08-06 22:17:44,1,2025-08-12 22:17:44,1,False
1967119897469259941,1967119892956188676,1967119892884885504,True,2025-08-06 22:17:44,1,2025-08-12 22:17:44,1,False
1967119897469259942,1967119892956188676,1967119892914245634,False,2025-08-06 22:17:44,1,2025-08-12 22:17:44,1,False
1967119897469259943,1967119892956188676,1967119892947800068,True,2025-08-06 22:17:44,1,2025-08-12 22:17:44,1,False
1967119897469259944,1967119892956188676,1967119892855525395,True,2025-08-06 22:17:44,1,2025-08-12 22:17:44,1,False
1967119897469259945,1967119892956188676,1967119892851331075,False,2025-08-06 22:17:44,1,2025-08-12 22:17:44,1,False
1967119897469259946,1967119892956188676,1967119892939411457,False,2025-08-06 22:17:44,1,2025-08-12 22:17:44,1,False
1967119897469259947,1967119892956188676,1967119892876496897,False,2025-08-06 22:17:44,1,2025-08-12 22:17:44,1,False
1967119897469259948,1967119892956188677,1967119892947800079,False,2025-06-10 23:27:13,1,2025-06-13 23:27:13,1,False
1967119897469259949,1967119892956188677,1967119892872302608,False,2025-06-10 23:27:13,1,2025-06-13 23:27:13,1,False
1967119897469259950,1967119892956188677,1967119892859719700,False,2025-06-10 23:27:13,1,2025-06-13 23:27:13,1,False
1967119897469259951,1967119892956188677,1967119892901662729,False,2025-06-10 23:27:13,1,2025-06-13 23:27:13,1,False
1967119897469259952,1967119892956188677,1967119892905857041,True,2025-06-10 23:27:13,1,2025-06-13 23:27:13,1,False
1967119897469259953,1967119892956188677,1967119892947800088,True,2025-06-10 23:27:13,1,2025-06-13 23:27:13,1,False
1967119897469259954,1967119892956188677,1967119892947800087,False,2025-06-10 23:27:13,1,2025-06-13 23:27:13,1,False
1967119897469259955,1967119892956188677,1967119892884885506,False,2025-06-10 23:27:13,1,2025-06-13 23:27:13,1,False
1967119897469259956,1967119892956188677,1967119892863913992,True,2025-06-10 23:27:13,1,2025-06-13 23:27:13,1,False
1967119897469259957,1967119892956188677,1967119892918439962,True,2025-06-10 23:27:13,1,2025-06-13 23:27:13,1,False
1967119897469259958,1967119892956188677,1967119892910051339,False,2025-06-10 23:27:13,1,2025-06-13 23:27:13,1,False
1967119897469259959,1967119892956188677,1967119892935217158,True,2025-06-10 23:27:13,1,2025-06-13 23:27:13,1,False
1967119897469259960,1967119892956188677,1967119892943605790,False,2025-06-10 23:27:13,1,2025-06-13 23:27:13,1,False
1967119897469259961,1967119892956188677,1967119892838748348,True,2025-06-10 23:27:13,1,2025-06-13 23:27:13,1,False
1967119897469259962,1967119892956188677,1967119892935217159,True,2025-06-10 23:27:13,1,2025-06-13 23:27:13,1,False
1967119897469259963,1967119892956188677,1967119892889079815,True,2025-06-10 23:27:13,1,2025-06-13 23:27:13,1,False
1967119897469259964,1967119892956188677,1967119892918439943,True,2025-06-10 23:27:13,1,2025-06-13 23:27:13,1,False
1967119897469259965,1967119892956188677,1967119892914245636,False,2025-06-10 23:27:13,1,2025-06-13 23:27:13,1,False
1967119897469259966,1967119892956188677,1967119892897468430,False,2025-06-10 23:27:13,1,2025-06-13 23:27:13,1,False
1967119897469259967,1967119892956188677,1967119892901662726,False,2025-06-10 23:27:13,1,2025-06-13 23:27:13,1,False
1967119897469259968,1967119892956188677,1967119892918439949,False,2025-06-10 23:27:13,1,2025-06-13 23:27:13,1,False
1967119897469259969,1967119892956188677,1967119892838748363,True,2025-06-10 23:27:13,1,2025-06-13 23:27:13,1,False
1967119897469259970,1967119892956188677,1967119892851331094,True,2025-06-10 23:27:13,1,2025-06-13 23:27:13,1,False
1967119897469259971,1967119892956188677,1967119892947800083,True,2025-06-10 23:27:13,1,2025-06-13 23:27:13,1,False
1967119897469259972,1967119892956188677,1967119892918439947,True,2025-06-10 23:27:13,1,2025-06-13 23:27:13,1,False
1967119897469259973,1967119892956188677,1967119892910051338,True,2025-06-10 23:27:13,1,2025-06-13 23:27:13,1,False
1967119897469259974,1967119892956188677,1967119892918439942,True,2025-06-10 23:27:13,1,2025-06-13 23:27:13,1,False
1967119897469259975,1967119892956188677,1967119892872302601,False,2025-06-10 23:27:13,1,2025-06-13 23:27:13,1,False
1967119897469259976,1967119892956188677,1967119892855525390,False,2025-06-10 23:27:13,1,2025-06-13 23:27:13,1,False
1967119897469259977,1967119892956188677,1967119892922634247,False,2025-06-10 23:27:13,1,2025-06-13 23:27:13,1,False
1967119897469259978,1967119892956188677,1967119892935217155,True,2025-06-10 23:27:13,1,2025-06-13 23:27:13,1,False
1967119897469259979,1967119892956188677,1967119892872302596,False,2025-06-10 23:27:13,1,2025-06-13 23:27:13,1,False
1967119897469259980,1967119892956188677,1967119892918439964,False,2025-06-10 23:27:13,1,2025-06-13 23:27:13,1,False
1967119897469259981,1967119892956188677,1967119892910051343,True,2025-06-10 23:27:13,1,2025-06-13 23:27:13,1,False
1967119897469259982,1967119892956188677,1967119892918439937,False,2025-06-10 23:27:13,1,2025-06-13 23:27:13,1,False
1967119897469259983,1967119892956188677,1967119892947800066,False,2025-06-10 23:27:13,1,2025-06-13 23:27:13,1,False
1967119897469259984,1967119892956188677,1967119892868108302,False,2025-06-10 23:27:13,1,2025-06-13 23:27:13,1,False
1967119897469259985,1967119892956188677,1967119892859719686,False,2025-06-10 23:27:13,1,2025-06-13 23:27:13,1,False
1967119897469259986,1967119892956188677,1967119892922634246,False,2025-06-10 23:27:13,1,2025-06-13 23:27:13,1,False
1967119897469259987,1967119892956188677,1967119892889079809,True,2025-06-10 23:27:13,1,2025-06-13 23:27:13,1,False
1967119897469259988,1967119892956188677,1967119892943605767,True,2025-06-10 23:27:13,1,2025-06-13 23:27:13,1,False
1967119897469259989,1967119892956188677,1967119892863913988,True,2025-06-10 23:27:13,1,2025-06-13 23:27:13,1,False
1967119897469259990,1967119892956188677,1967119892889079812,False,2025-06-10 23:27:13,1,2025-06-13 23:27:13,1,False
1967119897469259991,1967119892956188677,1967119892905857034,True,2025-06-10 23:27:13,1,2025-06-13 23:27:13,1,False
1967119897469259992,1967119892956188677,1967119892868108298,True,2025-06-10 23:27:13,1,2025-06-13 23:27:13,1,False
1967119897469259993,1967119892956188677,1967119892951994373,True,2025-06-10 23:27:13,1,2025-06-13 23:27:13,1,False
1967119897469259994,1967119892956188677,1967119892939411470,True,2025-06-10 23:27:13,1,2025-06-13 23:27:13,1,False
1967119897469259995,1967119892956188677,1967119892947800074,False,2025-06-10 23:27:13,1,2025-06-13 23:27:13,1,False
1967119897469259996,1967119892956188677,1967119892863913996,False,2025-06-10 23:27:13,1,2025-06-13 23:27:13,1,False
1967119897469259997,1967119892956188677,1967119892884885507,True,2025-06-10 23:27:13,1,2025-06-13 23:27:13,1,False
1967119897469259998,1967119892956188677,1967119892918439967,False,2025-06-10 23:27:13,1,2025-06-13 23:27:13,1,False
1967119897469259999,1967119892956188677,1967119892918439959,False,2025-06-10 23:27:13,1,2025-06-13 23:27:13,1,False
1967119897469260000,1967119892956188677,1967119892838748346,True,2025-06-10 23:27:13,1,2025-06-13 23:27:13,1,False
1967119897469260001,1967119892956188677,1967119892884885504,True,2025-06-10 23:27:13,1,2025-06-13 23:27:13,1,False
1967119897469260002,1967119892956188677,1967119892880691205,False,2025-06-10 23:27:13,1,2025-06-13 23:27:13,1,False
1967119897469260003,1967119892956188677,1967119892918439948,False,2025-06-10 23:27:13,1,2025-06-13 23:27:13,1,False
1967119897469260004,1967119892956188677,1967119892859719684,False,2025-06-10 23:27:13,1,2025-06-13 23:27:13,1,False
1967119897469260005,1967119892956188677,1967119892918439952,False,2025-06-10 23:27:13,1,2025-06-13 23:27:13,1,False
1967119897469260006,1967119892956188677,1967119892851331077,False,2025-06-10 23:27:13,1,2025-06-13 23:27:13,1,False
1967119897469260007,1967119892956188677,1967119892851331076,False,2025-06-10 23:27:13,1,2025-06-13 23:27:13,1,False
1967119897469260008,1967119892956188677,1967119892939411466,True,2025-06-10 23:27:13,1,2025-06-13 23:27:13,1,False
1967119897469260009,1967119892956188677,1967119892851331079,False,2025-06-10 23:27:13,1,2025-06-13 23:27:13,1,False
1967119897469260010,1967119892956188677,1967119892889079819,True,2025-06-10 23:27:13,1,2025-06-13 23:27:13,1,False
1967119897469260011,1967119892956188677,1967119892838748358,False,2025-06-10 23:27:13,1,2025-06-13 23:27:13,1,False
1967119897469260012,1967119892956188677,1967119892897468419,False,2025-06-10 23:27:13,1,2025-06-13 23:27:13,1,False
1967119897469260013,1967119892956188677,1967119892838748367,True,2025-06-10 23:27:13,1,2025-06-13 23:27:13,1,False
1967119897469260014,1967119892956188677,1967119892838748338,True,2025-06-10 23:27:13,1,2025-06-13 23:27:13,1,False
1967119897469260015,1967119892956188677,1967119892838748350,False,2025-06-10 23:27:13,1,2025-06-13 23:27:13,1,False
1967119897469260016,1967119892956188677,1967119892859719689,False,2025-06-10 23:27:13,1,2025-06-13 23:27:13,1,False
1967119897469260017,1967119892956188677,1967119892918439961,False,2025-06-10 23:27:13,1,2025-06-13 23:27:13,1,False
1967119897469260018,1967119892956188677,1967119892914245634,False,2025-06-10 23:27:13,1,2025-06-13 23:27:13,1,False
1967119897469260019,1967119892956188677,1967119892951994378,True,2025-06-10 23:27:13,1,2025-06-13 23:27:13,1,False
1967119897469260020,1967119892956188677,1967119892918439951,False,2025-06-10 23:27:13,1,2025-06-13 23:27:13,1,False
1967119897469260021,1967119892956188677,1967119892893274112,True,2025-06-10 23:27:13,1,2025-06-13 23:27:13,1,False
1967119897469260022,1967119892956188677,1967119892838748342,True,2025-06-10 23:27:13,1,2025-06-13 23:27:13,1,False
1967119897469260023,1967119892956188677,1967119892893274116,True,2025-06-10 23:27:13,1,2025-06-13 23:27:13,1,False
1967119897469260024,1967119892956188677,1967119892851331093,False,2025-06-10 23:27:13,1,2025-06-13 23:27:13,1,False
1967119897469260025,1967119892956188677,1967119892851331083,True,2025-06-10 23:27:13,1,2025-06-13 23:27:13,1,False
1967119897469260026,1967119892956188677,1967119892897468429,True,2025-06-10 23:27:13,1,2025-06-13 23:27:13,1,False
1967119897469260027,1967119892956188677,1967119892838748362,False,2025-06-10 23:27:13,1,2025-06-13 23:27:13,1,False
1967119897469260028,1967119892956188677,1967119892859719685,False,2025-06-10 23:27:13,1,2025-06-13 23:27:13,1,False
1967119897469260029,1967119892956188677,1967119892893274115,True,2025-06-10 23:27:13,1,2025-06-13 23:27:13,1,False
1967119897469260030,1967119892956188677,1967119892951994372,True,2025-06-10 23:27:13,1,2025-06-13 23:27:13,1,False
1967119897469260031,1967119892956188677,1967119892872302607,False,2025-06-10 23:27:13,1,2025-06-13 23:27:13,1,False
1967119897469260032,1967119892956188677,1967119892855525379,False,2025-06-10 23:27:13,1,2025-06-13 23:27:13,1,False
1967119897469260033,1967119892956188677,1967119892910051346,False,2025-06-10 23:27:13,1,2025-06-13 23:27:13,1,False
1967119897469260034,1967119892956188677,1967119892901662738,False,2025-06-10 23:27:13,1,2025-06-13 23:27:13,1,False
1967119897469260035,1967119892956188677,1967119892838748359,False,2025-06-10 23:27:13,1,2025-06-13 23:27:13,1,False
1967119897469260036,1967119892956188677,1967119892851331072,True,2025-06-10 23:27:13,1,2025-06-13 23:27:13,1,False
1967119897469260037,1967119892956188677,1967119892905857044,False,2025-06-10 23:27:13,1,2025-06-13 23:27:13,1,False
1967119897469260038,1967119892956188677,1967119892884885510,False,2025-06-10 23:27:13,1,2025-06-13 23:27:13,1,False
1967119897469260039,1967119892956188677,1967119892905857031,True,2025-06-10 23:27:13,1,2025-06-13 23:27:13,1,False
1967119897469260040,1967119892956188677,1967119892863913986,False,2025-06-10 23:27:13,1,2025-06-13 23:27:13,1,False
1967119897469260041,1967119892956188677,1967119892884885505,False,2025-06-10 23:27:13,1,2025-06-13 23:27:13,1,False
1967119897469260042,1967119892956188677,1967119892838748336,True,2025-06-10 23:27:13,1,2025-06-13 23:27:13,1,False
1967119897469260043,1967119892956188677,1967119892838748366,True,2025-06-10 23:27:13,1,2025-06-13 23:27:13,1,False
1967119897469260044,1967119892956188677,1967119892859719681,False,2025-06-10 23:27:13,1,2025-06-13 23:27:13,1,False
1967119897469260045,1967119892956188677,1967119892897468421,False,2025-06-10 23:27:13,1,2025-06-13 23:27:13,1,False
1967119897469260046,1967119892956188677,1967119892868108292,False,2025-06-10 23:27:13,1,2025-06-13 23:27:13,1,False
1967119897469260047,1967119892956188677,1967119892905857043,False,2025-06-10 23:27:13,1,2025-06-13 23:27:13,1,False
1967119897469260048,1967119892956188677,1967119892905857040,True,2025-06-10 23:27:13,1,2025-06-13 23:27:13,1,False
1967119897469260049,1967119892956188677,1967119892935217153,False,2025-06-10 23:27:13,1,2025-06-13 23:27:13,1,False
1967119897469260050,1967119892956188677,1967119892893274120,True,2025-06-10 23:27:13,1,2025-06-13 23:27:13,1,False
1967119897469260051,1967119892956188677,1967119892855525378,False,2025-06-10 23:27:13,1,2025-06-13 23:27:13,1,False
1967119897469260052,1967119892956188677,1967119892935217152,False,2025-06-10 23:27:13,1,2025-06-13 23:27:13,1,False
1967119897469260053,1967119892956188677,1967119892897468432,False,2025-06-10 23:27:13,1,2025-06-13 23:27:13,1,False
1967119897469260054,1967119892956188677,1967119892855525382,False,2025-06-10 23:27:13,1,2025-06-13 23:27:13,1,False
1967119897469260055,1967119892956188677,1967119892851331084,True,2025-06-10 23:27:13,1,2025-06-13 23:27:13,1,False
1967119897469260056,1967119892956188677,1967119892897468423,False,2025-06-10 23:27:13,1,2025-06-13 23:27:13,1,False
1967119897469260057,1967119892956188677,1967119892918439957,False,2025-06-10 23:27:13,1,2025-06-13 23:27:13,1,False
1967119897469260058,1967119892956188677,1967119892914245637,True,2025-06-10 23:27:13,1,2025-06-13 23:27:13,1,False
1967119897469260059,1967119892956188677,1967119892910051352,True,2025-06-10 23:27:13,1,2025-06-13 23:27:13,1,False
1967119897469260060,1967119892956188677,1967119892947800073,True,2025-06-10 23:27:13,1,2025-06-13 23:27:13,1,False
1967119897469260061,1967119892956188677,1967119892851331075,False,2025-06-10 23:27:13,1,2025-06-13 23:27:13,1,False
1967119897469260062,1967119892956188677,1967119892893274122,False,2025-06-10 23:27:13,1,2025-06-13 23:27:13,1,False
1967119897469260063,1967119892956188677,1967119892947800072,False,2025-06-10 23:27:13,1,2025-06-13 23:27:13,1,False
1967119897469260064,1967119892956188677,1967119892893274132,False,2025-06-10 23:27:13,1,2025-06-13 23:27:13,1,False
1967119897469260065,1967119892956188677,1967119892838748369,True,2025-06-10 23:27:13,1,2025-06-13 23:27:13,1,False
1967119897469260066,1967119892956188677,1967119892901662723,True,2025-06-10 23:27:13,1,2025-06-13 23:27:13,1,False
1967119897469260067,1967119892956188677,1967119892859719701,False,2025-06-10 23:27:13,1,2025-06-13 23:27:13,1,False
1967119897469260068,1967119892956188677,1967119892880691213,True,2025-06-10 23:27:13,1,2025-06-13 23:27:13,1,False
1967119897469260069,1967119892956188677,1967119892901662740,True,2025-06-10 23:27:13,1,2025-06-13 23:27:13,1,False
1967119897469260070,1967119892956188677,1967119892918439940,False,2025-06-10 23:27:13,1,2025-06-13 23:27:13,1,False
1967119897469260071,1967119892956188677,1967119892943605787,True,2025-06-10 23:27:13,1,2025-06-13 23:27:13,1,False
1967119897469260072,1967119892956188677,1967119892863913990,True,2025-06-10 23:27:13,1,2025-06-13 23:27:13,1,False
1967119897469260073,1967119892956188677,1967119892859719703,False,2025-06-10 23:27:13,1,2025-06-13 23:27:13,1,False
1967119897469260074,1967119892956188677,1967119892918439955,False,2025-06-10 23:27:13,1,2025-06-13 23:27:13,1,False
1967119897469260075,1967119892956188677,1967119892893274114,True,2025-06-10 23:27:13,1,2025-06-13 23:27:13,1,False
1967119897469260076,1967119892956188677,1967119892855525389,True,2025-06-10 23:27:13,1,2025-06-13 23:27:13,1,False
1967119897469260077,1967119892956188677,1967119892868108304,True,2025-06-10 23:27:13,1,2025-06-13 23:27:13,1,False
1967119897469260078,1967119892956188677,1967119892910051341,True,2025-06-10 23:27:13,1,2025-06-13 23:27:13,1,False
1967119897469260079,1967119892956188677,1967119892918439958,True,2025-06-10 23:27:13,1,2025-06-13 23:27:13,1,False
1967119897469260080,1967119892956188677,1967119892943605770,False,2025-06-10 23:27:13,1,2025-06-13 23:27:13,1,False
1967119897469260081,1967119892956188677,1967119892905857038,True,2025-06-10 23:27:13,1,2025-06-13 23:27:13,1,False
1967119897469260082,1967119892956188677,1967119892910051348,True,2025-06-10 23:27:13,1,2025-06-13 23:27:13,1,False
1967119897469260083,1967119892956188677,1967119892889079820,True,2025-06-10 23:27:13,1,2025-06-13 23:27:13,1,False
1967119897469260084,1967119892956188677,1967119892943605774,True,2025-06-10 23:27:13,1,2025-06-13 23:27:13,1,False
1967119897469260085,1967119892956188677,1967119892851331082,True,2025-06-10 23:27:13,1,2025-06-13 23:27:13,1,False
1967119897469260086,1967119892956188677,1967119892910051350,True,2025-06-10 23:27:13,1,2025-06-13 23:27:13,1,False
1967119897469260087,1967119892956188677,1967119892876496899,True,2025-06-10 23:27:13,1,2025-06-13 23:27:13,1,False
1967119897469260088,1967119892956188677,1967119892905857036,True,2025-06-10 23:27:13,1,2025-06-13 23:27:13,1,False
1967119897469260089,1967119892956188677,1967119892838748325,True,2025-06-10 23:27:13,1,2025-06-13 23:27:13,1,False
1967119897469260090,1967119892956188677,1967119892914245632,False,2025-06-10 23:27:13,1,2025-06-13 23:27:13,1,False
1967119897469260091,1967119892956188677,1967119892889079817,True,2025-06-10 23:27:13,1,2025-06-13 23:27:13,1,False
1967119897469260092,1967119892956188677,1967119892901662732,True,2025-06-10 23:27:13,1,2025-06-13 23:27:13,1,False
1967119897469260093,1967119892956188677,1967119892947800085,True,2025-06-10 23:27:13,1,2025-06-13 23:27:13,1,False
